llm_name,contexts_evaluated,mean_spearman,weighted_spearman
Qwen2-7B,10,0.54878198313899,0.5188818529197814
Llama-3.2-3B,10,0.5005318788478157,0.4864101322739533
DeepSeek-Coder-1.3B,10,0.4351554981247093,0.41142370604485
BERT,10,0.4191476516741905,0.3987641583176209
GPT-2,10,0.38901359940184943,0.3882743547844163
