analysis_dataset_id,analysis_unit_id,human_rate,cv_fold,model_probability,human_rank,model_rank,model,group_type
hu_vt16,vt16::adequate/good,0.32,0,0.04967568680495738,18.5,0.0,No linking structure,within_dataset
hu_vt16,vt16::allowed/obligatory,0.82,1,2.7364833500264373e-05,5.0,37.0,No linking structure,within_dataset
hu_vt16,vt16::attractive/stunning,0.21,2,8.837410149278227e-05,26.5,33.0,No linking structure,within_dataset
hu_vt16,vt16::believe/know,0.61,3,0.0008361618962055402,10.5,18.0,No linking structure,within_dataset
hu_vt16,vt16::big/enormous,0.21,4,0.0006611638394514295,26.5,19.0,No linking structure,within_dataset
hu_vt16,vt16::cheap/free,0.93,5,0.0065835950402493145,1.5,8.0,No linking structure,within_dataset
hu_vt16,vt16::content/happy,0.04,6,0.00216322931134449,38.0,12.0,No linking structure,within_dataset
hu_vt16,vt16::cool/cold,0.46,7,0.02412382697513411,14.0,3.0,No linking structure,within_dataset
hu_vt16,vt16::dark/black,0.29,8,0.0038737226218659646,20.5,10.0,No linking structure,within_dataset
hu_vt16,vt16::difficult/impossible,0.96,9,7.690617656089237e-05,0.0,34.0,No linking structure,within_dataset
hu_vt16,vt16::dislike/loathe,0.18,0,1.7429239243371298e-07,30.0,38.0,No linking structure,within_dataset
hu_vt16,vt16::funny/hilarious,0.29,1,0.004624158279421946,20.5,9.0,No linking structure,within_dataset
hu_vt16,vt16::good/excellent,0.32,2,0.01428536986173639,18.5,5.0,No linking structure,within_dataset
hu_vt16,vt16::good/perfect,0.3899999999999999,3,0.002787942442687961,15.5,11.0,No linking structure,within_dataset
hu_vt16,vt16::hard/unsolvable,0.71,4,0.0008458751599415389,8.0,17.0,No linking structure,within_dataset
hu_vt16,vt16::hungry/starving,0.25,5,4.549848818627828e-05,23.0,35.0,No linking structure,within_dataset
hu_vt16,vt16::intelligent/brilliant,0.07,6,0.000853543317476948,37.0,16.0,No linking structure,within_dataset
hu_vt16,vt16::like/love,0.25,7,0.0005052637276474524,23.0,22.0,No linking structure,within_dataset
hu_vt16,vt16::low/depleted,0.79,8,0.0001637500850574056,6.5,29.0,No linking structure,within_dataset
hu_vt16,vt16::may/will,0.89,9,0.02054246450097024,3.0,4.0,No linking structure,within_dataset
hu_vt16,vt16::memorable/unforgettable,0.54,0,0.00039256384872056005,13.0,25.0,No linking structure,within_dataset
hu_vt16,vt16::old/ancient,0.36,1,0.00010734509019421842,17.0,31.0,No linking structure,within_dataset
hu_vt16,vt16::palatable/delicious,0.61,2,0.02962137712930783,10.5,1.0,No linking structure,within_dataset
hu_vt16,vt16::participate/win,0.18,3,0.0003574083795746437,30.0,26.0,No linking structure,within_dataset
hu_vt16,vt16::possible/certain,0.93,4,0.00058673781941095,1.5,21.0,No linking structure,within_dataset
hu_vt16,vt16::pretty/beautiful,0.11,5,0.0077629113253012486,36.0,7.0,No linking structure,within_dataset
hu_vt16,vt16::rare/extinct,0.79,6,0.0004919732463509492,6.5,23.0,No linking structure,within_dataset
hu_vt16,vt16::scarce/unavailable,0.57,7,0.00040243627669800055,12.0,24.0,No linking structure,within_dataset
hu_vt16,vt16::silly/ridiculous,0.14,8,0.0005962456718859155,33.5,20.0,No linking structure,within_dataset
hu_vt16,vt16::small/tiny,0.25,9,0.0003556602660002035,23.0,27.0,No linking structure,within_dataset
hu_vt16,vt16::snug/tight,0.21,0,0.0003320892504820644,26.5,28.0,No linking structure,within_dataset
hu_vt16,vt16::sometimes/always,0.86,1,0.01047140646555572,4.0,6.0,No linking structure,within_dataset
hu_vt16,vt16::special/unique,0.14,2,0.001378407659603173,33.5,14.0,No linking structure,within_dataset
hu_vt16,vt16::start/finish,0.21,3,0.0014078909791362323,26.5,13.0,No linking structure,within_dataset
hu_vt16,vt16::tired/exhausted,0.14,4,0.00013251247132485945,33.5,30.0,No linking structure,within_dataset
hu_vt16,vt16::try/succeed,0.3899999999999999,5,3.8532825795223526e-05,15.5,36.0,No linking structure,within_dataset
hu_vt16,vt16::ugly/hideous,0.18,6,9.846045515867677e-05,30.0,32.0,No linking structure,within_dataset
hu_vt16,vt16::warm/hot,0.64,7,0.029523399589765475,9.0,2.0,No linking structure,within_dataset
hu_vt16,vt16::wary/scared,0.14,8,0.001014879381002611,33.5,15.0,No linking structure,within_dataset
hu_vt16,vt16::adequate/good,0.32,0,0.022609260742316593,18.5,18.0,X but not Y,within_dataset
hu_vt16,vt16::allowed/obligatory,0.82,1,0.0010634785072475659,5.0,34.0,X but not Y,within_dataset
hu_vt16,vt16::attractive/stunning,0.21,2,0.0007592704069236926,26.5,36.0,X but not Y,within_dataset
hu_vt16,vt16::believe/know,0.61,3,0.1599058874919745,10.5,7.0,X but not Y,within_dataset
hu_vt16,vt16::big/enormous,0.21,4,0.0002073988607160489,26.5,37.0,X but not Y,within_dataset
hu_vt16,vt16::cheap/free,0.93,5,0.026592806748310754,1.5,17.0,X but not Y,within_dataset
hu_vt16,vt16::content/happy,0.04,6,0.05547779059426435,38.0,13.0,X but not Y,within_dataset
hu_vt16,vt16::cool/cold,0.46,7,0.3813084206600448,14.0,2.0,X but not Y,within_dataset
hu_vt16,vt16::dark/black,0.29,8,0.15387855914607865,20.5,8.0,X but not Y,within_dataset
hu_vt16,vt16::difficult/impossible,0.96,9,0.44082896432563734,0.0,0.0,X but not Y,within_dataset
hu_vt16,vt16::dislike/loathe,0.18,0,0.000205313917209636,30.0,38.0,X but not Y,within_dataset
hu_vt16,vt16::funny/hilarious,0.29,1,0.008486536245466027,20.5,26.0,X but not Y,within_dataset
hu_vt16,vt16::good/excellent,0.32,2,0.008458918327149597,18.5,27.0,X but not Y,within_dataset
hu_vt16,vt16::good/perfect,0.3899999999999999,3,0.0813715463656777,15.5,12.0,X but not Y,within_dataset
hu_vt16,vt16::hard/unsolvable,0.71,4,0.015983599931520695,8.0,21.0,X but not Y,within_dataset
hu_vt16,vt16::hungry/starving,0.25,5,0.009760610310909247,23.0,25.0,X but not Y,within_dataset
hu_vt16,vt16::intelligent/brilliant,0.07,6,0.004540392259840564,37.0,30.0,X but not Y,within_dataset
hu_vt16,vt16::like/love,0.25,7,0.004412769952091164,23.0,31.0,X but not Y,within_dataset
hu_vt16,vt16::low/depleted,0.79,8,0.007078582411810041,6.5,28.0,X but not Y,within_dataset
hu_vt16,vt16::may/will,0.89,9,0.04042592053483878,3.0,14.0,X but not Y,within_dataset
hu_vt16,vt16::memorable/unforgettable,0.54,0,0.0008211187392091313,13.0,35.0,X but not Y,within_dataset
hu_vt16,vt16::old/ancient,0.36,1,0.012131455394111595,17.0,23.0,X but not Y,within_dataset
hu_vt16,vt16::palatable/delicious,0.61,2,0.014856614061462159,10.5,22.0,X but not Y,within_dataset
hu_vt16,vt16::participate/win,0.18,3,0.234829401438875,30.0,5.0,X but not Y,within_dataset
hu_vt16,vt16::possible/certain,0.93,4,0.005339812220036581,1.5,29.0,X but not Y,within_dataset
hu_vt16,vt16::pretty/beautiful,0.11,5,0.10083793258954092,36.0,10.0,X but not Y,within_dataset
hu_vt16,vt16::rare/extinct,0.79,6,0.08165685195809295,6.5,11.0,X but not Y,within_dataset
hu_vt16,vt16::scarce/unavailable,0.57,7,0.0020030959141850973,12.0,33.0,X but not Y,within_dataset
hu_vt16,vt16::silly/ridiculous,0.14,8,0.003600913930660076,33.5,32.0,X but not Y,within_dataset
hu_vt16,vt16::small/tiny,0.25,9,0.02670919387649538,23.0,16.0,X but not Y,within_dataset
hu_vt16,vt16::snug/tight,0.21,0,0.18455018666553424,26.5,6.0,X but not Y,within_dataset
hu_vt16,vt16::sometimes/always,0.86,1,0.13912704651524094,4.0,9.0,X but not Y,within_dataset
hu_vt16,vt16::special/unique,0.14,2,0.019154493177668475,33.5,20.0,X but not Y,within_dataset
hu_vt16,vt16::start/finish,0.21,3,0.3651486730974139,26.5,3.0,X but not Y,within_dataset
hu_vt16,vt16::tired/exhausted,0.14,4,0.037650215974974005,33.5,15.0,X but not Y,within_dataset
hu_vt16,vt16::try/succeed,0.3899999999999999,5,0.4084957686874116,15.5,1.0,X but not Y,within_dataset
hu_vt16,vt16::ugly/hideous,0.18,6,0.012015109293064164,30.0,24.0,X but not Y,within_dataset
hu_vt16,vt16::warm/hot,0.64,7,0.2755299614855236,9.0,4.0,X but not Y,within_dataset
hu_vt16,vt16::wary/scared,0.14,8,0.021178408162227557,33.5,19.0,X but not Y,within_dataset
hu_vt16,vt16::adequate/good,0.32,0,0.4913333333333333,18.5,3.0,Set Top-K,within_dataset
hu_vt16,vt16::allowed/obligatory,0.82,1,0.0013333333333333,5.0,35.0,Set Top-K,within_dataset
hu_vt16,vt16::attractive/stunning,0.21,2,0.0073333333333333,26.5,28.5,Set Top-K,within_dataset
hu_vt16,vt16::believe/know,0.61,3,0.3666666666666667,10.5,6.0,Set Top-K,within_dataset
hu_vt16,vt16::big/enormous,0.21,4,0.0273333333333333,26.5,22.0,Set Top-K,within_dataset
hu_vt16,vt16::cheap/free,0.93,5,0.324,1.5,8.0,Set Top-K,within_dataset
hu_vt16,vt16::content/happy,0.04,6,0.0986666666666666,38.0,15.0,Set Top-K,within_dataset
hu_vt16,vt16::cool/cold,0.46,7,0.3779999999999999,14.0,5.0,Set Top-K,within_dataset
hu_vt16,vt16::dark/black,0.29,8,0.3459999999999999,20.5,7.0,Set Top-K,within_dataset
hu_vt16,vt16::difficult/impossible,0.96,9,0.0246666666666666,0.0,23.0,Set Top-K,within_dataset
hu_vt16,vt16::dislike/loathe,0.18,0,0.0,30.0,37.5,Set Top-K,within_dataset
hu_vt16,vt16::funny/hilarious,0.29,1,0.1206666666666666,20.5,14.0,Set Top-K,within_dataset
hu_vt16,vt16::good/excellent,0.32,2,0.4326666666666667,18.5,4.0,Set Top-K,within_dataset
hu_vt16,vt16::good/perfect,0.3899999999999999,3,0.1979999999999999,15.5,11.0,Set Top-K,within_dataset
hu_vt16,vt16::hard/unsolvable,0.71,4,0.0726666666666666,8.0,17.0,Set Top-K,within_dataset
hu_vt16,vt16::hungry/starving,0.25,5,0.0,23.0,37.5,Set Top-K,within_dataset
hu_vt16,vt16::intelligent/brilliant,0.07,6,0.0806666666666666,37.0,16.0,Set Top-K,within_dataset
hu_vt16,vt16::like/love,0.25,7,0.0186666666666666,23.0,25.0,Set Top-K,within_dataset
hu_vt16,vt16::low/depleted,0.79,8,0.002,6.5,32.5,Set Top-K,within_dataset
hu_vt16,vt16::may/will,0.89,9,0.9813333333333332,3.0,0.0,Set Top-K,within_dataset
hu_vt16,vt16::memorable/unforgettable,0.54,0,0.018,13.0,26.0,Set Top-K,within_dataset
hu_vt16,vt16::old/ancient,0.36,1,0.02,17.0,24.0,Set Top-K,within_dataset
hu_vt16,vt16::palatable/delicious,0.61,2,0.8079999999999999,10.5,1.0,Set Top-K,within_dataset
hu_vt16,vt16::participate/win,0.18,3,0.0493333333333333,30.0,18.0,Set Top-K,within_dataset
hu_vt16,vt16::possible/certain,0.93,4,0.0386666666666666,1.5,20.0,Set Top-K,within_dataset
hu_vt16,vt16::pretty/beautiful,0.11,5,0.24,36.0,9.0,Set Top-K,within_dataset
hu_vt16,vt16::rare/extinct,0.79,6,0.002,6.5,32.5,Set Top-K,within_dataset
hu_vt16,vt16::scarce/unavailable,0.57,7,0.0306666666666666,12.0,21.0,Set Top-K,within_dataset
hu_vt16,vt16::silly/ridiculous,0.14,8,0.0473333333333333,33.5,19.0,Set Top-K,within_dataset
hu_vt16,vt16::small/tiny,0.25,9,0.0066666666666666,23.0,30.5,Set Top-K,within_dataset
hu_vt16,vt16::snug/tight,0.21,0,0.0073333333333333,26.5,28.5,Set Top-K,within_dataset
hu_vt16,vt16::sometimes/always,0.86,1,0.1446666666666666,4.0,12.0,Set Top-K,within_dataset
hu_vt16,vt16::special/unique,0.14,2,0.1213333333333333,33.5,13.0,Set Top-K,within_dataset
hu_vt16,vt16::start/finish,0.21,3,0.2106666666666666,26.5,10.0,Set Top-K,within_dataset
hu_vt16,vt16::tired/exhausted,0.14,4,0.0013333333333333,33.5,35.0,Set Top-K,within_dataset
hu_vt16,vt16::try/succeed,0.3899999999999999,5,0.008,15.5,27.0,Set Top-K,within_dataset
hu_vt16,vt16::ugly/hideous,0.18,6,0.0013333333333333,30.0,35.0,Set Top-K,within_dataset
hu_vt16,vt16::warm/hot,0.64,7,0.5606666666666666,9.0,2.0,Set Top-K,within_dataset
hu_vt16,vt16::wary/scared,0.14,8,0.0066666666666666,33.5,30.5,Set Top-K,within_dataset
hu_vt16,vt16::adequate/good,0.32,0,0.6913333333333332,18.5,4.0,Set Top-p,within_dataset
hu_vt16,vt16::allowed/obligatory,0.82,1,0.0073333333333333,5.0,36.0,Set Top-p,within_dataset
hu_vt16,vt16::attractive/stunning,0.21,2,0.0266666666666666,26.5,27.0,Set Top-p,within_dataset
hu_vt16,vt16::believe/know,0.61,3,0.4606666666666667,10.5,8.0,Set Top-p,within_dataset
hu_vt16,vt16::big/enormous,0.21,4,0.0906666666666666,26.5,19.0,Set Top-p,within_dataset
hu_vt16,vt16::cheap/free,0.93,5,0.7993333333333333,1.5,2.0,Set Top-p,within_dataset
hu_vt16,vt16::content/happy,0.04,6,0.3186666666666666,38.0,12.0,Set Top-p,within_dataset
hu_vt16,vt16::cool/cold,0.46,7,0.566,14.0,5.0,Set Top-p,within_dataset
hu_vt16,vt16::dark/black,0.29,8,0.5646666666666667,20.5,6.0,Set Top-p,within_dataset
hu_vt16,vt16::difficult/impossible,0.96,9,0.0133333333333333,0.0,32.0,Set Top-p,within_dataset
hu_vt16,vt16::dislike/loathe,0.18,0,0.0,30.0,37.5,Set Top-p,within_dataset
hu_vt16,vt16::funny/hilarious,0.29,1,0.1633333333333333,20.5,16.0,Set Top-p,within_dataset
hu_vt16,vt16::good/excellent,0.32,2,0.4926666666666666,18.5,7.0,Set Top-p,within_dataset
hu_vt16,vt16::good/perfect,0.3899999999999999,3,0.28,15.5,14.0,Set Top-p,within_dataset
hu_vt16,vt16::hard/unsolvable,0.71,4,0.0613333333333333,8.0,23.0,Set Top-p,within_dataset
hu_vt16,vt16::hungry/starving,0.25,5,0.0,23.0,37.5,Set Top-p,within_dataset
hu_vt16,vt16::intelligent/brilliant,0.07,6,0.2046666666666666,37.0,15.0,Set Top-p,within_dataset
hu_vt16,vt16::like/love,0.25,7,0.086,23.0,20.0,Set Top-p,within_dataset
hu_vt16,vt16::low/depleted,0.79,8,0.0153333333333333,6.5,31.0,Set Top-p,within_dataset
hu_vt16,vt16::may/will,0.89,9,0.9986666666666668,3.0,0.0,Set Top-p,within_dataset
hu_vt16,vt16::memorable/unforgettable,0.54,0,0.0506666666666666,13.0,24.0,Set Top-p,within_dataset
hu_vt16,vt16::old/ancient,0.36,1,0.042,17.0,25.0,Set Top-p,within_dataset
hu_vt16,vt16::palatable/delicious,0.61,2,0.966,10.5,1.0,Set Top-p,within_dataset
hu_vt16,vt16::participate/win,0.18,3,0.154,30.0,17.0,Set Top-p,within_dataset
hu_vt16,vt16::possible/certain,0.93,4,0.108,1.5,18.0,Set Top-p,within_dataset
hu_vt16,vt16::pretty/beautiful,0.11,5,0.3813333333333333,36.0,10.0,Set Top-p,within_dataset
hu_vt16,vt16::rare/extinct,0.79,6,0.012,6.5,33.0,Set Top-p,within_dataset
hu_vt16,vt16::scarce/unavailable,0.57,7,0.076,12.0,21.0,Set Top-p,within_dataset
hu_vt16,vt16::silly/ridiculous,0.14,8,0.072,33.5,22.0,Set Top-p,within_dataset
hu_vt16,vt16::small/tiny,0.25,9,0.0413333333333333,23.0,26.0,Set Top-p,within_dataset
hu_vt16,vt16::snug/tight,0.21,0,0.01,26.5,34.5,Set Top-p,within_dataset
hu_vt16,vt16::sometimes/always,0.86,1,0.4113333333333333,4.0,9.0,Set Top-p,within_dataset
hu_vt16,vt16::special/unique,0.14,2,0.3133333333333333,33.5,13.0,Set Top-p,within_dataset
hu_vt16,vt16::start/finish,0.21,3,0.3466666666666667,26.5,11.0,Set Top-p,within_dataset
hu_vt16,vt16::tired/exhausted,0.14,4,0.02,33.5,29.0,Set Top-p,within_dataset
hu_vt16,vt16::try/succeed,0.3899999999999999,5,0.0166666666666666,15.5,30.0,Set Top-p,within_dataset
hu_vt16,vt16::ugly/hideous,0.18,6,0.01,30.0,34.5,Set Top-p,within_dataset
hu_vt16,vt16::warm/hot,0.64,7,0.718,9.0,3.0,Set Top-p,within_dataset
hu_vt16,vt16::wary/scared,0.14,8,0.0226666666666666,33.5,28.0,Set Top-p,within_dataset
hu_vt16,vt16::adequate/good,0.32,0,0.9986666666666668,18.5,1.0,Ordering,within_dataset
hu_vt16,vt16::allowed/obligatory,0.82,1,0.0313333333333333,5.0,34.0,Ordering,within_dataset
hu_vt16,vt16::attractive/stunning,0.21,2,0.102,26.5,28.0,Ordering,within_dataset
hu_vt16,vt16::believe/know,0.61,3,0.9406666666666668,10.5,2.0,Ordering,within_dataset
hu_vt16,vt16::big/enormous,0.21,4,0.032,26.5,33.0,Ordering,within_dataset
hu_vt16,vt16::cheap/free,0.93,5,0.6746666666666666,1.5,11.0,Ordering,within_dataset
hu_vt16,vt16::content/happy,0.04,6,0.9,38.0,5.0,Ordering,within_dataset
hu_vt16,vt16::cool/cold,0.46,7,0.522,14.0,14.0,Ordering,within_dataset
hu_vt16,vt16::dark/black,0.29,8,0.656,20.5,12.0,Ordering,within_dataset
hu_vt16,vt16::difficult/impossible,0.96,9,0.4293333333333333,0.0,17.0,Ordering,within_dataset
hu_vt16,vt16::dislike/loathe,0.18,0,0.0,30.0,38.0,Ordering,within_dataset
hu_vt16,vt16::funny/hilarious,0.29,1,0.0586666666666666,20.5,30.0,Ordering,within_dataset
hu_vt16,vt16::good/excellent,0.32,2,0.0786666666666666,18.5,29.0,Ordering,within_dataset
hu_vt16,vt16::good/perfect,0.3899999999999999,3,0.132,15.5,27.0,Ordering,within_dataset
hu_vt16,vt16::hard/unsolvable,0.71,4,0.2613333333333333,8.0,23.0,Ordering,within_dataset
hu_vt16,vt16::hungry/starving,0.25,5,0.0406666666666666,23.0,32.0,Ordering,within_dataset
hu_vt16,vt16::intelligent/brilliant,0.07,6,0.7553333333333333,37.0,9.0,Ordering,within_dataset
hu_vt16,vt16::like/love,0.25,7,0.3093333333333333,23.0,21.0,Ordering,within_dataset
hu_vt16,vt16::low/depleted,0.79,8,0.0139999999999999,6.5,36.0,Ordering,within_dataset
hu_vt16,vt16::may/will,0.89,9,0.738,3.0,10.0,Ordering,within_dataset
hu_vt16,vt16::memorable/unforgettable,0.54,0,0.61,13.0,13.0,Ordering,within_dataset
hu_vt16,vt16::old/ancient,0.36,1,0.0186666666666666,17.0,35.0,Ordering,within_dataset
hu_vt16,vt16::palatable/delicious,0.61,2,1.0,10.5,0.0,Ordering,within_dataset
hu_vt16,vt16::participate/win,0.18,3,0.8766666666666666,30.0,6.0,Ordering,within_dataset
hu_vt16,vt16::possible/certain,0.93,4,0.2486666666666666,1.5,25.0,Ordering,within_dataset
hu_vt16,vt16::pretty/beautiful,0.11,5,0.3666666666666667,36.0,20.0,Ordering,within_dataset
hu_vt16,vt16::rare/extinct,0.79,6,0.0119999999999999,6.5,37.0,Ordering,within_dataset
hu_vt16,vt16::scarce/unavailable,0.57,7,0.9106666666666668,12.0,4.0,Ordering,within_dataset
hu_vt16,vt16::silly/ridiculous,0.14,8,0.474,33.5,15.0,Ordering,within_dataset
hu_vt16,vt16::small/tiny,0.25,9,0.0413333333333333,23.0,31.0,Ordering,within_dataset
hu_vt16,vt16::snug/tight,0.21,0,0.7953333333333333,26.5,8.0,Ordering,within_dataset
hu_vt16,vt16::sometimes/always,0.86,1,0.4233333333333333,4.0,18.0,Ordering,within_dataset
hu_vt16,vt16::special/unique,0.14,2,0.4146666666666667,33.5,19.0,Ordering,within_dataset
hu_vt16,vt16::start/finish,0.21,3,0.4553333333333333,26.5,16.0,Ordering,within_dataset
hu_vt16,vt16::tired/exhausted,0.14,4,0.2666666666666666,33.5,22.0,Ordering,within_dataset
hu_vt16,vt16::try/succeed,0.3899999999999999,5,0.2506666666666666,15.5,24.0,Ordering,within_dataset
hu_vt16,vt16::ugly/hideous,0.18,6,0.2386666666666667,30.0,26.0,Ordering,within_dataset
hu_vt16,vt16::warm/hot,0.64,7,0.842,9.0,7.0,Ordering,within_dataset
hu_vt16,vt16::wary/scared,0.14,8,0.936,33.5,3.0,Ordering,within_dataset
hu_vt16,vt16::adequate/good,0.32,0,0.4913333333333333,18.5,2.0,Conjunction Top-K,within_dataset
hu_vt16,vt16::allowed/obligatory,0.82,1,0.0006666666666666,5.0,36.0,Conjunction Top-K,within_dataset
hu_vt16,vt16::attractive/stunning,0.21,2,0.0073333333333333,26.5,28.5,Conjunction Top-K,within_dataset
hu_vt16,vt16::believe/know,0.61,3,0.364,10.5,4.0,Conjunction Top-K,within_dataset
hu_vt16,vt16::big/enormous,0.21,4,0.008,26.5,26.5,Conjunction Top-K,within_dataset
hu_vt16,vt16::cheap/free,0.93,5,0.2773333333333333,1.5,6.0,Conjunction Top-K,within_dataset
hu_vt16,vt16::content/happy,0.04,6,0.098,38.0,13.0,Conjunction Top-K,within_dataset
hu_vt16,vt16::cool/cold,0.46,7,0.266,14.0,7.0,Conjunction Top-K,within_dataset
hu_vt16,vt16::dark/black,0.29,8,0.2886666666666667,20.5,5.0,Conjunction Top-K,within_dataset
hu_vt16,vt16::difficult/impossible,0.96,9,0.0246666666666666,0.0,22.0,Conjunction Top-K,within_dataset
hu_vt16,vt16::dislike/loathe,0.18,0,0.0,30.0,37.5,Conjunction Top-K,within_dataset
hu_vt16,vt16::funny/hilarious,0.29,1,0.0393333333333333,20.5,18.0,Conjunction Top-K,within_dataset
hu_vt16,vt16::good/excellent,0.32,2,0.0746666666666666,18.5,15.0,Conjunction Top-K,within_dataset
hu_vt16,vt16::good/perfect,0.3899999999999999,3,0.102,15.5,12.0,Conjunction Top-K,within_dataset
hu_vt16,vt16::hard/unsolvable,0.71,4,0.038,8.0,19.0,Conjunction Top-K,within_dataset
hu_vt16,vt16::hungry/starving,0.25,5,0.0,23.0,37.5,Conjunction Top-K,within_dataset
hu_vt16,vt16::intelligent/brilliant,0.07,6,0.0786666666666666,37.0,14.0,Conjunction Top-K,within_dataset
hu_vt16,vt16::like/love,0.25,7,0.0186666666666666,23.0,23.0,Conjunction Top-K,within_dataset
hu_vt16,vt16::low/depleted,0.79,8,0.0013333333333333,6.5,34.0,Conjunction Top-K,within_dataset
hu_vt16,vt16::may/will,0.89,9,0.7326666666666667,3.0,1.0,Conjunction Top-K,within_dataset
hu_vt16,vt16::memorable/unforgettable,0.54,0,0.018,13.0,24.0,Conjunction Top-K,within_dataset
hu_vt16,vt16::old/ancient,0.36,1,0.01,17.0,25.0,Conjunction Top-K,within_dataset
hu_vt16,vt16::palatable/delicious,0.61,2,0.8079999999999999,10.5,0.0,Conjunction Top-K,within_dataset
hu_vt16,vt16::participate/win,0.18,3,0.0493333333333333,30.0,16.0,Conjunction Top-K,within_dataset
hu_vt16,vt16::possible/certain,0.93,4,0.0373333333333333,1.5,20.0,Conjunction Top-K,within_dataset
hu_vt16,vt16::pretty/beautiful,0.11,5,0.1939999999999999,36.0,8.0,Conjunction Top-K,within_dataset
hu_vt16,vt16::rare/extinct,0.79,6,0.002,6.5,32.0,Conjunction Top-K,within_dataset
hu_vt16,vt16::scarce/unavailable,0.57,7,0.0306666666666666,12.0,21.0,Conjunction Top-K,within_dataset
hu_vt16,vt16::silly/ridiculous,0.14,8,0.044,33.5,17.0,Conjunction Top-K,within_dataset
hu_vt16,vt16::small/tiny,0.25,9,0.006,23.0,31.0,Conjunction Top-K,within_dataset
hu_vt16,vt16::snug/tight,0.21,0,0.0073333333333333,26.5,28.5,Conjunction Top-K,within_dataset
hu_vt16,vt16::sometimes/always,0.86,1,0.13,4.0,10.0,Conjunction Top-K,within_dataset
hu_vt16,vt16::special/unique,0.14,2,0.1113333333333333,33.5,11.0,Conjunction Top-K,within_dataset
hu_vt16,vt16::start/finish,0.21,3,0.1933333333333333,26.5,9.0,Conjunction Top-K,within_dataset
hu_vt16,vt16::tired/exhausted,0.14,4,0.0013333333333333,33.5,34.0,Conjunction Top-K,within_dataset
hu_vt16,vt16::try/succeed,0.3899999999999999,5,0.008,15.5,26.5,Conjunction Top-K,within_dataset
hu_vt16,vt16::ugly/hideous,0.18,6,0.0013333333333333,30.0,34.0,Conjunction Top-K,within_dataset
hu_vt16,vt16::warm/hot,0.64,7,0.48,9.0,3.0,Conjunction Top-K,within_dataset
hu_vt16,vt16::wary/scared,0.14,8,0.0066666666666666,33.5,30.0,Conjunction Top-K,within_dataset
hu_vt16,vt16::adequate/good,0.32,0,0.6913333333333332,18.5,2.0,Conjunction Top-p,within_dataset
hu_vt16,vt16::allowed/obligatory,0.82,1,0.0013333333333333,5.0,36.0,Conjunction Top-p,within_dataset
hu_vt16,vt16::attractive/stunning,0.21,2,0.026,26.5,25.0,Conjunction Top-p,within_dataset
hu_vt16,vt16::believe/know,0.61,3,0.4446666666666667,10.5,5.0,Conjunction Top-p,within_dataset
hu_vt16,vt16::big/enormous,0.21,4,0.028,26.5,24.0,Conjunction Top-p,within_dataset
hu_vt16,vt16::cheap/free,0.93,5,0.6353333333333333,1.5,3.0,Conjunction Top-p,within_dataset
hu_vt16,vt16::content/happy,0.04,6,0.3126666666666666,38.0,8.0,Conjunction Top-p,within_dataset
hu_vt16,vt16::cool/cold,0.46,7,0.3573333333333333,14.0,7.0,Conjunction Top-p,within_dataset
hu_vt16,vt16::dark/black,0.29,8,0.4353333333333333,20.5,6.0,Conjunction Top-p,within_dataset
hu_vt16,vt16::difficult/impossible,0.96,9,0.0133333333333333,0.0,31.0,Conjunction Top-p,within_dataset
hu_vt16,vt16::dislike/loathe,0.18,0,0.0,30.0,37.5,Conjunction Top-p,within_dataset
hu_vt16,vt16::funny/hilarious,0.29,1,0.042,20.5,22.0,Conjunction Top-p,within_dataset
hu_vt16,vt16::good/excellent,0.32,2,0.078,18.5,18.0,Conjunction Top-p,within_dataset
hu_vt16,vt16::good/perfect,0.3899999999999999,3,0.1166666666666666,15.5,15.0,Conjunction Top-p,within_dataset
hu_vt16,vt16::hard/unsolvable,0.71,4,0.036,8.0,23.0,Conjunction Top-p,within_dataset
hu_vt16,vt16::hungry/starving,0.25,5,0.0,23.0,37.5,Conjunction Top-p,within_dataset
hu_vt16,vt16::intelligent/brilliant,0.07,6,0.1826666666666666,37.0,13.0,Conjunction Top-p,within_dataset
hu_vt16,vt16::like/love,0.25,7,0.0786666666666666,23.0,17.0,Conjunction Top-p,within_dataset
hu_vt16,vt16::low/depleted,0.79,8,0.01,6.5,33.0,Conjunction Top-p,within_dataset
hu_vt16,vt16::may/will,0.89,9,0.738,3.0,1.0,Conjunction Top-p,within_dataset
hu_vt16,vt16::memorable/unforgettable,0.54,0,0.0499999999999999,13.0,21.0,Conjunction Top-p,within_dataset
hu_vt16,vt16::old/ancient,0.36,1,0.016,17.0,29.5,Conjunction Top-p,within_dataset
hu_vt16,vt16::palatable/delicious,0.61,2,0.966,10.5,0.0,Conjunction Top-p,within_dataset
hu_vt16,vt16::participate/win,0.18,3,0.152,30.0,14.0,Conjunction Top-p,within_dataset
hu_vt16,vt16::possible/certain,0.93,4,0.0913333333333333,1.5,16.0,Conjunction Top-p,within_dataset
hu_vt16,vt16::pretty/beautiful,0.11,5,0.2606666666666666,36.0,11.0,Conjunction Top-p,within_dataset
hu_vt16,vt16::rare/extinct,0.79,6,0.006,6.5,35.0,Conjunction Top-p,within_dataset
hu_vt16,vt16::scarce/unavailable,0.57,7,0.0753333333333333,12.0,19.0,Conjunction Top-p,within_dataset
hu_vt16,vt16::silly/ridiculous,0.14,8,0.068,33.5,20.0,Conjunction Top-p,within_dataset
hu_vt16,vt16::small/tiny,0.25,9,0.022,23.0,27.0,Conjunction Top-p,within_dataset
hu_vt16,vt16::snug/tight,0.21,0,0.01,26.5,33.0,Conjunction Top-p,within_dataset
hu_vt16,vt16::sometimes/always,0.86,1,0.308,4.0,9.0,Conjunction Top-p,within_dataset
hu_vt16,vt16::special/unique,0.14,2,0.252,33.5,12.0,Conjunction Top-p,within_dataset
hu_vt16,vt16::start/finish,0.21,3,0.3033333333333333,26.5,10.0,Conjunction Top-p,within_dataset
hu_vt16,vt16::tired/exhausted,0.14,4,0.0193333333333333,33.5,28.0,Conjunction Top-p,within_dataset
hu_vt16,vt16::try/succeed,0.3899999999999999,5,0.016,15.5,29.5,Conjunction Top-p,within_dataset
hu_vt16,vt16::ugly/hideous,0.18,6,0.01,30.0,33.0,Conjunction Top-p,within_dataset
hu_vt16,vt16::warm/hot,0.64,7,0.6293333333333333,9.0,4.0,Conjunction Top-p,within_dataset
hu_vt16,vt16::wary/scared,0.14,8,0.0226666666666666,33.5,26.0,Conjunction Top-p,within_dataset
hu_vt16,vt16::adequate/good,0.32,0,0.9986666666666668,18.5,1.0,Disjunction Top-K,within_dataset
hu_vt16,vt16::allowed/obligatory,0.82,1,0.032,5.0,34.0,Disjunction Top-K,within_dataset
hu_vt16,vt16::attractive/stunning,0.21,2,0.102,26.5,30.0,Disjunction Top-K,within_dataset
hu_vt16,vt16::believe/know,0.61,3,0.9433333333333334,10.5,3.0,Disjunction Top-K,within_dataset
hu_vt16,vt16::big/enormous,0.21,4,0.0513333333333333,26.5,31.0,Disjunction Top-K,within_dataset
hu_vt16,vt16::cheap/free,0.93,5,0.7213333333333334,1.5,11.0,Disjunction Top-K,within_dataset
hu_vt16,vt16::content/happy,0.04,6,0.9006666666666666,38.0,7.0,Disjunction Top-K,within_dataset
hu_vt16,vt16::cool/cold,0.46,7,0.634,14.0,13.0,Disjunction Top-K,within_dataset
hu_vt16,vt16::dark/black,0.29,8,0.7133333333333334,20.5,12.0,Disjunction Top-K,within_dataset
hu_vt16,vt16::difficult/impossible,0.96,9,0.4293333333333333,0.0,19.0,Disjunction Top-K,within_dataset
hu_vt16,vt16::dislike/loathe,0.18,0,0.0,30.0,38.0,Disjunction Top-K,within_dataset
hu_vt16,vt16::funny/hilarious,0.29,1,0.1399999999999999,20.5,29.0,Disjunction Top-K,within_dataset
hu_vt16,vt16::good/excellent,0.32,2,0.4366666666666667,18.5,18.0,Disjunction Top-K,within_dataset
hu_vt16,vt16::good/perfect,0.3899999999999999,3,0.2279999999999999,15.5,28.0,Disjunction Top-K,within_dataset
hu_vt16,vt16::hard/unsolvable,0.71,4,0.296,8.0,23.0,Disjunction Top-K,within_dataset
hu_vt16,vt16::hungry/starving,0.25,5,0.0406666666666666,23.0,33.0,Disjunction Top-K,within_dataset
hu_vt16,vt16::intelligent/brilliant,0.07,6,0.7573333333333334,37.0,10.0,Disjunction Top-K,within_dataset
hu_vt16,vt16::like/love,0.25,7,0.3093333333333333,23.0,22.0,Disjunction Top-K,within_dataset
hu_vt16,vt16::low/depleted,0.79,8,0.0146666666666666,6.5,36.0,Disjunction Top-K,within_dataset
hu_vt16,vt16::may/will,0.89,9,0.9866666666666668,3.0,2.0,Disjunction Top-K,within_dataset
hu_vt16,vt16::memorable/unforgettable,0.54,0,0.61,13.0,14.0,Disjunction Top-K,within_dataset
hu_vt16,vt16::old/ancient,0.36,1,0.0286666666666666,17.0,35.0,Disjunction Top-K,within_dataset
hu_vt16,vt16::palatable/delicious,0.61,2,1.0,10.5,0.0,Disjunction Top-K,within_dataset
hu_vt16,vt16::participate/win,0.18,3,0.8766666666666666,30.0,8.0,Disjunction Top-K,within_dataset
hu_vt16,vt16::possible/certain,0.93,4,0.25,1.5,26.0,Disjunction Top-K,within_dataset
hu_vt16,vt16::pretty/beautiful,0.11,5,0.4126666666666667,36.0,21.0,Disjunction Top-K,within_dataset
hu_vt16,vt16::rare/extinct,0.79,6,0.0119999999999999,6.5,37.0,Disjunction Top-K,within_dataset
hu_vt16,vt16::scarce/unavailable,0.57,7,0.9106666666666668,12.0,6.0,Disjunction Top-K,within_dataset
hu_vt16,vt16::silly/ridiculous,0.14,8,0.4773333333333333,33.5,15.0,Disjunction Top-K,within_dataset
hu_vt16,vt16::small/tiny,0.25,9,0.042,23.0,32.0,Disjunction Top-K,within_dataset
hu_vt16,vt16::snug/tight,0.21,0,0.7953333333333333,26.5,9.0,Disjunction Top-K,within_dataset
hu_vt16,vt16::sometimes/always,0.86,1,0.438,4.0,17.0,Disjunction Top-K,within_dataset
hu_vt16,vt16::special/unique,0.14,2,0.4246666666666667,33.5,20.0,Disjunction Top-K,within_dataset
hu_vt16,vt16::start/finish,0.21,3,0.4726666666666667,26.5,16.0,Disjunction Top-K,within_dataset
hu_vt16,vt16::tired/exhausted,0.14,4,0.2666666666666666,33.5,24.0,Disjunction Top-K,within_dataset
hu_vt16,vt16::try/succeed,0.3899999999999999,5,0.2506666666666666,15.5,25.0,Disjunction Top-K,within_dataset
hu_vt16,vt16::ugly/hideous,0.18,6,0.2386666666666667,30.0,27.0,Disjunction Top-K,within_dataset
hu_vt16,vt16::warm/hot,0.64,7,0.9226666666666666,9.0,5.0,Disjunction Top-K,within_dataset
hu_vt16,vt16::wary/scared,0.14,8,0.936,33.5,4.0,Disjunction Top-K,within_dataset
hu_vt16,vt16::adequate/good,0.32,0,0.9986666666666668,18.5,1.5,Disjunction Top-p,within_dataset
hu_vt16,vt16::allowed/obligatory,0.82,1,0.0373333333333333,5.0,35.0,Disjunction Top-p,within_dataset
hu_vt16,vt16::attractive/stunning,0.21,2,0.1026666666666666,26.5,30.0,Disjunction Top-p,within_dataset
hu_vt16,vt16::believe/know,0.61,3,0.9566666666666668,10.5,3.0,Disjunction Top-p,within_dataset
hu_vt16,vt16::big/enormous,0.21,4,0.0946666666666666,26.5,31.0,Disjunction Top-p,within_dataset
hu_vt16,vt16::cheap/free,0.93,5,0.8386666666666667,1.5,9.0,Disjunction Top-p,within_dataset
hu_vt16,vt16::content/happy,0.04,6,0.906,38.0,7.0,Disjunction Top-p,within_dataset
hu_vt16,vt16::cool/cold,0.46,7,0.7306666666666667,14.0,13.0,Disjunction Top-p,within_dataset
hu_vt16,vt16::dark/black,0.29,8,0.7853333333333333,20.5,11.0,Disjunction Top-p,within_dataset
hu_vt16,vt16::difficult/impossible,0.96,9,0.4293333333333333,0.0,21.0,Disjunction Top-p,within_dataset
hu_vt16,vt16::dislike/loathe,0.18,0,0.0,30.0,38.0,Disjunction Top-p,within_dataset
hu_vt16,vt16::funny/hilarious,0.29,1,0.18,20.5,29.0,Disjunction Top-p,within_dataset
hu_vt16,vt16::good/excellent,0.32,2,0.4933333333333333,18.5,17.0,Disjunction Top-p,within_dataset
hu_vt16,vt16::good/perfect,0.3899999999999999,3,0.2953333333333333,15.5,23.0,Disjunction Top-p,within_dataset
hu_vt16,vt16::hard/unsolvable,0.71,4,0.2866666666666667,8.0,24.0,Disjunction Top-p,within_dataset
hu_vt16,vt16::hungry/starving,0.25,5,0.0406666666666666,23.0,34.0,Disjunction Top-p,within_dataset
hu_vt16,vt16::intelligent/brilliant,0.07,6,0.7773333333333333,37.0,12.0,Disjunction Top-p,within_dataset
hu_vt16,vt16::like/love,0.25,7,0.3166666666666666,23.0,22.0,Disjunction Top-p,within_dataset
hu_vt16,vt16::low/depleted,0.79,8,0.0193333333333333,6.5,36.0,Disjunction Top-p,within_dataset
hu_vt16,vt16::may/will,0.89,9,0.9986666666666668,3.0,1.5,Disjunction Top-p,within_dataset
hu_vt16,vt16::memorable/unforgettable,0.54,0,0.6106666666666667,13.0,14.0,Disjunction Top-p,within_dataset
hu_vt16,vt16::old/ancient,0.36,1,0.0446666666666666,17.0,33.0,Disjunction Top-p,within_dataset
hu_vt16,vt16::palatable/delicious,0.61,2,1.0,10.5,0.0,Disjunction Top-p,within_dataset
hu_vt16,vt16::participate/win,0.18,3,0.8786666666666667,30.0,8.0,Disjunction Top-p,within_dataset
hu_vt16,vt16::possible/certain,0.93,4,0.2653333333333333,1.5,26.0,Disjunction Top-p,within_dataset
hu_vt16,vt16::pretty/beautiful,0.11,5,0.4873333333333334,36.0,18.0,Disjunction Top-p,within_dataset
hu_vt16,vt16::rare/extinct,0.79,6,0.018,6.5,37.0,Disjunction Top-p,within_dataset
hu_vt16,vt16::scarce/unavailable,0.57,7,0.9113333333333332,12.0,6.0,Disjunction Top-p,within_dataset
hu_vt16,vt16::silly/ridiculous,0.14,8,0.478,33.5,19.0,Disjunction Top-p,within_dataset
hu_vt16,vt16::small/tiny,0.25,9,0.0606666666666666,23.0,32.0,Disjunction Top-p,within_dataset
hu_vt16,vt16::snug/tight,0.21,0,0.7953333333333333,26.5,10.0,Disjunction Top-p,within_dataset
hu_vt16,vt16::sometimes/always,0.86,1,0.5266666666666667,4.0,15.0,Disjunction Top-p,within_dataset
hu_vt16,vt16::special/unique,0.14,2,0.476,33.5,20.0,Disjunction Top-p,within_dataset
hu_vt16,vt16::start/finish,0.21,3,0.4986666666666666,26.5,16.0,Disjunction Top-p,within_dataset
hu_vt16,vt16::tired/exhausted,0.14,4,0.2673333333333333,33.5,25.0,Disjunction Top-p,within_dataset
hu_vt16,vt16::try/succeed,0.3899999999999999,5,0.2513333333333333,15.5,27.0,Disjunction Top-p,within_dataset
hu_vt16,vt16::ugly/hideous,0.18,6,0.2386666666666667,30.0,28.0,Disjunction Top-p,within_dataset
hu_vt16,vt16::warm/hot,0.64,7,0.9306666666666666,9.0,5.0,Disjunction Top-p,within_dataset
hu_vt16,vt16::wary/scared,0.14,8,0.936,33.5,4.0,Disjunction Top-p,within_dataset
hu_g18,g18::adequate/good,0.44,0,0.0011796618080934245,23.0,2.0,No linking structure,within_dataset
hu_g18,g18::ajar/open,0.11,1,5.1830697845461095e-05,64.0,20.0,No linking structure,within_dataset
hu_g18,g18::allowed/obligatory,0.73,2,1.3104852693524329e-05,8.0,35.0,No linking structure,within_dataset
hu_g18,g18::annoyed/angry,0.51,3,0.0003334789208098209,18.0,4.0,No linking structure,within_dataset
hu_g18,g18::attractive/stunning,0.08,4,4.7620411190462676e-06,66.0,41.0,No linking structure,within_dataset
hu_g18,g18::bent/twisted,0.46,5,1.5741141808926559e-07,21.0,54.0,No linking structure,within_dataset
hu_g18,g18::big/enormous,0.14,6,2.3364721356096874e-06,61.5,45.0,No linking structure,within_dataset
hu_g18,g18::calm/unflappable,0.25,7,2.4151378882606843e-06,45.5,44.0,No linking structure,within_dataset
hu_g18,g18::cheap/free,0.76,8,0.00010307765087986665,5.0,15.0,No linking structure,within_dataset
hu_g18,g18::chubby/fat,0.32,9,7.100175942659471e-05,34.5,16.0,No linking structure,within_dataset
hu_g18,g18::clean/spotless,0.27,0,2.1828435888763033e-08,43.0,63.0,No linking structure,within_dataset
hu_g18,g18::cleanish/clean,0.55,1,2.372982263755622e-05,16.0,29.0,No linking structure,within_dataset
hu_g18,g18::cold/freezing,0.49,2,5.873187508495833e-05,19.0,19.0,No linking structure,within_dataset
hu_g18,g18::content/happy,0.22,3,0.0015138254441329623,50.0,1.0,No linking structure,within_dataset
hu_g18,g18::cool/cold,0.43,4,0.00027157343896789594,24.0,5.0,No linking structure,within_dataset
hu_g18,g18::damaged/broken,0.16,5,5.2127502534847054e-06,59.0,40.0,No linking structure,within_dataset
hu_g18,g18::damp/wet,0.3,6,1.0206069539752156e-05,38.5,36.0,No linking structure,within_dataset
hu_g18,g18::dark/black,0.37,7,1.9238138379233715e-05,29.5,30.0,No linking structure,within_dataset
hu_g18,g18::difficult/impossible,0.76,8,0.002497344067331117,5.0,0.0,No linking structure,within_dataset
hu_g18,g18::dirty/filthy,0.14,9,1.4332472716980087e-07,61.5,55.0,No linking structure,within_dataset
hu_g18,g18::drunk/plastered,0.11,0,2.0600807781369428e-07,64.0,53.0,No linking structure,within_dataset
hu_g18,g18::dry/parched,0.22,1,5.5027085841760165e-08,50.0,60.0,No linking structure,within_dataset
hu_g18,g18::fat/obese,0.16,2,1.6395460665931882e-05,59.0,32.0,No linking structure,within_dataset
hu_g18,g18::faulty/non-functional,0.39,3,2.144532445183379e-08,25.5,64.0,No linking structure,within_dataset
hu_g18,g18::funny/hilarious,0.27,4,0.000114389526876223,43.0,14.0,No linking structure,within_dataset
hu_g18,g18::good/excellent,0.65,5,2.4483088067421597e-05,11.0,28.0,No linking structure,within_dataset
hu_g18,g18::good/perfect,0.58,6,3.29455960419677e-05,14.5,23.5,No linking structure,within_dataset
hu_g18,g18::happy/delighted,0.19,7,0.00023580852308635036,54.0,6.0,No linking structure,within_dataset
hu_g18,g18::hard/unsolvable,0.52,8,1.126553821501606e-08,17.0,65.0,No linking structure,within_dataset
hu_g18,g18::hot/scalding,0.35,9,4.715782379312004e-08,31.0,61.0,No linking structure,within_dataset
hu_g18,g18::hungry/starving,0.38,0,1.589102537197083e-05,27.5,34.0,No linking structure,within_dataset
hu_g18,g18::intelligent/brilliant,0.19,1,0.0001595560279336341,54.0,12.0,No linking structure,within_dataset
hu_g18,g18::large/gigantic,0.22,2,1.016325470565626e-07,50.0,56.0,No linking structure,within_dataset
hu_g18,g18::light/white,0.27,3,1.6074066272107118e-05,43.0,33.0,No linking structure,within_dataset
hu_g18,g18::likely/certain,0.79,4,0.00017534099068657708,2.5,9.5,No linking structure,within_dataset
hu_g18,g18::loud/defeaning,0.34,5,9.801809119770298e-10,32.0,66.0,No linking structure,within_dataset
hu_g18,g18::low/depleted,0.81,6,2.5696732118388166e-08,0.5,62.0,No linking structure,within_dataset
hu_g18,g18::mediocre/bad,0.7,7,0.00020499438658131252,9.5,7.0,No linking structure,within_dataset
hu_g18,g18::memorable/unforgettable,0.37,8,4.672679127859602e-06,29.5,42.0,No linking structure,within_dataset
hu_g18,g18::old/ancient,0.32,9,5.642527947431408e-06,34.5,38.0,No linking structure,within_dataset
hu_g18,g18::palatable/delicious,0.47,0,4.79355593905424e-05,20.0,21.0,No linking structure,within_dataset
hu_g18,g18::poor/destitute,0.31,1,9.528448253657196e-07,37.0,49.0,No linking structure,within_dataset
hu_g18,g18::possible/certain,0.58,2,0.00017534099068657708,14.5,9.5,No linking structure,within_dataset
hu_g18,g18::pretty/gorgeous,0.19,3,0.00014342749660673572,54.0,13.0,No linking structure,within_dataset
hu_g18,g18::quiet/inaudible,0.63,4,7.353464173960414e-08,12.0,58.0,No linking structure,within_dataset
hu_g18,g18::rainy/pouring,0.29,5,1.6826963940434046e-05,40.5,31.0,No linking structure,within_dataset
hu_g18,g18::rare/extinct,0.74,6,6.876802121009486e-08,7.0,59.0,No linking structure,within_dataset
hu_g18,g18::satifisfactory/impeccable,0.79,7,2.6568207181976376e-07,2.5,52.0,No linking structure,within_dataset
hu_g18,g18::scarce/unavailable,0.76,8,5.580719379982189e-07,5.0,51.0,No linking structure,within_dataset
hu_g18,g18::scared/petrified,0.32,9,7.986858624224171e-06,34.5,37.0,No linking structure,within_dataset
hu_g18,g18::sickish/sick,0.25,0,0.0003595650594580069,45.5,3.0,No linking structure,within_dataset
hu_g18,g18::silly/idiotic,0.32,1,1.47857164125088e-06,34.5,48.0,No linking structure,within_dataset
hu_g18,g18::silly/ridiculous,0.39,2,2.5658055996238622e-05,25.5,27.0,No linking structure,within_dataset
hu_g18,g18::sleepy/asleep,0.81,3,3.644603352270171e-05,0.5,22.0,No linking structure,within_dataset
hu_g18,g18::small/tiny,0.24,4,2.3041258096676356e-06,47.5,46.0,No linking structure,within_dataset
hu_g18,g18::snug/tight,0.18,5,2.8230739549923257e-06,56.0,43.0,No linking structure,within_dataset
hu_g18,g18::special/unique,0.17,6,3.29455960419677e-05,57.0,23.5,No linking structure,within_dataset
hu_g18,g18::tasty/delicious,0.16,7,6.727897681727033e-05,59.0,18.0,No linking structure,within_dataset
hu_g18,g18::thin/skinny,0.11,8,2.791351296926519e-05,64.0,25.5,No linking structure,within_dataset
hu_g18,g18::tipsy/drunk,0.38,9,2.791351296926519e-05,27.5,25.5,No linking structure,within_dataset
hu_g18,g18::tired/exhausted,0.3,0,6.756027300475626e-05,38.5,17.0,No linking structure,within_dataset
hu_g18,g18::ugly/hideous,0.21,1,1.5530795620672372e-06,52.0,47.0,No linking structure,within_dataset
hu_g18,g18::unhappy/miserable,0.29,2,5.561287562213174e-06,40.5,39.0,No linking structure,within_dataset
hu_g18,g18::unsettling/horrific,0.62,3,7.335717233997947e-07,13.0,50.0,No linking structure,within_dataset
hu_g18,g18::warm/hot,0.7,4,0.00019868737235569962,9.5,8.0,No linking structure,within_dataset
hu_g18,g18::wary/scared,0.45,5,0.0001752380145260507,22.0,11.0,No linking structure,within_dataset
hu_g18,g18::wet/soaked,0.24,6,7.552689582342057e-08,47.5,57.0,No linking structure,within_dataset
hu_g18,g18::adequate/good,0.44,0,0.01762928740759091,23.0,25.0,X but not Y,within_dataset
hu_g18,g18::ajar/open,0.11,1,0.21388670770890972,64.0,8.0,X but not Y,within_dataset
hu_g18,g18::allowed/obligatory,0.73,2,0.0027806228279978074,8.0,47.0,X but not Y,within_dataset
hu_g18,g18::annoyed/angry,0.51,3,0.25607124780122853,18.0,7.0,X but not Y,within_dataset
hu_g18,g18::attractive/stunning,0.08,4,0.0015869808601807621,66.0,49.0,X but not Y,within_dataset
hu_g18,g18::bent/twisted,0.46,5,0.01291300051431251,21.0,30.0,X but not Y,within_dataset
hu_g18,g18::big/enormous,0.14,6,0.00023789495781197575,61.5,57.0,X but not Y,within_dataset
hu_g18,g18::calm/unflappable,0.25,7,0.000342488834325559,45.5,55.0,X but not Y,within_dataset
hu_g18,g18::cheap/free,0.76,8,0.013448233647927646,5.0,29.0,X but not Y,within_dataset
hu_g18,g18::chubby/fat,0.32,9,0.45802800095606794,34.5,3.0,X but not Y,within_dataset
hu_g18,g18::clean/spotless,0.27,0,0.005623078995491089,43.0,42.0,X but not Y,within_dataset
hu_g18,g18::cleanish/clean,0.55,1,0.04788393395809587,16.0,19.0,X but not Y,within_dataset
hu_g18,g18::cold/freezing,0.49,2,0.05556793914656546,19.0,17.0,X but not Y,within_dataset
hu_g18,g18::content/happy,0.22,3,0.05068323511555143,50.0,18.0,X but not Y,within_dataset
hu_g18,g18::cool/cold,0.43,4,0.3977553529560861,24.0,4.0,X but not Y,within_dataset
hu_g18,g18::damaged/broken,0.16,5,0.0971916783651901,59.0,12.0,X but not Y,within_dataset
hu_g18,g18::damp/wet,0.3,6,0.060149959104779244,38.5,15.0,X but not Y,within_dataset
hu_g18,g18::dark/black,0.37,7,0.05715150358604157,29.5,16.0,X but not Y,within_dataset
hu_g18,g18::difficult/impossible,0.76,8,0.9170918547859208,5.0,0.0,X but not Y,within_dataset
hu_g18,g18::dirty/filthy,0.14,9,0.014451093296852256,61.5,27.0,X but not Y,within_dataset
hu_g18,g18::drunk/plastered,0.11,0,2.6419579594601723e-05,64.0,63.0,X but not Y,within_dataset
hu_g18,g18::dry/parched,0.22,1,0.00629686326321714,50.0,39.0,X but not Y,within_dataset
hu_g18,g18::fat/obese,0.16,2,0.008465629396197672,59.0,35.0,X but not Y,within_dataset
hu_g18,g18::faulty/non-functional,0.39,3,7.11997980787216e-05,25.5,60.0,X but not Y,within_dataset
hu_g18,g18::funny/hilarious,0.27,4,0.001371920529489043,43.0,50.0,X but not Y,within_dataset
hu_g18,g18::good/excellent,0.65,5,0.014787189813164198,11.0,26.0,X but not Y,within_dataset
hu_g18,g18::good/perfect,0.58,6,0.07054573710971576,14.5,14.0,X but not Y,within_dataset
hu_g18,g18::happy/delighted,0.19,7,0.0003479376891860691,54.0,54.0,X but not Y,within_dataset
hu_g18,g18::hard/unsolvable,0.52,8,5.989391304775752e-05,17.0,61.0,X but not Y,within_dataset
hu_g18,g18::hot/scalding,0.35,9,0.0001903795757380379,31.0,58.0,X but not Y,within_dataset
hu_g18,g18::hungry/starving,0.38,0,0.02123298193792523,27.5,22.0,X but not Y,within_dataset
hu_g18,g18::intelligent/brilliant,0.19,1,0.004543700981545385,54.0,44.0,X but not Y,within_dataset
hu_g18,g18::large/gigantic,0.22,2,0.008372844782499615,50.0,36.0,X but not Y,within_dataset
hu_g18,g18::light/white,0.27,3,0.0061698109488867855,43.0,41.0,X but not Y,within_dataset
hu_g18,g18::likely/certain,0.79,4,0.5086362714027688,2.5,2.0,X but not Y,within_dataset
hu_g18,g18::loud/defeaning,0.34,5,2.588356803602384e-07,32.0,66.0,X but not Y,within_dataset
hu_g18,g18::low/depleted,0.81,6,4.409924070805747e-05,0.5,62.0,X but not Y,within_dataset
hu_g18,g18::mediocre/bad,0.7,7,0.29045280489804437,9.5,6.0,X but not Y,within_dataset
hu_g18,g18::memorable/unforgettable,0.37,8,0.0024496845994776586,29.5,48.0,X but not Y,within_dataset
hu_g18,g18::old/ancient,0.32,9,0.028394354967197277,34.5,21.0,X but not Y,within_dataset
hu_g18,g18::palatable/delicious,0.47,0,0.011445762683539829,20.0,31.0,X but not Y,within_dataset
hu_g18,g18::poor/destitute,0.31,1,0.020570929670996486,37.0,23.0,X but not Y,within_dataset
hu_g18,g18::possible/certain,0.58,2,0.008629899075500921,14.5,34.0,X but not Y,within_dataset
hu_g18,g18::pretty/gorgeous,0.19,3,0.0039148536462177246,54.0,45.0,X but not Y,within_dataset
hu_g18,g18::quiet/inaudible,0.63,4,2.3078436371945863e-05,12.0,64.0,X but not Y,within_dataset
hu_g18,g18::rainy/pouring,0.29,5,0.0049792123721596054,40.5,43.0,X but not Y,within_dataset
hu_g18,g18::rare/extinct,0.74,6,0.000242490793328082,7.0,56.0,X but not Y,within_dataset
hu_g18,g18::satifisfactory/impeccable,0.79,7,0.0001544558379962089,2.5,59.0,X but not Y,within_dataset
hu_g18,g18::scarce/unavailable,0.76,8,0.0005275939977820621,5.0,52.0,X but not Y,within_dataset
hu_g18,g18::scared/petrified,0.32,9,0.0028966556911849263,34.5,46.0,X but not Y,within_dataset
hu_g18,g18::sickish/sick,0.25,0,0.16579492816563182,45.5,9.0,X but not Y,within_dataset
hu_g18,g18::silly/idiotic,0.32,1,0.00099784311113101,34.5,51.0,X but not Y,within_dataset
hu_g18,g18::silly/ridiculous,0.39,2,0.009153357656244985,25.5,33.0,X but not Y,within_dataset
hu_g18,g18::sleepy/asleep,0.81,3,0.011141069512965096,0.5,32.0,X but not Y,within_dataset
hu_g18,g18::small/tiny,0.24,4,0.09979312071544046,47.5,11.0,X but not Y,within_dataset
hu_g18,g18::snug/tight,0.18,5,0.16101112999795905,56.0,10.0,X but not Y,within_dataset
hu_g18,g18::special/unique,0.17,6,0.0707559053871385,57.0,13.0,X but not Y,within_dataset
hu_g18,g18::tasty/delicious,0.16,7,0.006273067491092856,59.0,40.0,X but not Y,within_dataset
hu_g18,g18::thin/skinny,0.11,8,0.007409536922586045,64.0,38.0,X but not Y,within_dataset
hu_g18,g18::tipsy/drunk,0.38,9,0.579475021891294,27.5,1.0,X but not Y,within_dataset
hu_g18,g18::tired/exhausted,0.3,0,0.033820521452466966,38.5,20.0,X but not Y,within_dataset
hu_g18,g18::ugly/hideous,0.21,1,0.013921565717509549,52.0,28.0,X but not Y,within_dataset
hu_g18,g18::unhappy/miserable,0.29,2,0.00831627957326676,40.5,37.0,X but not Y,within_dataset
hu_g18,g18::unsettling/horrific,0.62,3,2.16319595102407e-05,13.0,65.0,X but not Y,within_dataset
hu_g18,g18::warm/hot,0.7,4,0.35126056577021164,9.5,5.0,X but not Y,within_dataset
hu_g18,g18::wary/scared,0.45,5,0.02044042606389772,22.0,24.0,X but not Y,within_dataset
hu_g18,g18::wet/soaked,0.24,6,0.00036764652376344154,47.5,53.0,X but not Y,within_dataset
hu_g18,g18::adequate/good,0.44,0,0.608,23.0,0.0,Set Top-K,within_dataset
hu_g18,g18::ajar/open,0.11,1,0.05,64.0,9.0,Set Top-K,within_dataset
hu_g18,g18::allowed/obligatory,0.73,2,0.0,8.0,56.0,Set Top-K,within_dataset
hu_g18,g18::annoyed/angry,0.51,3,0.036,18.0,12.0,Set Top-K,within_dataset
hu_g18,g18::attractive/stunning,0.08,4,0.002,66.0,42.5,Set Top-K,within_dataset
hu_g18,g18::bent/twisted,0.46,5,0.0,21.0,56.0,Set Top-K,within_dataset
hu_g18,g18::big/enormous,0.14,6,0.004,61.5,34.5,Set Top-K,within_dataset
hu_g18,g18::calm/unflappable,0.25,7,0.0,45.5,56.0,Set Top-K,within_dataset
hu_g18,g18::cheap/free,0.76,8,0.158,5.0,3.0,Set Top-K,within_dataset
hu_g18,g18::chubby/fat,0.32,9,0.004,34.5,34.5,Set Top-K,within_dataset
hu_g18,g18::clean/spotless,0.27,0,0.0,43.0,56.0,Set Top-K,within_dataset
hu_g18,g18::cleanish/clean,0.55,1,0.03,16.0,15.0,Set Top-K,within_dataset
hu_g18,g18::cold/freezing,0.49,2,0.008,19.0,23.0,Set Top-K,within_dataset
hu_g18,g18::content/happy,0.22,3,0.11,50.0,6.0,Set Top-K,within_dataset
hu_g18,g18::cool/cold,0.43,4,0.122,24.0,5.0,Set Top-K,within_dataset
hu_g18,g18::damaged/broken,0.16,5,0.016,59.0,19.5,Set Top-K,within_dataset
hu_g18,g18::damp/wet,0.3,6,0.004,38.5,34.5,Set Top-K,within_dataset
hu_g18,g18::dark/black,0.37,7,0.016,29.5,19.5,Set Top-K,within_dataset
hu_g18,g18::difficult/impossible,0.76,8,0.508,5.0,1.0,Set Top-K,within_dataset
hu_g18,g18::dirty/filthy,0.14,9,0.0,61.5,56.0,Set Top-K,within_dataset
hu_g18,g18::drunk/plastered,0.11,0,0.002,64.0,42.5,Set Top-K,within_dataset
hu_g18,g18::dry/parched,0.22,1,0.0,50.0,56.0,Set Top-K,within_dataset
hu_g18,g18::fat/obese,0.16,2,0.006,59.0,26.5,Set Top-K,within_dataset
hu_g18,g18::faulty/non-functional,0.39,3,0.0,25.5,56.0,Set Top-K,within_dataset
hu_g18,g18::funny/hilarious,0.27,4,0.004,43.0,34.5,Set Top-K,within_dataset
hu_g18,g18::good/excellent,0.65,5,0.022,11.0,17.0,Set Top-K,within_dataset
hu_g18,g18::good/perfect,0.58,6,0.02,14.5,18.0,Set Top-K,within_dataset
hu_g18,g18::happy/delighted,0.19,7,0.006,54.0,26.5,Set Top-K,within_dataset
hu_g18,g18::hard/unsolvable,0.52,8,0.006,17.0,26.5,Set Top-K,within_dataset
hu_g18,g18::hot/scalding,0.35,9,0.0,31.0,56.0,Set Top-K,within_dataset
hu_g18,g18::hungry/starving,0.38,0,0.0,27.5,56.0,Set Top-K,within_dataset
hu_g18,g18::intelligent/brilliant,0.19,1,0.032,54.0,14.0,Set Top-K,within_dataset
hu_g18,g18::large/gigantic,0.22,2,0.0,50.0,56.0,Set Top-K,within_dataset
hu_g18,g18::light/white,0.27,3,0.028,43.0,16.0,Set Top-K,within_dataset
hu_g18,g18::likely/certain,0.79,4,0.036,2.5,12.0,Set Top-K,within_dataset
hu_g18,g18::loud/defeaning,0.34,5,0.0,32.0,56.0,Set Top-K,within_dataset
hu_g18,g18::low/depleted,0.81,6,0.0,0.5,56.0,Set Top-K,within_dataset
hu_g18,g18::mediocre/bad,0.7,7,0.446,9.5,2.0,Set Top-K,within_dataset
hu_g18,g18::memorable/unforgettable,0.37,8,0.006,29.5,26.5,Set Top-K,within_dataset
hu_g18,g18::old/ancient,0.32,9,0.002,34.5,42.5,Set Top-K,within_dataset
hu_g18,g18::palatable/delicious,0.47,0,0.058,20.0,7.5,Set Top-K,within_dataset
hu_g18,g18::poor/destitute,0.31,1,0.0,37.0,56.0,Set Top-K,within_dataset
hu_g18,g18::possible/certain,0.58,2,0.036,14.5,12.0,Set Top-K,within_dataset
hu_g18,g18::pretty/gorgeous,0.19,3,0.0,54.0,56.0,Set Top-K,within_dataset
hu_g18,g18::quiet/inaudible,0.63,4,0.0,12.0,56.0,Set Top-K,within_dataset
hu_g18,g18::rainy/pouring,0.29,5,0.004,40.5,34.5,Set Top-K,within_dataset
hu_g18,g18::rare/extinct,0.74,6,0.0,7.0,56.0,Set Top-K,within_dataset
hu_g18,g18::satifisfactory/impeccable,0.79,7,0.0,2.5,56.0,Set Top-K,within_dataset
hu_g18,g18::scarce/unavailable,0.76,8,0.002,5.0,42.5,Set Top-K,within_dataset
hu_g18,g18::scared/petrified,0.32,9,0.004,34.5,34.5,Set Top-K,within_dataset
hu_g18,g18::sickish/sick,0.25,0,0.01,45.5,22.0,Set Top-K,within_dataset
hu_g18,g18::silly/idiotic,0.32,1,0.0,34.5,56.0,Set Top-K,within_dataset
hu_g18,g18::silly/ridiculous,0.39,2,0.004,25.5,34.5,Set Top-K,within_dataset
hu_g18,g18::sleepy/asleep,0.81,3,0.002,0.5,42.5,Set Top-K,within_dataset
hu_g18,g18::small/tiny,0.24,4,0.002,47.5,42.5,Set Top-K,within_dataset
hu_g18,g18::snug/tight,0.18,5,0.014,56.0,21.0,Set Top-K,within_dataset
hu_g18,g18::special/unique,0.17,6,0.058,57.0,7.5,Set Top-K,within_dataset
hu_g18,g18::tasty/delicious,0.16,7,0.038,59.0,10.0,Set Top-K,within_dataset
hu_g18,g18::thin/skinny,0.11,8,0.0,64.0,56.0,Set Top-K,within_dataset
hu_g18,g18::tipsy/drunk,0.38,9,0.004,27.5,34.5,Set Top-K,within_dataset
hu_g18,g18::tired/exhausted,0.3,0,0.004,38.5,34.5,Set Top-K,within_dataset
hu_g18,g18::ugly/hideous,0.21,1,0.0,52.0,56.0,Set Top-K,within_dataset
hu_g18,g18::unhappy/miserable,0.29,2,0.004,40.5,34.5,Set Top-K,within_dataset
hu_g18,g18::unsettling/horrific,0.62,3,0.006,13.0,26.5,Set Top-K,within_dataset
hu_g18,g18::warm/hot,0.7,4,0.152,9.5,4.0,Set Top-K,within_dataset
hu_g18,g18::wary/scared,0.45,5,0.006,22.0,26.5,Set Top-K,within_dataset
hu_g18,g18::wet/soaked,0.24,6,0.0,47.5,56.0,Set Top-K,within_dataset
hu_g18,g18::adequate/good,0.44,0,0.798,23.0,0.0,Set Top-p,within_dataset
hu_g18,g18::ajar/open,0.11,1,0.1,64.0,6.0,Set Top-p,within_dataset
hu_g18,g18::allowed/obligatory,0.73,2,0.0,8.0,56.0,Set Top-p,within_dataset
hu_g18,g18::annoyed/angry,0.51,3,0.028,18.0,17.0,Set Top-p,within_dataset
hu_g18,g18::attractive/stunning,0.08,4,0.002,66.0,43.0,Set Top-p,within_dataset
hu_g18,g18::bent/twisted,0.46,5,0.0,21.0,56.0,Set Top-p,within_dataset
hu_g18,g18::big/enormous,0.14,6,0.004,61.5,36.5,Set Top-p,within_dataset
hu_g18,g18::calm/unflappable,0.25,7,0.0,45.5,56.0,Set Top-p,within_dataset
hu_g18,g18::cheap/free,0.76,8,0.26,5.0,3.0,Set Top-p,within_dataset
hu_g18,g18::chubby/fat,0.32,9,0.004,34.5,36.5,Set Top-p,within_dataset
hu_g18,g18::clean/spotless,0.27,0,0.0,43.0,56.0,Set Top-p,within_dataset
hu_g18,g18::cleanish/clean,0.55,1,0.05,16.0,12.0,Set Top-p,within_dataset
hu_g18,g18::cold/freezing,0.49,2,0.012,19.0,22.0,Set Top-p,within_dataset
hu_g18,g18::content/happy,0.22,3,0.096,50.0,8.0,Set Top-p,within_dataset
hu_g18,g18::cool/cold,0.43,4,0.2,24.0,5.0,Set Top-p,within_dataset
hu_g18,g18::damaged/broken,0.16,5,0.022,59.0,20.0,Set Top-p,within_dataset
hu_g18,g18::damp/wet,0.3,6,0.008,38.5,26.0,Set Top-p,within_dataset
hu_g18,g18::dark/black,0.37,7,0.016,29.5,21.0,Set Top-p,within_dataset
hu_g18,g18::difficult/impossible,0.76,8,0.692,5.0,1.0,Set Top-p,within_dataset
hu_g18,g18::dirty/filthy,0.14,9,0.0,61.5,56.0,Set Top-p,within_dataset
hu_g18,g18::drunk/plastered,0.11,0,0.0,64.0,56.0,Set Top-p,within_dataset
hu_g18,g18::dry/parched,0.22,1,0.002,50.0,43.0,Set Top-p,within_dataset
hu_g18,g18::fat/obese,0.16,2,0.006,59.0,30.0,Set Top-p,within_dataset
hu_g18,g18::faulty/non-functional,0.39,3,0.0,25.5,56.0,Set Top-p,within_dataset
hu_g18,g18::funny/hilarious,0.27,4,0.004,43.0,36.5,Set Top-p,within_dataset
hu_g18,g18::good/excellent,0.65,5,0.03,11.0,15.5,Set Top-p,within_dataset
hu_g18,g18::good/perfect,0.58,6,0.03,14.5,15.5,Set Top-p,within_dataset
hu_g18,g18::happy/delighted,0.19,7,0.006,54.0,30.0,Set Top-p,within_dataset
hu_g18,g18::hard/unsolvable,0.52,8,0.008,17.0,26.0,Set Top-p,within_dataset
hu_g18,g18::hot/scalding,0.35,9,0.0,31.0,56.0,Set Top-p,within_dataset
hu_g18,g18::hungry/starving,0.38,0,0.0,27.5,56.0,Set Top-p,within_dataset
hu_g18,g18::intelligent/brilliant,0.19,1,0.024,54.0,19.0,Set Top-p,within_dataset
hu_g18,g18::large/gigantic,0.22,2,0.0,50.0,56.0,Set Top-p,within_dataset
hu_g18,g18::light/white,0.27,3,0.032,43.0,14.0,Set Top-p,within_dataset
hu_g18,g18::likely/certain,0.79,4,0.06,2.5,10.5,Set Top-p,within_dataset
hu_g18,g18::loud/defeaning,0.34,5,0.0,32.0,56.0,Set Top-p,within_dataset
hu_g18,g18::low/depleted,0.81,6,0.0,0.5,56.0,Set Top-p,within_dataset
hu_g18,g18::mediocre/bad,0.7,7,0.646,9.5,2.0,Set Top-p,within_dataset
hu_g18,g18::memorable/unforgettable,0.37,8,0.01,29.5,23.5,Set Top-p,within_dataset
hu_g18,g18::old/ancient,0.32,9,0.002,34.5,43.0,Set Top-p,within_dataset
hu_g18,g18::palatable/delicious,0.47,0,0.092,20.0,9.0,Set Top-p,within_dataset
hu_g18,g18::poor/destitute,0.31,1,0.0,37.0,56.0,Set Top-p,within_dataset
hu_g18,g18::possible/certain,0.58,2,0.06,14.5,10.5,Set Top-p,within_dataset
hu_g18,g18::pretty/gorgeous,0.19,3,0.0,54.0,56.0,Set Top-p,within_dataset
hu_g18,g18::quiet/inaudible,0.63,4,0.0,12.0,56.0,Set Top-p,within_dataset
hu_g18,g18::rainy/pouring,0.29,5,0.004,40.5,36.5,Set Top-p,within_dataset
hu_g18,g18::rare/extinct,0.74,6,0.0,7.0,56.0,Set Top-p,within_dataset
hu_g18,g18::satifisfactory/impeccable,0.79,7,0.0,2.5,56.0,Set Top-p,within_dataset
hu_g18,g18::scarce/unavailable,0.76,8,0.004,5.0,36.5,Set Top-p,within_dataset
hu_g18,g18::scared/petrified,0.32,9,0.002,34.5,43.0,Set Top-p,within_dataset
hu_g18,g18::sickish/sick,0.25,0,0.008,45.5,26.0,Set Top-p,within_dataset
hu_g18,g18::silly/idiotic,0.32,1,0.0,34.5,56.0,Set Top-p,within_dataset
hu_g18,g18::silly/ridiculous,0.39,2,0.01,25.5,23.5,Set Top-p,within_dataset
hu_g18,g18::sleepy/asleep,0.81,3,0.002,0.5,43.0,Set Top-p,within_dataset
hu_g18,g18::small/tiny,0.24,4,0.006,47.5,30.0,Set Top-p,within_dataset
hu_g18,g18::snug/tight,0.18,5,0.026,56.0,18.0,Set Top-p,within_dataset
hu_g18,g18::special/unique,0.17,6,0.098,57.0,7.0,Set Top-p,within_dataset
hu_g18,g18::tasty/delicious,0.16,7,0.04,59.0,13.0,Set Top-p,within_dataset
hu_g18,g18::thin/skinny,0.11,8,0.0,64.0,56.0,Set Top-p,within_dataset
hu_g18,g18::tipsy/drunk,0.38,9,0.004,27.5,36.5,Set Top-p,within_dataset
hu_g18,g18::tired/exhausted,0.3,0,0.004,38.5,36.5,Set Top-p,within_dataset
hu_g18,g18::ugly/hideous,0.21,1,0.0,52.0,56.0,Set Top-p,within_dataset
hu_g18,g18::unhappy/miserable,0.29,2,0.004,40.5,36.5,Set Top-p,within_dataset
hu_g18,g18::unsettling/horrific,0.62,3,0.006,13.0,30.0,Set Top-p,within_dataset
hu_g18,g18::warm/hot,0.7,4,0.23,9.5,4.0,Set Top-p,within_dataset
hu_g18,g18::wary/scared,0.45,5,0.006,22.0,30.0,Set Top-p,within_dataset
hu_g18,g18::wet/soaked,0.24,6,0.0,47.5,56.0,Set Top-p,within_dataset
hu_g18,g18::adequate/good,0.44,0,0.992,23.0,6.0,Ordering,within_dataset
hu_g18,g18::ajar/open,0.11,1,1.0,64.0,2.0,Ordering,within_dataset
hu_g18,g18::allowed/obligatory,0.73,2,0.046,8.0,45.5,Ordering,within_dataset
hu_g18,g18::annoyed/angry,0.51,3,0.966,18.0,9.0,Ordering,within_dataset
hu_g18,g18::attractive/stunning,0.08,4,0.05,66.0,44.0,Ordering,within_dataset
hu_g18,g18::bent/twisted,0.46,5,0.334,21.0,29.0,Ordering,within_dataset
hu_g18,g18::big/enormous,0.14,6,0.034,61.5,48.0,Ordering,within_dataset
hu_g18,g18::calm/unflappable,0.25,7,0.158,45.5,36.0,Ordering,within_dataset
hu_g18,g18::cheap/free,0.76,8,0.974,5.0,8.0,Ordering,within_dataset
hu_g18,g18::chubby/fat,0.32,9,0.988,34.5,7.0,Ordering,within_dataset
hu_g18,g18::clean/spotless,0.27,0,0.0,43.0,64.0,Ordering,within_dataset
hu_g18,g18::cleanish/clean,0.55,1,1.0,16.0,2.0,Ordering,within_dataset
hu_g18,g18::cold/freezing,0.49,2,0.058,19.0,42.0,Ordering,within_dataset
hu_g18,g18::content/happy,0.22,3,0.904,50.0,12.5,Ordering,within_dataset
hu_g18,g18::cool/cold,0.43,4,0.82,24.0,18.0,Ordering,within_dataset
hu_g18,g18::damaged/broken,0.16,5,0.904,59.0,12.5,Ordering,within_dataset
hu_g18,g18::damp/wet,0.3,6,0.896,38.5,14.0,Ordering,within_dataset
hu_g18,g18::dark/black,0.37,7,0.654,29.5,23.0,Ordering,within_dataset
hu_g18,g18::difficult/impossible,0.76,8,0.684,5.0,19.0,Ordering,within_dataset
hu_g18,g18::dirty/filthy,0.14,9,0.012,61.5,57.5,Ordering,within_dataset
hu_g18,g18::drunk/plastered,0.11,0,0.052,64.0,43.0,Ordering,within_dataset
hu_g18,g18::dry/parched,0.22,1,0.004,50.0,59.5,Ordering,within_dataset
hu_g18,g18::fat/obese,0.16,2,0.668,59.0,21.5,Ordering,within_dataset
hu_g18,g18::faulty/non-functional,0.39,3,0.03,25.5,49.5,Ordering,within_dataset
hu_g18,g18::funny/hilarious,0.27,4,0.044,43.0,47.0,Ordering,within_dataset
hu_g18,g18::good/excellent,0.65,5,0.016,11.0,55.0,Ordering,within_dataset
hu_g18,g18::good/perfect,0.58,6,0.02,14.5,53.5,Ordering,within_dataset
hu_g18,g18::happy/delighted,0.19,7,0.046,54.0,45.5,Ordering,within_dataset
hu_g18,g18::hard/unsolvable,0.52,8,0.012,17.0,57.5,Ordering,within_dataset
hu_g18,g18::hot/scalding,0.35,9,0.0,31.0,64.0,Ordering,within_dataset
hu_g18,g18::hungry/starving,0.38,0,0.022,27.5,52.0,Ordering,within_dataset
hu_g18,g18::intelligent/brilliant,0.19,1,0.668,54.0,21.5,Ordering,within_dataset
hu_g18,g18::large/gigantic,0.22,2,0.0,50.0,64.0,Ordering,within_dataset
hu_g18,g18::light/white,0.27,3,0.466,43.0,27.0,Ordering,within_dataset
hu_g18,g18::likely/certain,0.79,4,0.308,2.5,31.5,Ordering,within_dataset
hu_g18,g18::loud/defeaning,0.34,5,0.0,32.0,64.0,Ordering,within_dataset
hu_g18,g18::low/depleted,0.81,6,0.002,0.5,61.0,Ordering,within_dataset
hu_g18,g18::mediocre/bad,0.7,7,1.0,9.5,2.0,Ordering,within_dataset
hu_g18,g18::memorable/unforgettable,0.37,8,0.294,29.5,33.0,Ordering,within_dataset
hu_g18,g18::old/ancient,0.32,9,0.082,34.5,40.0,Ordering,within_dataset
hu_g18,g18::palatable/delicious,0.47,0,1.0,20.0,2.0,Ordering,within_dataset
hu_g18,g18::poor/destitute,0.31,1,0.102,37.0,38.0,Ordering,within_dataset
hu_g18,g18::possible/certain,0.58,2,0.028,14.5,51.0,Ordering,within_dataset
hu_g18,g18::pretty/gorgeous,0.19,3,0.014,54.0,56.0,Ordering,within_dataset
hu_g18,g18::quiet/inaudible,0.63,4,0.004,12.0,59.5,Ordering,within_dataset
hu_g18,g18::rainy/pouring,0.29,5,0.258,40.5,34.0,Ordering,within_dataset
hu_g18,g18::rare/extinct,0.74,6,0.0,7.0,64.0,Ordering,within_dataset
hu_g18,g18::satifisfactory/impeccable,0.79,7,0.996,2.5,5.0,Ordering,within_dataset
hu_g18,g18::scarce/unavailable,0.76,8,0.538,5.0,25.0,Ordering,within_dataset
hu_g18,g18::scared/petrified,0.32,9,0.67,34.5,20.0,Ordering,within_dataset
hu_g18,g18::sickish/sick,0.25,0,1.0,45.5,2.0,Ordering,within_dataset
hu_g18,g18::silly/idiotic,0.32,1,0.152,34.5,37.0,Ordering,within_dataset
hu_g18,g18::silly/ridiculous,0.39,2,0.242,25.5,35.0,Ordering,within_dataset
hu_g18,g18::sleepy/asleep,0.81,3,0.432,0.5,28.0,Ordering,within_dataset
hu_g18,g18::small/tiny,0.24,4,0.03,47.5,49.5,Ordering,within_dataset
hu_g18,g18::snug/tight,0.18,5,0.958,56.0,11.0,Ordering,within_dataset
hu_g18,g18::special/unique,0.17,6,0.632,57.0,24.0,Ordering,within_dataset
hu_g18,g18::tasty/delicious,0.16,7,0.884,59.0,15.0,Ordering,within_dataset
hu_g18,g18::thin/skinny,0.11,8,0.308,64.0,31.5,Ordering,within_dataset
hu_g18,g18::tipsy/drunk,0.38,9,0.838,27.5,17.0,Ordering,within_dataset
hu_g18,g18::tired/exhausted,0.3,0,0.086,38.5,39.0,Ordering,within_dataset
hu_g18,g18::ugly/hideous,0.21,1,0.068,52.0,41.0,Ordering,within_dataset
hu_g18,g18::unhappy/miserable,0.29,2,0.312,40.5,30.0,Ordering,within_dataset
hu_g18,g18::unsettling/horrific,0.62,3,0.96,13.0,10.0,Ordering,within_dataset
hu_g18,g18::warm/hot,0.7,4,0.52,9.5,26.0,Ordering,within_dataset
hu_g18,g18::wary/scared,0.45,5,0.866,22.0,16.0,Ordering,within_dataset
hu_g18,g18::wet/soaked,0.24,6,0.02,47.5,53.5,Ordering,within_dataset
hu_g18,g18::adequate/good,0.44,0,0.604,23.0,0.0,Conjunction Top-K,within_dataset
hu_g18,g18::ajar/open,0.11,1,0.05,64.0,9.0,Conjunction Top-K,within_dataset
hu_g18,g18::allowed/obligatory,0.73,2,0.0,8.0,56.0,Conjunction Top-K,within_dataset
hu_g18,g18::annoyed/angry,0.51,3,0.036,18.0,11.0,Conjunction Top-K,within_dataset
hu_g18,g18::attractive/stunning,0.08,4,0.002,66.0,42.5,Conjunction Top-K,within_dataset
hu_g18,g18::bent/twisted,0.46,5,0.0,21.0,56.0,Conjunction Top-K,within_dataset
hu_g18,g18::big/enormous,0.14,6,0.004,61.5,34.5,Conjunction Top-K,within_dataset
hu_g18,g18::calm/unflappable,0.25,7,0.0,45.5,56.0,Conjunction Top-K,within_dataset
hu_g18,g18::cheap/free,0.76,8,0.158,5.0,3.0,Conjunction Top-K,within_dataset
hu_g18,g18::chubby/fat,0.32,9,0.004,34.5,34.5,Conjunction Top-K,within_dataset
hu_g18,g18::clean/spotless,0.27,0,0.0,43.0,56.0,Conjunction Top-K,within_dataset
hu_g18,g18::cleanish/clean,0.55,1,0.03,16.0,14.0,Conjunction Top-K,within_dataset
hu_g18,g18::cold/freezing,0.49,2,0.006,19.0,26.0,Conjunction Top-K,within_dataset
hu_g18,g18::content/happy,0.22,3,0.11,50.0,6.0,Conjunction Top-K,within_dataset
hu_g18,g18::cool/cold,0.43,4,0.122,24.0,5.0,Conjunction Top-K,within_dataset
hu_g18,g18::damaged/broken,0.16,5,0.016,59.0,18.5,Conjunction Top-K,within_dataset
hu_g18,g18::damp/wet,0.3,6,0.004,38.5,34.5,Conjunction Top-K,within_dataset
hu_g18,g18::dark/black,0.37,7,0.016,29.5,18.5,Conjunction Top-K,within_dataset
hu_g18,g18::difficult/impossible,0.76,8,0.44,5.0,2.0,Conjunction Top-K,within_dataset
hu_g18,g18::dirty/filthy,0.14,9,0.0,61.5,56.0,Conjunction Top-K,within_dataset
hu_g18,g18::drunk/plastered,0.11,0,0.002,64.0,42.5,Conjunction Top-K,within_dataset
hu_g18,g18::dry/parched,0.22,1,0.0,50.0,56.0,Conjunction Top-K,within_dataset
hu_g18,g18::fat/obese,0.16,2,0.006,59.0,26.0,Conjunction Top-K,within_dataset
hu_g18,g18::faulty/non-functional,0.39,3,0.0,25.5,56.0,Conjunction Top-K,within_dataset
hu_g18,g18::funny/hilarious,0.27,4,0.004,43.0,34.5,Conjunction Top-K,within_dataset
hu_g18,g18::good/excellent,0.65,5,0.016,11.0,18.5,Conjunction Top-K,within_dataset
hu_g18,g18::good/perfect,0.58,6,0.016,14.5,18.5,Conjunction Top-K,within_dataset
hu_g18,g18::happy/delighted,0.19,7,0.006,54.0,26.0,Conjunction Top-K,within_dataset
hu_g18,g18::hard/unsolvable,0.52,8,0.006,17.0,26.0,Conjunction Top-K,within_dataset
hu_g18,g18::hot/scalding,0.35,9,0.0,31.0,56.0,Conjunction Top-K,within_dataset
hu_g18,g18::hungry/starving,0.38,0,0.0,27.5,56.0,Conjunction Top-K,within_dataset
hu_g18,g18::intelligent/brilliant,0.19,1,0.032,54.0,13.0,Conjunction Top-K,within_dataset
hu_g18,g18::large/gigantic,0.22,2,0.0,50.0,56.0,Conjunction Top-K,within_dataset
hu_g18,g18::light/white,0.27,3,0.028,43.0,15.0,Conjunction Top-K,within_dataset
hu_g18,g18::likely/certain,0.79,4,0.034,2.5,12.0,Conjunction Top-K,within_dataset
hu_g18,g18::loud/defeaning,0.34,5,0.0,32.0,56.0,Conjunction Top-K,within_dataset
hu_g18,g18::low/depleted,0.81,6,0.0,0.5,56.0,Conjunction Top-K,within_dataset
hu_g18,g18::mediocre/bad,0.7,7,0.446,9.5,1.0,Conjunction Top-K,within_dataset
hu_g18,g18::memorable/unforgettable,0.37,8,0.006,29.5,26.0,Conjunction Top-K,within_dataset
hu_g18,g18::old/ancient,0.32,9,0.002,34.5,42.5,Conjunction Top-K,within_dataset
hu_g18,g18::palatable/delicious,0.47,0,0.058,20.0,7.0,Conjunction Top-K,within_dataset
hu_g18,g18::poor/destitute,0.31,1,0.0,37.0,56.0,Conjunction Top-K,within_dataset
hu_g18,g18::possible/certain,0.58,2,0.024,14.5,16.0,Conjunction Top-K,within_dataset
hu_g18,g18::pretty/gorgeous,0.19,3,0.0,54.0,56.0,Conjunction Top-K,within_dataset
hu_g18,g18::quiet/inaudible,0.63,4,0.0,12.0,56.0,Conjunction Top-K,within_dataset
hu_g18,g18::rainy/pouring,0.29,5,0.004,40.5,34.5,Conjunction Top-K,within_dataset
hu_g18,g18::rare/extinct,0.74,6,0.0,7.0,56.0,Conjunction Top-K,within_dataset
hu_g18,g18::satifisfactory/impeccable,0.79,7,0.0,2.5,56.0,Conjunction Top-K,within_dataset
hu_g18,g18::scarce/unavailable,0.76,8,0.002,5.0,42.5,Conjunction Top-K,within_dataset
hu_g18,g18::scared/petrified,0.32,9,0.004,34.5,34.5,Conjunction Top-K,within_dataset
hu_g18,g18::sickish/sick,0.25,0,0.01,45.5,22.0,Conjunction Top-K,within_dataset
hu_g18,g18::silly/idiotic,0.32,1,0.0,34.5,56.0,Conjunction Top-K,within_dataset
hu_g18,g18::silly/ridiculous,0.39,2,0.004,25.5,34.5,Conjunction Top-K,within_dataset
hu_g18,g18::sleepy/asleep,0.81,3,0.002,0.5,42.5,Conjunction Top-K,within_dataset
hu_g18,g18::small/tiny,0.24,4,0.002,47.5,42.5,Conjunction Top-K,within_dataset
hu_g18,g18::snug/tight,0.18,5,0.014,56.0,21.0,Conjunction Top-K,within_dataset
hu_g18,g18::special/unique,0.17,6,0.056,57.0,8.0,Conjunction Top-K,within_dataset
hu_g18,g18::tasty/delicious,0.16,7,0.038,59.0,10.0,Conjunction Top-K,within_dataset
hu_g18,g18::thin/skinny,0.11,8,0.0,64.0,56.0,Conjunction Top-K,within_dataset
hu_g18,g18::tipsy/drunk,0.38,9,0.004,27.5,34.5,Conjunction Top-K,within_dataset
hu_g18,g18::tired/exhausted,0.3,0,0.004,38.5,34.5,Conjunction Top-K,within_dataset
hu_g18,g18::ugly/hideous,0.21,1,0.0,52.0,56.0,Conjunction Top-K,within_dataset
hu_g18,g18::unhappy/miserable,0.29,2,0.004,40.5,34.5,Conjunction Top-K,within_dataset
hu_g18,g18::unsettling/horrific,0.62,3,0.006,13.0,26.0,Conjunction Top-K,within_dataset
hu_g18,g18::warm/hot,0.7,4,0.134,9.5,4.0,Conjunction Top-K,within_dataset
hu_g18,g18::wary/scared,0.45,5,0.006,22.0,26.0,Conjunction Top-K,within_dataset
hu_g18,g18::wet/soaked,0.24,6,0.0,47.5,56.0,Conjunction Top-K,within_dataset
hu_g18,g18::adequate/good,0.44,0,0.794,23.0,0.0,Conjunction Top-p,within_dataset
hu_g18,g18::ajar/open,0.11,1,0.1,64.0,6.0,Conjunction Top-p,within_dataset
hu_g18,g18::allowed/obligatory,0.73,2,0.0,8.0,56.0,Conjunction Top-p,within_dataset
hu_g18,g18::annoyed/angry,0.51,3,0.028,18.0,14.0,Conjunction Top-p,within_dataset
hu_g18,g18::attractive/stunning,0.08,4,0.002,66.0,43.0,Conjunction Top-p,within_dataset
hu_g18,g18::bent/twisted,0.46,5,0.0,21.0,56.0,Conjunction Top-p,within_dataset
hu_g18,g18::big/enormous,0.14,6,0.004,61.5,36.5,Conjunction Top-p,within_dataset
hu_g18,g18::calm/unflappable,0.25,7,0.0,45.5,56.0,Conjunction Top-p,within_dataset
hu_g18,g18::cheap/free,0.76,8,0.26,5.0,3.0,Conjunction Top-p,within_dataset
hu_g18,g18::chubby/fat,0.32,9,0.004,34.5,36.5,Conjunction Top-p,within_dataset
hu_g18,g18::clean/spotless,0.27,0,0.0,43.0,56.0,Conjunction Top-p,within_dataset
hu_g18,g18::cleanish/clean,0.55,1,0.05,16.0,11.0,Conjunction Top-p,within_dataset
hu_g18,g18::cold/freezing,0.49,2,0.01,19.0,23.0,Conjunction Top-p,within_dataset
hu_g18,g18::content/happy,0.22,3,0.096,50.0,7.0,Conjunction Top-p,within_dataset
hu_g18,g18::cool/cold,0.43,4,0.196,24.0,4.0,Conjunction Top-p,within_dataset
hu_g18,g18::damaged/broken,0.16,5,0.022,59.0,18.0,Conjunction Top-p,within_dataset
hu_g18,g18::damp/wet,0.3,6,0.008,38.5,25.5,Conjunction Top-p,within_dataset
hu_g18,g18::dark/black,0.37,7,0.016,29.5,20.0,Conjunction Top-p,within_dataset
hu_g18,g18::difficult/impossible,0.76,8,0.57,5.0,2.0,Conjunction Top-p,within_dataset
hu_g18,g18::dirty/filthy,0.14,9,0.0,61.5,56.0,Conjunction Top-p,within_dataset
hu_g18,g18::drunk/plastered,0.11,0,0.0,64.0,56.0,Conjunction Top-p,within_dataset
hu_g18,g18::dry/parched,0.22,1,0.002,50.0,43.0,Conjunction Top-p,within_dataset
hu_g18,g18::fat/obese,0.16,2,0.006,59.0,29.5,Conjunction Top-p,within_dataset
hu_g18,g18::faulty/non-functional,0.39,3,0.0,25.5,56.0,Conjunction Top-p,within_dataset
hu_g18,g18::funny/hilarious,0.27,4,0.004,43.0,36.5,Conjunction Top-p,within_dataset
hu_g18,g18::good/excellent,0.65,5,0.016,11.0,20.0,Conjunction Top-p,within_dataset
hu_g18,g18::good/perfect,0.58,6,0.016,14.5,20.0,Conjunction Top-p,within_dataset
hu_g18,g18::happy/delighted,0.19,7,0.006,54.0,29.5,Conjunction Top-p,within_dataset
hu_g18,g18::hard/unsolvable,0.52,8,0.006,17.0,29.5,Conjunction Top-p,within_dataset
hu_g18,g18::hot/scalding,0.35,9,0.0,31.0,56.0,Conjunction Top-p,within_dataset
hu_g18,g18::hungry/starving,0.38,0,0.0,27.5,56.0,Conjunction Top-p,within_dataset
hu_g18,g18::intelligent/brilliant,0.19,1,0.024,54.0,16.5,Conjunction Top-p,within_dataset
hu_g18,g18::large/gigantic,0.22,2,0.0,50.0,56.0,Conjunction Top-p,within_dataset
hu_g18,g18::light/white,0.27,3,0.032,43.0,13.0,Conjunction Top-p,within_dataset
hu_g18,g18::likely/certain,0.79,4,0.056,2.5,10.0,Conjunction Top-p,within_dataset
hu_g18,g18::loud/defeaning,0.34,5,0.0,32.0,56.0,Conjunction Top-p,within_dataset
hu_g18,g18::low/depleted,0.81,6,0.0,0.5,56.0,Conjunction Top-p,within_dataset
hu_g18,g18::mediocre/bad,0.7,7,0.646,9.5,1.0,Conjunction Top-p,within_dataset
hu_g18,g18::memorable/unforgettable,0.37,8,0.01,29.5,23.0,Conjunction Top-p,within_dataset
hu_g18,g18::old/ancient,0.32,9,0.002,34.5,43.0,Conjunction Top-p,within_dataset
hu_g18,g18::palatable/delicious,0.47,0,0.092,20.0,9.0,Conjunction Top-p,within_dataset
hu_g18,g18::poor/destitute,0.31,1,0.0,37.0,56.0,Conjunction Top-p,within_dataset
hu_g18,g18::possible/certain,0.58,2,0.024,14.5,16.5,Conjunction Top-p,within_dataset
hu_g18,g18::pretty/gorgeous,0.19,3,0.0,54.0,56.0,Conjunction Top-p,within_dataset
hu_g18,g18::quiet/inaudible,0.63,4,0.0,12.0,56.0,Conjunction Top-p,within_dataset
hu_g18,g18::rainy/pouring,0.29,5,0.004,40.5,36.5,Conjunction Top-p,within_dataset
hu_g18,g18::rare/extinct,0.74,6,0.0,7.0,56.0,Conjunction Top-p,within_dataset
hu_g18,g18::satifisfactory/impeccable,0.79,7,0.0,2.5,56.0,Conjunction Top-p,within_dataset
hu_g18,g18::scarce/unavailable,0.76,8,0.004,5.0,36.5,Conjunction Top-p,within_dataset
hu_g18,g18::scared/petrified,0.32,9,0.002,34.5,43.0,Conjunction Top-p,within_dataset
hu_g18,g18::sickish/sick,0.25,0,0.008,45.5,25.5,Conjunction Top-p,within_dataset
hu_g18,g18::silly/idiotic,0.32,1,0.0,34.5,56.0,Conjunction Top-p,within_dataset
hu_g18,g18::silly/ridiculous,0.39,2,0.01,25.5,23.0,Conjunction Top-p,within_dataset
hu_g18,g18::sleepy/asleep,0.81,3,0.002,0.5,43.0,Conjunction Top-p,within_dataset
hu_g18,g18::small/tiny,0.24,4,0.006,47.5,29.5,Conjunction Top-p,within_dataset
hu_g18,g18::snug/tight,0.18,5,0.026,56.0,15.0,Conjunction Top-p,within_dataset
hu_g18,g18::special/unique,0.17,6,0.094,57.0,8.0,Conjunction Top-p,within_dataset
hu_g18,g18::tasty/delicious,0.16,7,0.04,59.0,12.0,Conjunction Top-p,within_dataset
hu_g18,g18::thin/skinny,0.11,8,0.0,64.0,56.0,Conjunction Top-p,within_dataset
hu_g18,g18::tipsy/drunk,0.38,9,0.004,27.5,36.5,Conjunction Top-p,within_dataset
hu_g18,g18::tired/exhausted,0.3,0,0.004,38.5,36.5,Conjunction Top-p,within_dataset
hu_g18,g18::ugly/hideous,0.21,1,0.0,52.0,56.0,Conjunction Top-p,within_dataset
hu_g18,g18::unhappy/miserable,0.29,2,0.004,40.5,36.5,Conjunction Top-p,within_dataset
hu_g18,g18::unsettling/horrific,0.62,3,0.006,13.0,29.5,Conjunction Top-p,within_dataset
hu_g18,g18::warm/hot,0.7,4,0.194,9.5,5.0,Conjunction Top-p,within_dataset
hu_g18,g18::wary/scared,0.45,5,0.006,22.0,29.5,Conjunction Top-p,within_dataset
hu_g18,g18::wet/soaked,0.24,6,0.0,47.5,56.0,Conjunction Top-p,within_dataset
hu_g18,g18::adequate/good,0.44,0,0.996,23.0,5.5,Disjunction Top-K,within_dataset
hu_g18,g18::ajar/open,0.11,1,1.0,64.0,2.0,Disjunction Top-K,within_dataset
hu_g18,g18::allowed/obligatory,0.73,2,0.046,8.0,45.5,Disjunction Top-K,within_dataset
hu_g18,g18::annoyed/angry,0.51,3,0.966,18.0,9.0,Disjunction Top-K,within_dataset
hu_g18,g18::attractive/stunning,0.08,4,0.05,66.0,44.0,Disjunction Top-K,within_dataset
hu_g18,g18::bent/twisted,0.46,5,0.334,21.0,29.0,Disjunction Top-K,within_dataset
hu_g18,g18::big/enormous,0.14,6,0.034,61.5,49.0,Disjunction Top-K,within_dataset
hu_g18,g18::calm/unflappable,0.25,7,0.158,45.5,36.0,Disjunction Top-K,within_dataset
hu_g18,g18::cheap/free,0.76,8,0.974,5.0,8.0,Disjunction Top-K,within_dataset
hu_g18,g18::chubby/fat,0.32,9,0.988,34.5,7.0,Disjunction Top-K,within_dataset
hu_g18,g18::clean/spotless,0.27,0,0.0,43.0,64.0,Disjunction Top-K,within_dataset
hu_g18,g18::cleanish/clean,0.55,1,1.0,16.0,2.0,Disjunction Top-K,within_dataset
hu_g18,g18::cold/freezing,0.49,2,0.06,19.0,42.0,Disjunction Top-K,within_dataset
hu_g18,g18::content/happy,0.22,3,0.904,50.0,12.5,Disjunction Top-K,within_dataset
hu_g18,g18::cool/cold,0.43,4,0.82,24.0,18.0,Disjunction Top-K,within_dataset
hu_g18,g18::damaged/broken,0.16,5,0.904,59.0,12.5,Disjunction Top-K,within_dataset
hu_g18,g18::damp/wet,0.3,6,0.896,38.5,14.0,Disjunction Top-K,within_dataset
hu_g18,g18::dark/black,0.37,7,0.654,29.5,23.0,Disjunction Top-K,within_dataset
hu_g18,g18::difficult/impossible,0.76,8,0.752,5.0,19.0,Disjunction Top-K,within_dataset
hu_g18,g18::dirty/filthy,0.14,9,0.012,61.5,57.5,Disjunction Top-K,within_dataset
hu_g18,g18::drunk/plastered,0.11,0,0.052,64.0,43.0,Disjunction Top-K,within_dataset
hu_g18,g18::dry/parched,0.22,1,0.004,50.0,59.5,Disjunction Top-K,within_dataset
hu_g18,g18::fat/obese,0.16,2,0.668,59.0,21.5,Disjunction Top-K,within_dataset
hu_g18,g18::faulty/non-functional,0.39,3,0.03,25.5,50.5,Disjunction Top-K,within_dataset
hu_g18,g18::funny/hilarious,0.27,4,0.044,43.0,47.0,Disjunction Top-K,within_dataset
hu_g18,g18::good/excellent,0.65,5,0.022,11.0,53.5,Disjunction Top-K,within_dataset
hu_g18,g18::good/perfect,0.58,6,0.024,14.5,52.0,Disjunction Top-K,within_dataset
hu_g18,g18::happy/delighted,0.19,7,0.046,54.0,45.5,Disjunction Top-K,within_dataset
hu_g18,g18::hard/unsolvable,0.52,8,0.012,17.0,57.5,Disjunction Top-K,within_dataset
hu_g18,g18::hot/scalding,0.35,9,0.0,31.0,64.0,Disjunction Top-K,within_dataset
hu_g18,g18::hungry/starving,0.38,0,0.022,27.5,53.5,Disjunction Top-K,within_dataset
hu_g18,g18::intelligent/brilliant,0.19,1,0.668,54.0,21.5,Disjunction Top-K,within_dataset
hu_g18,g18::large/gigantic,0.22,2,0.0,50.0,64.0,Disjunction Top-K,within_dataset
hu_g18,g18::light/white,0.27,3,0.466,43.0,27.0,Disjunction Top-K,within_dataset
hu_g18,g18::likely/certain,0.79,4,0.31,2.5,31.0,Disjunction Top-K,within_dataset
hu_g18,g18::loud/defeaning,0.34,5,0.0,32.0,64.0,Disjunction Top-K,within_dataset
hu_g18,g18::low/depleted,0.81,6,0.002,0.5,61.0,Disjunction Top-K,within_dataset
hu_g18,g18::mediocre/bad,0.7,7,1.0,9.5,2.0,Disjunction Top-K,within_dataset
hu_g18,g18::memorable/unforgettable,0.37,8,0.294,29.5,33.0,Disjunction Top-K,within_dataset
hu_g18,g18::old/ancient,0.32,9,0.082,34.5,40.0,Disjunction Top-K,within_dataset
hu_g18,g18::palatable/delicious,0.47,0,1.0,20.0,2.0,Disjunction Top-K,within_dataset
hu_g18,g18::poor/destitute,0.31,1,0.102,37.0,38.0,Disjunction Top-K,within_dataset
hu_g18,g18::possible/certain,0.58,2,0.04,14.5,48.0,Disjunction Top-K,within_dataset
hu_g18,g18::pretty/gorgeous,0.19,3,0.014,54.0,56.0,Disjunction Top-K,within_dataset
hu_g18,g18::quiet/inaudible,0.63,4,0.004,12.0,59.5,Disjunction Top-K,within_dataset
hu_g18,g18::rainy/pouring,0.29,5,0.258,40.5,34.0,Disjunction Top-K,within_dataset
hu_g18,g18::rare/extinct,0.74,6,0.0,7.0,64.0,Disjunction Top-K,within_dataset
hu_g18,g18::satifisfactory/impeccable,0.79,7,0.996,2.5,5.5,Disjunction Top-K,within_dataset
hu_g18,g18::scarce/unavailable,0.76,8,0.538,5.0,25.5,Disjunction Top-K,within_dataset
hu_g18,g18::scared/petrified,0.32,9,0.67,34.5,20.0,Disjunction Top-K,within_dataset
hu_g18,g18::sickish/sick,0.25,0,1.0,45.5,2.0,Disjunction Top-K,within_dataset
hu_g18,g18::silly/idiotic,0.32,1,0.152,34.5,37.0,Disjunction Top-K,within_dataset
hu_g18,g18::silly/ridiculous,0.39,2,0.242,25.5,35.0,Disjunction Top-K,within_dataset
hu_g18,g18::sleepy/asleep,0.81,3,0.432,0.5,28.0,Disjunction Top-K,within_dataset
hu_g18,g18::small/tiny,0.24,4,0.03,47.5,50.5,Disjunction Top-K,within_dataset
hu_g18,g18::snug/tight,0.18,5,0.958,56.0,11.0,Disjunction Top-K,within_dataset
hu_g18,g18::special/unique,0.17,6,0.634,57.0,24.0,Disjunction Top-K,within_dataset
hu_g18,g18::tasty/delicious,0.16,7,0.884,59.0,15.0,Disjunction Top-K,within_dataset
hu_g18,g18::thin/skinny,0.11,8,0.308,64.0,32.0,Disjunction Top-K,within_dataset
hu_g18,g18::tipsy/drunk,0.38,9,0.838,27.5,17.0,Disjunction Top-K,within_dataset
hu_g18,g18::tired/exhausted,0.3,0,0.086,38.5,39.0,Disjunction Top-K,within_dataset
hu_g18,g18::ugly/hideous,0.21,1,0.068,52.0,41.0,Disjunction Top-K,within_dataset
hu_g18,g18::unhappy/miserable,0.29,2,0.312,40.5,30.0,Disjunction Top-K,within_dataset
hu_g18,g18::unsettling/horrific,0.62,3,0.96,13.0,10.0,Disjunction Top-K,within_dataset
hu_g18,g18::warm/hot,0.7,4,0.538,9.5,25.5,Disjunction Top-K,within_dataset
hu_g18,g18::wary/scared,0.45,5,0.866,22.0,16.0,Disjunction Top-K,within_dataset
hu_g18,g18::wet/soaked,0.24,6,0.02,47.5,55.0,Disjunction Top-K,within_dataset
hu_g18,g18::adequate/good,0.44,0,0.996,23.0,5.5,Disjunction Top-p,within_dataset
hu_g18,g18::ajar/open,0.11,1,1.0,64.0,2.0,Disjunction Top-p,within_dataset
hu_g18,g18::allowed/obligatory,0.73,2,0.046,8.0,46.5,Disjunction Top-p,within_dataset
hu_g18,g18::annoyed/angry,0.51,3,0.966,18.0,9.0,Disjunction Top-p,within_dataset
hu_g18,g18::attractive/stunning,0.08,4,0.05,66.0,45.0,Disjunction Top-p,within_dataset
hu_g18,g18::bent/twisted,0.46,5,0.334,21.0,29.0,Disjunction Top-p,within_dataset
hu_g18,g18::big/enormous,0.14,6,0.034,61.5,49.5,Disjunction Top-p,within_dataset
hu_g18,g18::calm/unflappable,0.25,7,0.158,45.5,36.0,Disjunction Top-p,within_dataset
hu_g18,g18::cheap/free,0.76,8,0.974,5.0,8.0,Disjunction Top-p,within_dataset
hu_g18,g18::chubby/fat,0.32,9,0.988,34.5,7.0,Disjunction Top-p,within_dataset
hu_g18,g18::clean/spotless,0.27,0,0.0,43.0,64.0,Disjunction Top-p,within_dataset
hu_g18,g18::cleanish/clean,0.55,1,1.0,16.0,2.0,Disjunction Top-p,within_dataset
hu_g18,g18::cold/freezing,0.49,2,0.06,19.0,43.0,Disjunction Top-p,within_dataset
hu_g18,g18::content/happy,0.22,3,0.904,50.0,12.5,Disjunction Top-p,within_dataset
hu_g18,g18::cool/cold,0.43,4,0.824,24.0,18.0,Disjunction Top-p,within_dataset
hu_g18,g18::damaged/broken,0.16,5,0.904,59.0,12.5,Disjunction Top-p,within_dataset
hu_g18,g18::damp/wet,0.3,6,0.896,38.5,14.0,Disjunction Top-p,within_dataset
hu_g18,g18::dark/black,0.37,7,0.654,29.5,23.0,Disjunction Top-p,within_dataset
hu_g18,g18::difficult/impossible,0.76,8,0.806,5.0,19.0,Disjunction Top-p,within_dataset
hu_g18,g18::dirty/filthy,0.14,9,0.012,61.5,58.0,Disjunction Top-p,within_dataset
hu_g18,g18::drunk/plastered,0.11,0,0.052,64.0,44.0,Disjunction Top-p,within_dataset
hu_g18,g18::dry/parched,0.22,1,0.004,50.0,59.5,Disjunction Top-p,within_dataset
hu_g18,g18::fat/obese,0.16,2,0.668,59.0,21.5,Disjunction Top-p,within_dataset
hu_g18,g18::faulty/non-functional,0.39,3,0.03,25.5,52.0,Disjunction Top-p,within_dataset
hu_g18,g18::funny/hilarious,0.27,4,0.044,43.0,48.0,Disjunction Top-p,within_dataset
hu_g18,g18::good/excellent,0.65,5,0.03,11.0,52.0,Disjunction Top-p,within_dataset
hu_g18,g18::good/perfect,0.58,6,0.034,14.5,49.5,Disjunction Top-p,within_dataset
hu_g18,g18::happy/delighted,0.19,7,0.046,54.0,46.5,Disjunction Top-p,within_dataset
hu_g18,g18::hard/unsolvable,0.52,8,0.014,17.0,56.5,Disjunction Top-p,within_dataset
hu_g18,g18::hot/scalding,0.35,9,0.0,31.0,64.0,Disjunction Top-p,within_dataset
hu_g18,g18::hungry/starving,0.38,0,0.022,27.5,54.0,Disjunction Top-p,within_dataset
hu_g18,g18::intelligent/brilliant,0.19,1,0.668,54.0,21.5,Disjunction Top-p,within_dataset
hu_g18,g18::large/gigantic,0.22,2,0.0,50.0,64.0,Disjunction Top-p,within_dataset
hu_g18,g18::light/white,0.27,3,0.466,43.0,27.0,Disjunction Top-p,within_dataset
hu_g18,g18::likely/certain,0.79,4,0.312,2.5,30.5,Disjunction Top-p,within_dataset
hu_g18,g18::loud/defeaning,0.34,5,0.0,32.0,64.0,Disjunction Top-p,within_dataset
hu_g18,g18::low/depleted,0.81,6,0.002,0.5,61.0,Disjunction Top-p,within_dataset
hu_g18,g18::mediocre/bad,0.7,7,1.0,9.5,2.0,Disjunction Top-p,within_dataset
hu_g18,g18::memorable/unforgettable,0.37,8,0.294,29.5,33.0,Disjunction Top-p,within_dataset
hu_g18,g18::old/ancient,0.32,9,0.082,34.5,40.0,Disjunction Top-p,within_dataset
hu_g18,g18::palatable/delicious,0.47,0,1.0,20.0,2.0,Disjunction Top-p,within_dataset
hu_g18,g18::poor/destitute,0.31,1,0.102,37.0,38.0,Disjunction Top-p,within_dataset
hu_g18,g18::possible/certain,0.58,2,0.064,14.5,42.0,Disjunction Top-p,within_dataset
hu_g18,g18::pretty/gorgeous,0.19,3,0.014,54.0,56.5,Disjunction Top-p,within_dataset
hu_g18,g18::quiet/inaudible,0.63,4,0.004,12.0,59.5,Disjunction Top-p,within_dataset
hu_g18,g18::rainy/pouring,0.29,5,0.258,40.5,34.0,Disjunction Top-p,within_dataset
hu_g18,g18::rare/extinct,0.74,6,0.0,7.0,64.0,Disjunction Top-p,within_dataset
hu_g18,g18::satifisfactory/impeccable,0.79,7,0.996,2.5,5.5,Disjunction Top-p,within_dataset
hu_g18,g18::scarce/unavailable,0.76,8,0.538,5.0,26.0,Disjunction Top-p,within_dataset
hu_g18,g18::scared/petrified,0.32,9,0.67,34.5,20.0,Disjunction Top-p,within_dataset
hu_g18,g18::sickish/sick,0.25,0,1.0,45.5,2.0,Disjunction Top-p,within_dataset
hu_g18,g18::silly/idiotic,0.32,1,0.152,34.5,37.0,Disjunction Top-p,within_dataset
hu_g18,g18::silly/ridiculous,0.39,2,0.242,25.5,35.0,Disjunction Top-p,within_dataset
hu_g18,g18::sleepy/asleep,0.81,3,0.432,0.5,28.0,Disjunction Top-p,within_dataset
hu_g18,g18::small/tiny,0.24,4,0.03,47.5,52.0,Disjunction Top-p,within_dataset
hu_g18,g18::snug/tight,0.18,5,0.958,56.0,11.0,Disjunction Top-p,within_dataset
hu_g18,g18::special/unique,0.17,6,0.636,57.0,24.0,Disjunction Top-p,within_dataset
hu_g18,g18::tasty/delicious,0.16,7,0.884,59.0,15.0,Disjunction Top-p,within_dataset
hu_g18,g18::thin/skinny,0.11,8,0.308,64.0,32.0,Disjunction Top-p,within_dataset
hu_g18,g18::tipsy/drunk,0.38,9,0.838,27.5,17.0,Disjunction Top-p,within_dataset
hu_g18,g18::tired/exhausted,0.3,0,0.086,38.5,39.0,Disjunction Top-p,within_dataset
hu_g18,g18::ugly/hideous,0.21,1,0.068,52.0,41.0,Disjunction Top-p,within_dataset
hu_g18,g18::unhappy/miserable,0.29,2,0.312,40.5,30.5,Disjunction Top-p,within_dataset
hu_g18,g18::unsettling/horrific,0.62,3,0.96,13.0,10.0,Disjunction Top-p,within_dataset
hu_g18,g18::warm/hot,0.7,4,0.556,9.5,25.0,Disjunction Top-p,within_dataset
hu_g18,g18::wary/scared,0.45,5,0.866,22.0,16.0,Disjunction Top-p,within_dataset
hu_g18,g18::wet/soaked,0.24,6,0.02,47.5,55.0,Disjunction Top-p,within_dataset
hu_pvt21,pvt21::amazing/miraculous,0.363636364,0,2.4977500124323535e-05,17.0,40.0,No linking structure,within_dataset
hu_pvt21,pvt21::angry/violent,0.176470588,1,3.979005040416799e-06,36.0,46.0,No linking structure,within_dataset
hu_pvt21,pvt21::big/huge,0.210526316,2,0.00013409735341409583,31.0,28.0,No linking structure,within_dataset
hu_pvt21,pvt21::bizarre/surreal,0.260869565,3,3.193565160238537e-05,23.0,37.0,No linking structure,within_dataset
hu_pvt21,pvt21::bright/brilliant,0.125,4,0.00014413050092695513,43.0,27.0,No linking structure,within_dataset
hu_pvt21,pvt21::busy/full,0.2,5,0.03432223678676804,33.5,2.0,No linking structure,within_dataset
hu_pvt21,pvt21::calm/meditative,0.057142857,6,9.147948516102659e-06,49.0,43.0,No linking structure,within_dataset
hu_pvt21,pvt21::casual/sloppy,0.517241379,7,8.894700404614404e-05,8.0,30.0,No linking structure,within_dataset
hu_pvt21,pvt21::cold/frosty,0.235294118,8,0.0004646838657163145,27.0,20.0,No linking structure,within_dataset
hu_pvt21,pvt21::comfortable/luxurious,0.5,9,0.003670938560999764,11.0,8.0,No linking structure,within_dataset
hu_pvt21,pvt21::cool/cold,0.357142857,0,0.10955981343438863,18.0,0.0,No linking structure,within_dataset
hu_pvt21,pvt21::cute/beautiful,0.135135135,1,0.0010086983097223022,40.0,16.0,No linking structure,within_dataset
hu_pvt21,pvt21::damp/wet,0.111111111,2,0.01411070792561794,44.0,4.0,No linking structure,within_dataset
hu_pvt21,pvt21::dark/black,0.227272727,3,0.010100055431195132,30.0,5.0,No linking structure,within_dataset
hu_pvt21,pvt21::decent/great,0.5,4,0.001802344547996893,11.0,13.0,No linking structure,within_dataset
hu_pvt21,pvt21::dry/arid,0.137254902,5,0.003918135188156811,38.0,6.0,No linking structure,within_dataset
hu_pvt21,pvt21::elegant/ostentatious,0.552631579,6,4.217822450378626e-05,7.0,36.0,No linking structure,within_dataset
hu_pvt21,pvt21::emotional/sentimental,0.058823529,7,1.5661727579593558e-06,48.0,48.0,No linking structure,within_dataset
hu_pvt21,pvt21::enjoyable/great,0.135135135,8,0.0006426408365489032,40.0,19.0,No linking structure,within_dataset
hu_pvt21,pvt21::evil/satanic,0.25,9,3.032054286214665e-05,24.5,38.0,No linking structure,within_dataset
hu_pvt21,pvt21::fat/obese,0.107142857,0,5.263953251106525e-05,45.0,34.0,No linking structure,within_dataset
hu_pvt21,pvt21::funny/hilarious,0.229166667,1,0.00038926835694032616,29.0,23.0,No linking structure,within_dataset
hu_pvt21,pvt21::grey/black,0.934782609,2,0.00045444310409447356,0.0,21.0,No linking structure,within_dataset
hu_pvt21,pvt21::happy/ecstatic,0.243243243,3,0.0018535293155515623,26.0,12.0,No linking structure,within_dataset
hu_pvt21,pvt21::honest/blunt,0.191489362,4,6.32069368939468e-06,35.0,44.0,No linking structure,within_dataset
hu_pvt21,pvt21::hot/boiling,0.553191489,5,0.002861328777991111,6.0,9.0,No linking structure,within_dataset
hu_pvt21,pvt21::mysterious/magical,0.511111111,6,2.3058679697319578e-05,9.0,41.0,No linking structure,within_dataset
hu_pvt21,pvt21::nice/great,0.205128205,7,0.03126198998614631,32.0,3.0,No linking structure,within_dataset
hu_pvt21,pvt21::odd/bizarre,0.2,8,1.6397665480260862e-05,33.5,42.0,No linking structure,within_dataset
hu_pvt21,pvt21::okay/great,0.717948718,9,0.0024363753360818006,4.0,11.0,No linking structure,within_dataset
hu_pvt21,pvt21::painful/deadly,0.76744186,0,0.001135308467661181,3.0,15.0,No linking structure,within_dataset
hu_pvt21,pvt21::pale/white,0.486486486,1,0.0007658689306176238,13.0,18.0,No linking structure,within_dataset
hu_pvt21,pvt21::polite/friendly,0.166666667,2,0.10782776876666017,37.0,1.0,No linking structure,within_dataset
hu_pvt21,pvt21::pretty/beautiful,0.097560976,3,0.001517558385179709,46.0,14.0,No linking structure,within_dataset
hu_pvt21,pvt21::quiet/silent,0.378378378,4,0.0003610038575660651,16.0,24.0,No linking structure,within_dataset
hu_pvt21,pvt21::red/scarlet,0.23255814,5,0.00045378032739839917,28.0,22.0,No linking structure,within_dataset
hu_pvt21,pvt21::rough/unfriendly,0.5,6,6.174263201297845e-06,11.0,45.0,No linking structure,within_dataset
hu_pvt21,pvt21::sad/tragic,0.261904762,7,0.0008812928686957922,22.0,17.0,No linking structure,within_dataset
hu_pvt21,pvt21::smart/brilliant,0.068965517,8,4.585827258306332e-05,47.0,35.0,No linking structure,within_dataset
hu_pvt21,pvt21::soft/mushy,0.3125,9,0.0003062390994399659,21.0,25.0,No linking structure,within_dataset
hu_pvt21,pvt21::thick/impenetrable,0.431372549,0,8.945252520125901e-05,14.0,29.0,No linking structure,within_dataset
hu_pvt21,pvt21::thin/invisible,0.902439024,1,6.805613691785481e-05,1.0,33.0,No linking structure,within_dataset
hu_pvt21,pvt21::tiny/imperceptible,0.558823529,2,1.098251531762106e-06,5.0,49.0,No linking structure,within_dataset
hu_pvt21,pvt21::tough/impossible,0.870967742,3,7.848632328598309e-05,2.0,31.0,No linking structure,within_dataset
hu_pvt21,pvt21::uncomfortable/painful,0.25,4,0.00022345094252169232,24.5,26.0,No linking structure,within_dataset
hu_pvt21,pvt21::warm/hot,0.380952381,5,0.002740295070607861,15.0,10.0,No linking structure,within_dataset
hu_pvt21,pvt21::weird/alien,0.130434783,6,2.656439502379587e-06,42.0,47.0,No linking structure,within_dataset
hu_pvt21,pvt21::wet/sopping,0.325,7,7.063317816638166e-05,20.0,32.0,No linking structure,within_dataset
hu_pvt21,pvt21::wonderful/perfect,0.135135135,8,0.003857023832398252,40.0,7.0,No linking structure,within_dataset
hu_pvt21,pvt21::wrong/evil,0.327586207,9,2.5602594889234952e-05,19.0,39.0,No linking structure,within_dataset
hu_pvt21,pvt21::amazing/miraculous,0.363636364,0,0.004325371130116905,17.0,36.0,X but not Y,within_dataset
hu_pvt21,pvt21::angry/violent,0.176470588,1,0.004504525289386328,36.0,35.0,X but not Y,within_dataset
hu_pvt21,pvt21::big/huge,0.210526316,2,0.02906079209239431,31.0,24.0,X but not Y,within_dataset
hu_pvt21,pvt21::bizarre/surreal,0.260869565,3,0.000423921154011263,23.0,49.0,X but not Y,within_dataset
hu_pvt21,pvt21::bright/brilliant,0.125,4,0.0024298051962898903,43.0,40.0,X but not Y,within_dataset
hu_pvt21,pvt21::busy/full,0.2,5,0.07338246106104909,33.5,10.0,X but not Y,within_dataset
hu_pvt21,pvt21::calm/meditative,0.057142857,6,0.001283037157658846,49.0,44.0,X but not Y,within_dataset
hu_pvt21,pvt21::casual/sloppy,0.517241379,7,0.07277491350408463,8.0,11.0,X but not Y,within_dataset
hu_pvt21,pvt21::cold/frosty,0.235294118,8,0.001730283350707117,27.0,43.0,X but not Y,within_dataset
hu_pvt21,pvt21::comfortable/luxurious,0.5,9,0.3962820714164783,11.0,2.0,X but not Y,within_dataset
hu_pvt21,pvt21::cool/cold,0.357142857,0,0.46863433499806323,18.0,1.0,X but not Y,within_dataset
hu_pvt21,pvt21::cute/beautiful,0.135135135,1,0.018755847756863838,40.0,28.0,X but not Y,within_dataset
hu_pvt21,pvt21::damp/wet,0.111111111,2,0.23168977674281035,44.0,3.0,X but not Y,within_dataset
hu_pvt21,pvt21::dark/black,0.227272727,3,0.08744940683383455,30.0,7.0,X but not Y,within_dataset
hu_pvt21,pvt21::decent/great,0.5,4,0.0792960565938132,11.0,9.0,X but not Y,within_dataset
hu_pvt21,pvt21::dry/arid,0.137254902,5,0.07992105421628709,38.0,8.0,X but not Y,within_dataset
hu_pvt21,pvt21::elegant/ostentatious,0.552631579,6,0.049334719521785544,7.0,14.0,X but not Y,within_dataset
hu_pvt21,pvt21::emotional/sentimental,0.058823529,7,0.0341988621387017,48.0,21.0,X but not Y,within_dataset
hu_pvt21,pvt21::enjoyable/great,0.135135135,8,0.038630593189018604,40.0,19.0,X but not Y,within_dataset
hu_pvt21,pvt21::evil/satanic,0.25,9,0.005779603082582441,24.5,33.0,X but not Y,within_dataset
hu_pvt21,pvt21::fat/obese,0.107142857,0,0.05837390305921813,45.0,13.0,X but not Y,within_dataset
hu_pvt21,pvt21::funny/hilarious,0.229166667,1,0.0010658550605862223,29.0,46.0,X but not Y,within_dataset
hu_pvt21,pvt21::grey/black,0.934782609,2,0.01754265548791297,0.0,29.0,X but not Y,within_dataset
hu_pvt21,pvt21::happy/ecstatic,0.243243243,3,0.030030663044541977,26.0,23.0,X but not Y,within_dataset
hu_pvt21,pvt21::honest/blunt,0.191489362,4,0.0004880421812435641,35.0,48.0,X but not Y,within_dataset
hu_pvt21,pvt21::hot/boiling,0.553191489,5,0.04736259644716752,6.0,15.0,X but not Y,within_dataset
hu_pvt21,pvt21::mysterious/magical,0.511111111,6,0.003585299529696339,9.0,38.0,X but not Y,within_dataset
hu_pvt21,pvt21::nice/great,0.205128205,7,0.04579868461608412,32.0,16.0,X but not Y,within_dataset
hu_pvt21,pvt21::odd/bizarre,0.2,8,0.0007867284971194339,33.5,47.0,X but not Y,within_dataset
hu_pvt21,pvt21::okay/great,0.717948718,9,0.13692283565857,4.0,5.0,X but not Y,within_dataset
hu_pvt21,pvt21::painful/deadly,0.76744186,0,0.04216109589218493,3.0,17.0,X but not Y,within_dataset
hu_pvt21,pvt21::pale/white,0.486486486,1,0.04082073947505365,13.0,18.0,X but not Y,within_dataset
hu_pvt21,pvt21::polite/friendly,0.166666667,2,0.07020971433742161,37.0,12.0,X but not Y,within_dataset
hu_pvt21,pvt21::pretty/beautiful,0.097560976,3,0.012106036628022742,46.0,31.0,X but not Y,within_dataset
hu_pvt21,pvt21::quiet/silent,0.378378378,4,0.020923495545942746,16.0,27.0,X but not Y,within_dataset
hu_pvt21,pvt21::red/scarlet,0.23255814,5,0.002058256940691166,28.0,42.0,X but not Y,within_dataset
hu_pvt21,pvt21::rough/unfriendly,0.5,6,0.0012273696584613547,11.0,45.0,X but not Y,within_dataset
hu_pvt21,pvt21::sad/tragic,0.261904762,7,0.022338256236113328,22.0,26.0,X but not Y,within_dataset
hu_pvt21,pvt21::smart/brilliant,0.068965517,8,0.013482559233478884,47.0,30.0,X but not Y,within_dataset
hu_pvt21,pvt21::soft/mushy,0.3125,9,0.0036873787655889957,21.0,37.0,X but not Y,within_dataset
hu_pvt21,pvt21::thick/impenetrable,0.431372549,0,0.16979615424593247,14.0,4.0,X but not Y,within_dataset
hu_pvt21,pvt21::thin/invisible,0.902439024,1,0.004930969684251795,1.0,34.0,X but not Y,within_dataset
hu_pvt21,pvt21::tiny/imperceptible,0.558823529,2,0.024079540177235806,5.0,25.0,X but not Y,within_dataset
hu_pvt21,pvt21::tough/impossible,0.870967742,3,0.09591770011062621,2.0,6.0,X but not Y,within_dataset
hu_pvt21,pvt21::uncomfortable/painful,0.25,4,0.010854860382290141,24.5,32.0,X but not Y,within_dataset
hu_pvt21,pvt21::warm/hot,0.380952381,5,0.5002354928340037,15.0,0.0,X but not Y,within_dataset
hu_pvt21,pvt21::weird/alien,0.130434783,6,0.002856137903142825,42.0,39.0,X but not Y,within_dataset
hu_pvt21,pvt21::wet/sopping,0.325,7,0.0024209855046105817,20.0,41.0,X but not Y,within_dataset
hu_pvt21,pvt21::wonderful/perfect,0.135135135,8,0.030992782295413163,40.0,22.0,X but not Y,within_dataset
hu_pvt21,pvt21::wrong/evil,0.327586207,9,0.03774772922932071,19.0,20.0,X but not Y,within_dataset
hu_pvt21,pvt21::amazing/miraculous,0.363636364,0,0.004,17.0,36.5,Set Top-K,within_dataset
hu_pvt21,pvt21::angry/violent,0.176470588,1,0.0,36.0,45.0,Set Top-K,within_dataset
hu_pvt21,pvt21::big/huge,0.210526316,2,0.058,31.0,19.0,Set Top-K,within_dataset
hu_pvt21,pvt21::bizarre/surreal,0.260869565,3,0.0,23.0,45.0,Set Top-K,within_dataset
hu_pvt21,pvt21::bright/brilliant,0.125,4,0.034,43.0,21.0,Set Top-K,within_dataset
hu_pvt21,pvt21::busy/full,0.2,5,0.946,33.5,2.0,Set Top-K,within_dataset
hu_pvt21,pvt21::calm/meditative,0.057142857,6,0.008,49.0,32.0,Set Top-K,within_dataset
hu_pvt21,pvt21::casual/sloppy,0.517241379,7,0.0,8.0,45.0,Set Top-K,within_dataset
hu_pvt21,pvt21::cold/frosty,0.235294118,8,0.016,27.0,27.5,Set Top-K,within_dataset
hu_pvt21,pvt21::comfortable/luxurious,0.5,9,0.312,11.0,8.0,Set Top-K,within_dataset
hu_pvt21,pvt21::cool/cold,0.357142857,0,1.0,18.0,0.0,Set Top-K,within_dataset
hu_pvt21,pvt21::cute/beautiful,0.135135135,1,0.096,40.0,11.0,Set Top-K,within_dataset
hu_pvt21,pvt21::damp/wet,0.111111111,2,0.294,44.0,9.0,Set Top-K,within_dataset
hu_pvt21,pvt21::dark/black,0.227272727,3,0.572,30.0,5.0,Set Top-K,within_dataset
hu_pvt21,pvt21::decent/great,0.5,4,0.234,11.0,10.0,Set Top-K,within_dataset
hu_pvt21,pvt21::dry/arid,0.137254902,5,0.046,38.0,20.0,Set Top-K,within_dataset
hu_pvt21,pvt21::elegant/ostentatious,0.552631579,6,0.0,7.0,45.0,Set Top-K,within_dataset
hu_pvt21,pvt21::emotional/sentimental,0.058823529,7,0.0,48.0,45.0,Set Top-K,within_dataset
hu_pvt21,pvt21::enjoyable/great,0.135135135,8,0.59,40.0,4.0,Set Top-K,within_dataset
hu_pvt21,pvt21::evil/satanic,0.25,9,0.01,24.5,30.0,Set Top-K,within_dataset
hu_pvt21,pvt21::fat/obese,0.107142857,0,0.02,45.0,26.0,Set Top-K,within_dataset
hu_pvt21,pvt21::funny/hilarious,0.229166667,1,0.002,29.0,39.5,Set Top-K,within_dataset
hu_pvt21,pvt21::grey/black,0.934782609,2,0.072,0.0,15.0,Set Top-K,within_dataset
hu_pvt21,pvt21::happy/ecstatic,0.243243243,3,0.0,26.0,45.0,Set Top-K,within_dataset
hu_pvt21,pvt21::honest/blunt,0.191489362,4,0.004,35.0,36.5,Set Top-K,within_dataset
hu_pvt21,pvt21::hot/boiling,0.553191489,5,0.01,6.0,30.0,Set Top-K,within_dataset
hu_pvt21,pvt21::mysterious/magical,0.511111111,6,0.006,9.0,33.5,Set Top-K,within_dataset
hu_pvt21,pvt21::nice/great,0.205128205,7,0.798,32.0,3.0,Set Top-K,within_dataset
hu_pvt21,pvt21::odd/bizarre,0.2,8,0.002,33.5,39.5,Set Top-K,within_dataset
hu_pvt21,pvt21::okay/great,0.717948718,9,0.092,4.0,12.0,Set Top-K,within_dataset
hu_pvt21,pvt21::painful/deadly,0.76744186,0,0.004,3.0,36.5,Set Top-K,within_dataset
hu_pvt21,pvt21::pale/white,0.486486486,1,0.326,13.0,7.0,Set Top-K,within_dataset
hu_pvt21,pvt21::polite/friendly,0.166666667,2,0.986,37.0,1.0,Set Top-K,within_dataset
hu_pvt21,pvt21::pretty/beautiful,0.097560976,3,0.066,46.0,17.0,Set Top-K,within_dataset
hu_pvt21,pvt21::quiet/silent,0.378378378,4,0.082,16.0,14.0,Set Top-K,within_dataset
hu_pvt21,pvt21::red/scarlet,0.23255814,5,0.026,28.0,23.0,Set Top-K,within_dataset
hu_pvt21,pvt21::rough/unfriendly,0.5,6,0.004,11.0,36.5,Set Top-K,within_dataset
hu_pvt21,pvt21::sad/tragic,0.261904762,7,0.066,22.0,17.0,Set Top-K,within_dataset
hu_pvt21,pvt21::smart/brilliant,0.068965517,8,0.016,47.0,27.5,Set Top-K,within_dataset
hu_pvt21,pvt21::soft/mushy,0.3125,9,0.0,21.0,45.0,Set Top-K,within_dataset
hu_pvt21,pvt21::thick/impenetrable,0.431372549,0,0.024,14.0,24.5,Set Top-K,within_dataset
hu_pvt21,pvt21::thin/invisible,0.902439024,1,0.006,1.0,33.5,Set Top-K,within_dataset
hu_pvt21,pvt21::tiny/imperceptible,0.558823529,2,0.0,5.0,45.0,Set Top-K,within_dataset
hu_pvt21,pvt21::tough/impossible,0.870967742,3,0.086,2.0,13.0,Set Top-K,within_dataset
hu_pvt21,pvt21::uncomfortable/painful,0.25,4,0.01,24.5,30.0,Set Top-K,within_dataset
hu_pvt21,pvt21::warm/hot,0.380952381,5,0.03,15.0,22.0,Set Top-K,within_dataset
hu_pvt21,pvt21::weird/alien,0.130434783,6,0.0,42.0,45.0,Set Top-K,within_dataset
hu_pvt21,pvt21::wet/sopping,0.325,7,0.066,20.0,17.0,Set Top-K,within_dataset
hu_pvt21,pvt21::wonderful/perfect,0.135135135,8,0.448,40.0,6.0,Set Top-K,within_dataset
hu_pvt21,pvt21::wrong/evil,0.327586207,9,0.024,19.0,24.5,Set Top-K,within_dataset
hu_pvt21,pvt21::amazing/miraculous,0.363636364,0,0.008,17.0,38.5,Set Top-p,within_dataset
hu_pvt21,pvt21::angry/violent,0.176470588,1,0.0,36.0,46.5,Set Top-p,within_dataset
hu_pvt21,pvt21::big/huge,0.210526316,2,0.132,31.0,18.5,Set Top-p,within_dataset
hu_pvt21,pvt21::bizarre/surreal,0.260869565,3,0.0,23.0,46.5,Set Top-p,within_dataset
hu_pvt21,pvt21::bright/brilliant,0.125,4,0.124,43.0,22.0,Set Top-p,within_dataset
hu_pvt21,pvt21::busy/full,0.2,5,1.0,33.5,1.0,Set Top-p,within_dataset
hu_pvt21,pvt21::calm/meditative,0.057142857,6,0.014,49.0,35.5,Set Top-p,within_dataset
hu_pvt21,pvt21::casual/sloppy,0.517241379,7,0.0,8.0,46.5,Set Top-p,within_dataset
hu_pvt21,pvt21::cold/frosty,0.235294118,8,0.03,27.0,28.5,Set Top-p,within_dataset
hu_pvt21,pvt21::comfortable/luxurious,0.5,9,0.372,11.0,11.0,Set Top-p,within_dataset
hu_pvt21,pvt21::cool/cold,0.357142857,0,1.0,18.0,1.0,Set Top-p,within_dataset
hu_pvt21,pvt21::cute/beautiful,0.135135135,1,0.428,40.0,9.0,Set Top-p,within_dataset
hu_pvt21,pvt21::damp/wet,0.111111111,2,0.878,44.0,4.5,Set Top-p,within_dataset
hu_pvt21,pvt21::dark/black,0.227272727,3,0.714,30.0,6.0,Set Top-p,within_dataset
hu_pvt21,pvt21::decent/great,0.5,4,0.2,11.0,15.0,Set Top-p,within_dataset
hu_pvt21,pvt21::dry/arid,0.137254902,5,0.24,38.0,12.0,Set Top-p,within_dataset
hu_pvt21,pvt21::elegant/ostentatious,0.552631579,6,0.006,7.0,40.0,Set Top-p,within_dataset
hu_pvt21,pvt21::emotional/sentimental,0.058823529,7,0.01,48.0,37.0,Set Top-p,within_dataset
hu_pvt21,pvt21::enjoyable/great,0.135135135,8,0.656,40.0,8.0,Set Top-p,within_dataset
hu_pvt21,pvt21::evil/satanic,0.25,9,0.028,24.5,30.0,Set Top-p,within_dataset
hu_pvt21,pvt21::fat/obese,0.107142857,0,0.044,45.0,25.5,Set Top-p,within_dataset
hu_pvt21,pvt21::funny/hilarious,0.229166667,1,0.016,29.0,34.0,Set Top-p,within_dataset
hu_pvt21,pvt21::grey/black,0.934782609,2,0.384,0.0,10.0,Set Top-p,within_dataset
hu_pvt21,pvt21::happy/ecstatic,0.243243243,3,0.004,26.0,41.5,Set Top-p,within_dataset
hu_pvt21,pvt21::honest/blunt,0.191489362,4,0.022,35.0,32.0,Set Top-p,within_dataset
hu_pvt21,pvt21::hot/boiling,0.553191489,5,0.04,6.0,27.0,Set Top-p,within_dataset
hu_pvt21,pvt21::mysterious/magical,0.511111111,6,0.02,9.0,33.0,Set Top-p,within_dataset
hu_pvt21,pvt21::nice/great,0.205128205,7,0.998,32.0,3.0,Set Top-p,within_dataset
hu_pvt21,pvt21::odd/bizarre,0.2,8,0.0,33.5,46.5,Set Top-p,within_dataset
hu_pvt21,pvt21::okay/great,0.717948718,9,0.128,4.0,20.0,Set Top-p,within_dataset
hu_pvt21,pvt21::painful/deadly,0.76744186,0,0.008,3.0,38.5,Set Top-p,within_dataset
hu_pvt21,pvt21::pale/white,0.486486486,1,0.878,13.0,4.5,Set Top-p,within_dataset
hu_pvt21,pvt21::polite/friendly,0.166666667,2,1.0,37.0,1.0,Set Top-p,within_dataset
hu_pvt21,pvt21::pretty/beautiful,0.097560976,3,0.234,46.0,13.0,Set Top-p,within_dataset
hu_pvt21,pvt21::quiet/silent,0.378378378,4,0.138,16.0,17.0,Set Top-p,within_dataset
hu_pvt21,pvt21::red/scarlet,0.23255814,5,0.03,28.0,28.5,Set Top-p,within_dataset
hu_pvt21,pvt21::rough/unfriendly,0.5,6,0.004,11.0,41.5,Set Top-p,within_dataset
hu_pvt21,pvt21::sad/tragic,0.261904762,7,0.064,22.0,24.0,Set Top-p,within_dataset
hu_pvt21,pvt21::smart/brilliant,0.068965517,8,0.026,47.0,31.0,Set Top-p,within_dataset
hu_pvt21,pvt21::soft/mushy,0.3125,9,0.002,21.0,43.0,Set Top-p,within_dataset
hu_pvt21,pvt21::thick/impenetrable,0.431372549,0,0.122,14.0,23.0,Set Top-p,within_dataset
hu_pvt21,pvt21::thin/invisible,0.902439024,1,0.044,1.0,25.5,Set Top-p,within_dataset
hu_pvt21,pvt21::tiny/imperceptible,0.558823529,2,0.0,5.0,46.5,Set Top-p,within_dataset
hu_pvt21,pvt21::tough/impossible,0.870967742,3,0.132,2.0,18.5,Set Top-p,within_dataset
hu_pvt21,pvt21::uncomfortable/painful,0.25,4,0.014,24.5,35.5,Set Top-p,within_dataset
hu_pvt21,pvt21::warm/hot,0.380952381,5,0.126,15.0,21.0,Set Top-p,within_dataset
hu_pvt21,pvt21::weird/alien,0.130434783,6,0.0,42.0,46.5,Set Top-p,within_dataset
hu_pvt21,pvt21::wet/sopping,0.325,7,0.23,20.0,14.0,Set Top-p,within_dataset
hu_pvt21,pvt21::wonderful/perfect,0.135135135,8,0.678,40.0,7.0,Set Top-p,within_dataset
hu_pvt21,pvt21::wrong/evil,0.327586207,9,0.182,19.0,16.0,Set Top-p,within_dataset
hu_pvt21,pvt21::amazing/miraculous,0.363636364,0,0.02,17.0,47.0,Ordering,within_dataset
hu_pvt21,pvt21::angry/violent,0.176470588,1,0.108,36.0,28.0,Ordering,within_dataset
hu_pvt21,pvt21::big/huge,0.210526316,2,0.346,31.0,19.0,Ordering,within_dataset
hu_pvt21,pvt21::bizarre/surreal,0.260869565,3,0.078,23.0,32.0,Ordering,within_dataset
hu_pvt21,pvt21::bright/brilliant,0.125,4,0.87,43.0,8.0,Ordering,within_dataset
hu_pvt21,pvt21::busy/full,0.2,5,0.584,33.5,13.0,Ordering,within_dataset
hu_pvt21,pvt21::calm/meditative,0.057142857,6,0.25,49.0,25.0,Ordering,within_dataset
hu_pvt21,pvt21::casual/sloppy,0.517241379,7,0.098,8.0,30.0,Ordering,within_dataset
hu_pvt21,pvt21::cold/frosty,0.235294118,8,0.028,27.0,44.0,Ordering,within_dataset
hu_pvt21,pvt21::comfortable/luxurious,0.5,9,0.05,11.0,38.0,Ordering,within_dataset
hu_pvt21,pvt21::cool/cold,0.357142857,0,0.754,18.0,11.0,Ordering,within_dataset
hu_pvt21,pvt21::cute/beautiful,0.135135135,1,0.94,40.0,3.0,Ordering,within_dataset
hu_pvt21,pvt21::damp/wet,0.111111111,2,0.836,44.0,10.0,Ordering,within_dataset
hu_pvt21,pvt21::dark/black,0.227272727,3,0.086,30.0,31.0,Ordering,within_dataset
hu_pvt21,pvt21::decent/great,0.5,4,0.984,11.0,1.5,Ordering,within_dataset
hu_pvt21,pvt21::dry/arid,0.137254902,5,0.06,38.0,35.5,Ordering,within_dataset
hu_pvt21,pvt21::elegant/ostentatious,0.552631579,6,0.0,7.0,49.0,Ordering,within_dataset
hu_pvt21,pvt21::emotional/sentimental,0.058823529,7,0.338,48.0,20.0,Ordering,within_dataset
hu_pvt21,pvt21::enjoyable/great,0.135135135,8,0.984,40.0,1.5,Ordering,within_dataset
hu_pvt21,pvt21::evil/satanic,0.25,9,0.248,24.5,26.0,Ordering,within_dataset
hu_pvt21,pvt21::fat/obese,0.107142857,0,0.882,45.0,7.0,Ordering,within_dataset
hu_pvt21,pvt21::funny/hilarious,0.229166667,1,0.104,29.0,29.0,Ordering,within_dataset
hu_pvt21,pvt21::grey/black,0.934782609,2,0.884,0.0,6.0,Ordering,within_dataset
hu_pvt21,pvt21::happy/ecstatic,0.243243243,3,0.028,26.0,44.0,Ordering,within_dataset
hu_pvt21,pvt21::honest/blunt,0.191489362,4,0.176,35.0,27.0,Ordering,within_dataset
hu_pvt21,pvt21::hot/boiling,0.553191489,5,0.028,6.0,44.0,Ordering,within_dataset
hu_pvt21,pvt21::mysterious/magical,0.511111111,6,0.512,9.0,16.0,Ordering,within_dataset
hu_pvt21,pvt21::nice/great,0.205128205,7,0.666,32.0,12.0,Ordering,within_dataset
hu_pvt21,pvt21::odd/bizarre,0.2,8,0.038,33.5,40.5,Ordering,within_dataset
hu_pvt21,pvt21::okay/great,0.717948718,9,0.924,4.0,4.0,Ordering,within_dataset
hu_pvt21,pvt21::painful/deadly,0.76744186,0,0.018,3.0,48.0,Ordering,within_dataset
hu_pvt21,pvt21::pale/white,0.486486486,1,0.998,13.0,0.0,Ordering,within_dataset
hu_pvt21,pvt21::polite/friendly,0.166666667,2,0.896,37.0,5.0,Ordering,within_dataset
hu_pvt21,pvt21::pretty/beautiful,0.097560976,3,0.502,46.0,17.0,Ordering,within_dataset
hu_pvt21,pvt21::quiet/silent,0.378378378,4,0.538,16.0,15.0,Ordering,within_dataset
hu_pvt21,pvt21::red/scarlet,0.23255814,5,0.058,28.0,37.0,Ordering,within_dataset
hu_pvt21,pvt21::rough/unfriendly,0.5,6,0.026,11.0,46.0,Ordering,within_dataset
hu_pvt21,pvt21::sad/tragic,0.261904762,7,0.272,22.0,23.0,Ordering,within_dataset
hu_pvt21,pvt21::smart/brilliant,0.068965517,8,0.28,47.0,22.0,Ordering,within_dataset
hu_pvt21,pvt21::soft/mushy,0.3125,9,0.03,21.0,42.0,Ordering,within_dataset
hu_pvt21,pvt21::thick/impenetrable,0.431372549,0,0.072,14.0,33.0,Ordering,within_dataset
hu_pvt21,pvt21::thin/invisible,0.902439024,1,0.27,1.0,24.0,Ordering,within_dataset
hu_pvt21,pvt21::tiny/imperceptible,0.558823529,2,0.038,5.0,40.5,Ordering,within_dataset
hu_pvt21,pvt21::tough/impossible,0.870967742,3,0.282,2.0,21.0,Ordering,within_dataset
hu_pvt21,pvt21::uncomfortable/painful,0.25,4,0.454,24.5,18.0,Ordering,within_dataset
hu_pvt21,pvt21::warm/hot,0.380952381,5,0.86,15.0,9.0,Ordering,within_dataset
hu_pvt21,pvt21::weird/alien,0.130434783,6,0.06,42.0,35.5,Ordering,within_dataset
hu_pvt21,pvt21::wet/sopping,0.325,7,0.066,20.0,34.0,Ordering,within_dataset
hu_pvt21,pvt21::wonderful/perfect,0.135135135,8,0.54,40.0,14.0,Ordering,within_dataset
hu_pvt21,pvt21::wrong/evil,0.327586207,9,0.044,19.0,39.0,Ordering,within_dataset
hu_pvt21,pvt21::amazing/miraculous,0.363636364,0,0.004,17.0,36.5,Conjunction Top-K,within_dataset
hu_pvt21,pvt21::angry/violent,0.176470588,1,0.0,36.0,45.0,Conjunction Top-K,within_dataset
hu_pvt21,pvt21::big/huge,0.210526316,2,0.056,31.0,17.0,Conjunction Top-K,within_dataset
hu_pvt21,pvt21::bizarre/surreal,0.260869565,3,0.0,23.0,45.0,Conjunction Top-K,within_dataset
hu_pvt21,pvt21::bright/brilliant,0.125,4,0.034,43.0,20.0,Conjunction Top-K,within_dataset
hu_pvt21,pvt21::busy/full,0.2,5,0.58,33.5,4.0,Conjunction Top-K,within_dataset
hu_pvt21,pvt21::calm/meditative,0.057142857,6,0.008,49.0,31.5,Conjunction Top-K,within_dataset
hu_pvt21,pvt21::casual/sloppy,0.517241379,7,0.0,8.0,45.0,Conjunction Top-K,within_dataset
hu_pvt21,pvt21::cold/frosty,0.235294118,8,0.012,27.0,28.0,Conjunction Top-K,within_dataset
hu_pvt21,pvt21::comfortable/luxurious,0.5,9,0.05,11.0,18.0,Conjunction Top-K,within_dataset
hu_pvt21,pvt21::cool/cold,0.357142857,0,0.754,18.0,1.0,Conjunction Top-K,within_dataset
hu_pvt21,pvt21::cute/beautiful,0.135135135,1,0.096,40.0,9.0,Conjunction Top-K,within_dataset
hu_pvt21,pvt21::damp/wet,0.111111111,2,0.286,44.0,7.0,Conjunction Top-K,within_dataset
hu_pvt21,pvt21::dark/black,0.227272727,3,0.086,30.0,11.0,Conjunction Top-K,within_dataset
hu_pvt21,pvt21::decent/great,0.5,4,0.234,11.0,8.0,Conjunction Top-K,within_dataset
hu_pvt21,pvt21::dry/arid,0.137254902,5,0.018,38.0,26.0,Conjunction Top-K,within_dataset
hu_pvt21,pvt21::elegant/ostentatious,0.552631579,6,0.0,7.0,45.0,Conjunction Top-K,within_dataset
hu_pvt21,pvt21::emotional/sentimental,0.058823529,7,0.0,48.0,45.0,Conjunction Top-K,within_dataset
hu_pvt21,pvt21::enjoyable/great,0.135135135,8,0.588,40.0,3.0,Conjunction Top-K,within_dataset
hu_pvt21,pvt21::evil/satanic,0.25,9,0.01,24.5,29.5,Conjunction Top-K,within_dataset
hu_pvt21,pvt21::fat/obese,0.107142857,0,0.02,45.0,24.5,Conjunction Top-K,within_dataset
hu_pvt21,pvt21::funny/hilarious,0.229166667,1,0.002,29.0,39.5,Conjunction Top-K,within_dataset
hu_pvt21,pvt21::grey/black,0.934782609,2,0.072,0.0,14.0,Conjunction Top-K,within_dataset
hu_pvt21,pvt21::happy/ecstatic,0.243243243,3,0.0,26.0,45.0,Conjunction Top-K,within_dataset
hu_pvt21,pvt21::honest/blunt,0.191489362,4,0.004,35.0,36.5,Conjunction Top-K,within_dataset
hu_pvt21,pvt21::hot/boiling,0.553191489,5,0.008,6.0,31.5,Conjunction Top-K,within_dataset
hu_pvt21,pvt21::mysterious/magical,0.511111111,6,0.006,9.0,33.5,Conjunction Top-K,within_dataset
hu_pvt21,pvt21::nice/great,0.205128205,7,0.604,32.0,2.0,Conjunction Top-K,within_dataset
hu_pvt21,pvt21::odd/bizarre,0.2,8,0.002,33.5,39.5,Conjunction Top-K,within_dataset
hu_pvt21,pvt21::okay/great,0.717948718,9,0.092,4.0,10.0,Conjunction Top-K,within_dataset
hu_pvt21,pvt21::painful/deadly,0.76744186,0,0.004,3.0,36.5,Conjunction Top-K,within_dataset
hu_pvt21,pvt21::pale/white,0.486486486,1,0.326,13.0,6.0,Conjunction Top-K,within_dataset
hu_pvt21,pvt21::polite/friendly,0.166666667,2,0.884,37.0,0.0,Conjunction Top-K,within_dataset
hu_pvt21,pvt21::pretty/beautiful,0.097560976,3,0.06,46.0,16.0,Conjunction Top-K,within_dataset
hu_pvt21,pvt21::quiet/silent,0.378378378,4,0.078,16.0,12.0,Conjunction Top-K,within_dataset
hu_pvt21,pvt21::red/scarlet,0.23255814,5,0.024,28.0,22.5,Conjunction Top-K,within_dataset
hu_pvt21,pvt21::rough/unfriendly,0.5,6,0.004,11.0,36.5,Conjunction Top-K,within_dataset
hu_pvt21,pvt21::sad/tragic,0.261904762,7,0.064,22.0,15.0,Conjunction Top-K,within_dataset
hu_pvt21,pvt21::smart/brilliant,0.068965517,8,0.016,47.0,27.0,Conjunction Top-K,within_dataset
hu_pvt21,pvt21::soft/mushy,0.3125,9,0.0,21.0,45.0,Conjunction Top-K,within_dataset
hu_pvt21,pvt21::thick/impenetrable,0.431372549,0,0.024,14.0,22.5,Conjunction Top-K,within_dataset
hu_pvt21,pvt21::thin/invisible,0.902439024,1,0.006,1.0,33.5,Conjunction Top-K,within_dataset
hu_pvt21,pvt21::tiny/imperceptible,0.558823529,2,0.0,5.0,45.0,Conjunction Top-K,within_dataset
hu_pvt21,pvt21::tough/impossible,0.870967742,3,0.074,2.0,13.0,Conjunction Top-K,within_dataset
hu_pvt21,pvt21::uncomfortable/painful,0.25,4,0.01,24.5,29.5,Conjunction Top-K,within_dataset
hu_pvt21,pvt21::warm/hot,0.380952381,5,0.03,15.0,21.0,Conjunction Top-K,within_dataset
hu_pvt21,pvt21::weird/alien,0.130434783,6,0.0,42.0,45.0,Conjunction Top-K,within_dataset
hu_pvt21,pvt21::wet/sopping,0.325,7,0.044,20.0,19.0,Conjunction Top-K,within_dataset
hu_pvt21,pvt21::wonderful/perfect,0.135135135,8,0.356,40.0,5.0,Conjunction Top-K,within_dataset
hu_pvt21,pvt21::wrong/evil,0.327586207,9,0.02,19.0,24.5,Conjunction Top-K,within_dataset
hu_pvt21,pvt21::amazing/miraculous,0.363636364,0,0.004,17.0,40.0,Conjunction Top-p,within_dataset
hu_pvt21,pvt21::angry/violent,0.176470588,1,0.0,36.0,46.0,Conjunction Top-p,within_dataset
hu_pvt21,pvt21::big/huge,0.210526316,2,0.12,31.0,16.0,Conjunction Top-p,within_dataset
hu_pvt21,pvt21::bizarre/surreal,0.260869565,3,0.0,23.0,46.0,Conjunction Top-p,within_dataset
hu_pvt21,pvt21::bright/brilliant,0.125,4,0.122,43.0,15.0,Conjunction Top-p,within_dataset
hu_pvt21,pvt21::busy/full,0.2,5,0.584,33.5,6.0,Conjunction Top-p,within_dataset
hu_pvt21,pvt21::calm/meditative,0.057142857,6,0.014,49.0,34.5,Conjunction Top-p,within_dataset
hu_pvt21,pvt21::casual/sloppy,0.517241379,7,0.0,8.0,46.0,Conjunction Top-p,within_dataset
hu_pvt21,pvt21::cold/frosty,0.235294118,8,0.014,27.0,34.5,Conjunction Top-p,within_dataset
hu_pvt21,pvt21::comfortable/luxurious,0.5,9,0.05,11.0,23.0,Conjunction Top-p,within_dataset
hu_pvt21,pvt21::cool/cold,0.357142857,0,0.754,18.0,3.0,Conjunction Top-p,within_dataset
hu_pvt21,pvt21::cute/beautiful,0.135135135,1,0.422,40.0,8.0,Conjunction Top-p,within_dataset
hu_pvt21,pvt21::damp/wet,0.111111111,2,0.772,44.0,2.0,Conjunction Top-p,within_dataset
hu_pvt21,pvt21::dark/black,0.227272727,3,0.086,30.0,18.0,Conjunction Top-p,within_dataset
hu_pvt21,pvt21::decent/great,0.5,4,0.2,11.0,10.0,Conjunction Top-p,within_dataset
hu_pvt21,pvt21::dry/arid,0.137254902,5,0.06,38.0,22.0,Conjunction Top-p,within_dataset
hu_pvt21,pvt21::elegant/ostentatious,0.552631579,6,0.0,7.0,46.0,Conjunction Top-p,within_dataset
hu_pvt21,pvt21::emotional/sentimental,0.058823529,7,0.01,48.0,37.0,Conjunction Top-p,within_dataset
hu_pvt21,pvt21::enjoyable/great,0.135135135,8,0.65,40.0,5.0,Conjunction Top-p,within_dataset
hu_pvt21,pvt21::evil/satanic,0.25,9,0.028,24.5,27.0,Conjunction Top-p,within_dataset
hu_pvt21,pvt21::fat/obese,0.107142857,0,0.044,45.0,24.5,Conjunction Top-p,within_dataset
hu_pvt21,pvt21::funny/hilarious,0.229166667,1,0.014,29.0,34.5,Conjunction Top-p,within_dataset
hu_pvt21,pvt21::grey/black,0.934782609,2,0.372,0.0,9.0,Conjunction Top-p,within_dataset
hu_pvt21,pvt21::happy/ecstatic,0.243243243,3,0.004,26.0,40.0,Conjunction Top-p,within_dataset
hu_pvt21,pvt21::honest/blunt,0.191489362,4,0.022,35.0,30.5,Conjunction Top-p,within_dataset
hu_pvt21,pvt21::hot/boiling,0.553191489,5,0.022,6.0,30.5,Conjunction Top-p,within_dataset
hu_pvt21,pvt21::mysterious/magical,0.511111111,6,0.02,9.0,32.0,Conjunction Top-p,within_dataset
hu_pvt21,pvt21::nice/great,0.205128205,7,0.666,32.0,4.0,Conjunction Top-p,within_dataset
hu_pvt21,pvt21::odd/bizarre,0.2,8,0.0,33.5,46.0,Conjunction Top-p,within_dataset
hu_pvt21,pvt21::okay/great,0.717948718,9,0.128,4.0,12.0,Conjunction Top-p,within_dataset
hu_pvt21,pvt21::painful/deadly,0.76744186,0,0.008,3.0,38.0,Conjunction Top-p,within_dataset
hu_pvt21,pvt21::pale/white,0.486486486,1,0.876,13.0,1.0,Conjunction Top-p,within_dataset
hu_pvt21,pvt21::polite/friendly,0.166666667,2,0.896,37.0,0.0,Conjunction Top-p,within_dataset
hu_pvt21,pvt21::pretty/beautiful,0.097560976,3,0.192,46.0,11.0,Conjunction Top-p,within_dataset
hu_pvt21,pvt21::quiet/silent,0.378378378,4,0.126,16.0,13.5,Conjunction Top-p,within_dataset
hu_pvt21,pvt21::red/scarlet,0.23255814,5,0.026,28.0,28.5,Conjunction Top-p,within_dataset
hu_pvt21,pvt21::rough/unfriendly,0.5,6,0.004,11.0,40.0,Conjunction Top-p,within_dataset
hu_pvt21,pvt21::sad/tragic,0.261904762,7,0.062,22.0,21.0,Conjunction Top-p,within_dataset
hu_pvt21,pvt21::smart/brilliant,0.068965517,8,0.026,47.0,28.5,Conjunction Top-p,within_dataset
hu_pvt21,pvt21::soft/mushy,0.3125,9,0.002,21.0,42.0,Conjunction Top-p,within_dataset
hu_pvt21,pvt21::thick/impenetrable,0.431372549,0,0.064,14.0,20.0,Conjunction Top-p,within_dataset
hu_pvt21,pvt21::thin/invisible,0.902439024,1,0.042,1.0,26.0,Conjunction Top-p,within_dataset
hu_pvt21,pvt21::tiny/imperceptible,0.558823529,2,0.0,5.0,46.0,Conjunction Top-p,within_dataset
hu_pvt21,pvt21::tough/impossible,0.870967742,3,0.102,2.0,17.0,Conjunction Top-p,within_dataset
hu_pvt21,pvt21::uncomfortable/painful,0.25,4,0.014,24.5,34.5,Conjunction Top-p,within_dataset
hu_pvt21,pvt21::warm/hot,0.380952381,5,0.126,15.0,13.5,Conjunction Top-p,within_dataset
hu_pvt21,pvt21::weird/alien,0.130434783,6,0.0,42.0,46.0,Conjunction Top-p,within_dataset
hu_pvt21,pvt21::wet/sopping,0.325,7,0.066,20.0,19.0,Conjunction Top-p,within_dataset
hu_pvt21,pvt21::wonderful/perfect,0.135135135,8,0.472,40.0,7.0,Conjunction Top-p,within_dataset
hu_pvt21,pvt21::wrong/evil,0.327586207,9,0.044,19.0,24.5,Conjunction Top-p,within_dataset
hu_pvt21,pvt21::amazing/miraculous,0.363636364,0,0.02,17.0,47.0,Disjunction Top-K,within_dataset
hu_pvt21,pvt21::angry/violent,0.176470588,1,0.108,36.0,30.0,Disjunction Top-K,within_dataset
hu_pvt21,pvt21::big/huge,0.210526316,2,0.348,31.0,20.0,Disjunction Top-K,within_dataset
hu_pvt21,pvt21::bizarre/surreal,0.260869565,3,0.078,23.0,35.0,Disjunction Top-K,within_dataset
hu_pvt21,pvt21::bright/brilliant,0.125,4,0.87,43.0,10.0,Disjunction Top-K,within_dataset
hu_pvt21,pvt21::busy/full,0.2,5,0.95,33.5,5.0,Disjunction Top-K,within_dataset
hu_pvt21,pvt21::calm/meditative,0.057142857,6,0.25,49.0,27.0,Disjunction Top-K,within_dataset
hu_pvt21,pvt21::casual/sloppy,0.517241379,7,0.098,8.0,32.0,Disjunction Top-K,within_dataset
hu_pvt21,pvt21::cold/frosty,0.235294118,8,0.032,27.0,42.0,Disjunction Top-K,within_dataset
hu_pvt21,pvt21::comfortable/luxurious,0.5,9,0.312,11.0,22.0,Disjunction Top-K,within_dataset
hu_pvt21,pvt21::cool/cold,0.357142857,0,1.0,18.0,0.0,Disjunction Top-K,within_dataset
hu_pvt21,pvt21::cute/beautiful,0.135135135,1,0.94,40.0,6.0,Disjunction Top-K,within_dataset
hu_pvt21,pvt21::damp/wet,0.111111111,2,0.844,44.0,13.0,Disjunction Top-K,within_dataset
hu_pvt21,pvt21::dark/black,0.227272727,3,0.572,30.0,15.0,Disjunction Top-K,within_dataset
hu_pvt21,pvt21::decent/great,0.5,4,0.984,11.0,4.0,Disjunction Top-K,within_dataset
hu_pvt21,pvt21::dry/arid,0.137254902,5,0.088,38.0,33.5,Disjunction Top-K,within_dataset
hu_pvt21,pvt21::elegant/ostentatious,0.552631579,6,0.0,7.0,49.0,Disjunction Top-K,within_dataset
hu_pvt21,pvt21::emotional/sentimental,0.058823529,7,0.338,48.0,21.0,Disjunction Top-K,within_dataset
hu_pvt21,pvt21::enjoyable/great,0.135135135,8,0.986,40.0,3.0,Disjunction Top-K,within_dataset
hu_pvt21,pvt21::evil/satanic,0.25,9,0.248,24.5,28.0,Disjunction Top-K,within_dataset
hu_pvt21,pvt21::fat/obese,0.107142857,0,0.882,45.0,9.0,Disjunction Top-K,within_dataset
hu_pvt21,pvt21::funny/hilarious,0.229166667,1,0.104,29.0,31.0,Disjunction Top-K,within_dataset
hu_pvt21,pvt21::grey/black,0.934782609,2,0.884,0.0,8.0,Disjunction Top-K,within_dataset
hu_pvt21,pvt21::happy/ecstatic,0.243243243,3,0.028,26.0,45.0,Disjunction Top-K,within_dataset
hu_pvt21,pvt21::honest/blunt,0.191489362,4,0.176,35.0,29.0,Disjunction Top-K,within_dataset
hu_pvt21,pvt21::hot/boiling,0.553191489,5,0.03,6.0,43.5,Disjunction Top-K,within_dataset
hu_pvt21,pvt21::mysterious/magical,0.511111111,6,0.512,9.0,17.0,Disjunction Top-K,within_dataset
hu_pvt21,pvt21::nice/great,0.205128205,7,0.86,32.0,11.5,Disjunction Top-K,within_dataset
hu_pvt21,pvt21::odd/bizarre,0.2,8,0.038,33.5,40.5,Disjunction Top-K,within_dataset
hu_pvt21,pvt21::okay/great,0.717948718,9,0.924,4.0,7.0,Disjunction Top-K,within_dataset
hu_pvt21,pvt21::painful/deadly,0.76744186,0,0.018,3.0,48.0,Disjunction Top-K,within_dataset
hu_pvt21,pvt21::pale/white,0.486486486,1,0.998,13.0,1.5,Disjunction Top-K,within_dataset
hu_pvt21,pvt21::polite/friendly,0.166666667,2,0.998,37.0,1.5,Disjunction Top-K,within_dataset
hu_pvt21,pvt21::pretty/beautiful,0.097560976,3,0.508,46.0,18.0,Disjunction Top-K,within_dataset
hu_pvt21,pvt21::quiet/silent,0.378378378,4,0.542,16.0,16.0,Disjunction Top-K,within_dataset
hu_pvt21,pvt21::red/scarlet,0.23255814,5,0.06,28.0,37.5,Disjunction Top-K,within_dataset
hu_pvt21,pvt21::rough/unfriendly,0.5,6,0.026,11.0,46.0,Disjunction Top-K,within_dataset
hu_pvt21,pvt21::sad/tragic,0.261904762,7,0.274,22.0,25.0,Disjunction Top-K,within_dataset
hu_pvt21,pvt21::smart/brilliant,0.068965517,8,0.28,47.0,24.0,Disjunction Top-K,within_dataset
hu_pvt21,pvt21::soft/mushy,0.3125,9,0.03,21.0,43.5,Disjunction Top-K,within_dataset
hu_pvt21,pvt21::thick/impenetrable,0.431372549,0,0.072,14.0,36.0,Disjunction Top-K,within_dataset
hu_pvt21,pvt21::thin/invisible,0.902439024,1,0.27,1.0,26.0,Disjunction Top-K,within_dataset
hu_pvt21,pvt21::tiny/imperceptible,0.558823529,2,0.038,5.0,40.5,Disjunction Top-K,within_dataset
hu_pvt21,pvt21::tough/impossible,0.870967742,3,0.294,2.0,23.0,Disjunction Top-K,within_dataset
hu_pvt21,pvt21::uncomfortable/painful,0.25,4,0.454,24.5,19.0,Disjunction Top-K,within_dataset
hu_pvt21,pvt21::warm/hot,0.380952381,5,0.86,15.0,11.5,Disjunction Top-K,within_dataset
hu_pvt21,pvt21::weird/alien,0.130434783,6,0.06,42.0,37.5,Disjunction Top-K,within_dataset
hu_pvt21,pvt21::wet/sopping,0.325,7,0.088,20.0,33.5,Disjunction Top-K,within_dataset
hu_pvt21,pvt21::wonderful/perfect,0.135135135,8,0.632,40.0,14.0,Disjunction Top-K,within_dataset
hu_pvt21,pvt21::wrong/evil,0.327586207,9,0.048,19.0,39.0,Disjunction Top-K,within_dataset
hu_pvt21,pvt21::amazing/miraculous,0.363636364,0,0.024,17.0,47.0,Disjunction Top-p,within_dataset
hu_pvt21,pvt21::angry/violent,0.176470588,1,0.108,36.0,34.0,Disjunction Top-p,within_dataset
hu_pvt21,pvt21::big/huge,0.210526316,2,0.358,31.0,21.0,Disjunction Top-p,within_dataset
hu_pvt21,pvt21::bizarre/surreal,0.260869565,3,0.078,23.0,37.0,Disjunction Top-p,within_dataset
hu_pvt21,pvt21::bright/brilliant,0.125,4,0.872,43.0,12.0,Disjunction Top-p,within_dataset
hu_pvt21,pvt21::busy/full,0.2,5,1.0,33.5,1.5,Disjunction Top-p,within_dataset
hu_pvt21,pvt21::calm/meditative,0.057142857,6,0.25,49.0,27.0,Disjunction Top-p,within_dataset
hu_pvt21,pvt21::casual/sloppy,0.517241379,7,0.098,8.0,36.0,Disjunction Top-p,within_dataset
hu_pvt21,pvt21::cold/frosty,0.235294118,8,0.044,27.0,41.0,Disjunction Top-p,within_dataset
hu_pvt21,pvt21::comfortable/luxurious,0.5,9,0.372,11.0,20.0,Disjunction Top-p,within_dataset
hu_pvt21,pvt21::cool/cold,0.357142857,0,1.0,18.0,1.5,Disjunction Top-p,within_dataset
hu_pvt21,pvt21::cute/beautiful,0.135135135,1,0.946,40.0,7.0,Disjunction Top-p,within_dataset
hu_pvt21,pvt21::damp/wet,0.111111111,2,0.942,44.0,8.0,Disjunction Top-p,within_dataset
hu_pvt21,pvt21::dark/black,0.227272727,3,0.714,30.0,15.0,Disjunction Top-p,within_dataset
hu_pvt21,pvt21::decent/great,0.5,4,0.984,11.0,6.0,Disjunction Top-p,within_dataset
hu_pvt21,pvt21::dry/arid,0.137254902,5,0.24,38.0,29.0,Disjunction Top-p,within_dataset
hu_pvt21,pvt21::elegant/ostentatious,0.552631579,6,0.006,7.0,49.0,Disjunction Top-p,within_dataset
hu_pvt21,pvt21::emotional/sentimental,0.058823529,7,0.338,48.0,22.0,Disjunction Top-p,within_dataset
hu_pvt21,pvt21::enjoyable/great,0.135135135,8,0.99,40.0,5.0,Disjunction Top-p,within_dataset
hu_pvt21,pvt21::evil/satanic,0.25,9,0.248,24.5,28.0,Disjunction Top-p,within_dataset
hu_pvt21,pvt21::fat/obese,0.107142857,0,0.882,45.0,11.0,Disjunction Top-p,within_dataset
hu_pvt21,pvt21::funny/hilarious,0.229166667,1,0.106,29.0,35.0,Disjunction Top-p,within_dataset
hu_pvt21,pvt21::grey/black,0.934782609,2,0.896,0.0,10.0,Disjunction Top-p,within_dataset
hu_pvt21,pvt21::happy/ecstatic,0.243243243,3,0.028,26.0,45.0,Disjunction Top-p,within_dataset
hu_pvt21,pvt21::honest/blunt,0.191489362,4,0.176,35.0,32.0,Disjunction Top-p,within_dataset
hu_pvt21,pvt21::hot/boiling,0.553191489,5,0.046,6.0,40.0,Disjunction Top-p,within_dataset
hu_pvt21,pvt21::mysterious/magical,0.511111111,6,0.512,9.0,18.0,Disjunction Top-p,within_dataset
hu_pvt21,pvt21::nice/great,0.205128205,7,0.998,32.0,4.0,Disjunction Top-p,within_dataset
hu_pvt21,pvt21::odd/bizarre,0.2,8,0.038,33.5,42.5,Disjunction Top-p,within_dataset
hu_pvt21,pvt21::okay/great,0.717948718,9,0.924,4.0,9.0,Disjunction Top-p,within_dataset
hu_pvt21,pvt21::painful/deadly,0.76744186,0,0.018,3.0,48.0,Disjunction Top-p,within_dataset
hu_pvt21,pvt21::pale/white,0.486486486,1,1.0,13.0,1.5,Disjunction Top-p,within_dataset
hu_pvt21,pvt21::polite/friendly,0.166666667,2,1.0,37.0,1.5,Disjunction Top-p,within_dataset
hu_pvt21,pvt21::pretty/beautiful,0.097560976,3,0.544,46.0,17.0,Disjunction Top-p,within_dataset
hu_pvt21,pvt21::quiet/silent,0.378378378,4,0.55,16.0,16.0,Disjunction Top-p,within_dataset
hu_pvt21,pvt21::red/scarlet,0.23255814,5,0.062,28.0,38.0,Disjunction Top-p,within_dataset
hu_pvt21,pvt21::rough/unfriendly,0.5,6,0.026,11.0,46.0,Disjunction Top-p,within_dataset
hu_pvt21,pvt21::sad/tragic,0.261904762,7,0.274,22.0,25.0,Disjunction Top-p,within_dataset
hu_pvt21,pvt21::smart/brilliant,0.068965517,8,0.28,47.0,24.0,Disjunction Top-p,within_dataset
hu_pvt21,pvt21::soft/mushy,0.3125,9,0.03,21.0,44.0,Disjunction Top-p,within_dataset
hu_pvt21,pvt21::thick/impenetrable,0.431372549,0,0.13,14.0,33.0,Disjunction Top-p,within_dataset
hu_pvt21,pvt21::thin/invisible,0.902439024,1,0.272,1.0,26.0,Disjunction Top-p,within_dataset
hu_pvt21,pvt21::tiny/imperceptible,0.558823529,2,0.038,5.0,42.5,Disjunction Top-p,within_dataset
hu_pvt21,pvt21::tough/impossible,0.870967742,3,0.312,2.0,23.0,Disjunction Top-p,within_dataset
hu_pvt21,pvt21::uncomfortable/painful,0.25,4,0.454,24.5,19.0,Disjunction Top-p,within_dataset
hu_pvt21,pvt21::warm/hot,0.380952381,5,0.86,15.0,13.0,Disjunction Top-p,within_dataset
hu_pvt21,pvt21::weird/alien,0.130434783,6,0.06,42.0,39.0,Disjunction Top-p,within_dataset
hu_pvt21,pvt21::wet/sopping,0.325,7,0.23,20.0,30.0,Disjunction Top-p,within_dataset
hu_pvt21,pvt21::wonderful/perfect,0.135135135,8,0.746,40.0,14.0,Disjunction Top-p,within_dataset
hu_pvt21,pvt21::wrong/evil,0.327586207,9,0.182,19.0,31.0,Disjunction Top-p,within_dataset
hu_rx22,rx22::allowed/obligatory,0.825,0,3.57338780539437e-05,4.0,42.0,No linking structure,within_dataset
hu_rx22,rx22::attractive/stunning,0.05,1,0.0003720950033253557,50.5,27.0,No linking structure,within_dataset
hu_rx22,rx22::begin/complete,0.2,2,0.0002804018074689165,33.0,30.0,No linking structure,within_dataset
hu_rx22,rx22::believe/know,0.625,3,0.0010729133771119606,17.0,18.0,No linking structure,within_dataset
hu_rx22,rx22::big/enormous,0.05,4,0.00016120374571775337,50.5,31.0,No linking structure,within_dataset
hu_rx22,rx22::cool/cold,0.425,5,0.01805248360630604,24.0,2.0,No linking structure,within_dataset
hu_rx22,rx22::dark/black,0.275,6,0.006054764768334019,28.5,4.0,No linking structure,within_dataset
hu_rx22,rx22::difficult/impossible,0.7,7,7.14353186077229e-06,11.0,52.0,No linking structure,within_dataset
hu_rx22,rx22::dirty/filthy,0.075,8,4.889345178934946e-05,44.5,39.0,No linking structure,within_dataset
hu_rx22,rx22::dislike/loathe,0.225,9,1.0804125679748846e-07,31.0,56.0,No linking structure,within_dataset
hu_rx22,rx22::double/triple,0.525,0,2.3353616998936577e-05,21.0,44.0,No linking structure,within_dataset
hu_rx22,rx22::equally/more,0.675,1,0.0037776925529137634,13.0,8.0,No linking structure,within_dataset
hu_rx22,rx22::funny/hilarious,0.05,2,0.0013833341696449406,50.5,16.0,No linking structure,within_dataset
hu_rx22,rx22::good/excellent,0.3,3,0.0016172814949484747,27.0,13.0,No linking structure,within_dataset
hu_rx22,rx22::happy/ecstatic,0.05,4,1.1229985670847778e-05,50.5,48.0,No linking structure,within_dataset
hu_rx22,rx22::hard/unsolvable,0.575,5,3.604760849881989e-05,19.0,41.0,No linking structure,within_dataset
hu_rx22,rx22::harmful/deadly,0.2,6,0.0010957636845284756,33.0,17.0,No linking structure,within_dataset
hu_rx22,rx22::here/everywhere,0.5,7,0.080073920157245,22.0,0.0,No linking structure,within_dataset
hu_rx22,rx22::hungry/starving,0.2,8,1.4900756881466296e-05,33.0,46.0,No linking structure,within_dataset
hu_rx22,rx22::intelligent/brilliant,0.05,9,0.00011819567766883674,50.5,35.0,No linking structure,within_dataset
hu_rx22,rx22::intimidating/terrifying,0.175,0,6.858411686611906e-06,35.5,53.0,No linking structure,within_dataset
hu_rx22,rx22::largely/totally,0.7,1,0.0004276102237260412,11.0,25.0,No linking structure,within_dataset
hu_rx22,rx22::like/love,0.1,2,0.002438580181029948,40.5,11.0,No linking structure,within_dataset
hu_rx22,rx22::match/exceed,0.875,3,7.491063552629675e-06,1.5,51.0,No linking structure,within_dataset
hu_rx22,rx22::mostly/entirely,0.875,4,0.0008941541776150868,1.5,20.0,No linking structure,within_dataset
hu_rx22,rx22::old/ancient,0.325,5,5.38156350909048e-05,26.0,38.0,No linking structure,within_dataset
hu_rx22,rx22::once/twice,0.7,6,0.00031302628167678725,11.0,29.0,No linking structure,within_dataset
hu_rx22,rx22::overweight/obese,0.1,7,1.7344692491308286e-05,40.5,45.0,No linking structure,within_dataset
hu_rx22,rx22::overwhelmingly/unanimously,0.6,8,0.0038422487067530766,18.0,7.0,No linking structure,within_dataset
hu_rx22,rx22::palatable/delicious,0.475,9,0.0014221196031359966,23.0,15.0,No linking structure,within_dataset
hu_rx22,rx22::partially/completely,0.95,0,0.00237278553812013,0.0,12.0,No linking structure,within_dataset
hu_rx22,rx22::permit/require,0.65,1,0.0008951818833075643,15.0,19.0,No linking structure,within_dataset
hu_rx22,rx22::polished/impeccable,0.05,2,4.688541296558146e-05,50.5,40.0,No linking structure,within_dataset
hu_rx22,rx22::possible/certain,0.825,3,0.0003134232730950735,4.0,28.0,No linking structure,within_dataset
hu_rx22,rx22::pretty/beautiful,0.075,4,0.00318886030337028,44.5,10.0,No linking structure,within_dataset
hu_rx22,rx22::primarily/exclusively,0.775,5,8.700852367567005e-05,7.5,37.0,No linking structure,within_dataset
hu_rx22,rx22::probably/necessarily,0.55,6,0.00011892927340931739,20.0,34.0,No linking structure,within_dataset
hu_rx22,rx22::reduce/eliminate,0.8,7,8.407983490489261e-06,6.0,50.0,No linking structure,within_dataset
hu_rx22,rx22::scared/petrified,0.025,8,8.809225297163905e-06,55.5,49.0,No linking structure,within_dataset
hu_rx22,rx22::serious/life-threatening,0.075,9,0.0014585824406100289,44.5,14.0,No linking structure,within_dataset
hu_rx22,rx22::similar/identical,0.725,0,0.012886237446089457,9.0,3.0,No linking structure,within_dataset
hu_rx22,rx22::slow/stop,0.825,1,0.0037432038967926233,4.0,9.0,No linking structure,within_dataset
hu_rx22,rx22::small/tiny,0.175,2,0.00014612571524911638,35.5,33.0,No linking structure,within_dataset
hu_rx22,rx22::snug/tight,0.1,3,0.00077262397346913,40.5,22.0,No linking structure,within_dataset
hu_rx22,rx22::start/finish,0.275,4,0.006000168357590573,28.5,5.0,No linking structure,within_dataset
hu_rx22,rx22::survive/thrive,0.25,5,4.6803802346961715e-06,30.0,54.0,No linking structure,within_dataset
hu_rx22,rx22::tired/exhausted,0.025,6,0.00010449200927516023,55.5,36.0,No linking structure,within_dataset
hu_rx22,rx22::tolerate/encourage,0.65,7,0.00015653903973746535,15.0,32.0,No linking structure,within_dataset
hu_rx22,rx22::try/succeed,0.775,8,1.4415805839061682e-05,7.5,47.0,No linking structure,within_dataset
hu_rx22,rx22::ugly/hideous,0.05,9,2.9795607956680372e-05,50.5,43.0,No linking structure,within_dataset
hu_rx22,rx22::understandable/articulate,0.1,0,4.081668446232401e-07,40.5,55.0,No linking structure,within_dataset
hu_rx22,rx22::unpleasant/disgusting,0.05,1,0.0005028816439036451,50.5,24.0,No linking structure,within_dataset
hu_rx22,rx22::usually/always,0.65,2,0.005727312021368908,15.0,6.0,No linking structure,within_dataset
hu_rx22,rx22::want/need,0.15,3,0.0008219356444992829,37.0,21.0,No linking structure,within_dataset
hu_rx22,rx22::warm/hot,0.4,4,0.05290778995448027,25.0,1.0,No linking structure,within_dataset
hu_rx22,rx22::well/superbly,0.125,5,0.00037377155875422454,38.0,26.0,No linking structure,within_dataset
hu_rx22,rx22::willing/eager,0.075,6,0.0007289081825043085,44.5,23.0,No linking structure,within_dataset
hu_rx22,rx22::allowed/obligatory,0.825,0,0.0015524650702575186,4.0,47.0,X but not Y,within_dataset
hu_rx22,rx22::attractive/stunning,0.05,1,0.0007378999240687622,50.5,49.0,X but not Y,within_dataset
hu_rx22,rx22::begin/complete,0.2,2,0.061579677581333446,33.0,22.0,X but not Y,within_dataset
hu_rx22,rx22::believe/know,0.625,3,0.30876907853815627,17.0,7.0,X but not Y,within_dataset
hu_rx22,rx22::big/enormous,0.05,4,6.188585454468819e-05,50.5,56.0,X but not Y,within_dataset
hu_rx22,rx22::cool/cold,0.425,5,0.46563333377271776,24.0,2.0,X but not Y,within_dataset
hu_rx22,rx22::dark/black,0.275,6,0.09794247263027014,28.5,17.0,X but not Y,within_dataset
hu_rx22,rx22::difficult/impossible,0.7,7,0.4419991510532667,11.0,4.0,X but not Y,within_dataset
hu_rx22,rx22::dirty/filthy,0.075,8,0.00321802965430308,44.5,41.0,X but not Y,within_dataset
hu_rx22,rx22::dislike/loathe,0.225,9,0.00023053764026883836,31.0,53.0,X but not Y,within_dataset
hu_rx22,rx22::double/triple,0.525,0,0.013375627905355814,21.0,31.0,X but not Y,within_dataset
hu_rx22,rx22::equally/more,0.675,1,0.002419573002017703,13.0,45.0,X but not Y,within_dataset
hu_rx22,rx22::funny/hilarious,0.05,2,0.002851280010860206,50.5,42.0,X but not Y,within_dataset
hu_rx22,rx22::good/excellent,0.3,3,0.0076522502237855545,27.0,37.0,X but not Y,within_dataset
hu_rx22,rx22::happy/ecstatic,0.05,4,0.009404842064085466,50.5,34.0,X but not Y,within_dataset
hu_rx22,rx22::hard/unsolvable,0.575,5,0.02071138698768006,19.0,29.0,X but not Y,within_dataset
hu_rx22,rx22::harmful/deadly,0.2,6,0.08625324621381282,33.0,19.0,X but not Y,within_dataset
hu_rx22,rx22::here/everywhere,0.5,7,0.00034150567435338425,22.0,50.0,X but not Y,within_dataset
hu_rx22,rx22::hungry/starving,0.2,8,0.003918869211772704,33.0,40.0,X but not Y,within_dataset
hu_rx22,rx22::intelligent/brilliant,0.05,9,0.002542452622837969,50.5,44.0,X but not Y,within_dataset
hu_rx22,rx22::intimidating/terrifying,0.175,0,0.0002402423614751184,35.5,52.0,X but not Y,within_dataset
hu_rx22,rx22::largely/totally,0.7,1,0.0192478849064687,11.0,30.0,X but not Y,within_dataset
hu_rx22,rx22::like/love,0.1,2,0.0026132883697904037,40.5,43.0,X but not Y,within_dataset
hu_rx22,rx22::match/exceed,0.875,3,0.012135524329200873,1.5,32.0,X but not Y,within_dataset
hu_rx22,rx22::mostly/entirely,0.875,4,0.0722066464828686,1.5,20.0,X but not Y,within_dataset
hu_rx22,rx22::old/ancient,0.325,5,0.011899684168878715,26.0,33.0,X but not Y,within_dataset
hu_rx22,rx22::once/twice,0.7,6,0.4739434228454674,11.0,1.0,X but not Y,within_dataset
hu_rx22,rx22::overweight/obese,0.1,7,0.06363452599402113,40.5,21.0,X but not Y,within_dataset
hu_rx22,rx22::overwhelmingly/unanimously,0.6,8,0.1564642237372508,18.0,15.0,X but not Y,within_dataset
hu_rx22,rx22::palatable/delicious,0.475,9,0.0013474865503070462,23.0,48.0,X but not Y,within_dataset
hu_rx22,rx22::partially/completely,0.95,0,0.029120772722585786,0.0,27.0,X but not Y,within_dataset
hu_rx22,rx22::permit/require,0.65,1,0.009125614353313287,15.0,36.0,X but not Y,within_dataset
hu_rx22,rx22::polished/impeccable,0.05,2,0.00014223291120104596,50.5,55.0,X but not Y,within_dataset
hu_rx22,rx22::possible/certain,0.825,3,0.004483554660936163,4.0,39.0,X but not Y,within_dataset
hu_rx22,rx22::pretty/beautiful,0.075,4,0.214258883505509,44.5,9.0,X but not Y,within_dataset
hu_rx22,rx22::primarily/exclusively,0.775,5,0.19551340554804308,7.5,10.0,X but not Y,within_dataset
hu_rx22,rx22::probably/necessarily,0.55,6,0.11307853314804023,20.0,16.0,X but not Y,within_dataset
hu_rx22,rx22::reduce/eliminate,0.8,7,0.00927979866351204,6.0,35.0,X but not Y,within_dataset
hu_rx22,rx22::scared/petrified,0.025,8,0.0016987527109685987,55.5,46.0,X but not Y,within_dataset
hu_rx22,rx22::serious/life-threatening,0.075,9,0.08996475512660289,44.5,18.0,X but not Y,within_dataset
hu_rx22,rx22::similar/identical,0.725,0,0.19346289180416765,9.0,11.0,X but not Y,within_dataset
hu_rx22,rx22::slow/stop,0.825,1,0.859202940862778,4.0,0.0,X but not Y,within_dataset
hu_rx22,rx22::small/tiny,0.175,2,0.050677725190918614,35.5,23.0,X but not Y,within_dataset
hu_rx22,rx22::snug/tight,0.1,3,0.18166478052782492,40.5,14.0,X but not Y,within_dataset
hu_rx22,rx22::start/finish,0.275,4,0.3284774883416838,28.5,6.0,X but not Y,within_dataset
hu_rx22,rx22::survive/thrive,0.25,5,0.23637534456039236,30.0,8.0,X but not Y,within_dataset
hu_rx22,rx22::tired/exhausted,0.025,6,0.021524808246529484,55.5,28.0,X but not Y,within_dataset
hu_rx22,rx22::tolerate/encourage,0.65,7,0.18785729960962483,15.0,13.0,X but not Y,within_dataset
hu_rx22,rx22::try/succeed,0.775,8,0.44669154259845156,7.5,3.0,X but not Y,within_dataset
hu_rx22,rx22::ugly/hideous,0.05,9,0.031229617140369714,50.5,25.0,X but not Y,within_dataset
hu_rx22,rx22::understandable/articulate,0.1,0,0.00019785124261561355,40.5,54.0,X but not Y,within_dataset
hu_rx22,rx22::unpleasant/disgusting,0.05,1,0.04176237126269664,50.5,24.0,X but not Y,within_dataset
hu_rx22,rx22::usually/always,0.65,2,0.39513527009240945,15.0,5.0,X but not Y,within_dataset
hu_rx22,rx22::want/need,0.15,3,0.004539837400961537,37.0,38.0,X but not Y,within_dataset
hu_rx22,rx22::warm/hot,0.4,4,0.19013554119661702,25.0,12.0,X but not Y,within_dataset
hu_rx22,rx22::well/superbly,0.125,5,0.0002502162844189925,38.0,51.0,X but not Y,within_dataset
hu_rx22,rx22::willing/eager,0.075,6,0.02961738726580637,44.5,26.0,X but not Y,within_dataset
hu_rx22,rx22::allowed/obligatory,0.825,0,0.004,4.0,42.0,Set Top-K,within_dataset
hu_rx22,rx22::attractive/stunning,0.05,1,0.016,50.5,28.5,Set Top-K,within_dataset
hu_rx22,rx22::begin/complete,0.2,2,0.04,33.0,22.0,Set Top-K,within_dataset
hu_rx22,rx22::believe/know,0.625,3,0.462,17.0,7.0,Set Top-K,within_dataset
hu_rx22,rx22::big/enormous,0.05,4,0.018,50.5,27.0,Set Top-K,within_dataset
hu_rx22,rx22::cool/cold,0.425,5,0.888,24.0,1.0,Set Top-K,within_dataset
hu_rx22,rx22::dark/black,0.275,6,0.572,28.5,6.0,Set Top-K,within_dataset
hu_rx22,rx22::difficult/impossible,0.7,7,0.058,11.0,19.0,Set Top-K,within_dataset
hu_rx22,rx22::dirty/filthy,0.075,8,0.012,44.5,31.5,Set Top-K,within_dataset
hu_rx22,rx22::dislike/loathe,0.225,9,0.0,31.0,51.5,Set Top-K,within_dataset
hu_rx22,rx22::double/triple,0.525,0,0.012,21.0,31.5,Set Top-K,within_dataset
hu_rx22,rx22::equally/more,0.675,1,0.582,13.0,5.0,Set Top-K,within_dataset
hu_rx22,rx22::funny/hilarious,0.05,2,0.006,50.5,39.0,Set Top-K,within_dataset
hu_rx22,rx22::good/excellent,0.3,3,0.024,27.0,25.0,Set Top-K,within_dataset
hu_rx22,rx22::happy/ecstatic,0.05,4,0.0,50.5,51.5,Set Top-K,within_dataset
hu_rx22,rx22::hard/unsolvable,0.575,5,0.002,19.0,44.5,Set Top-K,within_dataset
hu_rx22,rx22::harmful/deadly,0.2,6,0.01,33.0,33.5,Set Top-K,within_dataset
hu_rx22,rx22::here/everywhere,0.5,7,0.746,22.0,3.0,Set Top-K,within_dataset
hu_rx22,rx22::hungry/starving,0.2,8,0.0,33.0,51.5,Set Top-K,within_dataset
hu_rx22,rx22::intelligent/brilliant,0.05,9,0.028,50.5,24.0,Set Top-K,within_dataset
hu_rx22,rx22::intimidating/terrifying,0.175,0,0.006,35.5,39.0,Set Top-K,within_dataset
hu_rx22,rx22::largely/totally,0.7,1,0.022,11.0,26.0,Set Top-K,within_dataset
hu_rx22,rx22::like/love,0.1,2,0.014,40.5,30.0,Set Top-K,within_dataset
hu_rx22,rx22::match/exceed,0.875,3,0.002,1.5,44.5,Set Top-K,within_dataset
hu_rx22,rx22::mostly/entirely,0.875,4,0.036,1.5,23.0,Set Top-K,within_dataset
hu_rx22,rx22::old/ancient,0.325,5,0.0,26.0,51.5,Set Top-K,within_dataset
hu_rx22,rx22::once/twice,0.7,6,0.444,11.0,8.0,Set Top-K,within_dataset
hu_rx22,rx22::overweight/obese,0.1,7,0.002,40.5,44.5,Set Top-K,within_dataset
hu_rx22,rx22::overwhelmingly/unanimously,0.6,8,0.048,18.0,21.0,Set Top-K,within_dataset
hu_rx22,rx22::palatable/delicious,0.475,9,0.144,23.0,13.0,Set Top-K,within_dataset
hu_rx22,rx22::partially/completely,0.95,0,0.132,0.0,14.0,Set Top-K,within_dataset
hu_rx22,rx22::permit/require,0.65,1,0.07,15.0,17.0,Set Top-K,within_dataset
hu_rx22,rx22::polished/impeccable,0.05,2,0.0,50.5,51.5,Set Top-K,within_dataset
hu_rx22,rx22::possible/certain,0.825,3,0.006,4.0,39.0,Set Top-K,within_dataset
hu_rx22,rx22::pretty/beautiful,0.075,4,0.208,44.5,11.0,Set Top-K,within_dataset
hu_rx22,rx22::primarily/exclusively,0.775,5,0.12,7.5,15.0,Set Top-K,within_dataset
hu_rx22,rx22::probably/necessarily,0.55,6,0.324,20.0,10.0,Set Top-K,within_dataset
hu_rx22,rx22::reduce/eliminate,0.8,7,0.0,6.0,51.5,Set Top-K,within_dataset
hu_rx22,rx22::scared/petrified,0.025,8,0.01,55.5,33.5,Set Top-K,within_dataset
hu_rx22,rx22::serious/life-threatening,0.075,9,0.346,44.5,9.0,Set Top-K,within_dataset
hu_rx22,rx22::similar/identical,0.725,0,0.856,9.0,2.0,Set Top-K,within_dataset
hu_rx22,rx22::slow/stop,0.825,1,0.006,4.0,39.0,Set Top-K,within_dataset
hu_rx22,rx22::small/tiny,0.175,2,0.006,35.5,39.0,Set Top-K,within_dataset
hu_rx22,rx22::snug/tight,0.1,3,0.008,40.5,35.5,Set Top-K,within_dataset
hu_rx22,rx22::start/finish,0.275,4,0.586,28.5,4.0,Set Top-K,within_dataset
hu_rx22,rx22::survive/thrive,0.25,5,0.0,30.0,51.5,Set Top-K,within_dataset
hu_rx22,rx22::tired/exhausted,0.025,6,0.002,55.5,44.5,Set Top-K,within_dataset
hu_rx22,rx22::tolerate/encourage,0.65,7,0.096,15.0,16.0,Set Top-K,within_dataset
hu_rx22,rx22::try/succeed,0.775,8,0.016,7.5,28.5,Set Top-K,within_dataset
hu_rx22,rx22::ugly/hideous,0.05,9,0.0,50.5,51.5,Set Top-K,within_dataset
hu_rx22,rx22::understandable/articulate,0.1,0,0.0,40.5,51.5,Set Top-K,within_dataset
hu_rx22,rx22::unpleasant/disgusting,0.05,1,0.0,50.5,51.5,Set Top-K,within_dataset
hu_rx22,rx22::usually/always,0.65,2,0.05,15.0,20.0,Set Top-K,within_dataset
hu_rx22,rx22::want/need,0.15,3,0.196,37.0,12.0,Set Top-K,within_dataset
hu_rx22,rx22::warm/hot,0.4,4,1.0,25.0,0.0,Set Top-K,within_dataset
hu_rx22,rx22::well/superbly,0.125,5,0.062,38.0,18.0,Set Top-K,within_dataset
hu_rx22,rx22::willing/eager,0.075,6,0.008,44.5,35.5,Set Top-K,within_dataset
hu_rx22,rx22::allowed/obligatory,0.825,0,0.002,4.0,47.5,Set Top-p,within_dataset
hu_rx22,rx22::attractive/stunning,0.05,1,0.312,50.5,12.0,Set Top-p,within_dataset
hu_rx22,rx22::begin/complete,0.2,2,0.494,33.0,10.0,Set Top-p,within_dataset
hu_rx22,rx22::believe/know,0.625,3,0.368,17.0,11.0,Set Top-p,within_dataset
hu_rx22,rx22::big/enormous,0.05,4,0.018,50.5,34.0,Set Top-p,within_dataset
hu_rx22,rx22::cool/cold,0.425,5,0.962,24.0,2.0,Set Top-p,within_dataset
hu_rx22,rx22::dark/black,0.275,6,0.936,28.5,4.0,Set Top-p,within_dataset
hu_rx22,rx22::difficult/impossible,0.7,7,0.0,11.0,53.0,Set Top-p,within_dataset
hu_rx22,rx22::dirty/filthy,0.075,8,0.056,44.5,25.0,Set Top-p,within_dataset
hu_rx22,rx22::dislike/loathe,0.225,9,0.0,31.0,53.0,Set Top-p,within_dataset
hu_rx22,rx22::double/triple,0.525,0,0.002,21.0,47.5,Set Top-p,within_dataset
hu_rx22,rx22::equally/more,0.675,1,0.944,13.0,3.0,Set Top-p,within_dataset
hu_rx22,rx22::funny/hilarious,0.05,2,0.006,50.5,42.0,Set Top-p,within_dataset
hu_rx22,rx22::good/excellent,0.3,3,0.032,27.0,28.0,Set Top-p,within_dataset
hu_rx22,rx22::happy/ecstatic,0.05,4,0.002,50.5,47.5,Set Top-p,within_dataset
hu_rx22,rx22::hard/unsolvable,0.575,5,0.002,19.0,47.5,Set Top-p,within_dataset
hu_rx22,rx22::harmful/deadly,0.2,6,0.03,33.0,29.0,Set Top-p,within_dataset
hu_rx22,rx22::here/everywhere,0.5,7,0.27,22.0,13.0,Set Top-p,within_dataset
hu_rx22,rx22::hungry/starving,0.2,8,0.0,33.0,53.0,Set Top-p,within_dataset
hu_rx22,rx22::intelligent/brilliant,0.05,9,0.064,50.5,24.0,Set Top-p,within_dataset
hu_rx22,rx22::intimidating/terrifying,0.175,0,0.006,35.5,42.0,Set Top-p,within_dataset
hu_rx22,rx22::largely/totally,0.7,1,0.144,11.0,17.0,Set Top-p,within_dataset
hu_rx22,rx22::like/love,0.1,2,0.118,40.5,21.0,Set Top-p,within_dataset
hu_rx22,rx22::match/exceed,0.875,3,0.0,1.5,53.0,Set Top-p,within_dataset
hu_rx22,rx22::mostly/entirely,0.875,4,0.122,1.5,20.0,Set Top-p,within_dataset
hu_rx22,rx22::old/ancient,0.325,5,0.014,26.0,37.5,Set Top-p,within_dataset
hu_rx22,rx22::once/twice,0.7,6,0.246,11.0,14.0,Set Top-p,within_dataset
hu_rx22,rx22::overweight/obese,0.1,7,0.006,40.5,42.0,Set Top-p,within_dataset
hu_rx22,rx22::overwhelmingly/unanimously,0.6,8,0.998,18.0,1.0,Set Top-p,within_dataset
hu_rx22,rx22::palatable/delicious,0.475,9,0.832,23.0,5.0,Set Top-p,within_dataset
hu_rx22,rx22::partially/completely,0.95,0,0.218,0.0,16.0,Set Top-p,within_dataset
hu_rx22,rx22::permit/require,0.65,1,0.088,15.0,22.0,Set Top-p,within_dataset
hu_rx22,rx22::polished/impeccable,0.05,2,0.0,50.5,53.0,Set Top-p,within_dataset
hu_rx22,rx22::possible/certain,0.825,3,0.026,4.0,30.0,Set Top-p,within_dataset
hu_rx22,rx22::pretty/beautiful,0.075,4,0.234,44.5,15.0,Set Top-p,within_dataset
hu_rx22,rx22::primarily/exclusively,0.775,5,0.51,7.5,9.0,Set Top-p,within_dataset
hu_rx22,rx22::probably/necessarily,0.55,6,0.124,20.0,18.5,Set Top-p,within_dataset
hu_rx22,rx22::reduce/eliminate,0.8,7,0.0,6.0,53.0,Set Top-p,within_dataset
hu_rx22,rx22::scared/petrified,0.025,8,0.046,55.5,26.5,Set Top-p,within_dataset
hu_rx22,rx22::serious/life-threatening,0.075,9,0.558,44.5,8.0,Set Top-p,within_dataset
hu_rx22,rx22::similar/identical,0.725,0,0.788,9.0,6.0,Set Top-p,within_dataset
hu_rx22,rx22::slow/stop,0.825,1,0.046,4.0,26.5,Set Top-p,within_dataset
hu_rx22,rx22::small/tiny,0.175,2,0.022,35.5,31.5,Set Top-p,within_dataset
hu_rx22,rx22::snug/tight,0.1,3,0.016,40.5,35.5,Set Top-p,within_dataset
hu_rx22,rx22::start/finish,0.275,4,0.742,28.5,7.0,Set Top-p,within_dataset
hu_rx22,rx22::survive/thrive,0.25,5,0.006,30.0,42.0,Set Top-p,within_dataset
hu_rx22,rx22::tired/exhausted,0.025,6,0.022,55.5,31.5,Set Top-p,within_dataset
hu_rx22,rx22::tolerate/encourage,0.65,7,0.01,15.0,39.0,Set Top-p,within_dataset
hu_rx22,rx22::try/succeed,0.775,8,0.004,7.5,45.0,Set Top-p,within_dataset
hu_rx22,rx22::ugly/hideous,0.05,9,0.006,50.5,42.0,Set Top-p,within_dataset
hu_rx22,rx22::understandable/articulate,0.1,0,0.0,40.5,53.0,Set Top-p,within_dataset
hu_rx22,rx22::unpleasant/disgusting,0.05,1,0.016,50.5,35.5,Set Top-p,within_dataset
hu_rx22,rx22::usually/always,0.65,2,0.124,15.0,18.5,Set Top-p,within_dataset
hu_rx22,rx22::want/need,0.15,3,0.07,37.0,23.0,Set Top-p,within_dataset
hu_rx22,rx22::warm/hot,0.4,4,1.0,25.0,0.0,Set Top-p,within_dataset
hu_rx22,rx22::well/superbly,0.125,5,0.02,38.0,33.0,Set Top-p,within_dataset
hu_rx22,rx22::willing/eager,0.075,6,0.014,44.5,37.5,Set Top-p,within_dataset
hu_rx22,rx22::allowed/obligatory,0.825,0,0.032,4.0,47.0,Ordering,within_dataset
hu_rx22,rx22::attractive/stunning,0.05,1,0.25,50.5,30.0,Ordering,within_dataset
hu_rx22,rx22::begin/complete,0.2,2,0.162,33.0,37.0,Ordering,within_dataset
hu_rx22,rx22::believe/know,0.625,3,0.962,17.0,3.0,Ordering,within_dataset
hu_rx22,rx22::big/enormous,0.05,4,0.012,50.5,52.5,Ordering,within_dataset
hu_rx22,rx22::cool/cold,0.425,5,0.736,24.0,9.0,Ordering,within_dataset
hu_rx22,rx22::dark/black,0.275,6,0.688,28.5,11.0,Ordering,within_dataset
hu_rx22,rx22::difficult/impossible,0.7,7,0.258,11.0,29.0,Ordering,within_dataset
hu_rx22,rx22::dirty/filthy,0.075,8,0.034,44.5,45.0,Ordering,within_dataset
hu_rx22,rx22::dislike/loathe,0.225,9,0.0,31.0,56.0,Ordering,within_dataset
hu_rx22,rx22::double/triple,0.525,0,0.062,21.0,41.5,Ordering,within_dataset
hu_rx22,rx22::equally/more,0.675,1,0.96,13.0,4.0,Ordering,within_dataset
hu_rx22,rx22::funny/hilarious,0.05,2,0.016,50.5,50.5,Ordering,within_dataset
hu_rx22,rx22::good/excellent,0.3,3,0.062,27.0,41.5,Ordering,within_dataset
hu_rx22,rx22::happy/ecstatic,0.05,4,0.028,50.5,49.0,Ordering,within_dataset
hu_rx22,rx22::hard/unsolvable,0.575,5,0.12,19.0,39.0,Ordering,within_dataset
hu_rx22,rx22::harmful/deadly,0.2,6,0.164,33.0,36.0,Ordering,within_dataset
hu_rx22,rx22::here/everywhere,0.5,7,0.61,22.0,14.0,Ordering,within_dataset
hu_rx22,rx22::hungry/starving,0.2,8,0.008,33.0,54.0,Ordering,within_dataset
hu_rx22,rx22::intelligent/brilliant,0.05,9,0.378,50.5,24.0,Ordering,within_dataset
hu_rx22,rx22::intimidating/terrifying,0.175,0,0.78,35.5,8.0,Ordering,within_dataset
hu_rx22,rx22::largely/totally,0.7,1,0.488,11.0,19.5,Ordering,within_dataset
hu_rx22,rx22::like/love,0.1,2,0.324,40.5,26.0,Ordering,within_dataset
hu_rx22,rx22::match/exceed,0.875,3,0.016,1.5,50.5,Ordering,within_dataset
hu_rx22,rx22::mostly/entirely,0.875,4,0.038,1.5,43.0,Ordering,within_dataset
hu_rx22,rx22::old/ancient,0.325,5,0.012,26.0,52.5,Ordering,within_dataset
hu_rx22,rx22::once/twice,0.7,6,0.264,11.0,28.0,Ordering,within_dataset
hu_rx22,rx22::overweight/obese,0.1,7,0.206,40.5,32.0,Ordering,within_dataset
hu_rx22,rx22::overwhelmingly/unanimously,0.6,8,0.456,18.0,22.5,Ordering,within_dataset
hu_rx22,rx22::palatable/delicious,0.475,9,0.994,23.0,1.0,Ordering,within_dataset
hu_rx22,rx22::partially/completely,0.95,0,0.582,0.0,15.0,Ordering,within_dataset
hu_rx22,rx22::permit/require,0.65,1,0.978,15.0,2.0,Ordering,within_dataset
hu_rx22,rx22::polished/impeccable,0.05,2,0.032,50.5,47.0,Ordering,within_dataset
hu_rx22,rx22::possible/certain,0.825,3,0.152,4.0,38.0,Ordering,within_dataset
hu_rx22,rx22::pretty/beautiful,0.075,4,0.456,44.5,22.5,Ordering,within_dataset
hu_rx22,rx22::primarily/exclusively,0.775,5,0.488,7.5,19.5,Ordering,within_dataset
hu_rx22,rx22::probably/necessarily,0.55,6,0.174,20.0,34.5,Ordering,within_dataset
hu_rx22,rx22::reduce/eliminate,0.8,7,0.174,6.0,34.5,Ordering,within_dataset
hu_rx22,rx22::scared/petrified,0.025,8,0.808,55.5,6.0,Ordering,within_dataset
hu_rx22,rx22::serious/life-threatening,0.075,9,0.548,44.5,16.0,Ordering,within_dataset
hu_rx22,rx22::similar/identical,0.725,0,0.176,9.0,33.0,Ordering,within_dataset
hu_rx22,rx22::slow/stop,0.825,1,0.786,4.0,7.0,Ordering,within_dataset
hu_rx22,rx22::small/tiny,0.175,2,0.072,35.5,40.0,Ordering,within_dataset
hu_rx22,rx22::snug/tight,0.1,3,0.862,40.5,5.0,Ordering,within_dataset
hu_rx22,rx22::start/finish,0.275,4,0.642,28.5,12.0,Ordering,within_dataset
hu_rx22,rx22::survive/thrive,0.25,5,0.036,30.0,44.0,Ordering,within_dataset
hu_rx22,rx22::tired/exhausted,0.025,6,0.524,55.5,17.5,Ordering,within_dataset
hu_rx22,rx22::tolerate/encourage,0.65,7,0.996,15.0,0.0,Ordering,within_dataset
hu_rx22,rx22::try/succeed,0.775,8,0.636,7.5,13.0,Ordering,within_dataset
hu_rx22,rx22::ugly/hideous,0.05,9,0.348,50.5,25.0,Ordering,within_dataset
hu_rx22,rx22::understandable/articulate,0.1,0,0.322,40.5,27.0,Ordering,within_dataset
hu_rx22,rx22::unpleasant/disgusting,0.05,1,0.482,50.5,21.0,Ordering,within_dataset
hu_rx22,rx22::usually/always,0.65,2,0.208,15.0,31.0,Ordering,within_dataset
hu_rx22,rx22::want/need,0.15,3,0.524,37.0,17.5,Ordering,within_dataset
hu_rx22,rx22::warm/hot,0.4,4,0.69,25.0,10.0,Ordering,within_dataset
hu_rx22,rx22::well/superbly,0.125,5,0.002,38.0,55.0,Ordering,within_dataset
hu_rx22,rx22::willing/eager,0.075,6,0.032,44.5,47.0,Ordering,within_dataset
hu_rx22,rx22::allowed/obligatory,0.825,0,0.004,4.0,41.0,Conjunction Top-K,within_dataset
hu_rx22,rx22::attractive/stunning,0.05,1,0.016,50.5,26.5,Conjunction Top-K,within_dataset
hu_rx22,rx22::begin/complete,0.2,2,0.036,33.0,21.0,Conjunction Top-K,within_dataset
hu_rx22,rx22::believe/know,0.625,3,0.454,17.0,6.0,Conjunction Top-K,within_dataset
hu_rx22,rx22::big/enormous,0.05,4,0.01,50.5,31.5,Conjunction Top-K,within_dataset
hu_rx22,rx22::cool/cold,0.425,5,0.694,24.0,0.0,Conjunction Top-K,within_dataset
hu_rx22,rx22::dark/black,0.275,6,0.484,28.5,4.0,Conjunction Top-K,within_dataset
hu_rx22,rx22::difficult/impossible,0.7,7,0.054,11.0,18.0,Conjunction Top-K,within_dataset
hu_rx22,rx22::dirty/filthy,0.075,8,0.012,44.5,29.0,Conjunction Top-K,within_dataset
hu_rx22,rx22::dislike/loathe,0.225,9,0.0,31.0,51.0,Conjunction Top-K,within_dataset
hu_rx22,rx22::double/triple,0.525,0,0.012,21.0,29.0,Conjunction Top-K,within_dataset
hu_rx22,rx22::equally/more,0.675,1,0.574,13.0,2.0,Conjunction Top-K,within_dataset
hu_rx22,rx22::funny/hilarious,0.05,2,0.006,50.5,38.0,Conjunction Top-K,within_dataset
hu_rx22,rx22::good/excellent,0.3,3,0.02,27.0,25.0,Conjunction Top-K,within_dataset
hu_rx22,rx22::happy/ecstatic,0.05,4,0.0,50.5,51.0,Conjunction Top-K,within_dataset
hu_rx22,rx22::hard/unsolvable,0.575,5,0.002,19.0,43.5,Conjunction Top-K,within_dataset
hu_rx22,rx22::harmful/deadly,0.2,6,0.008,33.0,34.0,Conjunction Top-K,within_dataset
hu_rx22,rx22::here/everywhere,0.5,7,0.556,22.0,3.0,Conjunction Top-K,within_dataset
hu_rx22,rx22::hungry/starving,0.2,8,0.0,33.0,51.0,Conjunction Top-K,within_dataset
hu_rx22,rx22::intelligent/brilliant,0.05,9,0.028,50.5,22.0,Conjunction Top-K,within_dataset
hu_rx22,rx22::intimidating/terrifying,0.175,0,0.006,35.5,38.0,Conjunction Top-K,within_dataset
hu_rx22,rx22::largely/totally,0.7,1,0.022,11.0,24.0,Conjunction Top-K,within_dataset
hu_rx22,rx22::like/love,0.1,2,0.012,40.5,29.0,Conjunction Top-K,within_dataset
hu_rx22,rx22::match/exceed,0.875,3,0.0,1.5,51.0,Conjunction Top-K,within_dataset
hu_rx22,rx22::mostly/entirely,0.875,4,0.024,1.5,23.0,Conjunction Top-K,within_dataset
hu_rx22,rx22::old/ancient,0.325,5,0.0,26.0,51.0,Conjunction Top-K,within_dataset
hu_rx22,rx22::once/twice,0.7,6,0.238,11.0,8.0,Conjunction Top-K,within_dataset
hu_rx22,rx22::overweight/obese,0.1,7,0.002,40.5,43.5,Conjunction Top-K,within_dataset
hu_rx22,rx22::overwhelmingly/unanimously,0.6,8,0.046,18.0,20.0,Conjunction Top-K,within_dataset
hu_rx22,rx22::palatable/delicious,0.475,9,0.144,23.0,13.0,Conjunction Top-K,within_dataset
hu_rx22,rx22::partially/completely,0.95,0,0.128,0.0,14.0,Conjunction Top-K,within_dataset
hu_rx22,rx22::permit/require,0.65,1,0.07,15.0,17.0,Conjunction Top-K,within_dataset
hu_rx22,rx22::polished/impeccable,0.05,2,0.0,50.5,51.0,Conjunction Top-K,within_dataset
hu_rx22,rx22::possible/certain,0.825,3,0.006,4.0,38.0,Conjunction Top-K,within_dataset
hu_rx22,rx22::pretty/beautiful,0.075,4,0.178,44.5,9.5,Conjunction Top-K,within_dataset
hu_rx22,rx22::primarily/exclusively,0.775,5,0.112,7.5,15.0,Conjunction Top-K,within_dataset
hu_rx22,rx22::probably/necessarily,0.55,6,0.15,20.0,12.0,Conjunction Top-K,within_dataset
hu_rx22,rx22::reduce/eliminate,0.8,7,0.0,6.0,51.0,Conjunction Top-K,within_dataset
hu_rx22,rx22::scared/petrified,0.025,8,0.01,55.5,31.5,Conjunction Top-K,within_dataset
hu_rx22,rx22::serious/life-threatening,0.075,9,0.292,44.5,7.0,Conjunction Top-K,within_dataset
hu_rx22,rx22::similar/identical,0.725,0,0.176,9.0,11.0,Conjunction Top-K,within_dataset
hu_rx22,rx22::slow/stop,0.825,1,0.006,4.0,38.0,Conjunction Top-K,within_dataset
hu_rx22,rx22::small/tiny,0.175,2,0.006,35.5,38.0,Conjunction Top-K,within_dataset
hu_rx22,rx22::snug/tight,0.1,3,0.008,40.5,34.0,Conjunction Top-K,within_dataset
hu_rx22,rx22::start/finish,0.275,4,0.474,28.5,5.0,Conjunction Top-K,within_dataset
hu_rx22,rx22::survive/thrive,0.25,5,0.0,30.0,51.0,Conjunction Top-K,within_dataset
hu_rx22,rx22::tired/exhausted,0.025,6,0.002,55.5,43.5,Conjunction Top-K,within_dataset
hu_rx22,rx22::tolerate/encourage,0.65,7,0.096,15.0,16.0,Conjunction Top-K,within_dataset
hu_rx22,rx22::try/succeed,0.775,8,0.016,7.5,26.5,Conjunction Top-K,within_dataset
hu_rx22,rx22::ugly/hideous,0.05,9,0.0,50.5,51.0,Conjunction Top-K,within_dataset
hu_rx22,rx22::understandable/articulate,0.1,0,0.0,40.5,51.0,Conjunction Top-K,within_dataset
hu_rx22,rx22::unpleasant/disgusting,0.05,1,0.0,50.5,51.0,Conjunction Top-K,within_dataset
hu_rx22,rx22::usually/always,0.65,2,0.048,15.0,19.0,Conjunction Top-K,within_dataset
hu_rx22,rx22::want/need,0.15,3,0.178,37.0,9.5,Conjunction Top-K,within_dataset
hu_rx22,rx22::warm/hot,0.4,4,0.69,25.0,1.0,Conjunction Top-K,within_dataset
hu_rx22,rx22::well/superbly,0.125,5,0.002,38.0,43.5,Conjunction Top-K,within_dataset
hu_rx22,rx22::willing/eager,0.075,6,0.008,44.5,34.0,Conjunction Top-K,within_dataset
hu_rx22,rx22::allowed/obligatory,0.825,0,0.002,4.0,46.5,Conjunction Top-p,within_dataset
hu_rx22,rx22::attractive/stunning,0.05,1,0.188,50.5,13.0,Conjunction Top-p,within_dataset
hu_rx22,rx22::begin/complete,0.2,2,0.162,33.0,16.0,Conjunction Top-p,within_dataset
hu_rx22,rx22::believe/know,0.625,3,0.364,17.0,9.0,Conjunction Top-p,within_dataset
hu_rx22,rx22::big/enormous,0.05,4,0.01,50.5,36.5,Conjunction Top-p,within_dataset
hu_rx22,rx22::cool/cold,0.425,5,0.73,24.0,2.0,Conjunction Top-p,within_dataset
hu_rx22,rx22::dark/black,0.275,6,0.678,28.5,4.0,Conjunction Top-p,within_dataset
hu_rx22,rx22::difficult/impossible,0.7,7,0.0,11.0,53.0,Conjunction Top-p,within_dataset
hu_rx22,rx22::dirty/filthy,0.075,8,0.03,44.5,27.0,Conjunction Top-p,within_dataset
hu_rx22,rx22::dislike/loathe,0.225,9,0.0,31.0,53.0,Conjunction Top-p,within_dataset
hu_rx22,rx22::double/triple,0.525,0,0.002,21.0,46.5,Conjunction Top-p,within_dataset
hu_rx22,rx22::equally/more,0.675,1,0.908,13.0,0.0,Conjunction Top-p,within_dataset
hu_rx22,rx22::funny/hilarious,0.05,2,0.006,50.5,40.0,Conjunction Top-p,within_dataset
hu_rx22,rx22::good/excellent,0.3,3,0.026,27.0,28.0,Conjunction Top-p,within_dataset
hu_rx22,rx22::happy/ecstatic,0.05,4,0.002,50.5,46.5,Conjunction Top-p,within_dataset
hu_rx22,rx22::hard/unsolvable,0.575,5,0.002,19.0,46.5,Conjunction Top-p,within_dataset
hu_rx22,rx22::harmful/deadly,0.2,6,0.024,33.0,29.0,Conjunction Top-p,within_dataset
hu_rx22,rx22::here/everywhere,0.5,7,0.246,22.0,10.0,Conjunction Top-p,within_dataset
hu_rx22,rx22::hungry/starving,0.2,8,0.0,33.0,53.0,Conjunction Top-p,within_dataset
hu_rx22,rx22::intelligent/brilliant,0.05,9,0.064,50.5,23.0,Conjunction Top-p,within_dataset
hu_rx22,rx22::intimidating/terrifying,0.175,0,0.006,35.5,40.0,Conjunction Top-p,within_dataset
hu_rx22,rx22::largely/totally,0.7,1,0.136,11.0,17.0,Conjunction Top-p,within_dataset
hu_rx22,rx22::like/love,0.1,2,0.098,40.5,18.0,Conjunction Top-p,within_dataset
hu_rx22,rx22::match/exceed,0.875,3,0.0,1.5,53.0,Conjunction Top-p,within_dataset
hu_rx22,rx22::mostly/entirely,0.875,4,0.038,1.5,26.0,Conjunction Top-p,within_dataset
hu_rx22,rx22::old/ancient,0.325,5,0.002,26.0,46.5,Conjunction Top-p,within_dataset
hu_rx22,rx22::once/twice,0.7,6,0.172,11.0,15.0,Conjunction Top-p,within_dataset
hu_rx22,rx22::overweight/obese,0.1,7,0.006,40.5,40.0,Conjunction Top-p,within_dataset
hu_rx22,rx22::overwhelmingly/unanimously,0.6,8,0.456,18.0,6.0,Conjunction Top-p,within_dataset
hu_rx22,rx22::palatable/delicious,0.475,9,0.83,23.0,1.0,Conjunction Top-p,within_dataset
hu_rx22,rx22::partially/completely,0.95,0,0.204,0.0,11.0,Conjunction Top-p,within_dataset
hu_rx22,rx22::permit/require,0.65,1,0.088,15.0,21.0,Conjunction Top-p,within_dataset
hu_rx22,rx22::polished/impeccable,0.05,2,0.0,50.5,53.0,Conjunction Top-p,within_dataset
hu_rx22,rx22::possible/certain,0.825,3,0.02,4.0,31.5,Conjunction Top-p,within_dataset
hu_rx22,rx22::pretty/beautiful,0.075,4,0.198,44.5,12.0,Conjunction Top-p,within_dataset
hu_rx22,rx22::primarily/exclusively,0.775,5,0.368,7.5,8.0,Conjunction Top-p,within_dataset
hu_rx22,rx22::probably/necessarily,0.55,6,0.096,20.0,19.5,Conjunction Top-p,within_dataset
hu_rx22,rx22::reduce/eliminate,0.8,7,0.0,6.0,53.0,Conjunction Top-p,within_dataset
hu_rx22,rx22::scared/petrified,0.025,8,0.046,55.5,24.5,Conjunction Top-p,within_dataset
hu_rx22,rx22::serious/life-threatening,0.075,9,0.418,44.5,7.0,Conjunction Top-p,within_dataset
hu_rx22,rx22::similar/identical,0.725,0,0.176,9.0,14.0,Conjunction Top-p,within_dataset
hu_rx22,rx22::slow/stop,0.825,1,0.046,4.0,24.5,Conjunction Top-p,within_dataset
hu_rx22,rx22::small/tiny,0.175,2,0.02,35.5,31.5,Conjunction Top-p,within_dataset
hu_rx22,rx22::snug/tight,0.1,3,0.016,40.5,33.5,Conjunction Top-p,within_dataset
hu_rx22,rx22::start/finish,0.275,4,0.562,28.5,5.0,Conjunction Top-p,within_dataset
hu_rx22,rx22::survive/thrive,0.25,5,0.006,30.0,40.0,Conjunction Top-p,within_dataset
hu_rx22,rx22::tired/exhausted,0.025,6,0.022,55.5,30.0,Conjunction Top-p,within_dataset
hu_rx22,rx22::tolerate/encourage,0.65,7,0.01,15.0,36.5,Conjunction Top-p,within_dataset
hu_rx22,rx22::try/succeed,0.775,8,0.004,7.5,43.0,Conjunction Top-p,within_dataset
hu_rx22,rx22::ugly/hideous,0.05,9,0.006,50.5,40.0,Conjunction Top-p,within_dataset
hu_rx22,rx22::understandable/articulate,0.1,0,0.0,40.5,53.0,Conjunction Top-p,within_dataset
hu_rx22,rx22::unpleasant/disgusting,0.05,1,0.016,50.5,33.5,Conjunction Top-p,within_dataset
hu_rx22,rx22::usually/always,0.65,2,0.096,15.0,19.5,Conjunction Top-p,within_dataset
hu_rx22,rx22::want/need,0.15,3,0.068,37.0,22.0,Conjunction Top-p,within_dataset
hu_rx22,rx22::warm/hot,0.4,4,0.69,25.0,3.0,Conjunction Top-p,within_dataset
hu_rx22,rx22::well/superbly,0.125,5,0.002,38.0,46.5,Conjunction Top-p,within_dataset
hu_rx22,rx22::willing/eager,0.075,6,0.014,44.5,35.0,Conjunction Top-p,within_dataset
hu_rx22,rx22::allowed/obligatory,0.825,0,0.032,4.0,48.0,Disjunction Top-K,within_dataset
hu_rx22,rx22::attractive/stunning,0.05,1,0.25,50.5,32.0,Disjunction Top-K,within_dataset
hu_rx22,rx22::begin/complete,0.2,2,0.166,33.0,36.5,Disjunction Top-K,within_dataset
hu_rx22,rx22::believe/know,0.625,3,0.97,17.0,4.0,Disjunction Top-K,within_dataset
hu_rx22,rx22::big/enormous,0.05,4,0.02,50.5,51.0,Disjunction Top-K,within_dataset
hu_rx22,rx22::cool/cold,0.425,5,0.93,24.0,6.0,Disjunction Top-K,within_dataset
hu_rx22,rx22::dark/black,0.275,6,0.776,28.5,13.0,Disjunction Top-K,within_dataset
hu_rx22,rx22::difficult/impossible,0.7,7,0.262,11.0,31.0,Disjunction Top-K,within_dataset
hu_rx22,rx22::dirty/filthy,0.075,8,0.034,44.5,46.0,Disjunction Top-K,within_dataset
hu_rx22,rx22::dislike/loathe,0.225,9,0.0,31.0,56.0,Disjunction Top-K,within_dataset
hu_rx22,rx22::double/triple,0.525,0,0.062,21.0,42.5,Disjunction Top-K,within_dataset
hu_rx22,rx22::equally/more,0.675,1,0.968,13.0,5.0,Disjunction Top-K,within_dataset
hu_rx22,rx22::funny/hilarious,0.05,2,0.016,50.5,53.0,Disjunction Top-K,within_dataset
hu_rx22,rx22::good/excellent,0.3,3,0.066,27.0,41.0,Disjunction Top-K,within_dataset
hu_rx22,rx22::happy/ecstatic,0.05,4,0.028,50.5,50.0,Disjunction Top-K,within_dataset
hu_rx22,rx22::hard/unsolvable,0.575,5,0.12,19.0,39.0,Disjunction Top-K,within_dataset
hu_rx22,rx22::harmful/deadly,0.2,6,0.166,33.0,36.5,Disjunction Top-K,within_dataset
hu_rx22,rx22::here/everywhere,0.5,7,0.8,22.0,10.0,Disjunction Top-K,within_dataset
hu_rx22,rx22::hungry/starving,0.2,8,0.008,33.0,55.0,Disjunction Top-K,within_dataset
hu_rx22,rx22::intelligent/brilliant,0.05,9,0.378,50.5,26.0,Disjunction Top-K,within_dataset
hu_rx22,rx22::intimidating/terrifying,0.175,0,0.78,35.5,12.0,Disjunction Top-K,within_dataset
hu_rx22,rx22::largely/totally,0.7,1,0.488,11.0,21.0,Disjunction Top-K,within_dataset
hu_rx22,rx22::like/love,0.1,2,0.326,40.5,29.0,Disjunction Top-K,within_dataset
hu_rx22,rx22::match/exceed,0.875,3,0.018,1.5,52.0,Disjunction Top-K,within_dataset
hu_rx22,rx22::mostly/entirely,0.875,4,0.05,1.5,44.0,Disjunction Top-K,within_dataset
hu_rx22,rx22::old/ancient,0.325,5,0.012,26.0,54.0,Disjunction Top-K,within_dataset
hu_rx22,rx22::once/twice,0.7,6,0.47,11.0,24.0,Disjunction Top-K,within_dataset
hu_rx22,rx22::overweight/obese,0.1,7,0.206,40.5,34.0,Disjunction Top-K,within_dataset
hu_rx22,rx22::overwhelmingly/unanimously,0.6,8,0.458,18.0,25.0,Disjunction Top-K,within_dataset
hu_rx22,rx22::palatable/delicious,0.475,9,0.994,23.0,2.0,Disjunction Top-K,within_dataset
hu_rx22,rx22::partially/completely,0.95,0,0.586,0.0,17.0,Disjunction Top-K,within_dataset
hu_rx22,rx22::permit/require,0.65,1,0.978,15.0,3.0,Disjunction Top-K,within_dataset
hu_rx22,rx22::polished/impeccable,0.05,2,0.032,50.5,48.0,Disjunction Top-K,within_dataset
hu_rx22,rx22::possible/certain,0.825,3,0.152,4.0,38.0,Disjunction Top-K,within_dataset
hu_rx22,rx22::pretty/beautiful,0.075,4,0.486,44.5,22.0,Disjunction Top-K,within_dataset
hu_rx22,rx22::primarily/exclusively,0.775,5,0.496,7.5,20.0,Disjunction Top-K,within_dataset
hu_rx22,rx22::probably/necessarily,0.55,6,0.348,20.0,27.5,Disjunction Top-K,within_dataset
hu_rx22,rx22::reduce/eliminate,0.8,7,0.174,6.0,35.0,Disjunction Top-K,within_dataset
hu_rx22,rx22::scared/petrified,0.025,8,0.808,55.5,9.0,Disjunction Top-K,within_dataset
hu_rx22,rx22::serious/life-threatening,0.075,9,0.602,44.5,16.0,Disjunction Top-K,within_dataset
hu_rx22,rx22::similar/identical,0.725,0,0.856,9.0,8.0,Disjunction Top-K,within_dataset
hu_rx22,rx22::slow/stop,0.825,1,0.786,4.0,11.0,Disjunction Top-K,within_dataset
hu_rx22,rx22::small/tiny,0.175,2,0.072,35.5,40.0,Disjunction Top-K,within_dataset
hu_rx22,rx22::snug/tight,0.1,3,0.862,40.5,7.0,Disjunction Top-K,within_dataset
hu_rx22,rx22::start/finish,0.275,4,0.754,28.5,14.0,Disjunction Top-K,within_dataset
hu_rx22,rx22::survive/thrive,0.25,5,0.036,30.0,45.0,Disjunction Top-K,within_dataset
hu_rx22,rx22::tired/exhausted,0.025,6,0.524,55.5,19.0,Disjunction Top-K,within_dataset
hu_rx22,rx22::tolerate/encourage,0.65,7,0.996,15.0,1.0,Disjunction Top-K,within_dataset
hu_rx22,rx22::try/succeed,0.775,8,0.636,7.5,15.0,Disjunction Top-K,within_dataset
hu_rx22,rx22::ugly/hideous,0.05,9,0.348,50.5,27.5,Disjunction Top-K,within_dataset
hu_rx22,rx22::understandable/articulate,0.1,0,0.322,40.5,30.0,Disjunction Top-K,within_dataset
hu_rx22,rx22::unpleasant/disgusting,0.05,1,0.482,50.5,23.0,Disjunction Top-K,within_dataset
hu_rx22,rx22::usually/always,0.65,2,0.21,15.0,33.0,Disjunction Top-K,within_dataset
hu_rx22,rx22::want/need,0.15,3,0.542,37.0,18.0,Disjunction Top-K,within_dataset
hu_rx22,rx22::warm/hot,0.4,4,1.0,25.0,0.0,Disjunction Top-K,within_dataset
hu_rx22,rx22::well/superbly,0.125,5,0.062,38.0,42.5,Disjunction Top-K,within_dataset
hu_rx22,rx22::willing/eager,0.075,6,0.032,44.5,48.0,Disjunction Top-K,within_dataset
hu_rx22,rx22::allowed/obligatory,0.825,0,0.032,4.0,47.0,Disjunction Top-p,within_dataset
hu_rx22,rx22::attractive/stunning,0.05,1,0.374,50.5,27.0,Disjunction Top-p,within_dataset
hu_rx22,rx22::begin/complete,0.2,2,0.494,33.0,23.0,Disjunction Top-p,within_dataset
hu_rx22,rx22::believe/know,0.625,3,0.966,17.0,7.0,Disjunction Top-p,within_dataset
hu_rx22,rx22::big/enormous,0.05,4,0.02,50.5,51.5,Disjunction Top-p,within_dataset
hu_rx22,rx22::cool/cold,0.425,5,0.968,24.0,6.0,Disjunction Top-p,within_dataset
hu_rx22,rx22::dark/black,0.275,6,0.946,28.5,8.0,Disjunction Top-p,within_dataset
hu_rx22,rx22::difficult/impossible,0.7,7,0.258,11.0,32.0,Disjunction Top-p,within_dataset
hu_rx22,rx22::dirty/filthy,0.075,8,0.06,44.5,44.0,Disjunction Top-p,within_dataset
hu_rx22,rx22::dislike/loathe,0.225,9,0.0,31.0,56.0,Disjunction Top-p,within_dataset
hu_rx22,rx22::double/triple,0.525,0,0.062,21.0,43.0,Disjunction Top-p,within_dataset
hu_rx22,rx22::equally/more,0.675,1,0.996,13.0,3.0,Disjunction Top-p,within_dataset
hu_rx22,rx22::funny/hilarious,0.05,2,0.016,50.5,53.5,Disjunction Top-p,within_dataset
hu_rx22,rx22::good/excellent,0.3,3,0.068,27.0,42.0,Disjunction Top-p,within_dataset
hu_rx22,rx22::happy/ecstatic,0.05,4,0.028,50.5,49.0,Disjunction Top-p,within_dataset
hu_rx22,rx22::hard/unsolvable,0.575,5,0.12,19.0,40.0,Disjunction Top-p,within_dataset
hu_rx22,rx22::harmful/deadly,0.2,6,0.17,33.0,37.0,Disjunction Top-p,within_dataset
hu_rx22,rx22::here/everywhere,0.5,7,0.634,22.0,17.0,Disjunction Top-p,within_dataset
hu_rx22,rx22::hungry/starving,0.2,8,0.008,33.0,55.0,Disjunction Top-p,within_dataset
hu_rx22,rx22::intelligent/brilliant,0.05,9,0.378,50.5,26.0,Disjunction Top-p,within_dataset
hu_rx22,rx22::intimidating/terrifying,0.175,0,0.78,35.5,14.0,Disjunction Top-p,within_dataset
hu_rx22,rx22::largely/totally,0.7,1,0.496,11.0,22.0,Disjunction Top-p,within_dataset
hu_rx22,rx22::like/love,0.1,2,0.344,40.5,29.0,Disjunction Top-p,within_dataset
hu_rx22,rx22::match/exceed,0.875,3,0.016,1.5,53.5,Disjunction Top-p,within_dataset
hu_rx22,rx22::mostly/entirely,0.875,4,0.122,1.5,39.0,Disjunction Top-p,within_dataset
hu_rx22,rx22::old/ancient,0.325,5,0.024,26.0,50.0,Disjunction Top-p,within_dataset
hu_rx22,rx22::once/twice,0.7,6,0.338,11.0,30.0,Disjunction Top-p,within_dataset
hu_rx22,rx22::overweight/obese,0.1,7,0.206,40.5,34.0,Disjunction Top-p,within_dataset
hu_rx22,rx22::overwhelmingly/unanimously,0.6,8,0.998,18.0,1.0,Disjunction Top-p,within_dataset
hu_rx22,rx22::palatable/delicious,0.475,9,0.996,23.0,3.0,Disjunction Top-p,within_dataset
hu_rx22,rx22::partially/completely,0.95,0,0.596,0.0,19.0,Disjunction Top-p,within_dataset
hu_rx22,rx22::permit/require,0.65,1,0.978,15.0,5.0,Disjunction Top-p,within_dataset
hu_rx22,rx22::polished/impeccable,0.05,2,0.032,50.5,47.0,Disjunction Top-p,within_dataset
hu_rx22,rx22::possible/certain,0.825,3,0.158,4.0,38.0,Disjunction Top-p,within_dataset
hu_rx22,rx22::pretty/beautiful,0.075,4,0.492,44.5,24.0,Disjunction Top-p,within_dataset
hu_rx22,rx22::primarily/exclusively,0.775,5,0.63,7.5,18.0,Disjunction Top-p,within_dataset
hu_rx22,rx22::probably/necessarily,0.55,6,0.202,20.0,35.0,Disjunction Top-p,within_dataset
hu_rx22,rx22::reduce/eliminate,0.8,7,0.174,6.0,36.0,Disjunction Top-p,within_dataset
hu_rx22,rx22::scared/petrified,0.025,8,0.808,55.5,11.0,Disjunction Top-p,within_dataset
hu_rx22,rx22::serious/life-threatening,0.075,9,0.688,44.5,15.0,Disjunction Top-p,within_dataset
hu_rx22,rx22::similar/identical,0.725,0,0.788,9.0,12.0,Disjunction Top-p,within_dataset
hu_rx22,rx22::slow/stop,0.825,1,0.786,4.0,13.0,Disjunction Top-p,within_dataset
hu_rx22,rx22::small/tiny,0.175,2,0.074,35.5,41.0,Disjunction Top-p,within_dataset
hu_rx22,rx22::snug/tight,0.1,3,0.862,40.5,9.0,Disjunction Top-p,within_dataset
hu_rx22,rx22::start/finish,0.275,4,0.822,28.5,10.0,Disjunction Top-p,within_dataset
hu_rx22,rx22::survive/thrive,0.25,5,0.036,30.0,45.0,Disjunction Top-p,within_dataset
hu_rx22,rx22::tired/exhausted,0.025,6,0.524,55.5,21.0,Disjunction Top-p,within_dataset
hu_rx22,rx22::tolerate/encourage,0.65,7,0.996,15.0,3.0,Disjunction Top-p,within_dataset
hu_rx22,rx22::try/succeed,0.775,8,0.636,7.5,16.0,Disjunction Top-p,within_dataset
hu_rx22,rx22::ugly/hideous,0.05,9,0.348,50.5,28.0,Disjunction Top-p,within_dataset
hu_rx22,rx22::understandable/articulate,0.1,0,0.322,40.5,31.0,Disjunction Top-p,within_dataset
hu_rx22,rx22::unpleasant/disgusting,0.05,1,0.482,50.5,25.0,Disjunction Top-p,within_dataset
hu_rx22,rx22::usually/always,0.65,2,0.236,15.0,33.0,Disjunction Top-p,within_dataset
hu_rx22,rx22::want/need,0.15,3,0.526,37.0,20.0,Disjunction Top-p,within_dataset
hu_rx22,rx22::warm/hot,0.4,4,1.0,25.0,0.0,Disjunction Top-p,within_dataset
hu_rx22,rx22::well/superbly,0.125,5,0.02,38.0,51.5,Disjunction Top-p,within_dataset
hu_rx22,rx22::willing/eager,0.075,6,0.032,44.5,47.0,Disjunction Top-p,within_dataset
rnx_esi,ESI::01,0.825,0,3.57338780539437e-05,5.0,45.0,No linking structure,within_condition
rnx_esi,ESI::02,0.05,1,0.0003720950033253557,53.5,30.0,No linking structure,within_condition
rnx_esi,ESI::03,0.2,2,0.0002804018074689165,36.0,33.0,No linking structure,within_condition
rnx_esi,ESI::04,0.625,3,0.0010729133771119606,18.0,20.0,No linking structure,within_condition
rnx_esi,ESI::05,0.05,4,0.00016120374571775337,53.5,34.0,No linking structure,within_condition
rnx_esi,ESI::06,0.425,5,0.01805248360630604,25.0,3.0,No linking structure,within_condition
rnx_esi,ESI::07,0.375,6,0.00039381523851089793,27.0,28.0,No linking structure,within_condition
rnx_esi,ESI::08,0.275,7,0.006054764768334019,30.5,5.0,No linking structure,within_condition
rnx_esi,ESI::09,0.7,8,7.14353186077229e-06,12.0,55.0,No linking structure,within_condition
rnx_esi,ESI::10,0.075,9,4.889345178934946e-05,47.5,42.0,No linking structure,within_condition
rnx_esi,ESI::11,0.225,0,1.0804125679748846e-07,34.0,59.0,No linking structure,within_condition
rnx_esi,ESI::12,0.525,1,2.3353616998936577e-05,22.0,47.0,No linking structure,within_condition
rnx_esi,ESI::13,0.675,2,0.0037776925529137634,14.0,9.0,No linking structure,within_condition
rnx_esi,ESI::14,0.05,3,0.0013833341696449406,53.5,18.0,No linking structure,within_condition
rnx_esi,ESI::15,0.3,4,0.0016172814949484747,29.0,15.0,No linking structure,within_condition
rnx_esi,ESI::16,0.05,5,1.1229985670847778e-05,53.5,51.0,No linking structure,within_condition
rnx_esi,ESI::17,0.575,6,3.604760849881989e-05,20.0,44.0,No linking structure,within_condition
rnx_esi,ESI::18,0.2,7,0.0010957636845284756,36.0,19.0,No linking structure,within_condition
rnx_esi,ESI::19,0.5,8,0.080073920157245,23.0,1.0,No linking structure,within_condition
rnx_esi,ESI::20,0.2,9,1.4900756881466296e-05,36.0,49.0,No linking structure,within_condition
rnx_esi,ESI::21,0.05,0,0.00011819567766883674,53.5,38.0,No linking structure,within_condition
rnx_esi,ESI::22,0.175,1,6.858411686611906e-06,38.5,56.0,No linking structure,within_condition
rnx_esi,ESI::23,0.7,2,0.0004276102237260412,12.0,27.0,No linking structure,within_condition
rnx_esi,ESI::24,0.1,3,0.002438580181029948,43.5,13.0,No linking structure,within_condition
rnx_esi,ESI::25,0.875,4,7.491063552629675e-06,2.5,54.0,No linking structure,within_condition
rnx_esi,ESI::26,0.875,5,0.0008941541776150868,2.5,22.0,No linking structure,within_condition
rnx_esi,ESI::27,0.325,6,5.38156350909048e-05,28.0,41.0,No linking structure,within_condition
rnx_esi,ESI::28,0.7,7,0.00031302628167678725,12.0,32.0,No linking structure,within_condition
rnx_esi,ESI::29,0.25,8,0.082098797048581,32.5,0.0,No linking structure,within_condition
rnx_esi,ESI::30,0.1,9,1.7344692491308286e-05,43.5,48.0,No linking structure,within_condition
rnx_esi,ESI::31,0.6,0,0.0038422487067530766,19.0,8.0,No linking structure,within_condition
rnx_esi,ESI::32,0.475,1,0.0014221196031359966,24.0,17.0,No linking structure,within_condition
rnx_esi,ESI::33,0.95,2,0.00237278553812013,0.0,14.0,No linking structure,within_condition
rnx_esi,ESI::34,0.65,3,0.0008951818833075643,16.0,21.0,No linking structure,within_condition
rnx_esi,ESI::35,0.05,4,4.688541296558146e-05,53.5,43.0,No linking structure,within_condition
rnx_esi,ESI::36,0.825,5,0.0003134232730950735,5.0,31.0,No linking structure,within_condition
rnx_esi,ESI::37,0.075,6,0.00318886030337028,47.5,11.0,No linking structure,within_condition
rnx_esi,ESI::38,0.775,7,8.700852367567005e-05,8.5,40.0,No linking structure,within_condition
rnx_esi,ESI::39,0.55,8,0.00011892927340931739,21.0,37.0,No linking structure,within_condition
rnx_esi,ESI::40,0.8,9,8.407983490489261e-06,7.0,53.0,No linking structure,within_condition
rnx_esi,ESI::41,0.025,0,8.809225297163905e-06,58.5,52.0,No linking structure,within_condition
rnx_esi,ESI::42,0.075,1,0.0014585824406100289,47.5,16.0,No linking structure,within_condition
rnx_esi,ESI::43,0.725,2,0.012886237446089457,10.0,4.0,No linking structure,within_condition
rnx_esi,ESI::44,0.825,3,0.0037432038967926233,5.0,10.0,No linking structure,within_condition
rnx_esi,ESI::45,0.175,4,0.00014612571524911638,38.5,36.0,No linking structure,within_condition
rnx_esi,ESI::46,0.1,5,0.00077262397346913,43.5,24.0,No linking structure,within_condition
rnx_esi,ESI::47,0.925,6,0.0028625310562331724,1.0,12.0,No linking structure,within_condition
rnx_esi,ESI::48,0.275,7,0.006000168357590573,30.5,6.0,No linking structure,within_condition
rnx_esi,ESI::49,0.25,8,4.6803802346961715e-06,32.5,57.0,No linking structure,within_condition
rnx_esi,ESI::50,0.025,9,0.00010449200927516023,58.5,39.0,No linking structure,within_condition
rnx_esi,ESI::51,0.65,0,0.00015653903973746535,16.0,35.0,No linking structure,within_condition
rnx_esi,ESI::52,0.775,1,1.4415805839061682e-05,8.5,50.0,No linking structure,within_condition
rnx_esi,ESI::53,0.05,2,2.9795607956680372e-05,53.5,46.0,No linking structure,within_condition
rnx_esi,ESI::54,0.1,3,4.081668446232401e-07,43.5,58.0,No linking structure,within_condition
rnx_esi,ESI::55,0.05,4,0.0005028816439036451,53.5,26.0,No linking structure,within_condition
rnx_esi,ESI::56,0.65,5,0.005727312021368908,16.0,7.0,No linking structure,within_condition
rnx_esi,ESI::57,0.15,6,0.0008219356444992829,40.0,23.0,No linking structure,within_condition
rnx_esi,ESI::58,0.4,7,0.05290778995448027,26.0,2.0,No linking structure,within_condition
rnx_esi,ESI::59,0.125,8,0.00037377155875422454,41.0,29.0,No linking structure,within_condition
rnx_esi,ESI::60,0.075,9,0.0007289081825043085,47.5,25.0,No linking structure,within_condition
rnx_esi,ESI::01,0.825,0,0.004,5.0,45.0,Set Top-K,within_condition
rnx_esi,ESI::02,0.05,1,0.016,53.5,31.5,Set Top-K,within_condition
rnx_esi,ESI::03,0.2,2,0.04,36.0,25.0,Set Top-K,within_condition
rnx_esi,ESI::04,0.625,3,0.462,18.0,9.0,Set Top-K,within_condition
rnx_esi,ESI::05,0.05,4,0.018,53.5,30.0,Set Top-K,within_condition
rnx_esi,ESI::06,0.425,5,0.888,25.0,2.0,Set Top-K,within_condition
rnx_esi,ESI::07,0.375,6,0.09,27.0,19.0,Set Top-K,within_condition
rnx_esi,ESI::08,0.275,7,0.572,30.5,8.0,Set Top-K,within_condition
rnx_esi,ESI::09,0.7,8,0.058,12.0,22.0,Set Top-K,within_condition
rnx_esi,ESI::10,0.075,9,0.012,47.5,34.5,Set Top-K,within_condition
rnx_esi,ESI::11,0.225,0,0.0,34.0,54.5,Set Top-K,within_condition
rnx_esi,ESI::12,0.525,1,0.012,22.0,34.5,Set Top-K,within_condition
rnx_esi,ESI::13,0.675,2,0.582,14.0,7.0,Set Top-K,within_condition
rnx_esi,ESI::14,0.05,3,0.006,53.5,42.0,Set Top-K,within_condition
rnx_esi,ESI::15,0.3,4,0.024,29.0,28.0,Set Top-K,within_condition
rnx_esi,ESI::16,0.05,5,0.0,53.5,54.5,Set Top-K,within_condition
rnx_esi,ESI::17,0.575,6,0.002,20.0,47.5,Set Top-K,within_condition
rnx_esi,ESI::18,0.2,7,0.01,36.0,36.5,Set Top-K,within_condition
rnx_esi,ESI::19,0.5,8,0.746,23.0,4.0,Set Top-K,within_condition
rnx_esi,ESI::20,0.2,9,0.0,36.0,54.5,Set Top-K,within_condition
rnx_esi,ESI::21,0.05,0,0.028,53.5,27.0,Set Top-K,within_condition
rnx_esi,ESI::22,0.175,1,0.006,38.5,42.0,Set Top-K,within_condition
rnx_esi,ESI::23,0.7,2,0.022,12.0,29.0,Set Top-K,within_condition
rnx_esi,ESI::24,0.1,3,0.014,43.5,33.0,Set Top-K,within_condition
rnx_esi,ESI::25,0.875,4,0.002,2.5,47.5,Set Top-K,within_condition
rnx_esi,ESI::26,0.875,5,0.036,2.5,26.0,Set Top-K,within_condition
rnx_esi,ESI::27,0.325,6,0.0,28.0,54.5,Set Top-K,within_condition
rnx_esi,ESI::28,0.7,7,0.444,12.0,10.0,Set Top-K,within_condition
rnx_esi,ESI::29,0.25,8,1.0,32.5,0.5,Set Top-K,within_condition
rnx_esi,ESI::30,0.1,9,0.002,43.5,47.5,Set Top-K,within_condition
rnx_esi,ESI::31,0.6,0,0.048,19.0,24.0,Set Top-K,within_condition
rnx_esi,ESI::32,0.475,1,0.144,24.0,15.0,Set Top-K,within_condition
rnx_esi,ESI::33,0.95,2,0.132,0.0,16.0,Set Top-K,within_condition
rnx_esi,ESI::34,0.65,3,0.07,16.0,20.0,Set Top-K,within_condition
rnx_esi,ESI::35,0.05,4,0.0,53.5,54.5,Set Top-K,within_condition
rnx_esi,ESI::36,0.825,5,0.006,5.0,42.0,Set Top-K,within_condition
rnx_esi,ESI::37,0.075,6,0.208,47.5,13.0,Set Top-K,within_condition
rnx_esi,ESI::38,0.775,7,0.12,8.5,17.0,Set Top-K,within_condition
rnx_esi,ESI::39,0.55,8,0.324,21.0,12.0,Set Top-K,within_condition
rnx_esi,ESI::40,0.8,9,0.0,7.0,54.5,Set Top-K,within_condition
rnx_esi,ESI::41,0.025,0,0.01,58.5,36.5,Set Top-K,within_condition
rnx_esi,ESI::42,0.075,1,0.346,47.5,11.0,Set Top-K,within_condition
rnx_esi,ESI::43,0.725,2,0.856,10.0,3.0,Set Top-K,within_condition
rnx_esi,ESI::44,0.825,3,0.006,5.0,42.0,Set Top-K,within_condition
rnx_esi,ESI::45,0.175,4,0.006,38.5,42.0,Set Top-K,within_condition
rnx_esi,ESI::46,0.1,5,0.008,43.5,38.5,Set Top-K,within_condition
rnx_esi,ESI::47,0.925,6,0.732,1.0,5.0,Set Top-K,within_condition
rnx_esi,ESI::48,0.275,7,0.586,30.5,6.0,Set Top-K,within_condition
rnx_esi,ESI::49,0.25,8,0.0,32.5,54.5,Set Top-K,within_condition
rnx_esi,ESI::50,0.025,9,0.002,58.5,47.5,Set Top-K,within_condition
rnx_esi,ESI::51,0.65,0,0.096,16.0,18.0,Set Top-K,within_condition
rnx_esi,ESI::52,0.775,1,0.016,8.5,31.5,Set Top-K,within_condition
rnx_esi,ESI::53,0.05,2,0.0,53.5,54.5,Set Top-K,within_condition
rnx_esi,ESI::54,0.1,3,0.0,43.5,54.5,Set Top-K,within_condition
rnx_esi,ESI::55,0.05,4,0.0,53.5,54.5,Set Top-K,within_condition
rnx_esi,ESI::56,0.65,5,0.05,16.0,23.0,Set Top-K,within_condition
rnx_esi,ESI::57,0.15,6,0.196,40.0,14.0,Set Top-K,within_condition
rnx_esi,ESI::58,0.4,7,1.0,26.0,0.5,Set Top-K,within_condition
rnx_esi,ESI::59,0.125,8,0.062,41.0,21.0,Set Top-K,within_condition
rnx_esi,ESI::60,0.075,9,0.008,47.5,38.5,Set Top-K,within_condition
rnx_esi,ESI::01,0.825,0,0.002,5.0,50.5,Set Top-p,within_condition
rnx_esi,ESI::02,0.05,1,0.312,53.5,13.0,Set Top-p,within_condition
rnx_esi,ESI::03,0.2,2,0.494,36.0,11.0,Set Top-p,within_condition
rnx_esi,ESI::04,0.625,3,0.368,18.0,12.0,Set Top-p,within_condition
rnx_esi,ESI::05,0.05,4,0.018,53.5,37.0,Set Top-p,within_condition
rnx_esi,ESI::06,0.425,5,0.962,25.0,3.0,Set Top-p,within_condition
rnx_esi,ESI::07,0.375,6,0.048,27.0,28.0,Set Top-p,within_condition
rnx_esi,ESI::08,0.275,7,0.936,30.5,5.0,Set Top-p,within_condition
rnx_esi,ESI::09,0.7,8,0.0,12.0,56.0,Set Top-p,within_condition
rnx_esi,ESI::10,0.075,9,0.056,47.5,27.0,Set Top-p,within_condition
rnx_esi,ESI::11,0.225,0,0.0,34.0,56.0,Set Top-p,within_condition
rnx_esi,ESI::12,0.525,1,0.002,22.0,50.5,Set Top-p,within_condition
rnx_esi,ESI::13,0.675,2,0.944,14.0,4.0,Set Top-p,within_condition
rnx_esi,ESI::14,0.05,3,0.006,53.5,45.0,Set Top-p,within_condition
rnx_esi,ESI::15,0.3,4,0.032,29.0,31.0,Set Top-p,within_condition
rnx_esi,ESI::16,0.05,5,0.002,53.5,50.5,Set Top-p,within_condition
rnx_esi,ESI::17,0.575,6,0.002,20.0,50.5,Set Top-p,within_condition
rnx_esi,ESI::18,0.2,7,0.03,36.0,32.0,Set Top-p,within_condition
rnx_esi,ESI::19,0.5,8,0.27,23.0,14.0,Set Top-p,within_condition
rnx_esi,ESI::20,0.2,9,0.0,36.0,56.0,Set Top-p,within_condition
rnx_esi,ESI::21,0.05,0,0.064,53.5,26.0,Set Top-p,within_condition
rnx_esi,ESI::22,0.175,1,0.006,38.5,45.0,Set Top-p,within_condition
rnx_esi,ESI::23,0.7,2,0.144,12.0,19.0,Set Top-p,within_condition
rnx_esi,ESI::24,0.1,3,0.118,43.5,23.0,Set Top-p,within_condition
rnx_esi,ESI::25,0.875,4,0.0,2.5,56.0,Set Top-p,within_condition
rnx_esi,ESI::26,0.875,5,0.122,2.5,22.0,Set Top-p,within_condition
rnx_esi,ESI::27,0.325,6,0.014,28.0,40.5,Set Top-p,within_condition
rnx_esi,ESI::28,0.7,7,0.246,12.0,15.0,Set Top-p,within_condition
rnx_esi,ESI::29,0.25,8,1.0,32.5,0.5,Set Top-p,within_condition
rnx_esi,ESI::30,0.1,9,0.006,43.5,45.0,Set Top-p,within_condition
rnx_esi,ESI::31,0.6,0,0.998,19.0,2.0,Set Top-p,within_condition
rnx_esi,ESI::32,0.475,1,0.832,24.0,6.0,Set Top-p,within_condition
rnx_esi,ESI::33,0.95,2,0.218,0.0,17.0,Set Top-p,within_condition
rnx_esi,ESI::34,0.65,3,0.088,16.0,24.0,Set Top-p,within_condition
rnx_esi,ESI::35,0.05,4,0.0,53.5,56.0,Set Top-p,within_condition
rnx_esi,ESI::36,0.825,5,0.026,5.0,33.0,Set Top-p,within_condition
rnx_esi,ESI::37,0.075,6,0.234,47.5,16.0,Set Top-p,within_condition
rnx_esi,ESI::38,0.775,7,0.51,8.5,10.0,Set Top-p,within_condition
rnx_esi,ESI::39,0.55,8,0.124,21.0,20.5,Set Top-p,within_condition
rnx_esi,ESI::40,0.8,9,0.0,7.0,56.0,Set Top-p,within_condition
rnx_esi,ESI::41,0.025,0,0.046,58.5,29.5,Set Top-p,within_condition
rnx_esi,ESI::42,0.075,1,0.558,47.5,9.0,Set Top-p,within_condition
rnx_esi,ESI::43,0.725,2,0.788,10.0,7.0,Set Top-p,within_condition
rnx_esi,ESI::44,0.825,3,0.046,5.0,29.5,Set Top-p,within_condition
rnx_esi,ESI::45,0.175,4,0.022,38.5,34.5,Set Top-p,within_condition
rnx_esi,ESI::46,0.1,5,0.016,43.5,38.5,Set Top-p,within_condition
rnx_esi,ESI::47,0.925,6,0.216,1.0,18.0,Set Top-p,within_condition
rnx_esi,ESI::48,0.275,7,0.742,30.5,8.0,Set Top-p,within_condition
rnx_esi,ESI::49,0.25,8,0.006,32.5,45.0,Set Top-p,within_condition
rnx_esi,ESI::50,0.025,9,0.022,58.5,34.5,Set Top-p,within_condition
rnx_esi,ESI::51,0.65,0,0.01,16.0,42.0,Set Top-p,within_condition
rnx_esi,ESI::52,0.775,1,0.004,8.5,48.0,Set Top-p,within_condition
rnx_esi,ESI::53,0.05,2,0.006,53.5,45.0,Set Top-p,within_condition
rnx_esi,ESI::54,0.1,3,0.0,43.5,56.0,Set Top-p,within_condition
rnx_esi,ESI::55,0.05,4,0.016,53.5,38.5,Set Top-p,within_condition
rnx_esi,ESI::56,0.65,5,0.124,16.0,20.5,Set Top-p,within_condition
rnx_esi,ESI::57,0.15,6,0.07,40.0,25.0,Set Top-p,within_condition
rnx_esi,ESI::58,0.4,7,1.0,26.0,0.5,Set Top-p,within_condition
rnx_esi,ESI::59,0.125,8,0.02,41.0,36.0,Set Top-p,within_condition
rnx_esi,ESI::60,0.075,9,0.014,47.5,40.5,Set Top-p,within_condition
rnx_esi,ESI::01,0.825,0,0.032,5.0,50.0,Ordering,within_condition
rnx_esi,ESI::02,0.05,1,0.25,53.5,33.0,Ordering,within_condition
rnx_esi,ESI::03,0.2,2,0.162,36.0,40.0,Ordering,within_condition
rnx_esi,ESI::04,0.625,3,0.962,18.0,4.0,Ordering,within_condition
rnx_esi,ESI::05,0.05,4,0.012,53.5,55.5,Ordering,within_condition
rnx_esi,ESI::06,0.425,5,0.736,25.0,10.0,Ordering,within_condition
rnx_esi,ESI::07,0.375,6,0.468,27.0,24.0,Ordering,within_condition
rnx_esi,ESI::08,0.275,7,0.688,30.5,12.0,Ordering,within_condition
rnx_esi,ESI::09,0.7,8,0.258,12.0,32.0,Ordering,within_condition
rnx_esi,ESI::10,0.075,9,0.034,47.5,48.0,Ordering,within_condition
rnx_esi,ESI::11,0.225,0,0.0,34.0,59.0,Ordering,within_condition
rnx_esi,ESI::12,0.525,1,0.062,22.0,44.5,Ordering,within_condition
rnx_esi,ESI::13,0.675,2,0.96,14.0,5.0,Ordering,within_condition
rnx_esi,ESI::14,0.05,3,0.016,53.5,53.5,Ordering,within_condition
rnx_esi,ESI::15,0.3,4,0.062,29.0,44.5,Ordering,within_condition
rnx_esi,ESI::16,0.05,5,0.028,53.5,52.0,Ordering,within_condition
rnx_esi,ESI::17,0.575,6,0.12,20.0,42.0,Ordering,within_condition
rnx_esi,ESI::18,0.2,7,0.164,36.0,39.0,Ordering,within_condition
rnx_esi,ESI::19,0.5,8,0.61,23.0,15.0,Ordering,within_condition
rnx_esi,ESI::20,0.2,9,0.008,36.0,57.0,Ordering,within_condition
rnx_esi,ESI::21,0.05,0,0.378,53.5,27.0,Ordering,within_condition
rnx_esi,ESI::22,0.175,1,0.78,38.5,9.0,Ordering,within_condition
rnx_esi,ESI::23,0.7,2,0.488,12.0,21.5,Ordering,within_condition
rnx_esi,ESI::24,0.1,3,0.324,43.5,29.0,Ordering,within_condition
rnx_esi,ESI::25,0.875,4,0.016,2.5,53.5,Ordering,within_condition
rnx_esi,ESI::26,0.875,5,0.038,2.5,46.0,Ordering,within_condition
rnx_esi,ESI::27,0.325,6,0.012,28.0,55.5,Ordering,within_condition
rnx_esi,ESI::28,0.7,7,0.264,12.0,31.0,Ordering,within_condition
rnx_esi,ESI::29,0.25,8,1.0,32.5,0.0,Ordering,within_condition
rnx_esi,ESI::30,0.1,9,0.206,43.5,35.0,Ordering,within_condition
rnx_esi,ESI::31,0.6,0,0.456,19.0,25.5,Ordering,within_condition
rnx_esi,ESI::32,0.475,1,0.994,24.0,2.0,Ordering,within_condition
rnx_esi,ESI::33,0.95,2,0.582,0.0,16.0,Ordering,within_condition
rnx_esi,ESI::34,0.65,3,0.978,16.0,3.0,Ordering,within_condition
rnx_esi,ESI::35,0.05,4,0.032,53.5,50.0,Ordering,within_condition
rnx_esi,ESI::36,0.825,5,0.152,5.0,41.0,Ordering,within_condition
rnx_esi,ESI::37,0.075,6,0.456,47.5,25.5,Ordering,within_condition
rnx_esi,ESI::38,0.775,7,0.488,8.5,21.5,Ordering,within_condition
rnx_esi,ESI::39,0.55,8,0.174,21.0,37.5,Ordering,within_condition
rnx_esi,ESI::40,0.8,9,0.174,7.0,37.5,Ordering,within_condition
rnx_esi,ESI::41,0.025,0,0.808,58.5,7.0,Ordering,within_condition
rnx_esi,ESI::42,0.075,1,0.548,47.5,17.5,Ordering,within_condition
rnx_esi,ESI::43,0.725,2,0.176,10.0,36.0,Ordering,within_condition
rnx_esi,ESI::44,0.825,3,0.786,5.0,8.0,Ordering,within_condition
rnx_esi,ESI::45,0.175,4,0.072,38.5,43.0,Ordering,within_condition
rnx_esi,ESI::46,0.1,5,0.862,43.5,6.0,Ordering,within_condition
rnx_esi,ESI::47,0.925,6,0.548,1.0,17.5,Ordering,within_condition
rnx_esi,ESI::48,0.275,7,0.642,30.5,13.0,Ordering,within_condition
rnx_esi,ESI::49,0.25,8,0.036,32.5,47.0,Ordering,within_condition
rnx_esi,ESI::50,0.025,9,0.524,58.5,19.5,Ordering,within_condition
rnx_esi,ESI::51,0.65,0,0.996,16.0,1.0,Ordering,within_condition
rnx_esi,ESI::52,0.775,1,0.636,8.5,14.0,Ordering,within_condition
rnx_esi,ESI::53,0.05,2,0.348,53.5,28.0,Ordering,within_condition
rnx_esi,ESI::54,0.1,3,0.322,43.5,30.0,Ordering,within_condition
rnx_esi,ESI::55,0.05,4,0.482,53.5,23.0,Ordering,within_condition
rnx_esi,ESI::56,0.65,5,0.208,16.0,34.0,Ordering,within_condition
rnx_esi,ESI::57,0.15,6,0.524,40.0,19.5,Ordering,within_condition
rnx_esi,ESI::58,0.4,7,0.69,26.0,11.0,Ordering,within_condition
rnx_esi,ESI::59,0.125,8,0.002,41.0,58.0,Ordering,within_condition
rnx_esi,ESI::60,0.075,9,0.032,47.5,50.0,Ordering,within_condition
rnx_esi,ESI::01,0.825,0,0.004,5.0,44.0,Conjunction Top-K,within_condition
rnx_esi,ESI::02,0.05,1,0.016,53.5,29.5,Conjunction Top-K,within_condition
rnx_esi,ESI::03,0.2,2,0.036,36.0,24.0,Conjunction Top-K,within_condition
rnx_esi,ESI::04,0.625,3,0.454,18.0,8.0,Conjunction Top-K,within_condition
rnx_esi,ESI::05,0.05,4,0.01,53.5,34.5,Conjunction Top-K,within_condition
rnx_esi,ESI::06,0.425,5,0.694,25.0,1.0,Conjunction Top-K,within_condition
rnx_esi,ESI::07,0.375,6,0.082,27.0,19.0,Conjunction Top-K,within_condition
rnx_esi,ESI::08,0.275,7,0.484,30.5,6.0,Conjunction Top-K,within_condition
rnx_esi,ESI::09,0.7,8,0.054,12.0,21.0,Conjunction Top-K,within_condition
rnx_esi,ESI::10,0.075,9,0.012,47.5,32.0,Conjunction Top-K,within_condition
rnx_esi,ESI::11,0.225,0,0.0,34.0,54.0,Conjunction Top-K,within_condition
rnx_esi,ESI::12,0.525,1,0.012,22.0,32.0,Conjunction Top-K,within_condition
rnx_esi,ESI::13,0.675,2,0.574,14.0,3.0,Conjunction Top-K,within_condition
rnx_esi,ESI::14,0.05,3,0.006,53.5,41.0,Conjunction Top-K,within_condition
rnx_esi,ESI::15,0.3,4,0.02,29.0,28.0,Conjunction Top-K,within_condition
rnx_esi,ESI::16,0.05,5,0.0,53.5,54.0,Conjunction Top-K,within_condition
rnx_esi,ESI::17,0.575,6,0.002,20.0,46.5,Conjunction Top-K,within_condition
rnx_esi,ESI::18,0.2,7,0.008,36.0,37.0,Conjunction Top-K,within_condition
rnx_esi,ESI::19,0.5,8,0.556,23.0,4.0,Conjunction Top-K,within_condition
rnx_esi,ESI::20,0.2,9,0.0,36.0,54.0,Conjunction Top-K,within_condition
rnx_esi,ESI::21,0.05,0,0.028,53.5,25.0,Conjunction Top-K,within_condition
rnx_esi,ESI::22,0.175,1,0.006,38.5,41.0,Conjunction Top-K,within_condition
rnx_esi,ESI::23,0.7,2,0.022,12.0,27.0,Conjunction Top-K,within_condition
rnx_esi,ESI::24,0.1,3,0.012,43.5,32.0,Conjunction Top-K,within_condition
rnx_esi,ESI::25,0.875,4,0.0,2.5,54.0,Conjunction Top-K,within_condition
rnx_esi,ESI::26,0.875,5,0.024,2.5,26.0,Conjunction Top-K,within_condition
rnx_esi,ESI::27,0.325,6,0.0,28.0,54.0,Conjunction Top-K,within_condition
rnx_esi,ESI::28,0.7,7,0.238,12.0,10.0,Conjunction Top-K,within_condition
rnx_esi,ESI::29,0.25,8,1.0,32.5,0.0,Conjunction Top-K,within_condition
rnx_esi,ESI::30,0.1,9,0.002,43.5,46.5,Conjunction Top-K,within_condition
rnx_esi,ESI::31,0.6,0,0.046,19.0,23.0,Conjunction Top-K,within_condition
rnx_esi,ESI::32,0.475,1,0.144,24.0,15.0,Conjunction Top-K,within_condition
rnx_esi,ESI::33,0.95,2,0.128,0.0,16.0,Conjunction Top-K,within_condition
rnx_esi,ESI::34,0.65,3,0.07,16.0,20.0,Conjunction Top-K,within_condition
rnx_esi,ESI::35,0.05,4,0.0,53.5,54.0,Conjunction Top-K,within_condition
rnx_esi,ESI::36,0.825,5,0.006,5.0,41.0,Conjunction Top-K,within_condition
rnx_esi,ESI::37,0.075,6,0.178,47.5,11.5,Conjunction Top-K,within_condition
rnx_esi,ESI::38,0.775,7,0.112,8.5,17.0,Conjunction Top-K,within_condition
rnx_esi,ESI::39,0.55,8,0.15,21.0,14.0,Conjunction Top-K,within_condition
rnx_esi,ESI::40,0.8,9,0.0,7.0,54.0,Conjunction Top-K,within_condition
rnx_esi,ESI::41,0.025,0,0.01,58.5,34.5,Conjunction Top-K,within_condition
rnx_esi,ESI::42,0.075,1,0.292,47.5,9.0,Conjunction Top-K,within_condition
rnx_esi,ESI::43,0.725,2,0.176,10.0,13.0,Conjunction Top-K,within_condition
rnx_esi,ESI::44,0.825,3,0.006,5.0,41.0,Conjunction Top-K,within_condition
rnx_esi,ESI::45,0.175,4,0.006,38.5,41.0,Conjunction Top-K,within_condition
rnx_esi,ESI::46,0.1,5,0.008,43.5,37.0,Conjunction Top-K,within_condition
rnx_esi,ESI::47,0.925,6,0.508,1.0,5.0,Conjunction Top-K,within_condition
rnx_esi,ESI::48,0.275,7,0.474,30.5,7.0,Conjunction Top-K,within_condition
rnx_esi,ESI::49,0.25,8,0.0,32.5,54.0,Conjunction Top-K,within_condition
rnx_esi,ESI::50,0.025,9,0.002,58.5,46.5,Conjunction Top-K,within_condition
rnx_esi,ESI::51,0.65,0,0.096,16.0,18.0,Conjunction Top-K,within_condition
rnx_esi,ESI::52,0.775,1,0.016,8.5,29.5,Conjunction Top-K,within_condition
rnx_esi,ESI::53,0.05,2,0.0,53.5,54.0,Conjunction Top-K,within_condition
rnx_esi,ESI::54,0.1,3,0.0,43.5,54.0,Conjunction Top-K,within_condition
rnx_esi,ESI::55,0.05,4,0.0,53.5,54.0,Conjunction Top-K,within_condition
rnx_esi,ESI::56,0.65,5,0.048,16.0,22.0,Conjunction Top-K,within_condition
rnx_esi,ESI::57,0.15,6,0.178,40.0,11.5,Conjunction Top-K,within_condition
rnx_esi,ESI::58,0.4,7,0.69,26.0,2.0,Conjunction Top-K,within_condition
rnx_esi,ESI::59,0.125,8,0.002,41.0,46.5,Conjunction Top-K,within_condition
rnx_esi,ESI::60,0.075,9,0.008,47.5,37.0,Conjunction Top-K,within_condition
rnx_esi,ESI::01,0.825,0,0.002,5.0,49.5,Conjunction Top-p,within_condition
rnx_esi,ESI::02,0.05,1,0.188,53.5,14.5,Conjunction Top-p,within_condition
rnx_esi,ESI::03,0.2,2,0.162,36.0,18.0,Conjunction Top-p,within_condition
rnx_esi,ESI::04,0.625,3,0.364,18.0,10.0,Conjunction Top-p,within_condition
rnx_esi,ESI::05,0.05,4,0.01,53.5,39.5,Conjunction Top-p,within_condition
rnx_esi,ESI::06,0.425,5,0.73,25.0,3.0,Conjunction Top-p,within_condition
rnx_esi,ESI::07,0.375,6,0.048,27.0,26.0,Conjunction Top-p,within_condition
rnx_esi,ESI::08,0.275,7,0.678,30.5,5.0,Conjunction Top-p,within_condition
rnx_esi,ESI::09,0.7,8,0.0,12.0,56.0,Conjunction Top-p,within_condition
rnx_esi,ESI::10,0.075,9,0.03,47.5,30.0,Conjunction Top-p,within_condition
rnx_esi,ESI::11,0.225,0,0.0,34.0,56.0,Conjunction Top-p,within_condition
rnx_esi,ESI::12,0.525,1,0.002,22.0,49.5,Conjunction Top-p,within_condition
rnx_esi,ESI::13,0.675,2,0.908,14.0,1.0,Conjunction Top-p,within_condition
rnx_esi,ESI::14,0.05,3,0.006,53.5,43.0,Conjunction Top-p,within_condition
rnx_esi,ESI::15,0.3,4,0.026,29.0,31.0,Conjunction Top-p,within_condition
rnx_esi,ESI::16,0.05,5,0.002,53.5,49.5,Conjunction Top-p,within_condition
rnx_esi,ESI::17,0.575,6,0.002,20.0,49.5,Conjunction Top-p,within_condition
rnx_esi,ESI::18,0.2,7,0.024,36.0,32.0,Conjunction Top-p,within_condition
rnx_esi,ESI::19,0.5,8,0.246,23.0,11.0,Conjunction Top-p,within_condition
rnx_esi,ESI::20,0.2,9,0.0,36.0,56.0,Conjunction Top-p,within_condition
rnx_esi,ESI::21,0.05,0,0.064,53.5,25.0,Conjunction Top-p,within_condition
rnx_esi,ESI::22,0.175,1,0.006,38.5,43.0,Conjunction Top-p,within_condition
rnx_esi,ESI::23,0.7,2,0.136,12.0,19.0,Conjunction Top-p,within_condition
rnx_esi,ESI::24,0.1,3,0.098,43.5,20.0,Conjunction Top-p,within_condition
rnx_esi,ESI::25,0.875,4,0.0,2.5,56.0,Conjunction Top-p,within_condition
rnx_esi,ESI::26,0.875,5,0.038,2.5,29.0,Conjunction Top-p,within_condition
rnx_esi,ESI::27,0.325,6,0.002,28.0,49.5,Conjunction Top-p,within_condition
rnx_esi,ESI::28,0.7,7,0.172,12.0,17.0,Conjunction Top-p,within_condition
rnx_esi,ESI::29,0.25,8,1.0,32.5,0.0,Conjunction Top-p,within_condition
rnx_esi,ESI::30,0.1,9,0.006,43.5,43.0,Conjunction Top-p,within_condition
rnx_esi,ESI::31,0.6,0,0.456,19.0,7.0,Conjunction Top-p,within_condition
rnx_esi,ESI::32,0.475,1,0.83,24.0,2.0,Conjunction Top-p,within_condition
rnx_esi,ESI::33,0.95,2,0.204,0.0,12.0,Conjunction Top-p,within_condition
rnx_esi,ESI::34,0.65,3,0.088,16.0,23.0,Conjunction Top-p,within_condition
rnx_esi,ESI::35,0.05,4,0.0,53.5,56.0,Conjunction Top-p,within_condition
rnx_esi,ESI::36,0.825,5,0.02,5.0,34.5,Conjunction Top-p,within_condition
rnx_esi,ESI::37,0.075,6,0.198,47.5,13.0,Conjunction Top-p,within_condition
rnx_esi,ESI::38,0.775,7,0.368,8.5,9.0,Conjunction Top-p,within_condition
rnx_esi,ESI::39,0.55,8,0.096,21.0,21.5,Conjunction Top-p,within_condition
rnx_esi,ESI::40,0.8,9,0.0,7.0,56.0,Conjunction Top-p,within_condition
rnx_esi,ESI::41,0.025,0,0.046,58.5,27.5,Conjunction Top-p,within_condition
rnx_esi,ESI::42,0.075,1,0.418,47.5,8.0,Conjunction Top-p,within_condition
rnx_esi,ESI::43,0.725,2,0.176,10.0,16.0,Conjunction Top-p,within_condition
rnx_esi,ESI::44,0.825,3,0.046,5.0,27.5,Conjunction Top-p,within_condition
rnx_esi,ESI::45,0.175,4,0.02,38.5,34.5,Conjunction Top-p,within_condition
rnx_esi,ESI::46,0.1,5,0.016,43.5,36.5,Conjunction Top-p,within_condition
rnx_esi,ESI::47,0.925,6,0.188,1.0,14.5,Conjunction Top-p,within_condition
rnx_esi,ESI::48,0.275,7,0.562,30.5,6.0,Conjunction Top-p,within_condition
rnx_esi,ESI::49,0.25,8,0.006,32.5,43.0,Conjunction Top-p,within_condition
rnx_esi,ESI::50,0.025,9,0.022,58.5,33.0,Conjunction Top-p,within_condition
rnx_esi,ESI::51,0.65,0,0.01,16.0,39.5,Conjunction Top-p,within_condition
rnx_esi,ESI::52,0.775,1,0.004,8.5,46.0,Conjunction Top-p,within_condition
rnx_esi,ESI::53,0.05,2,0.006,53.5,43.0,Conjunction Top-p,within_condition
rnx_esi,ESI::54,0.1,3,0.0,43.5,56.0,Conjunction Top-p,within_condition
rnx_esi,ESI::55,0.05,4,0.016,53.5,36.5,Conjunction Top-p,within_condition
rnx_esi,ESI::56,0.65,5,0.096,16.0,21.5,Conjunction Top-p,within_condition
rnx_esi,ESI::57,0.15,6,0.068,40.0,24.0,Conjunction Top-p,within_condition
rnx_esi,ESI::58,0.4,7,0.69,26.0,4.0,Conjunction Top-p,within_condition
rnx_esi,ESI::59,0.125,8,0.002,41.0,49.5,Conjunction Top-p,within_condition
rnx_esi,ESI::60,0.075,9,0.014,47.5,38.0,Conjunction Top-p,within_condition
rnx_esi,ESI::01,0.825,0,0.032,5.0,51.0,Disjunction Top-K,within_condition
rnx_esi,ESI::02,0.05,1,0.25,53.5,35.0,Disjunction Top-K,within_condition
rnx_esi,ESI::03,0.2,2,0.166,36.0,39.5,Disjunction Top-K,within_condition
rnx_esi,ESI::04,0.625,3,0.97,18.0,5.0,Disjunction Top-K,within_condition
rnx_esi,ESI::05,0.05,4,0.02,53.5,54.0,Disjunction Top-K,within_condition
rnx_esi,ESI::06,0.425,5,0.93,25.0,7.0,Disjunction Top-K,within_condition
rnx_esi,ESI::07,0.375,6,0.476,27.0,26.0,Disjunction Top-K,within_condition
rnx_esi,ESI::08,0.275,7,0.776,30.5,14.0,Disjunction Top-K,within_condition
rnx_esi,ESI::09,0.7,8,0.262,12.0,34.0,Disjunction Top-K,within_condition
rnx_esi,ESI::10,0.075,9,0.034,47.5,49.0,Disjunction Top-K,within_condition
rnx_esi,ESI::11,0.225,0,0.0,34.0,59.0,Disjunction Top-K,within_condition
rnx_esi,ESI::12,0.525,1,0.062,22.0,45.5,Disjunction Top-K,within_condition
rnx_esi,ESI::13,0.675,2,0.968,14.0,6.0,Disjunction Top-K,within_condition
rnx_esi,ESI::14,0.05,3,0.016,53.5,56.0,Disjunction Top-K,within_condition
rnx_esi,ESI::15,0.3,4,0.066,29.0,44.0,Disjunction Top-K,within_condition
rnx_esi,ESI::16,0.05,5,0.028,53.5,53.0,Disjunction Top-K,within_condition
rnx_esi,ESI::17,0.575,6,0.12,20.0,42.0,Disjunction Top-K,within_condition
rnx_esi,ESI::18,0.2,7,0.166,36.0,39.5,Disjunction Top-K,within_condition
rnx_esi,ESI::19,0.5,8,0.8,23.0,11.0,Disjunction Top-K,within_condition
rnx_esi,ESI::20,0.2,9,0.008,36.0,58.0,Disjunction Top-K,within_condition
rnx_esi,ESI::21,0.05,0,0.378,53.5,29.0,Disjunction Top-K,within_condition
rnx_esi,ESI::22,0.175,1,0.78,38.5,13.0,Disjunction Top-K,within_condition
rnx_esi,ESI::23,0.7,2,0.488,12.0,23.0,Disjunction Top-K,within_condition
rnx_esi,ESI::24,0.1,3,0.326,43.5,32.0,Disjunction Top-K,within_condition
rnx_esi,ESI::25,0.875,4,0.018,2.5,55.0,Disjunction Top-K,within_condition
rnx_esi,ESI::26,0.875,5,0.05,2.5,47.0,Disjunction Top-K,within_condition
rnx_esi,ESI::27,0.325,6,0.012,28.0,57.0,Disjunction Top-K,within_condition
rnx_esi,ESI::28,0.7,7,0.47,12.0,27.0,Disjunction Top-K,within_condition
rnx_esi,ESI::29,0.25,8,1.0,32.5,0.5,Disjunction Top-K,within_condition
rnx_esi,ESI::30,0.1,9,0.206,43.5,37.0,Disjunction Top-K,within_condition
rnx_esi,ESI::31,0.6,0,0.458,19.0,28.0,Disjunction Top-K,within_condition
rnx_esi,ESI::32,0.475,1,0.994,24.0,3.0,Disjunction Top-K,within_condition
rnx_esi,ESI::33,0.95,2,0.586,0.0,19.0,Disjunction Top-K,within_condition
rnx_esi,ESI::34,0.65,3,0.978,16.0,4.0,Disjunction Top-K,within_condition
rnx_esi,ESI::35,0.05,4,0.032,53.5,51.0,Disjunction Top-K,within_condition
rnx_esi,ESI::36,0.825,5,0.152,5.0,41.0,Disjunction Top-K,within_condition
rnx_esi,ESI::37,0.075,6,0.486,47.5,24.0,Disjunction Top-K,within_condition
rnx_esi,ESI::38,0.775,7,0.496,8.5,22.0,Disjunction Top-K,within_condition
rnx_esi,ESI::39,0.55,8,0.348,21.0,30.5,Disjunction Top-K,within_condition
rnx_esi,ESI::40,0.8,9,0.174,7.0,38.0,Disjunction Top-K,within_condition
rnx_esi,ESI::41,0.025,0,0.808,58.5,10.0,Disjunction Top-K,within_condition
rnx_esi,ESI::42,0.075,1,0.602,47.5,18.0,Disjunction Top-K,within_condition
rnx_esi,ESI::43,0.725,2,0.856,10.0,9.0,Disjunction Top-K,within_condition
rnx_esi,ESI::44,0.825,3,0.786,5.0,12.0,Disjunction Top-K,within_condition
rnx_esi,ESI::45,0.175,4,0.072,38.5,43.0,Disjunction Top-K,within_condition
rnx_esi,ESI::46,0.1,5,0.862,43.5,8.0,Disjunction Top-K,within_condition
rnx_esi,ESI::47,0.925,6,0.772,1.0,15.0,Disjunction Top-K,within_condition
rnx_esi,ESI::48,0.275,7,0.754,30.5,16.0,Disjunction Top-K,within_condition
rnx_esi,ESI::49,0.25,8,0.036,32.5,48.0,Disjunction Top-K,within_condition
rnx_esi,ESI::50,0.025,9,0.524,58.5,21.0,Disjunction Top-K,within_condition
rnx_esi,ESI::51,0.65,0,0.996,16.0,2.0,Disjunction Top-K,within_condition
rnx_esi,ESI::52,0.775,1,0.636,8.5,17.0,Disjunction Top-K,within_condition
rnx_esi,ESI::53,0.05,2,0.348,53.5,30.5,Disjunction Top-K,within_condition
rnx_esi,ESI::54,0.1,3,0.322,43.5,33.0,Disjunction Top-K,within_condition
rnx_esi,ESI::55,0.05,4,0.482,53.5,25.0,Disjunction Top-K,within_condition
rnx_esi,ESI::56,0.65,5,0.21,16.0,36.0,Disjunction Top-K,within_condition
rnx_esi,ESI::57,0.15,6,0.542,40.0,20.0,Disjunction Top-K,within_condition
rnx_esi,ESI::58,0.4,7,1.0,26.0,0.5,Disjunction Top-K,within_condition
rnx_esi,ESI::59,0.125,8,0.062,41.0,45.5,Disjunction Top-K,within_condition
rnx_esi,ESI::60,0.075,9,0.032,47.5,51.0,Disjunction Top-K,within_condition
rnx_esi,ESI::01,0.825,0,0.032,5.0,50.0,Disjunction Top-p,within_condition
rnx_esi,ESI::02,0.05,1,0.374,53.5,30.0,Disjunction Top-p,within_condition
rnx_esi,ESI::03,0.2,2,0.494,36.0,25.0,Disjunction Top-p,within_condition
rnx_esi,ESI::04,0.625,3,0.966,18.0,8.0,Disjunction Top-p,within_condition
rnx_esi,ESI::05,0.05,4,0.02,53.5,54.5,Disjunction Top-p,within_condition
rnx_esi,ESI::06,0.425,5,0.968,25.0,7.0,Disjunction Top-p,within_condition
rnx_esi,ESI::07,0.375,6,0.468,27.0,28.0,Disjunction Top-p,within_condition
rnx_esi,ESI::08,0.275,7,0.946,30.5,9.0,Disjunction Top-p,within_condition
rnx_esi,ESI::09,0.7,8,0.258,12.0,35.0,Disjunction Top-p,within_condition
rnx_esi,ESI::10,0.075,9,0.06,47.5,47.0,Disjunction Top-p,within_condition
rnx_esi,ESI::11,0.225,0,0.0,34.0,59.0,Disjunction Top-p,within_condition
rnx_esi,ESI::12,0.525,1,0.062,22.0,46.0,Disjunction Top-p,within_condition
rnx_esi,ESI::13,0.675,2,0.996,14.0,4.0,Disjunction Top-p,within_condition
rnx_esi,ESI::14,0.05,3,0.016,53.5,56.5,Disjunction Top-p,within_condition
rnx_esi,ESI::15,0.3,4,0.068,29.0,45.0,Disjunction Top-p,within_condition
rnx_esi,ESI::16,0.05,5,0.028,53.5,52.0,Disjunction Top-p,within_condition
rnx_esi,ESI::17,0.575,6,0.12,20.0,43.0,Disjunction Top-p,within_condition
rnx_esi,ESI::18,0.2,7,0.17,36.0,40.0,Disjunction Top-p,within_condition
rnx_esi,ESI::19,0.5,8,0.634,23.0,18.0,Disjunction Top-p,within_condition
rnx_esi,ESI::20,0.2,9,0.008,36.0,58.0,Disjunction Top-p,within_condition
rnx_esi,ESI::21,0.05,0,0.378,53.5,29.0,Disjunction Top-p,within_condition
rnx_esi,ESI::22,0.175,1,0.78,38.5,15.0,Disjunction Top-p,within_condition
rnx_esi,ESI::23,0.7,2,0.496,12.0,24.0,Disjunction Top-p,within_condition
rnx_esi,ESI::24,0.1,3,0.344,43.5,32.0,Disjunction Top-p,within_condition
rnx_esi,ESI::25,0.875,4,0.016,2.5,56.5,Disjunction Top-p,within_condition
rnx_esi,ESI::26,0.875,5,0.122,2.5,42.0,Disjunction Top-p,within_condition
rnx_esi,ESI::27,0.325,6,0.024,28.0,53.0,Disjunction Top-p,within_condition
rnx_esi,ESI::28,0.7,7,0.338,12.0,33.0,Disjunction Top-p,within_condition
rnx_esi,ESI::29,0.25,8,1.0,32.5,0.5,Disjunction Top-p,within_condition
rnx_esi,ESI::30,0.1,9,0.206,43.5,37.0,Disjunction Top-p,within_condition
rnx_esi,ESI::31,0.6,0,0.998,19.0,2.0,Disjunction Top-p,within_condition
rnx_esi,ESI::32,0.475,1,0.996,24.0,4.0,Disjunction Top-p,within_condition
rnx_esi,ESI::33,0.95,2,0.596,0.0,20.0,Disjunction Top-p,within_condition
rnx_esi,ESI::34,0.65,3,0.978,16.0,6.0,Disjunction Top-p,within_condition
rnx_esi,ESI::35,0.05,4,0.032,53.5,50.0,Disjunction Top-p,within_condition
rnx_esi,ESI::36,0.825,5,0.158,5.0,41.0,Disjunction Top-p,within_condition
rnx_esi,ESI::37,0.075,6,0.492,47.5,26.0,Disjunction Top-p,within_condition
rnx_esi,ESI::38,0.775,7,0.63,8.5,19.0,Disjunction Top-p,within_condition
rnx_esi,ESI::39,0.55,8,0.202,21.0,38.0,Disjunction Top-p,within_condition
rnx_esi,ESI::40,0.8,9,0.174,7.0,39.0,Disjunction Top-p,within_condition
rnx_esi,ESI::41,0.025,0,0.808,58.5,12.0,Disjunction Top-p,within_condition
rnx_esi,ESI::42,0.075,1,0.688,47.5,16.0,Disjunction Top-p,within_condition
rnx_esi,ESI::43,0.725,2,0.788,10.0,13.0,Disjunction Top-p,within_condition
rnx_esi,ESI::44,0.825,3,0.786,5.0,14.0,Disjunction Top-p,within_condition
rnx_esi,ESI::45,0.175,4,0.074,38.5,44.0,Disjunction Top-p,within_condition
rnx_esi,ESI::46,0.1,5,0.862,43.5,10.0,Disjunction Top-p,within_condition
rnx_esi,ESI::47,0.925,6,0.576,1.0,21.0,Disjunction Top-p,within_condition
rnx_esi,ESI::48,0.275,7,0.822,30.5,11.0,Disjunction Top-p,within_condition
rnx_esi,ESI::49,0.25,8,0.036,32.5,48.0,Disjunction Top-p,within_condition
rnx_esi,ESI::50,0.025,9,0.524,58.5,23.0,Disjunction Top-p,within_condition
rnx_esi,ESI::51,0.65,0,0.996,16.0,4.0,Disjunction Top-p,within_condition
rnx_esi,ESI::52,0.775,1,0.636,8.5,17.0,Disjunction Top-p,within_condition
rnx_esi,ESI::53,0.05,2,0.348,53.5,31.0,Disjunction Top-p,within_condition
rnx_esi,ESI::54,0.1,3,0.322,43.5,34.0,Disjunction Top-p,within_condition
rnx_esi,ESI::55,0.05,4,0.482,53.5,27.0,Disjunction Top-p,within_condition
rnx_esi,ESI::56,0.65,5,0.236,16.0,36.0,Disjunction Top-p,within_condition
rnx_esi,ESI::57,0.15,6,0.526,40.0,22.0,Disjunction Top-p,within_condition
rnx_esi,ESI::58,0.4,7,1.0,26.0,0.5,Disjunction Top-p,within_condition
rnx_esi,ESI::59,0.125,8,0.02,41.0,54.5,Disjunction Top-p,within_condition
rnx_esi,ESI::60,0.075,9,0.032,47.5,50.0,Disjunction Top-p,within_condition
rnx_eweak,Eweak::01,0.7179487179,0,5.5034702585518046e-05,5.0,59.0,No linking structure,within_condition
rnx_eweak,Eweak::02,0.119047619,1,0.001956465680370758,48.0,43.0,No linking structure,within_condition
rnx_eweak,Eweak::03,0.1538461538,2,0.000981065531669498,39.0,48.0,No linking structure,within_condition
rnx_eweak,Eweak::04,0.3333333333,3,0.005786598071840812,24.0,34.0,No linking structure,within_condition
rnx_eweak,Eweak::05,0.1282051282,4,0.0028334005109098797,44.0,40.0,No linking structure,within_condition
rnx_eweak,Eweak::06,0.4285714286,5,0.030181721118330333,21.0,19.0,No linking structure,within_condition
rnx_eweak,Eweak::07,0.2564102564,6,0.005412048240857945,30.0,36.0,No linking structure,within_condition
rnx_eweak,Eweak::08,0.1666666667,7,0.029341991332371246,37.5,21.0,No linking structure,within_condition
rnx_eweak,Eweak::09,0.6923076923,8,0.009197775117666455,8.0,30.0,No linking structure,within_condition
rnx_eweak,Eweak::10,0.0476190476,9,0.03738466326088377,57.0,16.0,No linking structure,within_condition
rnx_eweak,Eweak::11,0.2564102564,0,0.00015768191013436185,30.0,56.0,No linking structure,within_condition
rnx_eweak,Eweak::12,0.4047619048,1,0.07655423825147523,22.0,8.0,No linking structure,within_condition
rnx_eweak,Eweak::13,0.6153846154,2,0.07716630556352767,13.0,7.0,No linking structure,within_condition
rnx_eweak,Eweak::14,0.119047619,3,0.13845716083725237,48.0,2.0,No linking structure,within_condition
rnx_eweak,Eweak::15,0.2564102564,4,0.021580077953002628,30.0,22.0,No linking structure,within_condition
rnx_eweak,Eweak::16,0.0952380952,5,0.013991914313011375,52.5,24.0,No linking structure,within_condition
rnx_eweak,Eweak::17,0.6153846154,6,0.00040095080113243986,13.0,53.0,No linking structure,within_condition
rnx_eweak,Eweak::18,0.1666666667,7,0.005167000797324371,37.5,37.0,No linking structure,within_condition
rnx_eweak,Eweak::19,0.3076923077,8,0.05699458460022928,25.0,10.0,No linking structure,within_condition
rnx_eweak,Eweak::20,0.2619047619,9,0.032139092600279175,28.0,17.0,No linking structure,within_condition
rnx_eweak,Eweak::21,0.1025641026,0,0.01223507924915474,50.5,27.0,No linking structure,within_condition
rnx_eweak,Eweak::22,0.119047619,1,0.001774734334494487,48.0,44.0,No linking structure,within_condition
rnx_eweak,Eweak::23,0.6153846154,2,0.011342327956297393,13.0,28.0,No linking structure,within_condition
rnx_eweak,Eweak::24,0.1428571429,3,0.13325572044182243,40.5,3.0,No linking structure,within_condition
rnx_eweak,Eweak::25,0.6923076923,4,0.002709216990589395,8.0,41.0,No linking structure,within_condition
rnx_eweak,Eweak::26,0.7857142857,5,0.0006311020722279918,2.0,50.0,No linking structure,within_condition
rnx_eweak,Eweak::27,0.1282051282,6,0.005680999628325407,44.0,35.0,No linking structure,within_condition
rnx_eweak,Eweak::28,0.7142857143,7,0.16227351101751403,6.0,1.0,No linking structure,within_condition
rnx_eweak,Eweak::29,0.2051282051,8,0.08908623685483134,35.0,5.0,No linking structure,within_condition
rnx_eweak,Eweak::30,0.1904761905,9,0.02939904750115346,36.0,20.0,No linking structure,within_condition
rnx_eweak,Eweak::31,0.3846153846,0,0.006108651928236365,23.0,33.0,No linking structure,within_condition
rnx_eweak,Eweak::32,0.5238095238,1,0.06850532290376579,18.0,9.0,No linking structure,within_condition
rnx_eweak,Eweak::33,0.8974358974,2,0.0550130357506482,0.0,11.0,No linking structure,within_condition
rnx_eweak,Eweak::34,0.619047619,3,0.0013028838501768416,11.0,46.0,No linking structure,within_condition
rnx_eweak,Eweak::35,0.0769230769,4,0.00230687220079042,54.5,42.0,No linking structure,within_condition
rnx_eweak,Eweak::36,0.5476190476,5,0.0011409830336042307,16.5,47.0,No linking structure,within_condition
rnx_eweak,Eweak::37,0.1025641026,6,0.11648211932745933,50.5,4.0,No linking structure,within_condition
rnx_eweak,Eweak::38,0.7380952381,7,0.0006232256641993049,4.0,51.0,No linking structure,within_condition
rnx_eweak,Eweak::39,0.4615384615,8,6.185906574114302e-05,19.0,58.0,No linking structure,within_condition
rnx_eweak,Eweak::40,0.5476190476,9,0.00017947956857609026,16.5,55.0,No linking structure,within_condition
rnx_eweak,Eweak::41,0.1282051282,0,0.00783414861495651,44.0,31.0,No linking structure,within_condition
rnx_eweak,Eweak::42,0.1428571429,1,0.013581334200954743,40.5,25.0,No linking structure,within_condition
rnx_eweak,Eweak::43,0.7435897436,2,0.011018367945541898,3.0,29.0,No linking structure,within_condition
rnx_eweak,Eweak::44,0.6428571429,3,0.08876744676201016,10.0,6.0,No linking structure,within_condition
rnx_eweak,Eweak::45,0.1282051282,4,0.006912434262749062,44.0,32.0,No linking structure,within_condition
rnx_eweak,Eweak::46,0.0952380952,5,0.05481855333840472,52.5,12.0,No linking structure,within_condition
rnx_eweak,Eweak::47,0.7948717949,6,0.04732464754107438,1.0,15.0,No linking structure,within_condition
rnx_eweak,Eweak::48,0.2142857143,7,0.005042402387242083,34.0,38.0,No linking structure,within_condition
rnx_eweak,Eweak::49,0.2820512821,8,0.0013669782306124207,27.0,45.0,No linking structure,within_condition
rnx_eweak,Eweak::50,0.0714285714,9,0.031917530749420595,56.0,18.0,No linking structure,within_condition
rnx_eweak,Eweak::51,0.6923076923,0,0.000721024434120478,8.0,49.0,No linking structure,within_condition
rnx_eweak,Eweak::52,0.2857142857,1,0.0002319154333949369,26.0,54.0,No linking structure,within_condition
rnx_eweak,Eweak::53,0.0256410256,2,0.013207737299187058,58.5,26.0,No linking structure,within_condition
rnx_eweak,Eweak::54,0.2380952381,3,6.422493113472213e-05,32.5,57.0,No linking structure,within_condition
rnx_eweak,Eweak::55,0.0256410256,4,0.04852476373709191,58.5,14.0,No linking structure,within_condition
rnx_eweak,Eweak::56,0.5952380952,5,0.2686434095736139,15.0,0.0,No linking structure,within_condition
rnx_eweak,Eweak::57,0.0769230769,6,0.021272089027581265,54.5,23.0,No linking structure,within_condition
rnx_eweak,Eweak::58,0.4523809524,7,0.05387459085527773,20.0,13.0,No linking structure,within_condition
rnx_eweak,Eweak::59,0.1282051282,8,0.0006057731654034761,44.0,52.0,No linking structure,within_condition
rnx_eweak,Eweak::60,0.2380952381,9,0.002839274290649842,32.5,39.0,No linking structure,within_condition
rnx_eweak,Eweak::01,0.7179487179,0,0.042,5.0,52.0,Set Top-K,within_condition
rnx_eweak,Eweak::02,0.119047619,1,0.044,48.0,51.0,Set Top-K,within_condition
rnx_eweak,Eweak::03,0.1538461538,2,0.634,39.0,32.0,Set Top-K,within_condition
rnx_eweak,Eweak::04,0.3333333333,3,0.744,24.0,30.0,Set Top-K,within_condition
rnx_eweak,Eweak::05,0.1282051282,4,0.03,44.0,55.0,Set Top-K,within_condition
rnx_eweak,Eweak::06,0.4285714286,5,0.98,21.0,22.0,Set Top-K,within_condition
rnx_eweak,Eweak::07,0.2564102564,6,0.904,30.0,27.0,Set Top-K,within_condition
rnx_eweak,Eweak::08,0.1666666667,7,0.996,37.5,16.0,Set Top-K,within_condition
rnx_eweak,Eweak::09,0.6923076923,8,0.978,8.0,23.0,Set Top-K,within_condition
rnx_eweak,Eweak::10,0.0476190476,9,0.984,57.0,20.5,Set Top-K,within_condition
rnx_eweak,Eweak::11,0.2564102564,0,0.028,30.0,56.0,Set Top-K,within_condition
rnx_eweak,Eweak::12,0.4047619048,1,1.0,22.0,7.0,Set Top-K,within_condition
rnx_eweak,Eweak::13,0.6153846154,2,1.0,13.0,7.0,Set Top-K,within_condition
rnx_eweak,Eweak::14,0.119047619,3,1.0,48.0,7.0,Set Top-K,within_condition
rnx_eweak,Eweak::15,0.2564102564,4,0.984,30.0,20.5,Set Top-K,within_condition
rnx_eweak,Eweak::16,0.0952380952,5,0.118,52.5,47.0,Set Top-K,within_condition
rnx_eweak,Eweak::17,0.6153846154,6,0.226,13.0,41.0,Set Top-K,within_condition
rnx_eweak,Eweak::18,0.1666666667,7,0.178,37.5,44.0,Set Top-K,within_condition
rnx_eweak,Eweak::19,0.3076923077,8,1.0,25.0,7.0,Set Top-K,within_condition
rnx_eweak,Eweak::20,0.2619047619,9,0.792,28.0,29.0,Set Top-K,within_condition
rnx_eweak,Eweak::21,0.1025641026,0,0.682,50.5,31.0,Set Top-K,within_condition
rnx_eweak,Eweak::22,0.119047619,1,0.02,48.0,58.0,Set Top-K,within_condition
rnx_eweak,Eweak::23,0.6153846154,2,0.998,13.0,15.0,Set Top-K,within_condition
rnx_eweak,Eweak::24,0.1428571429,3,1.0,40.5,7.0,Set Top-K,within_condition
rnx_eweak,Eweak::25,0.6923076923,4,0.152,8.0,46.0,Set Top-K,within_condition
rnx_eweak,Eweak::26,0.7857142857,5,0.554,2.0,33.0,Set Top-K,within_condition
rnx_eweak,Eweak::27,0.1282051282,6,0.26,44.0,38.5,Set Top-K,within_condition
rnx_eweak,Eweak::28,0.7142857143,7,1.0,6.0,7.0,Set Top-K,within_condition
rnx_eweak,Eweak::29,0.2051282051,8,1.0,35.0,7.0,Set Top-K,within_condition
rnx_eweak,Eweak::30,0.1904761905,9,0.946,36.0,25.0,Set Top-K,within_condition
rnx_eweak,Eweak::31,0.3846153846,0,0.024,23.0,57.0,Set Top-K,within_condition
rnx_eweak,Eweak::32,0.5238095238,1,1.0,18.0,7.0,Set Top-K,within_condition
rnx_eweak,Eweak::33,0.8974358974,2,0.284,0.0,36.0,Set Top-K,within_condition
rnx_eweak,Eweak::34,0.619047619,3,0.196,11.0,43.0,Set Top-K,within_condition
rnx_eweak,Eweak::35,0.0769230769,4,0.26,54.5,38.5,Set Top-K,within_condition
rnx_eweak,Eweak::36,0.5476190476,5,0.076,16.5,49.0,Set Top-K,within_condition
rnx_eweak,Eweak::37,0.1025641026,6,1.0,50.5,7.0,Set Top-K,within_condition
rnx_eweak,Eweak::38,0.7380952381,7,0.206,4.0,42.0,Set Top-K,within_condition
rnx_eweak,Eweak::39,0.4615384615,8,0.242,19.0,40.0,Set Top-K,within_condition
rnx_eweak,Eweak::40,0.5476190476,9,0.04,16.5,53.0,Set Top-K,within_condition
rnx_eweak,Eweak::41,0.1282051282,0,0.158,44.0,45.0,Set Top-K,within_condition
rnx_eweak,Eweak::42,0.1428571429,1,0.994,40.5,17.5,Set Top-K,within_condition
rnx_eweak,Eweak::43,0.7435897436,2,1.0,3.0,7.0,Set Top-K,within_condition
rnx_eweak,Eweak::44,0.6428571429,3,1.0,10.0,7.0,Set Top-K,within_condition
rnx_eweak,Eweak::45,0.1282051282,4,0.046,44.0,50.0,Set Top-K,within_condition
rnx_eweak,Eweak::46,0.0952380952,5,0.972,52.5,24.0,Set Top-K,within_condition
rnx_eweak,Eweak::47,0.7948717949,6,1.0,1.0,7.0,Set Top-K,within_condition
rnx_eweak,Eweak::48,0.2142857143,7,1.0,34.0,7.0,Set Top-K,within_condition
rnx_eweak,Eweak::49,0.2820512821,8,0.032,27.0,54.0,Set Top-K,within_condition
rnx_eweak,Eweak::50,0.0714285714,9,0.994,56.0,17.5,Set Top-K,within_condition
rnx_eweak,Eweak::51,0.6923076923,0,0.086,8.0,48.0,Set Top-K,within_condition
rnx_eweak,Eweak::52,0.2857142857,1,0.262,26.0,37.0,Set Top-K,within_condition
rnx_eweak,Eweak::53,0.0256410256,2,0.826,58.5,28.0,Set Top-K,within_condition
rnx_eweak,Eweak::54,0.2380952381,3,0.016,32.5,59.0,Set Top-K,within_condition
rnx_eweak,Eweak::55,0.0256410256,4,0.99,58.5,19.0,Set Top-K,within_condition
rnx_eweak,Eweak::56,0.5952380952,5,1.0,15.0,7.0,Set Top-K,within_condition
rnx_eweak,Eweak::57,0.0769230769,6,1.0,54.5,7.0,Set Top-K,within_condition
rnx_eweak,Eweak::58,0.4523809524,7,0.944,20.0,26.0,Set Top-K,within_condition
rnx_eweak,Eweak::59,0.1282051282,8,0.352,44.0,35.0,Set Top-K,within_condition
rnx_eweak,Eweak::60,0.2380952381,9,0.354,32.5,34.0,Set Top-K,within_condition
rnx_eweak,Eweak::01,0.7179487179,0,0.002,5.0,55.5,Set Top-p,within_condition
rnx_eweak,Eweak::02,0.119047619,1,0.086,48.0,43.0,Set Top-p,within_condition
rnx_eweak,Eweak::03,0.1538461538,2,0.118,39.0,39.0,Set Top-p,within_condition
rnx_eweak,Eweak::04,0.3333333333,3,0.272,24.0,32.0,Set Top-p,within_condition
rnx_eweak,Eweak::05,0.1282051282,4,0.336,44.0,27.0,Set Top-p,within_condition
rnx_eweak,Eweak::06,0.4285714286,5,0.438,21.0,24.0,Set Top-p,within_condition
rnx_eweak,Eweak::07,0.2564102564,6,0.168,30.0,35.0,Set Top-p,within_condition
rnx_eweak,Eweak::08,0.1666666667,7,0.702,37.5,17.0,Set Top-p,within_condition
rnx_eweak,Eweak::09,0.6923076923,8,0.55,8.0,21.0,Set Top-p,within_condition
rnx_eweak,Eweak::10,0.0476190476,9,0.42,57.0,26.0,Set Top-p,within_condition
rnx_eweak,Eweak::11,0.2564102564,0,0.0,30.0,58.0,Set Top-p,within_condition
rnx_eweak,Eweak::12,0.4047619048,1,0.202,22.0,33.0,Set Top-p,within_condition
rnx_eweak,Eweak::13,0.6153846154,2,1.0,13.0,2.5,Set Top-p,within_condition
rnx_eweak,Eweak::14,0.119047619,3,0.472,48.0,23.0,Set Top-p,within_condition
rnx_eweak,Eweak::15,0.2564102564,4,0.428,30.0,25.0,Set Top-p,within_condition
rnx_eweak,Eweak::16,0.0952380952,5,0.044,52.5,47.0,Set Top-p,within_condition
rnx_eweak,Eweak::17,0.6153846154,6,0.088,13.0,42.0,Set Top-p,within_condition
rnx_eweak,Eweak::18,0.1666666667,7,0.196,37.5,34.0,Set Top-p,within_condition
rnx_eweak,Eweak::19,0.3076923077,8,0.536,25.0,22.0,Set Top-p,within_condition
rnx_eweak,Eweak::20,0.2619047619,9,0.58,28.0,20.0,Set Top-p,within_condition
rnx_eweak,Eweak::21,0.1025641026,0,0.334,50.5,28.0,Set Top-p,within_condition
rnx_eweak,Eweak::22,0.119047619,1,0.016,48.0,51.5,Set Top-p,within_condition
rnx_eweak,Eweak::23,0.6153846154,2,0.762,13.0,11.0,Set Top-p,within_condition
rnx_eweak,Eweak::24,0.1428571429,3,0.726,40.5,13.0,Set Top-p,within_condition
rnx_eweak,Eweak::25,0.6923076923,4,0.0,8.0,58.0,Set Top-p,within_condition
rnx_eweak,Eweak::26,0.7857142857,5,0.054,2.0,45.0,Set Top-p,within_condition
rnx_eweak,Eweak::27,0.1282051282,6,0.304,44.0,31.0,Set Top-p,within_condition
rnx_eweak,Eweak::28,0.7142857143,7,1.0,6.0,2.5,Set Top-p,within_condition
rnx_eweak,Eweak::29,0.2051282051,8,1.0,35.0,2.5,Set Top-p,within_condition
rnx_eweak,Eweak::30,0.1904761905,9,0.756,36.0,12.0,Set Top-p,within_condition
rnx_eweak,Eweak::31,0.3846153846,0,0.896,23.0,8.0,Set Top-p,within_condition
rnx_eweak,Eweak::32,0.5238095238,1,1.0,18.0,2.5,Set Top-p,within_condition
rnx_eweak,Eweak::33,0.8974358974,2,0.05,0.0,46.0,Set Top-p,within_condition
rnx_eweak,Eweak::34,0.619047619,3,0.02,11.0,49.0,Set Top-p,within_condition
rnx_eweak,Eweak::35,0.0769230769,4,0.148,54.5,36.0,Set Top-p,within_condition
rnx_eweak,Eweak::36,0.5476190476,5,0.106,16.5,40.0,Set Top-p,within_condition
rnx_eweak,Eweak::37,0.1025641026,6,1.0,50.5,2.5,Set Top-p,within_condition
rnx_eweak,Eweak::38,0.7380952381,7,0.092,4.0,41.0,Set Top-p,within_condition
rnx_eweak,Eweak::39,0.4615384615,8,0.0,19.0,58.0,Set Top-p,within_condition
rnx_eweak,Eweak::40,0.5476190476,9,0.024,16.5,48.0,Set Top-p,within_condition
rnx_eweak,Eweak::41,0.1282051282,0,0.138,44.0,37.0,Set Top-p,within_condition
rnx_eweak,Eweak::42,0.1428571429,1,0.872,40.5,10.0,Set Top-p,within_condition
rnx_eweak,Eweak::43,0.7435897436,2,0.71,3.0,14.0,Set Top-p,within_condition
rnx_eweak,Eweak::44,0.6428571429,3,0.892,10.0,9.0,Set Top-p,within_condition
rnx_eweak,Eweak::45,0.1282051282,4,0.016,44.0,51.5,Set Top-p,within_condition
rnx_eweak,Eweak::46,0.0952380952,5,0.704,52.5,16.0,Set Top-p,within_condition
rnx_eweak,Eweak::47,0.7948717949,6,0.708,1.0,15.0,Set Top-p,within_condition
rnx_eweak,Eweak::48,0.2142857143,7,0.308,34.0,30.0,Set Top-p,within_condition
rnx_eweak,Eweak::49,0.2820512821,8,0.002,27.0,55.5,Set Top-p,within_condition
rnx_eweak,Eweak::50,0.0714285714,9,0.672,56.0,18.0,Set Top-p,within_condition
rnx_eweak,Eweak::51,0.6923076923,0,0.004,8.0,54.0,Set Top-p,within_condition
rnx_eweak,Eweak::52,0.2857142857,1,0.12,26.0,38.0,Set Top-p,within_condition
rnx_eweak,Eweak::53,0.0256410256,2,0.326,58.5,29.0,Set Top-p,within_condition
rnx_eweak,Eweak::54,0.2380952381,3,0.006,32.5,53.0,Set Top-p,within_condition
rnx_eweak,Eweak::55,0.0256410256,4,0.976,58.5,6.0,Set Top-p,within_condition
rnx_eweak,Eweak::56,0.5952380952,5,1.0,15.0,2.5,Set Top-p,within_condition
rnx_eweak,Eweak::57,0.0769230769,6,0.65,54.5,19.0,Set Top-p,within_condition
rnx_eweak,Eweak::58,0.4523809524,7,0.926,20.0,7.0,Set Top-p,within_condition
rnx_eweak,Eweak::59,0.1282051282,8,0.018,44.0,50.0,Set Top-p,within_condition
rnx_eweak,Eweak::60,0.2380952381,9,0.078,32.5,44.0,Set Top-p,within_condition
rnx_eweak,Eweak::01,0.7179487179,0,0.0,5.0,55.0,Ordering,within_condition
rnx_eweak,Eweak::02,0.119047619,1,0.0,48.0,55.0,Ordering,within_condition
rnx_eweak,Eweak::03,0.1538461538,2,0.132,39.0,17.5,Ordering,within_condition
rnx_eweak,Eweak::04,0.3333333333,3,0.04,24.0,29.0,Ordering,within_condition
rnx_eweak,Eweak::05,0.1282051282,4,0.02,44.0,39.0,Ordering,within_condition
rnx_eweak,Eweak::06,0.4285714286,5,0.084,21.0,22.0,Ordering,within_condition
rnx_eweak,Eweak::07,0.2564102564,6,0.03,30.0,32.5,Ordering,within_condition
rnx_eweak,Eweak::08,0.1666666667,7,0.074,37.5,25.5,Ordering,within_condition
rnx_eweak,Eweak::09,0.6923076923,8,0.094,8.0,20.5,Ordering,within_condition
rnx_eweak,Eweak::10,0.0476190476,9,0.028,57.0,34.5,Ordering,within_condition
rnx_eweak,Eweak::11,0.2564102564,0,0.0,30.0,55.0,Ordering,within_condition
rnx_eweak,Eweak::12,0.4047619048,1,0.038,22.0,30.5,Ordering,within_condition
rnx_eweak,Eweak::13,0.6153846154,2,0.902,13.0,1.0,Ordering,within_condition
rnx_eweak,Eweak::14,0.119047619,3,0.056,48.0,27.5,Ordering,within_condition
rnx_eweak,Eweak::15,0.2564102564,4,0.074,30.0,25.5,Ordering,within_condition
rnx_eweak,Eweak::16,0.0952380952,5,0.004,52.5,49.0,Ordering,within_condition
rnx_eweak,Eweak::17,0.6153846154,6,0.024,13.0,37.0,Ordering,within_condition
rnx_eweak,Eweak::18,0.1666666667,7,0.006,37.5,46.5,Ordering,within_condition
rnx_eweak,Eweak::19,0.3076923077,8,0.216,25.0,13.0,Ordering,within_condition
rnx_eweak,Eweak::20,0.2619047619,9,0.026,28.0,36.0,Ordering,within_condition
rnx_eweak,Eweak::21,0.1025641026,0,0.038,50.5,30.5,Ordering,within_condition
rnx_eweak,Eweak::22,0.119047619,1,0.506,48.0,6.0,Ordering,within_condition
rnx_eweak,Eweak::23,0.6153846154,2,0.59,13.0,4.0,Ordering,within_condition
rnx_eweak,Eweak::24,0.1428571429,3,0.082,40.5,23.5,Ordering,within_condition
rnx_eweak,Eweak::25,0.6923076923,4,0.03,8.0,32.5,Ordering,within_condition
rnx_eweak,Eweak::26,0.7857142857,5,0.004,2.0,49.0,Ordering,within_condition
rnx_eweak,Eweak::27,0.1282051282,6,0.008,44.0,44.5,Ordering,within_condition
rnx_eweak,Eweak::28,0.7142857143,7,0.742,6.0,2.0,Ordering,within_condition
rnx_eweak,Eweak::29,0.2051282051,8,0.992,35.0,0.0,Ordering,within_condition
rnx_eweak,Eweak::30,0.1904761905,9,0.082,36.0,23.5,Ordering,within_condition
rnx_eweak,Eweak::31,0.3846153846,0,0.292,23.0,12.0,Ordering,within_condition
rnx_eweak,Eweak::32,0.5238095238,1,0.692,18.0,3.0,Ordering,within_condition
rnx_eweak,Eweak::33,0.8974358974,2,0.432,0.0,9.0,Ordering,within_condition
rnx_eweak,Eweak::34,0.619047619,3,0.004,11.0,49.0,Ordering,within_condition
rnx_eweak,Eweak::35,0.0769230769,4,0.012,54.5,42.0,Ordering,within_condition
rnx_eweak,Eweak::36,0.5476190476,5,0.02,16.5,39.0,Ordering,within_condition
rnx_eweak,Eweak::37,0.1025641026,6,0.308,50.5,11.0,Ordering,within_condition
rnx_eweak,Eweak::38,0.7380952381,7,0.028,4.0,34.5,Ordering,within_condition
rnx_eweak,Eweak::39,0.4615384615,8,0.0,19.0,55.0,Ordering,within_condition
rnx_eweak,Eweak::40,0.5476190476,9,0.0,16.5,55.0,Ordering,within_condition
rnx_eweak,Eweak::41,0.1282051282,0,0.016,44.0,41.0,Ordering,within_condition
rnx_eweak,Eweak::42,0.1428571429,1,0.144,40.5,16.0,Ordering,within_condition
rnx_eweak,Eweak::43,0.7435897436,2,0.104,3.0,19.0,Ordering,within_condition
rnx_eweak,Eweak::44,0.6428571429,3,0.204,10.0,14.0,Ordering,within_condition
rnx_eweak,Eweak::45,0.1282051282,4,0.01,44.0,43.0,Ordering,within_condition
rnx_eweak,Eweak::46,0.0952380952,5,0.496,52.5,7.0,Ordering,within_condition
rnx_eweak,Eweak::47,0.7948717949,6,0.382,1.0,10.0,Ordering,within_condition
rnx_eweak,Eweak::48,0.2142857143,7,0.094,34.0,20.5,Ordering,within_condition
rnx_eweak,Eweak::49,0.2820512821,8,0.0,27.0,55.0,Ordering,within_condition
rnx_eweak,Eweak::50,0.0714285714,9,0.056,56.0,27.5,Ordering,within_condition
rnx_eweak,Eweak::51,0.6923076923,0,0.0,8.0,55.0,Ordering,within_condition
rnx_eweak,Eweak::52,0.2857142857,1,0.008,26.0,44.5,Ordering,within_condition
rnx_eweak,Eweak::53,0.0256410256,2,0.02,58.5,39.0,Ordering,within_condition
rnx_eweak,Eweak::54,0.2380952381,3,0.0,32.5,55.0,Ordering,within_condition
rnx_eweak,Eweak::55,0.0256410256,4,0.456,58.5,8.0,Ordering,within_condition
rnx_eweak,Eweak::56,0.5952380952,5,0.564,15.0,5.0,Ordering,within_condition
rnx_eweak,Eweak::57,0.0769230769,6,0.15,54.5,15.0,Ordering,within_condition
rnx_eweak,Eweak::58,0.4523809524,7,0.132,20.0,17.5,Ordering,within_condition
rnx_eweak,Eweak::59,0.1282051282,8,0.0,44.0,55.0,Ordering,within_condition
rnx_eweak,Eweak::60,0.2380952381,9,0.006,32.5,46.5,Ordering,within_condition
rnx_eweak,Eweak::01,0.7179487179,0,0.0,5.0,55.0,Conjunction Top-K,within_condition
rnx_eweak,Eweak::02,0.119047619,1,0.0,48.0,55.0,Conjunction Top-K,within_condition
rnx_eweak,Eweak::03,0.1538461538,2,0.132,39.0,15.5,Conjunction Top-K,within_condition
rnx_eweak,Eweak::04,0.3333333333,3,0.04,24.0,27.0,Conjunction Top-K,within_condition
rnx_eweak,Eweak::05,0.1282051282,4,0.016,44.0,40.5,Conjunction Top-K,within_condition
rnx_eweak,Eweak::06,0.4285714286,5,0.084,21.0,20.0,Conjunction Top-K,within_condition
rnx_eweak,Eweak::07,0.2564102564,6,0.03,30.0,30.5,Conjunction Top-K,within_condition
rnx_eweak,Eweak::08,0.1666666667,7,0.074,37.5,23.5,Conjunction Top-K,within_condition
rnx_eweak,Eweak::09,0.6923076923,8,0.094,8.0,18.5,Conjunction Top-K,within_condition
rnx_eweak,Eweak::10,0.0476190476,9,0.028,57.0,32.5,Conjunction Top-K,within_condition
rnx_eweak,Eweak::11,0.2564102564,0,0.0,30.0,55.0,Conjunction Top-K,within_condition
rnx_eweak,Eweak::12,0.4047619048,1,0.038,22.0,28.5,Conjunction Top-K,within_condition
rnx_eweak,Eweak::13,0.6153846154,2,0.902,13.0,1.0,Conjunction Top-K,within_condition
rnx_eweak,Eweak::14,0.119047619,3,0.056,48.0,25.5,Conjunction Top-K,within_condition
rnx_eweak,Eweak::15,0.2564102564,4,0.074,30.0,23.5,Conjunction Top-K,within_condition
rnx_eweak,Eweak::16,0.0952380952,5,0.004,52.5,49.0,Conjunction Top-K,within_condition
rnx_eweak,Eweak::17,0.6153846154,6,0.024,13.0,35.5,Conjunction Top-K,within_condition
rnx_eweak,Eweak::18,0.1666666667,7,0.006,37.5,46.5,Conjunction Top-K,within_condition
rnx_eweak,Eweak::19,0.3076923077,8,0.216,25.0,11.0,Conjunction Top-K,within_condition
rnx_eweak,Eweak::20,0.2619047619,9,0.026,28.0,34.0,Conjunction Top-K,within_condition
rnx_eweak,Eweak::21,0.1025641026,0,0.038,50.5,28.5,Conjunction Top-K,within_condition
rnx_eweak,Eweak::22,0.119047619,1,0.018,48.0,39.0,Conjunction Top-K,within_condition
rnx_eweak,Eweak::23,0.6153846154,2,0.59,13.0,4.0,Conjunction Top-K,within_condition
rnx_eweak,Eweak::24,0.1428571429,3,0.082,40.5,21.5,Conjunction Top-K,within_condition
rnx_eweak,Eweak::25,0.6923076923,4,0.03,8.0,30.5,Conjunction Top-K,within_condition
rnx_eweak,Eweak::26,0.7857142857,5,0.004,2.0,49.0,Conjunction Top-K,within_condition
rnx_eweak,Eweak::27,0.1282051282,6,0.008,44.0,44.5,Conjunction Top-K,within_condition
rnx_eweak,Eweak::28,0.7142857143,7,0.742,6.0,2.0,Conjunction Top-K,within_condition
rnx_eweak,Eweak::29,0.2051282051,8,0.992,35.0,0.0,Conjunction Top-K,within_condition
rnx_eweak,Eweak::30,0.1904761905,9,0.082,36.0,21.5,Conjunction Top-K,within_condition
rnx_eweak,Eweak::31,0.3846153846,0,0.024,23.0,35.5,Conjunction Top-K,within_condition
rnx_eweak,Eweak::32,0.5238095238,1,0.692,18.0,3.0,Conjunction Top-K,within_condition
rnx_eweak,Eweak::33,0.8974358974,2,0.232,0.0,10.0,Conjunction Top-K,within_condition
rnx_eweak,Eweak::34,0.619047619,3,0.004,11.0,49.0,Conjunction Top-K,within_condition
rnx_eweak,Eweak::35,0.0769230769,4,0.012,54.5,42.0,Conjunction Top-K,within_condition
rnx_eweak,Eweak::36,0.5476190476,5,0.02,16.5,37.5,Conjunction Top-K,within_condition
rnx_eweak,Eweak::37,0.1025641026,6,0.308,50.5,9.0,Conjunction Top-K,within_condition
rnx_eweak,Eweak::38,0.7380952381,7,0.028,4.0,32.5,Conjunction Top-K,within_condition
rnx_eweak,Eweak::39,0.4615384615,8,0.0,19.0,55.0,Conjunction Top-K,within_condition
rnx_eweak,Eweak::40,0.5476190476,9,0.0,16.5,55.0,Conjunction Top-K,within_condition
rnx_eweak,Eweak::41,0.1282051282,0,0.016,44.0,40.5,Conjunction Top-K,within_condition
rnx_eweak,Eweak::42,0.1428571429,1,0.144,40.5,14.0,Conjunction Top-K,within_condition
rnx_eweak,Eweak::43,0.7435897436,2,0.104,3.0,17.0,Conjunction Top-K,within_condition
rnx_eweak,Eweak::44,0.6428571429,3,0.204,10.0,12.0,Conjunction Top-K,within_condition
rnx_eweak,Eweak::45,0.1282051282,4,0.01,44.0,43.0,Conjunction Top-K,within_condition
rnx_eweak,Eweak::46,0.0952380952,5,0.496,52.5,6.0,Conjunction Top-K,within_condition
rnx_eweak,Eweak::47,0.7948717949,6,0.382,1.0,8.0,Conjunction Top-K,within_condition
rnx_eweak,Eweak::48,0.2142857143,7,0.094,34.0,18.5,Conjunction Top-K,within_condition
rnx_eweak,Eweak::49,0.2820512821,8,0.0,27.0,55.0,Conjunction Top-K,within_condition
rnx_eweak,Eweak::50,0.0714285714,9,0.056,56.0,25.5,Conjunction Top-K,within_condition
rnx_eweak,Eweak::51,0.6923076923,0,0.0,8.0,55.0,Conjunction Top-K,within_condition
rnx_eweak,Eweak::52,0.2857142857,1,0.008,26.0,44.5,Conjunction Top-K,within_condition
rnx_eweak,Eweak::53,0.0256410256,2,0.02,58.5,37.5,Conjunction Top-K,within_condition
rnx_eweak,Eweak::54,0.2380952381,3,0.0,32.5,55.0,Conjunction Top-K,within_condition
rnx_eweak,Eweak::55,0.0256410256,4,0.456,58.5,7.0,Conjunction Top-K,within_condition
rnx_eweak,Eweak::56,0.5952380952,5,0.564,15.0,5.0,Conjunction Top-K,within_condition
rnx_eweak,Eweak::57,0.0769230769,6,0.15,54.5,13.0,Conjunction Top-K,within_condition
rnx_eweak,Eweak::58,0.4523809524,7,0.132,20.0,15.5,Conjunction Top-K,within_condition
rnx_eweak,Eweak::59,0.1282051282,8,0.0,44.0,55.0,Conjunction Top-K,within_condition
rnx_eweak,Eweak::60,0.2380952381,9,0.006,32.5,46.5,Conjunction Top-K,within_condition
rnx_eweak,Eweak::01,0.7179487179,0,0.0,5.0,54.5,Conjunction Top-p,within_condition
rnx_eweak,Eweak::02,0.119047619,1,0.0,48.0,54.5,Conjunction Top-p,within_condition
rnx_eweak,Eweak::03,0.1538461538,2,0.096,39.0,17.0,Conjunction Top-p,within_condition
rnx_eweak,Eweak::04,0.3333333333,3,0.04,24.0,28.0,Conjunction Top-p,within_condition
rnx_eweak,Eweak::05,0.1282051282,4,0.02,44.0,37.0,Conjunction Top-p,within_condition
rnx_eweak,Eweak::06,0.4285714286,5,0.084,21.0,20.0,Conjunction Top-p,within_condition
rnx_eweak,Eweak::07,0.2564102564,6,0.03,30.0,31.0,Conjunction Top-p,within_condition
rnx_eweak,Eweak::08,0.1666666667,7,0.074,37.5,23.5,Conjunction Top-p,within_condition
rnx_eweak,Eweak::09,0.6923076923,8,0.094,8.0,18.5,Conjunction Top-p,within_condition
rnx_eweak,Eweak::10,0.0476190476,9,0.028,57.0,32.0,Conjunction Top-p,within_condition
rnx_eweak,Eweak::11,0.2564102564,0,0.0,30.0,54.5,Conjunction Top-p,within_condition
rnx_eweak,Eweak::12,0.4047619048,1,0.038,22.0,29.5,Conjunction Top-p,within_condition
rnx_eweak,Eweak::13,0.6153846154,2,0.902,13.0,1.0,Conjunction Top-p,within_condition
rnx_eweak,Eweak::14,0.119047619,3,0.056,48.0,25.5,Conjunction Top-p,within_condition
rnx_eweak,Eweak::15,0.2564102564,4,0.074,30.0,23.5,Conjunction Top-p,within_condition
rnx_eweak,Eweak::16,0.0952380952,5,0.004,52.5,48.0,Conjunction Top-p,within_condition
rnx_eweak,Eweak::17,0.6153846154,6,0.024,13.0,35.0,Conjunction Top-p,within_condition
rnx_eweak,Eweak::18,0.1666666667,7,0.006,37.5,45.5,Conjunction Top-p,within_condition
rnx_eweak,Eweak::19,0.3076923077,8,0.216,25.0,11.0,Conjunction Top-p,within_condition
rnx_eweak,Eweak::20,0.2619047619,9,0.026,28.0,33.5,Conjunction Top-p,within_condition
rnx_eweak,Eweak::21,0.1025641026,0,0.038,50.5,29.5,Conjunction Top-p,within_condition
rnx_eweak,Eweak::22,0.119047619,1,0.014,48.0,40.0,Conjunction Top-p,within_condition
rnx_eweak,Eweak::23,0.6153846154,2,0.546,13.0,5.0,Conjunction Top-p,within_condition
rnx_eweak,Eweak::24,0.1428571429,3,0.082,40.5,21.5,Conjunction Top-p,within_condition
rnx_eweak,Eweak::25,0.6923076923,4,0.0,8.0,54.5,Conjunction Top-p,within_condition
rnx_eweak,Eweak::26,0.7857142857,5,0.004,2.0,48.0,Conjunction Top-p,within_condition
rnx_eweak,Eweak::27,0.1282051282,6,0.008,44.0,43.5,Conjunction Top-p,within_condition
rnx_eweak,Eweak::28,0.7142857143,7,0.742,6.0,2.0,Conjunction Top-p,within_condition
rnx_eweak,Eweak::29,0.2051282051,8,0.992,35.0,0.0,Conjunction Top-p,within_condition
rnx_eweak,Eweak::30,0.1904761905,9,0.082,36.0,21.5,Conjunction Top-p,within_condition
rnx_eweak,Eweak::31,0.3846153846,0,0.292,23.0,10.0,Conjunction Top-p,within_condition
rnx_eweak,Eweak::32,0.5238095238,1,0.692,18.0,3.0,Conjunction Top-p,within_condition
rnx_eweak,Eweak::33,0.8974358974,2,0.05,0.0,27.0,Conjunction Top-p,within_condition
rnx_eweak,Eweak::34,0.619047619,3,0.004,11.0,48.0,Conjunction Top-p,within_condition
rnx_eweak,Eweak::35,0.0769230769,4,0.012,54.5,41.0,Conjunction Top-p,within_condition
rnx_eweak,Eweak::36,0.5476190476,5,0.02,16.5,37.0,Conjunction Top-p,within_condition
rnx_eweak,Eweak::37,0.1025641026,6,0.308,50.5,9.0,Conjunction Top-p,within_condition
rnx_eweak,Eweak::38,0.7380952381,7,0.026,4.0,33.5,Conjunction Top-p,within_condition
rnx_eweak,Eweak::39,0.4615384615,8,0.0,19.0,54.5,Conjunction Top-p,within_condition
rnx_eweak,Eweak::40,0.5476190476,9,0.0,16.5,54.5,Conjunction Top-p,within_condition
rnx_eweak,Eweak::41,0.1282051282,0,0.016,44.0,39.0,Conjunction Top-p,within_condition
rnx_eweak,Eweak::42,0.1428571429,1,0.144,40.5,14.0,Conjunction Top-p,within_condition
rnx_eweak,Eweak::43,0.7435897436,2,0.104,3.0,16.0,Conjunction Top-p,within_condition
rnx_eweak,Eweak::44,0.6428571429,3,0.204,10.0,12.0,Conjunction Top-p,within_condition
rnx_eweak,Eweak::45,0.1282051282,4,0.01,44.0,42.0,Conjunction Top-p,within_condition
rnx_eweak,Eweak::46,0.0952380952,5,0.466,52.5,6.0,Conjunction Top-p,within_condition
rnx_eweak,Eweak::47,0.7948717949,6,0.372,1.0,8.0,Conjunction Top-p,within_condition
rnx_eweak,Eweak::48,0.2142857143,7,0.094,34.0,18.5,Conjunction Top-p,within_condition
rnx_eweak,Eweak::49,0.2820512821,8,0.0,27.0,54.5,Conjunction Top-p,within_condition
rnx_eweak,Eweak::50,0.0714285714,9,0.056,56.0,25.5,Conjunction Top-p,within_condition
rnx_eweak,Eweak::51,0.6923076923,0,0.0,8.0,54.5,Conjunction Top-p,within_condition
rnx_eweak,Eweak::52,0.2857142857,1,0.008,26.0,43.5,Conjunction Top-p,within_condition
rnx_eweak,Eweak::53,0.0256410256,2,0.02,58.5,37.0,Conjunction Top-p,within_condition
rnx_eweak,Eweak::54,0.2380952381,3,0.0,32.5,54.5,Conjunction Top-p,within_condition
rnx_eweak,Eweak::55,0.0256410256,4,0.456,58.5,7.0,Conjunction Top-p,within_condition
rnx_eweak,Eweak::56,0.5952380952,5,0.564,15.0,4.0,Conjunction Top-p,within_condition
rnx_eweak,Eweak::57,0.0769230769,6,0.15,54.5,13.0,Conjunction Top-p,within_condition
rnx_eweak,Eweak::58,0.4523809524,7,0.132,20.0,15.0,Conjunction Top-p,within_condition
rnx_eweak,Eweak::59,0.1282051282,8,0.0,44.0,54.5,Conjunction Top-p,within_condition
rnx_eweak,Eweak::60,0.2380952381,9,0.006,32.5,45.5,Conjunction Top-p,within_condition
rnx_eweak,Eweak::01,0.7179487179,0,0.042,5.0,54.0,Disjunction Top-K,within_condition
rnx_eweak,Eweak::02,0.119047619,1,0.044,48.0,53.0,Disjunction Top-K,within_condition
rnx_eweak,Eweak::03,0.1538461538,2,0.634,39.0,32.0,Disjunction Top-K,within_condition
rnx_eweak,Eweak::04,0.3333333333,3,0.744,24.0,30.0,Disjunction Top-K,within_condition
rnx_eweak,Eweak::05,0.1282051282,4,0.034,44.0,56.0,Disjunction Top-K,within_condition
rnx_eweak,Eweak::06,0.4285714286,5,0.98,21.0,22.0,Disjunction Top-K,within_condition
rnx_eweak,Eweak::07,0.2564102564,6,0.904,30.0,27.0,Disjunction Top-K,within_condition
rnx_eweak,Eweak::08,0.1666666667,7,0.996,37.5,16.0,Disjunction Top-K,within_condition
rnx_eweak,Eweak::09,0.6923076923,8,0.978,8.0,23.0,Disjunction Top-K,within_condition
rnx_eweak,Eweak::10,0.0476190476,9,0.984,57.0,20.5,Disjunction Top-K,within_condition
rnx_eweak,Eweak::11,0.2564102564,0,0.028,30.0,58.0,Disjunction Top-K,within_condition
rnx_eweak,Eweak::12,0.4047619048,1,1.0,22.0,7.0,Disjunction Top-K,within_condition
rnx_eweak,Eweak::13,0.6153846154,2,1.0,13.0,7.0,Disjunction Top-K,within_condition
rnx_eweak,Eweak::14,0.119047619,3,1.0,48.0,7.0,Disjunction Top-K,within_condition
rnx_eweak,Eweak::15,0.2564102564,4,0.984,30.0,20.5,Disjunction Top-K,within_condition
rnx_eweak,Eweak::16,0.0952380952,5,0.118,52.5,49.0,Disjunction Top-K,within_condition
rnx_eweak,Eweak::17,0.6153846154,6,0.226,13.0,43.0,Disjunction Top-K,within_condition
rnx_eweak,Eweak::18,0.1666666667,7,0.178,37.5,46.0,Disjunction Top-K,within_condition
rnx_eweak,Eweak::19,0.3076923077,8,1.0,25.0,7.0,Disjunction Top-K,within_condition
rnx_eweak,Eweak::20,0.2619047619,9,0.792,28.0,29.0,Disjunction Top-K,within_condition
rnx_eweak,Eweak::21,0.1025641026,0,0.682,50.5,31.0,Disjunction Top-K,within_condition
rnx_eweak,Eweak::22,0.119047619,1,0.508,48.0,34.0,Disjunction Top-K,within_condition
rnx_eweak,Eweak::23,0.6153846154,2,0.998,13.0,15.0,Disjunction Top-K,within_condition
rnx_eweak,Eweak::24,0.1428571429,3,1.0,40.5,7.0,Disjunction Top-K,within_condition
rnx_eweak,Eweak::25,0.6923076923,4,0.152,8.0,48.0,Disjunction Top-K,within_condition
rnx_eweak,Eweak::26,0.7857142857,5,0.554,2.0,33.0,Disjunction Top-K,within_condition
rnx_eweak,Eweak::27,0.1282051282,6,0.26,44.0,40.5,Disjunction Top-K,within_condition
rnx_eweak,Eweak::28,0.7142857143,7,1.0,6.0,7.0,Disjunction Top-K,within_condition
rnx_eweak,Eweak::29,0.2051282051,8,1.0,35.0,7.0,Disjunction Top-K,within_condition
rnx_eweak,Eweak::30,0.1904761905,9,0.946,36.0,25.0,Disjunction Top-K,within_condition
rnx_eweak,Eweak::31,0.3846153846,0,0.292,23.0,38.0,Disjunction Top-K,within_condition
rnx_eweak,Eweak::32,0.5238095238,1,1.0,18.0,7.0,Disjunction Top-K,within_condition
rnx_eweak,Eweak::33,0.8974358974,2,0.484,0.0,35.0,Disjunction Top-K,within_condition
rnx_eweak,Eweak::34,0.619047619,3,0.196,11.0,45.0,Disjunction Top-K,within_condition
rnx_eweak,Eweak::35,0.0769230769,4,0.26,54.5,40.5,Disjunction Top-K,within_condition
rnx_eweak,Eweak::36,0.5476190476,5,0.076,16.5,51.0,Disjunction Top-K,within_condition
rnx_eweak,Eweak::37,0.1025641026,6,1.0,50.5,7.0,Disjunction Top-K,within_condition
rnx_eweak,Eweak::38,0.7380952381,7,0.206,4.0,44.0,Disjunction Top-K,within_condition
rnx_eweak,Eweak::39,0.4615384615,8,0.242,19.0,42.0,Disjunction Top-K,within_condition
rnx_eweak,Eweak::40,0.5476190476,9,0.04,16.5,55.0,Disjunction Top-K,within_condition
rnx_eweak,Eweak::41,0.1282051282,0,0.158,44.0,47.0,Disjunction Top-K,within_condition
rnx_eweak,Eweak::42,0.1428571429,1,0.994,40.5,17.5,Disjunction Top-K,within_condition
rnx_eweak,Eweak::43,0.7435897436,2,1.0,3.0,7.0,Disjunction Top-K,within_condition
rnx_eweak,Eweak::44,0.6428571429,3,1.0,10.0,7.0,Disjunction Top-K,within_condition
rnx_eweak,Eweak::45,0.1282051282,4,0.046,44.0,52.0,Disjunction Top-K,within_condition
rnx_eweak,Eweak::46,0.0952380952,5,0.972,52.5,24.0,Disjunction Top-K,within_condition
rnx_eweak,Eweak::47,0.7948717949,6,1.0,1.0,7.0,Disjunction Top-K,within_condition
rnx_eweak,Eweak::48,0.2142857143,7,1.0,34.0,7.0,Disjunction Top-K,within_condition
rnx_eweak,Eweak::49,0.2820512821,8,0.032,27.0,57.0,Disjunction Top-K,within_condition
rnx_eweak,Eweak::50,0.0714285714,9,0.994,56.0,17.5,Disjunction Top-K,within_condition
rnx_eweak,Eweak::51,0.6923076923,0,0.086,8.0,50.0,Disjunction Top-K,within_condition
rnx_eweak,Eweak::52,0.2857142857,1,0.262,26.0,39.0,Disjunction Top-K,within_condition
rnx_eweak,Eweak::53,0.0256410256,2,0.826,58.5,28.0,Disjunction Top-K,within_condition
rnx_eweak,Eweak::54,0.2380952381,3,0.016,32.5,59.0,Disjunction Top-K,within_condition
rnx_eweak,Eweak::55,0.0256410256,4,0.99,58.5,19.0,Disjunction Top-K,within_condition
rnx_eweak,Eweak::56,0.5952380952,5,1.0,15.0,7.0,Disjunction Top-K,within_condition
rnx_eweak,Eweak::57,0.0769230769,6,1.0,54.5,7.0,Disjunction Top-K,within_condition
rnx_eweak,Eweak::58,0.4523809524,7,0.944,20.0,26.0,Disjunction Top-K,within_condition
rnx_eweak,Eweak::59,0.1282051282,8,0.352,44.0,37.0,Disjunction Top-K,within_condition
rnx_eweak,Eweak::60,0.2380952381,9,0.354,32.5,36.0,Disjunction Top-K,within_condition
rnx_eweak,Eweak::01,0.7179487179,0,0.002,5.0,56.5,Disjunction Top-p,within_condition
rnx_eweak,Eweak::02,0.119047619,1,0.086,48.0,45.0,Disjunction Top-p,within_condition
rnx_eweak,Eweak::03,0.1538461538,2,0.154,39.0,38.0,Disjunction Top-p,within_condition
rnx_eweak,Eweak::04,0.3333333333,3,0.272,24.0,34.0,Disjunction Top-p,within_condition
rnx_eweak,Eweak::05,0.1282051282,4,0.336,44.0,29.0,Disjunction Top-p,within_condition
rnx_eweak,Eweak::06,0.4285714286,5,0.438,21.0,25.0,Disjunction Top-p,within_condition
rnx_eweak,Eweak::07,0.2564102564,6,0.168,30.0,37.0,Disjunction Top-p,within_condition
rnx_eweak,Eweak::08,0.1666666667,7,0.702,37.5,17.0,Disjunction Top-p,within_condition
rnx_eweak,Eweak::09,0.6923076923,8,0.55,8.0,21.0,Disjunction Top-p,within_condition
rnx_eweak,Eweak::10,0.0476190476,9,0.42,57.0,28.0,Disjunction Top-p,within_condition
rnx_eweak,Eweak::11,0.2564102564,0,0.0,30.0,58.5,Disjunction Top-p,within_condition
rnx_eweak,Eweak::12,0.4047619048,1,0.202,22.0,35.0,Disjunction Top-p,within_condition
rnx_eweak,Eweak::13,0.6153846154,2,1.0,13.0,2.5,Disjunction Top-p,within_condition
rnx_eweak,Eweak::14,0.119047619,3,0.472,48.0,24.0,Disjunction Top-p,within_condition
rnx_eweak,Eweak::15,0.2564102564,4,0.428,30.0,27.0,Disjunction Top-p,within_condition
rnx_eweak,Eweak::16,0.0952380952,5,0.044,52.5,48.0,Disjunction Top-p,within_condition
rnx_eweak,Eweak::17,0.6153846154,6,0.088,13.0,44.0,Disjunction Top-p,within_condition
rnx_eweak,Eweak::18,0.1666666667,7,0.196,37.5,36.0,Disjunction Top-p,within_condition
rnx_eweak,Eweak::19,0.3076923077,8,0.536,25.0,22.0,Disjunction Top-p,within_condition
rnx_eweak,Eweak::20,0.2619047619,9,0.58,28.0,20.0,Disjunction Top-p,within_condition
rnx_eweak,Eweak::21,0.1025641026,0,0.334,50.5,30.0,Disjunction Top-p,within_condition
rnx_eweak,Eweak::22,0.119047619,1,0.508,48.0,23.0,Disjunction Top-p,within_condition
rnx_eweak,Eweak::23,0.6153846154,2,0.806,13.0,11.0,Disjunction Top-p,within_condition
rnx_eweak,Eweak::24,0.1428571429,3,0.726,40.5,14.0,Disjunction Top-p,within_condition
rnx_eweak,Eweak::25,0.6923076923,4,0.03,8.0,49.0,Disjunction Top-p,within_condition
rnx_eweak,Eweak::26,0.7857142857,5,0.054,2.0,47.0,Disjunction Top-p,within_condition
rnx_eweak,Eweak::27,0.1282051282,6,0.304,44.0,33.0,Disjunction Top-p,within_condition
rnx_eweak,Eweak::28,0.7142857143,7,1.0,6.0,2.5,Disjunction Top-p,within_condition
rnx_eweak,Eweak::29,0.2051282051,8,1.0,35.0,2.5,Disjunction Top-p,within_condition
rnx_eweak,Eweak::30,0.1904761905,9,0.756,36.0,12.0,Disjunction Top-p,within_condition
rnx_eweak,Eweak::31,0.3846153846,0,0.896,23.0,8.0,Disjunction Top-p,within_condition
rnx_eweak,Eweak::32,0.5238095238,1,1.0,18.0,2.5,Disjunction Top-p,within_condition
rnx_eweak,Eweak::33,0.8974358974,2,0.432,0.0,26.0,Disjunction Top-p,within_condition
rnx_eweak,Eweak::34,0.619047619,3,0.02,11.0,51.0,Disjunction Top-p,within_condition
rnx_eweak,Eweak::35,0.0769230769,4,0.148,54.5,39.0,Disjunction Top-p,within_condition
rnx_eweak,Eweak::36,0.5476190476,5,0.106,16.5,42.0,Disjunction Top-p,within_condition
rnx_eweak,Eweak::37,0.1025641026,6,1.0,50.5,2.5,Disjunction Top-p,within_condition
rnx_eweak,Eweak::38,0.7380952381,7,0.094,4.0,43.0,Disjunction Top-p,within_condition
rnx_eweak,Eweak::39,0.4615384615,8,0.0,19.0,58.5,Disjunction Top-p,within_condition
rnx_eweak,Eweak::40,0.5476190476,9,0.024,16.5,50.0,Disjunction Top-p,within_condition
rnx_eweak,Eweak::41,0.1282051282,0,0.138,44.0,40.0,Disjunction Top-p,within_condition
rnx_eweak,Eweak::42,0.1428571429,1,0.872,40.5,10.0,Disjunction Top-p,within_condition
rnx_eweak,Eweak::43,0.7435897436,2,0.71,3.0,16.0,Disjunction Top-p,within_condition
rnx_eweak,Eweak::44,0.6428571429,3,0.892,10.0,9.0,Disjunction Top-p,within_condition
rnx_eweak,Eweak::45,0.1282051282,4,0.016,44.0,53.0,Disjunction Top-p,within_condition
rnx_eweak,Eweak::46,0.0952380952,5,0.734,52.5,13.0,Disjunction Top-p,within_condition
rnx_eweak,Eweak::47,0.7948717949,6,0.718,1.0,15.0,Disjunction Top-p,within_condition
rnx_eweak,Eweak::48,0.2142857143,7,0.308,34.0,32.0,Disjunction Top-p,within_condition
rnx_eweak,Eweak::49,0.2820512821,8,0.002,27.0,56.5,Disjunction Top-p,within_condition
rnx_eweak,Eweak::50,0.0714285714,9,0.672,56.0,18.0,Disjunction Top-p,within_condition
rnx_eweak,Eweak::51,0.6923076923,0,0.004,8.0,55.0,Disjunction Top-p,within_condition
rnx_eweak,Eweak::52,0.2857142857,1,0.12,26.0,41.0,Disjunction Top-p,within_condition
rnx_eweak,Eweak::53,0.0256410256,2,0.326,58.5,31.0,Disjunction Top-p,within_condition
rnx_eweak,Eweak::54,0.2380952381,3,0.006,32.5,54.0,Disjunction Top-p,within_condition
rnx_eweak,Eweak::55,0.0256410256,4,0.976,58.5,6.0,Disjunction Top-p,within_condition
rnx_eweak,Eweak::56,0.5952380952,5,1.0,15.0,2.5,Disjunction Top-p,within_condition
rnx_eweak,Eweak::57,0.0769230769,6,0.65,54.5,19.0,Disjunction Top-p,within_condition
rnx_eweak,Eweak::58,0.4523809524,7,0.926,20.0,7.0,Disjunction Top-p,within_condition
rnx_eweak,Eweak::59,0.1282051282,8,0.018,44.0,52.0,Disjunction Top-p,within_condition
rnx_eweak,Eweak::60,0.2380952381,9,0.078,32.5,46.0,Disjunction Top-p,within_condition
rnx_estrong,Estrong::01,0.7857142857,0,0.08340297867478463,17.0,46.0,No linking structure,within_condition
rnx_estrong,Estrong::02,0.5128205128,1,0.12419398275291557,38.5,37.0,No linking structure,within_condition
rnx_estrong,Estrong::03,0.6904761905,2,0.037792313349520545,26.5,54.0,No linking structure,within_condition
rnx_estrong,Estrong::04,0.6153846154,3,0.154506808804151,30.5,30.0,No linking structure,within_condition
rnx_estrong,Estrong::05,0.3095238095,4,0.20095266370865256,52.5,23.0,No linking structure,within_condition
rnx_estrong,Estrong::06,0.4871794872,5,0.20220995233457206,40.5,21.0,No linking structure,within_condition
rnx_estrong,Estrong::07,0.7619047619,6,0.5113199002831088,20.5,1.0,No linking structure,within_condition
rnx_estrong,Estrong::08,0.6153846154,7,0.312641264691038,30.5,9.0,No linking structure,within_condition
rnx_estrong,Estrong::09,0.880952381,8,0.17906900322180302,7.5,27.0,No linking structure,within_condition
rnx_estrong,Estrong::10,0.3333333333,9,0.36243004197798334,50.0,6.0,No linking structure,within_condition
rnx_estrong,Estrong::11,0.4761904762,0,0.02253563568499576,42.5,58.0,No linking structure,within_condition
rnx_estrong,Estrong::12,0.9487179487,1,0.1564290686880614,2.5,28.0,No linking structure,within_condition
rnx_estrong,Estrong::13,0.880952381,2,0.23937958017331307,7.5,18.0,No linking structure,within_condition
rnx_estrong,Estrong::14,0.358974359,3,0.27996328767646517,47.0,13.0,No linking structure,within_condition
rnx_estrong,Estrong::15,0.7142857143,4,0.14260031523299993,24.0,35.0,No linking structure,within_condition
rnx_estrong,Estrong::16,0.4871794872,5,0.09899447765159126,40.5,43.0,No linking structure,within_condition
rnx_estrong,Estrong::17,0.7619047619,6,0.20100946705197384,20.5,22.0,No linking structure,within_condition
rnx_estrong,Estrong::18,0.6153846154,7,0.1814455147119742,30.5,25.0,No linking structure,within_condition
rnx_estrong,Estrong::19,0.5714285714,8,0.32358810322602,35.0,8.0,No linking structure,within_condition
rnx_estrong,Estrong::20,0.4358974359,9,0.15191701339510794,45.0,32.0,No linking structure,within_condition
rnx_estrong,Estrong::21,0.3333333333,0,0.1897768743616497,50.0,24.0,No linking structure,within_condition
rnx_estrong,Estrong::22,0.4615384615,1,0.032191792851134673,44.0,55.0,No linking structure,within_condition
rnx_estrong,Estrong::23,0.7142857143,2,0.14594264271226284,24.0,33.0,No linking structure,within_condition
rnx_estrong,Estrong::24,0.6153846154,3,0.433672641391451,30.5,4.0,No linking structure,within_condition
rnx_estrong,Estrong::25,0.8333333333,4,0.08803758233466767,14.0,45.0,No linking structure,within_condition
rnx_estrong,Estrong::26,0.9743589744,5,0.024246138313522476,1.0,57.0,No linking structure,within_condition
rnx_estrong,Estrong::27,0.3571428571,6,0.11368703466338059,48.0,38.0,No linking structure,within_condition
rnx_estrong,Estrong::28,0.9487179487,7,0.45224620015855105,2.5,2.0,No linking structure,within_condition
rnx_estrong,Estrong::29,0.4761904762,8,0.37528201144998863,42.5,5.0,No linking structure,within_condition
rnx_estrong,Estrong::30,0.3846153846,9,0.15606600777915594,46.0,29.0,No linking structure,within_condition
rnx_estrong,Estrong::31,0.7142857143,0,0.2406681669308716,24.0,17.0,No linking structure,within_condition
rnx_estrong,Estrong::32,0.7948717949,1,0.15221837119957493,16.0,31.0,No linking structure,within_condition
rnx_estrong,Estrong::33,0.9761904762,2,0.038540658623452816,0.0,52.0,No linking structure,within_condition
rnx_estrong,Estrong::34,0.7692307692,3,0.10327208968190205,18.5,42.0,No linking structure,within_condition
rnx_estrong,Estrong::35,0.3333333333,4,0.1807594140580377,50.0,26.0,No linking structure,within_condition
rnx_estrong,Estrong::36,0.8461538462,5,0.055376181800438525,11.5,50.0,No linking structure,within_condition
rnx_estrong,Estrong::37,0.3095238095,6,0.24997672451745148,52.5,16.0,No linking structure,within_condition
rnx_estrong,Estrong::38,0.8461538462,7,0.03831397835492037,11.5,53.0,No linking structure,within_condition
rnx_estrong,Estrong::39,0.6428571429,8,0.009615681097658946,28.0,59.0,No linking structure,within_condition
rnx_estrong,Estrong::40,0.8461538462,9,0.061275301716993316,11.5,48.0,No linking structure,within_condition
rnx_estrong,Estrong::41,0.2619047619,0,0.22431760630633843,55.0,20.0,No linking structure,within_condition
rnx_estrong,Estrong::42,0.5128205128,1,0.2901074734309951,38.5,11.0,No linking structure,within_condition
rnx_estrong,Estrong::43,0.9047619048,2,0.10752809480729399,6.0,41.0,No linking structure,within_condition
rnx_estrong,Estrong::44,0.9230769231,3,0.260026432758589,4.5,15.0,No linking structure,within_condition
rnx_estrong,Estrong::45,0.2142857143,4,0.2355286463542511,56.0,19.0,No linking structure,within_condition
rnx_estrong,Estrong::46,0.0512820513,5,0.1439823472884548,59.0,34.0,No linking structure,within_condition
rnx_estrong,Estrong::47,0.8571428571,6,0.1100113301685579,9.0,40.0,No linking structure,within_condition
rnx_estrong,Estrong::48,0.7692307692,7,0.3288826664415401,18.5,7.0,No linking structure,within_condition
rnx_estrong,Estrong::49,0.6904761905,8,0.1134379342575121,26.5,39.0,No linking structure,within_condition
rnx_estrong,Estrong::50,0.2820512821,9,0.28342560489660673,54.0,12.0,No linking structure,within_condition
rnx_estrong,Estrong::51,0.8095238095,0,0.061448386810046,15.0,47.0,No linking structure,within_condition
rnx_estrong,Estrong::52,0.9230769231,1,0.0470885421271523,4.5,51.0,No linking structure,within_condition
rnx_estrong,Estrong::53,0.1428571429,2,0.45010092784443484,58.0,3.0,No linking structure,within_condition
rnx_estrong,Estrong::54,0.5897435897,3,0.05711919189827826,34.0,49.0,No linking structure,within_condition
rnx_estrong,Estrong::55,0.1666666667,4,0.30431428316888653,57.0,10.0,No linking structure,within_condition
rnx_estrong,Estrong::56,0.8461538462,5,0.5121858759626826,11.5,0.0,No linking structure,within_condition
rnx_estrong,Estrong::57,0.5952380952,6,0.02883218504577576,33.0,56.0,No linking structure,within_condition
rnx_estrong,Estrong::58,0.7179487179,7,0.2626840454579637,22.0,14.0,No linking structure,within_condition
rnx_estrong,Estrong::59,0.5476190476,8,0.08823641327971382,37.0,44.0,No linking structure,within_condition
rnx_estrong,Estrong::60,0.5641025641,9,0.1394931317164356,36.0,36.0,No linking structure,within_condition
rnx_estrong,Estrong::01,0.7857142857,0,1.0,17.0,24.5,Set Top-K,within_condition
rnx_estrong,Estrong::02,0.5128205128,1,0.696,38.5,54.0,Set Top-K,within_condition
rnx_estrong,Estrong::03,0.6904761905,2,1.0,26.5,24.5,Set Top-K,within_condition
rnx_estrong,Estrong::04,0.6153846154,3,1.0,30.5,24.5,Set Top-K,within_condition
rnx_estrong,Estrong::05,0.3095238095,4,0.264,52.5,56.0,Set Top-K,within_condition
rnx_estrong,Estrong::06,0.4871794872,5,1.0,40.5,24.5,Set Top-K,within_condition
rnx_estrong,Estrong::07,0.7619047619,6,1.0,20.5,24.5,Set Top-K,within_condition
rnx_estrong,Estrong::08,0.6153846154,7,1.0,30.5,24.5,Set Top-K,within_condition
rnx_estrong,Estrong::09,0.880952381,8,1.0,7.5,24.5,Set Top-K,within_condition
rnx_estrong,Estrong::10,0.3333333333,9,1.0,50.0,24.5,Set Top-K,within_condition
rnx_estrong,Estrong::11,0.4761904762,0,1.0,42.5,24.5,Set Top-K,within_condition
rnx_estrong,Estrong::12,0.9487179487,1,1.0,2.5,24.5,Set Top-K,within_condition
rnx_estrong,Estrong::13,0.880952381,2,1.0,7.5,24.5,Set Top-K,within_condition
rnx_estrong,Estrong::14,0.358974359,3,1.0,47.0,24.5,Set Top-K,within_condition
rnx_estrong,Estrong::15,0.7142857143,4,1.0,24.0,24.5,Set Top-K,within_condition
rnx_estrong,Estrong::16,0.4871794872,5,1.0,40.5,24.5,Set Top-K,within_condition
rnx_estrong,Estrong::17,0.7619047619,6,1.0,20.5,24.5,Set Top-K,within_condition
rnx_estrong,Estrong::18,0.6153846154,7,1.0,30.5,24.5,Set Top-K,within_condition
rnx_estrong,Estrong::19,0.5714285714,8,1.0,35.0,24.5,Set Top-K,within_condition
rnx_estrong,Estrong::20,0.4358974359,9,1.0,45.0,24.5,Set Top-K,within_condition
rnx_estrong,Estrong::21,0.3333333333,0,1.0,50.0,24.5,Set Top-K,within_condition
rnx_estrong,Estrong::22,0.4615384615,1,0.362,44.0,55.0,Set Top-K,within_condition
rnx_estrong,Estrong::23,0.7142857143,2,1.0,24.0,24.5,Set Top-K,within_condition
rnx_estrong,Estrong::24,0.6153846154,3,1.0,30.5,24.5,Set Top-K,within_condition
rnx_estrong,Estrong::25,0.8333333333,4,0.986,14.0,51.0,Set Top-K,within_condition
rnx_estrong,Estrong::26,0.9743589744,5,1.0,1.0,24.5,Set Top-K,within_condition
rnx_estrong,Estrong::27,0.3571428571,6,0.926,48.0,52.0,Set Top-K,within_condition
rnx_estrong,Estrong::28,0.9487179487,7,1.0,2.5,24.5,Set Top-K,within_condition
rnx_estrong,Estrong::29,0.4761904762,8,1.0,42.5,24.5,Set Top-K,within_condition
rnx_estrong,Estrong::30,0.3846153846,9,1.0,46.0,24.5,Set Top-K,within_condition
rnx_estrong,Estrong::31,0.7142857143,0,0.218,24.0,57.0,Set Top-K,within_condition
rnx_estrong,Estrong::32,0.7948717949,1,1.0,16.0,24.5,Set Top-K,within_condition
rnx_estrong,Estrong::33,0.9761904762,2,0.2,0.0,58.0,Set Top-K,within_condition
rnx_estrong,Estrong::34,0.7692307692,3,1.0,18.5,24.5,Set Top-K,within_condition
rnx_estrong,Estrong::35,0.3333333333,4,1.0,50.0,24.5,Set Top-K,within_condition
rnx_estrong,Estrong::36,0.8461538462,5,0.19,11.5,59.0,Set Top-K,within_condition
rnx_estrong,Estrong::37,0.3095238095,6,1.0,52.5,24.5,Set Top-K,within_condition
rnx_estrong,Estrong::38,0.8461538462,7,0.864,11.5,53.0,Set Top-K,within_condition
rnx_estrong,Estrong::39,0.6428571429,8,1.0,28.0,24.5,Set Top-K,within_condition
rnx_estrong,Estrong::40,0.8461538462,9,1.0,11.5,24.5,Set Top-K,within_condition
rnx_estrong,Estrong::41,0.2619047619,0,1.0,55.0,24.5,Set Top-K,within_condition
rnx_estrong,Estrong::42,0.5128205128,1,1.0,38.5,24.5,Set Top-K,within_condition
rnx_estrong,Estrong::43,0.9047619048,2,1.0,6.0,24.5,Set Top-K,within_condition
rnx_estrong,Estrong::44,0.9230769231,3,1.0,4.5,24.5,Set Top-K,within_condition
rnx_estrong,Estrong::45,0.2142857143,4,0.994,56.0,50.0,Set Top-K,within_condition
rnx_estrong,Estrong::46,0.0512820513,5,1.0,59.0,24.5,Set Top-K,within_condition
rnx_estrong,Estrong::47,0.8571428571,6,1.0,9.0,24.5,Set Top-K,within_condition
rnx_estrong,Estrong::48,0.7692307692,7,1.0,18.5,24.5,Set Top-K,within_condition
rnx_estrong,Estrong::49,0.6904761905,8,1.0,26.5,24.5,Set Top-K,within_condition
rnx_estrong,Estrong::50,0.2820512821,9,1.0,54.0,24.5,Set Top-K,within_condition
rnx_estrong,Estrong::51,0.8095238095,0,1.0,15.0,24.5,Set Top-K,within_condition
rnx_estrong,Estrong::52,0.9230769231,1,1.0,4.5,24.5,Set Top-K,within_condition
rnx_estrong,Estrong::53,0.1428571429,2,1.0,58.0,24.5,Set Top-K,within_condition
rnx_estrong,Estrong::54,0.5897435897,3,1.0,34.0,24.5,Set Top-K,within_condition
rnx_estrong,Estrong::55,0.1666666667,4,1.0,57.0,24.5,Set Top-K,within_condition
rnx_estrong,Estrong::56,0.8461538462,5,1.0,11.5,24.5,Set Top-K,within_condition
rnx_estrong,Estrong::57,0.5952380952,6,1.0,33.0,24.5,Set Top-K,within_condition
rnx_estrong,Estrong::58,0.7179487179,7,1.0,22.0,24.5,Set Top-K,within_condition
rnx_estrong,Estrong::59,0.5476190476,8,1.0,37.0,24.5,Set Top-K,within_condition
rnx_estrong,Estrong::60,0.5641025641,9,1.0,36.0,24.5,Set Top-K,within_condition
rnx_estrong,Estrong::01,0.7857142857,0,1.0,17.0,20.5,Set Top-p,within_condition
rnx_estrong,Estrong::02,0.5128205128,1,0.92,38.5,51.0,Set Top-p,within_condition
rnx_estrong,Estrong::03,0.6904761905,2,0.86,26.5,53.0,Set Top-p,within_condition
rnx_estrong,Estrong::04,0.6153846154,3,1.0,30.5,20.5,Set Top-p,within_condition
rnx_estrong,Estrong::05,0.3095238095,4,0.988,52.5,47.0,Set Top-p,within_condition
rnx_estrong,Estrong::06,0.4871794872,5,1.0,40.5,20.5,Set Top-p,within_condition
rnx_estrong,Estrong::07,0.7619047619,6,1.0,20.5,20.5,Set Top-p,within_condition
rnx_estrong,Estrong::08,0.6153846154,7,1.0,30.5,20.5,Set Top-p,within_condition
rnx_estrong,Estrong::09,0.880952381,8,1.0,7.5,20.5,Set Top-p,within_condition
rnx_estrong,Estrong::10,0.3333333333,9,1.0,50.0,20.5,Set Top-p,within_condition
rnx_estrong,Estrong::11,0.4761904762,0,0.978,42.5,49.0,Set Top-p,within_condition
rnx_estrong,Estrong::12,0.9487179487,1,0.984,2.5,48.0,Set Top-p,within_condition
rnx_estrong,Estrong::13,0.880952381,2,1.0,7.5,20.5,Set Top-p,within_condition
rnx_estrong,Estrong::14,0.358974359,3,1.0,47.0,20.5,Set Top-p,within_condition
rnx_estrong,Estrong::15,0.7142857143,4,1.0,24.0,20.5,Set Top-p,within_condition
rnx_estrong,Estrong::16,0.4871794872,5,1.0,40.5,20.5,Set Top-p,within_condition
rnx_estrong,Estrong::17,0.7619047619,6,1.0,20.5,20.5,Set Top-p,within_condition
rnx_estrong,Estrong::18,0.6153846154,7,1.0,30.5,20.5,Set Top-p,within_condition
rnx_estrong,Estrong::19,0.5714285714,8,1.0,35.0,20.5,Set Top-p,within_condition
rnx_estrong,Estrong::20,0.4358974359,9,1.0,45.0,20.5,Set Top-p,within_condition
rnx_estrong,Estrong::21,0.3333333333,0,1.0,50.0,20.5,Set Top-p,within_condition
rnx_estrong,Estrong::22,0.4615384615,1,0.496,44.0,55.0,Set Top-p,within_condition
rnx_estrong,Estrong::23,0.7142857143,2,1.0,24.0,20.5,Set Top-p,within_condition
rnx_estrong,Estrong::24,0.6153846154,3,1.0,30.5,20.5,Set Top-p,within_condition
rnx_estrong,Estrong::25,0.8333333333,4,0.004,14.0,59.0,Set Top-p,within_condition
rnx_estrong,Estrong::26,0.9743589744,5,0.998,1.0,42.5,Set Top-p,within_condition
rnx_estrong,Estrong::27,0.3571428571,6,1.0,48.0,20.5,Set Top-p,within_condition
rnx_estrong,Estrong::28,0.9487179487,7,1.0,2.5,20.5,Set Top-p,within_condition
rnx_estrong,Estrong::29,0.4761904762,8,1.0,42.5,20.5,Set Top-p,within_condition
rnx_estrong,Estrong::30,0.3846153846,9,1.0,46.0,20.5,Set Top-p,within_condition
rnx_estrong,Estrong::31,0.7142857143,0,1.0,24.0,20.5,Set Top-p,within_condition
rnx_estrong,Estrong::32,0.7948717949,1,1.0,16.0,20.5,Set Top-p,within_condition
rnx_estrong,Estrong::33,0.9761904762,2,0.19,0.0,58.0,Set Top-p,within_condition
rnx_estrong,Estrong::34,0.7692307692,3,1.0,18.5,20.5,Set Top-p,within_condition
rnx_estrong,Estrong::35,0.3333333333,4,1.0,50.0,20.5,Set Top-p,within_condition
rnx_estrong,Estrong::36,0.8461538462,5,0.346,11.5,57.0,Set Top-p,within_condition
rnx_estrong,Estrong::37,0.3095238095,6,1.0,52.5,20.5,Set Top-p,within_condition
rnx_estrong,Estrong::38,0.8461538462,7,0.744,11.5,54.0,Set Top-p,within_condition
rnx_estrong,Estrong::39,0.6428571429,8,0.482,28.0,56.0,Set Top-p,within_condition
rnx_estrong,Estrong::40,0.8461538462,9,1.0,11.5,20.5,Set Top-p,within_condition
rnx_estrong,Estrong::41,0.2619047619,0,1.0,55.0,20.5,Set Top-p,within_condition
rnx_estrong,Estrong::42,0.5128205128,1,1.0,38.5,20.5,Set Top-p,within_condition
rnx_estrong,Estrong::43,0.9047619048,2,0.996,6.0,44.5,Set Top-p,within_condition
rnx_estrong,Estrong::44,0.9230769231,3,1.0,4.5,20.5,Set Top-p,within_condition
rnx_estrong,Estrong::45,0.2142857143,4,0.998,56.0,42.5,Set Top-p,within_condition
rnx_estrong,Estrong::46,0.0512820513,5,0.996,59.0,44.5,Set Top-p,within_condition
rnx_estrong,Estrong::47,0.8571428571,6,0.976,9.0,50.0,Set Top-p,within_condition
rnx_estrong,Estrong::48,0.7692307692,7,1.0,18.5,20.5,Set Top-p,within_condition
rnx_estrong,Estrong::49,0.6904761905,8,1.0,26.5,20.5,Set Top-p,within_condition
rnx_estrong,Estrong::50,0.2820512821,9,1.0,54.0,20.5,Set Top-p,within_condition
rnx_estrong,Estrong::51,0.8095238095,0,0.992,15.0,46.0,Set Top-p,within_condition
rnx_estrong,Estrong::52,0.9230769231,1,1.0,4.5,20.5,Set Top-p,within_condition
rnx_estrong,Estrong::53,0.1428571429,2,1.0,58.0,20.5,Set Top-p,within_condition
rnx_estrong,Estrong::54,0.5897435897,3,1.0,34.0,20.5,Set Top-p,within_condition
rnx_estrong,Estrong::55,0.1666666667,4,1.0,57.0,20.5,Set Top-p,within_condition
rnx_estrong,Estrong::56,0.8461538462,5,1.0,11.5,20.5,Set Top-p,within_condition
rnx_estrong,Estrong::57,0.5952380952,6,0.874,33.0,52.0,Set Top-p,within_condition
rnx_estrong,Estrong::58,0.7179487179,7,1.0,22.0,20.5,Set Top-p,within_condition
rnx_estrong,Estrong::59,0.5476190476,8,1.0,37.0,20.5,Set Top-p,within_condition
rnx_estrong,Estrong::60,0.5641025641,9,1.0,36.0,20.5,Set Top-p,within_condition
rnx_estrong,Estrong::01,0.7857142857,0,0.994,17.0,13.0,Ordering,within_condition
rnx_estrong,Estrong::02,0.5128205128,1,0.816,38.5,38.0,Ordering,within_condition
rnx_estrong,Estrong::03,0.6904761905,2,1.0,26.5,3.0,Ordering,within_condition
rnx_estrong,Estrong::04,0.6153846154,3,0.978,30.5,18.0,Ordering,within_condition
rnx_estrong,Estrong::05,0.3095238095,4,0.336,52.5,57.0,Ordering,within_condition
rnx_estrong,Estrong::06,0.4871794872,5,0.87,40.5,33.0,Ordering,within_condition
rnx_estrong,Estrong::07,0.7619047619,6,0.996,20.5,11.0,Ordering,within_condition
rnx_estrong,Estrong::08,0.6153846154,7,0.836,30.5,36.0,Ordering,within_condition
rnx_estrong,Estrong::09,0.880952381,8,0.948,7.5,22.0,Ordering,within_condition
rnx_estrong,Estrong::10,0.3333333333,9,0.564,50.0,49.0,Ordering,within_condition
rnx_estrong,Estrong::11,0.4761904762,0,0.926,42.5,24.0,Ordering,within_condition
rnx_estrong,Estrong::12,0.9487179487,1,0.366,2.5,56.0,Ordering,within_condition
rnx_estrong,Estrong::13,0.880952381,2,1.0,7.5,3.0,Ordering,within_condition
rnx_estrong,Estrong::14,0.358974359,3,0.574,47.0,48.0,Ordering,within_condition
rnx_estrong,Estrong::15,0.7142857143,4,0.69,24.0,45.0,Ordering,within_condition
rnx_estrong,Estrong::16,0.4871794872,5,0.77,40.5,40.0,Ordering,within_condition
rnx_estrong,Estrong::17,0.7619047619,6,0.956,20.5,21.0,Ordering,within_condition
rnx_estrong,Estrong::18,0.6153846154,7,0.892,30.5,29.5,Ordering,within_condition
rnx_estrong,Estrong::19,0.5714285714,8,0.91,35.0,25.0,Ordering,within_condition
rnx_estrong,Estrong::20,0.4358974359,9,0.56,45.0,50.0,Ordering,within_condition
rnx_estrong,Estrong::21,0.3333333333,0,0.982,50.0,17.0,Ordering,within_condition
rnx_estrong,Estrong::22,0.4615384615,1,0.934,44.0,23.0,Ordering,within_condition
rnx_estrong,Estrong::23,0.7142857143,2,0.998,24.0,8.0,Ordering,within_condition
rnx_estrong,Estrong::24,0.6153846154,3,0.764,30.5,42.0,Ordering,within_condition
rnx_estrong,Estrong::25,0.8333333333,4,0.892,14.0,29.5,Ordering,within_condition
rnx_estrong,Estrong::26,0.9743589744,5,0.522,1.0,54.0,Ordering,within_condition
rnx_estrong,Estrong::27,0.3571428571,6,0.158,48.0,59.0,Ordering,within_condition
rnx_estrong,Estrong::28,0.9487179487,7,0.984,2.5,15.5,Ordering,within_condition
rnx_estrong,Estrong::29,0.4761904762,8,0.996,42.5,11.0,Ordering,within_condition
rnx_estrong,Estrong::30,0.3846153846,9,0.534,46.0,53.0,Ordering,within_condition
rnx_estrong,Estrong::31,0.7142857143,0,0.852,24.0,34.0,Ordering,within_condition
rnx_estrong,Estrong::32,0.7948717949,1,1.0,16.0,3.0,Ordering,within_condition
rnx_estrong,Estrong::33,0.9761904762,2,0.822,0.0,37.0,Ordering,within_condition
rnx_estrong,Estrong::34,0.7692307692,3,1.0,18.5,3.0,Ordering,within_condition
rnx_estrong,Estrong::35,0.3333333333,4,1.0,50.0,3.0,Ordering,within_condition
rnx_estrong,Estrong::36,0.8461538462,5,0.494,11.5,55.0,Ordering,within_condition
rnx_estrong,Estrong::37,0.3095238095,6,0.784,52.5,39.0,Ordering,within_condition
rnx_estrong,Estrong::38,0.8461538462,7,0.542,11.5,51.0,Ordering,within_condition
rnx_estrong,Estrong::39,0.6428571429,8,0.274,28.0,58.0,Ordering,within_condition
rnx_estrong,Estrong::40,0.8461538462,9,0.962,11.5,20.0,Ordering,within_condition
rnx_estrong,Estrong::41,0.2619047619,0,0.9,55.0,28.0,Ordering,within_condition
rnx_estrong,Estrong::42,0.5128205128,1,0.882,38.5,32.0,Ordering,within_condition
rnx_estrong,Estrong::43,0.9047619048,2,0.682,6.0,46.0,Ordering,within_condition
rnx_estrong,Estrong::44,0.9230769231,3,0.998,4.5,8.0,Ordering,within_condition
rnx_estrong,Estrong::45,0.2142857143,4,0.538,56.0,52.0,Ordering,within_condition
rnx_estrong,Estrong::46,0.0512820513,5,0.992,59.0,14.0,Ordering,within_condition
rnx_estrong,Estrong::47,0.8571428571,6,0.746,9.0,44.0,Ordering,within_condition
rnx_estrong,Estrong::48,0.7692307692,7,0.998,18.5,8.0,Ordering,within_condition
rnx_estrong,Estrong::49,0.6904761905,8,0.902,26.5,27.0,Ordering,within_condition
rnx_estrong,Estrong::50,0.2820512821,9,0.844,54.0,35.0,Ordering,within_condition
rnx_estrong,Estrong::51,0.8095238095,0,0.996,15.0,11.0,Ordering,within_condition
rnx_estrong,Estrong::52,0.9230769231,1,0.976,4.5,19.0,Ordering,within_condition
rnx_estrong,Estrong::53,0.1428571429,2,0.906,58.0,26.0,Ordering,within_condition
rnx_estrong,Estrong::54,0.5897435897,3,1.0,34.0,3.0,Ordering,within_condition
rnx_estrong,Estrong::55,0.1666666667,4,1.0,57.0,3.0,Ordering,within_condition
rnx_estrong,Estrong::56,0.8461538462,5,0.89,11.5,31.0,Ordering,within_condition
rnx_estrong,Estrong::57,0.5952380952,6,0.768,33.0,41.0,Ordering,within_condition
rnx_estrong,Estrong::58,0.7179487179,7,0.75,22.0,43.0,Ordering,within_condition
rnx_estrong,Estrong::59,0.5476190476,8,0.638,37.0,47.0,Ordering,within_condition
rnx_estrong,Estrong::60,0.5641025641,9,0.984,36.0,15.5,Ordering,within_condition
rnx_estrong,Estrong::01,0.7857142857,0,0.994,17.0,13.0,Conjunction Top-K,within_condition
rnx_estrong,Estrong::02,0.5128205128,1,0.63,38.5,44.0,Conjunction Top-K,within_condition
rnx_estrong,Estrong::03,0.6904761905,2,1.0,26.5,3.0,Conjunction Top-K,within_condition
rnx_estrong,Estrong::04,0.6153846154,3,0.978,30.5,18.0,Conjunction Top-K,within_condition
rnx_estrong,Estrong::05,0.3095238095,4,0.194,52.5,57.0,Conjunction Top-K,within_condition
rnx_estrong,Estrong::06,0.4871794872,5,0.87,40.5,32.0,Conjunction Top-K,within_condition
rnx_estrong,Estrong::07,0.7619047619,6,0.996,20.5,11.0,Conjunction Top-K,within_condition
rnx_estrong,Estrong::08,0.6153846154,7,0.836,30.5,34.0,Conjunction Top-K,within_condition
rnx_estrong,Estrong::09,0.880952381,8,0.948,7.5,22.0,Conjunction Top-K,within_condition
rnx_estrong,Estrong::10,0.3333333333,9,0.564,50.0,46.0,Conjunction Top-K,within_condition
rnx_estrong,Estrong::11,0.4761904762,0,0.926,42.5,23.0,Conjunction Top-K,within_condition
rnx_estrong,Estrong::12,0.9487179487,1,0.366,2.5,52.0,Conjunction Top-K,within_condition
rnx_estrong,Estrong::13,0.880952381,2,1.0,7.5,3.0,Conjunction Top-K,within_condition
rnx_estrong,Estrong::14,0.358974359,3,0.574,47.0,45.0,Conjunction Top-K,within_condition
rnx_estrong,Estrong::15,0.7142857143,4,0.69,24.0,41.0,Conjunction Top-K,within_condition
rnx_estrong,Estrong::16,0.4871794872,5,0.77,40.5,36.0,Conjunction Top-K,within_condition
rnx_estrong,Estrong::17,0.7619047619,6,0.956,20.5,21.0,Conjunction Top-K,within_condition
rnx_estrong,Estrong::18,0.6153846154,7,0.892,30.5,28.0,Conjunction Top-K,within_condition
rnx_estrong,Estrong::19,0.5714285714,8,0.91,35.0,24.0,Conjunction Top-K,within_condition
rnx_estrong,Estrong::20,0.4358974359,9,0.56,45.0,47.0,Conjunction Top-K,within_condition
rnx_estrong,Estrong::21,0.3333333333,0,0.982,50.0,17.0,Conjunction Top-K,within_condition
rnx_estrong,Estrong::22,0.4615384615,1,0.354,44.0,53.0,Conjunction Top-K,within_condition
rnx_estrong,Estrong::23,0.7142857143,2,0.998,24.0,8.0,Conjunction Top-K,within_condition
rnx_estrong,Estrong::24,0.6153846154,3,0.764,30.5,38.0,Conjunction Top-K,within_condition
rnx_estrong,Estrong::25,0.8333333333,4,0.886,14.0,30.0,Conjunction Top-K,within_condition
rnx_estrong,Estrong::26,0.9743589744,5,0.522,1.0,51.0,Conjunction Top-K,within_condition
rnx_estrong,Estrong::27,0.3571428571,6,0.158,48.0,59.0,Conjunction Top-K,within_condition
rnx_estrong,Estrong::28,0.9487179487,7,0.984,2.5,15.5,Conjunction Top-K,within_condition
rnx_estrong,Estrong::29,0.4761904762,8,0.996,42.5,11.0,Conjunction Top-K,within_condition
rnx_estrong,Estrong::30,0.3846153846,9,0.534,46.0,49.0,Conjunction Top-K,within_condition
rnx_estrong,Estrong::31,0.7142857143,0,0.21,24.0,55.0,Conjunction Top-K,within_condition
rnx_estrong,Estrong::32,0.7948717949,1,1.0,16.0,3.0,Conjunction Top-K,within_condition
rnx_estrong,Estrong::33,0.9761904762,2,0.198,0.0,56.0,Conjunction Top-K,within_condition
rnx_estrong,Estrong::34,0.7692307692,3,1.0,18.5,3.0,Conjunction Top-K,within_condition
rnx_estrong,Estrong::35,0.3333333333,4,1.0,50.0,3.0,Conjunction Top-K,within_condition
rnx_estrong,Estrong::36,0.8461538462,5,0.168,11.5,58.0,Conjunction Top-K,within_condition
rnx_estrong,Estrong::37,0.3095238095,6,0.784,52.5,35.0,Conjunction Top-K,within_condition
rnx_estrong,Estrong::38,0.8461538462,7,0.532,11.5,50.0,Conjunction Top-K,within_condition
rnx_estrong,Estrong::39,0.6428571429,8,0.274,28.0,54.0,Conjunction Top-K,within_condition
rnx_estrong,Estrong::40,0.8461538462,9,0.962,11.5,20.0,Conjunction Top-K,within_condition
rnx_estrong,Estrong::41,0.2619047619,0,0.9,55.0,27.0,Conjunction Top-K,within_condition
rnx_estrong,Estrong::42,0.5128205128,1,0.882,38.5,31.0,Conjunction Top-K,within_condition
rnx_estrong,Estrong::43,0.9047619048,2,0.682,6.0,42.0,Conjunction Top-K,within_condition
rnx_estrong,Estrong::44,0.9230769231,3,0.998,4.5,8.0,Conjunction Top-K,within_condition
rnx_estrong,Estrong::45,0.2142857143,4,0.538,56.0,48.0,Conjunction Top-K,within_condition
rnx_estrong,Estrong::46,0.0512820513,5,0.992,59.0,14.0,Conjunction Top-K,within_condition
rnx_estrong,Estrong::47,0.8571428571,6,0.746,9.0,40.0,Conjunction Top-K,within_condition
rnx_estrong,Estrong::48,0.7692307692,7,0.998,18.5,8.0,Conjunction Top-K,within_condition
rnx_estrong,Estrong::49,0.6904761905,8,0.902,26.5,26.0,Conjunction Top-K,within_condition
rnx_estrong,Estrong::50,0.2820512821,9,0.844,54.0,33.0,Conjunction Top-K,within_condition
rnx_estrong,Estrong::51,0.8095238095,0,0.996,15.0,11.0,Conjunction Top-K,within_condition
rnx_estrong,Estrong::52,0.9230769231,1,0.976,4.5,19.0,Conjunction Top-K,within_condition
rnx_estrong,Estrong::53,0.1428571429,2,0.906,58.0,25.0,Conjunction Top-K,within_condition
rnx_estrong,Estrong::54,0.5897435897,3,1.0,34.0,3.0,Conjunction Top-K,within_condition
rnx_estrong,Estrong::55,0.1666666667,4,1.0,57.0,3.0,Conjunction Top-K,within_condition
rnx_estrong,Estrong::56,0.8461538462,5,0.89,11.5,29.0,Conjunction Top-K,within_condition
rnx_estrong,Estrong::57,0.5952380952,6,0.768,33.0,37.0,Conjunction Top-K,within_condition
rnx_estrong,Estrong::58,0.7179487179,7,0.75,22.0,39.0,Conjunction Top-K,within_condition
rnx_estrong,Estrong::59,0.5476190476,8,0.638,37.0,43.0,Conjunction Top-K,within_condition
rnx_estrong,Estrong::60,0.5641025641,9,0.984,36.0,15.5,Conjunction Top-K,within_condition
rnx_estrong,Estrong::01,0.7857142857,0,0.994,17.0,11.0,Conjunction Top-p,within_condition
rnx_estrong,Estrong::02,0.5128205128,1,0.782,38.5,36.0,Conjunction Top-p,within_condition
rnx_estrong,Estrong::03,0.6904761905,2,0.86,26.5,31.0,Conjunction Top-p,within_condition
rnx_estrong,Estrong::04,0.6153846154,3,0.978,30.5,17.0,Conjunction Top-p,within_condition
rnx_estrong,Estrong::05,0.3095238095,4,0.336,52.5,54.0,Conjunction Top-p,within_condition
rnx_estrong,Estrong::06,0.4871794872,5,0.87,40.5,30.0,Conjunction Top-p,within_condition
rnx_estrong,Estrong::07,0.7619047619,6,0.996,20.5,9.5,Conjunction Top-p,within_condition
rnx_estrong,Estrong::08,0.6153846154,7,0.836,30.5,34.0,Conjunction Top-p,within_condition
rnx_estrong,Estrong::09,0.880952381,8,0.948,7.5,21.0,Conjunction Top-p,within_condition
rnx_estrong,Estrong::10,0.3333333333,9,0.564,50.0,46.0,Conjunction Top-p,within_condition
rnx_estrong,Estrong::11,0.4761904762,0,0.914,42.5,22.0,Conjunction Top-p,within_condition
rnx_estrong,Estrong::12,0.9487179487,1,0.366,2.5,53.0,Conjunction Top-p,within_condition
rnx_estrong,Estrong::13,0.880952381,2,1.0,7.5,2.5,Conjunction Top-p,within_condition
rnx_estrong,Estrong::14,0.358974359,3,0.574,47.0,45.0,Conjunction Top-p,within_condition
rnx_estrong,Estrong::15,0.7142857143,4,0.69,24.0,42.0,Conjunction Top-p,within_condition
rnx_estrong,Estrong::16,0.4871794872,5,0.77,40.5,37.0,Conjunction Top-p,within_condition
rnx_estrong,Estrong::17,0.7619047619,6,0.956,20.5,20.0,Conjunction Top-p,within_condition
rnx_estrong,Estrong::18,0.6153846154,7,0.892,30.5,27.0,Conjunction Top-p,within_condition
rnx_estrong,Estrong::19,0.5714285714,8,0.91,35.0,23.0,Conjunction Top-p,within_condition
rnx_estrong,Estrong::20,0.4358974359,9,0.56,45.0,47.0,Conjunction Top-p,within_condition
rnx_estrong,Estrong::21,0.3333333333,0,0.982,50.0,16.0,Conjunction Top-p,within_condition
rnx_estrong,Estrong::22,0.4615384615,1,0.486,44.0,52.0,Conjunction Top-p,within_condition
rnx_estrong,Estrong::23,0.7142857143,2,0.998,24.0,7.0,Conjunction Top-p,within_condition
rnx_estrong,Estrong::24,0.6153846154,3,0.764,30.5,38.0,Conjunction Top-p,within_condition
rnx_estrong,Estrong::25,0.8333333333,4,0.004,14.0,59.0,Conjunction Top-p,within_condition
rnx_estrong,Estrong::26,0.9743589744,5,0.522,1.0,50.0,Conjunction Top-p,within_condition
rnx_estrong,Estrong::27,0.3571428571,6,0.158,48.0,58.0,Conjunction Top-p,within_condition
rnx_estrong,Estrong::28,0.9487179487,7,0.984,2.5,14.5,Conjunction Top-p,within_condition
rnx_estrong,Estrong::29,0.4761904762,8,0.996,42.5,9.5,Conjunction Top-p,within_condition
rnx_estrong,Estrong::30,0.3846153846,9,0.534,46.0,49.0,Conjunction Top-p,within_condition
rnx_estrong,Estrong::31,0.7142857143,0,0.852,24.0,32.0,Conjunction Top-p,within_condition
rnx_estrong,Estrong::32,0.7948717949,1,1.0,16.0,2.5,Conjunction Top-p,within_condition
rnx_estrong,Estrong::33,0.9761904762,2,0.188,0.0,57.0,Conjunction Top-p,within_condition
rnx_estrong,Estrong::34,0.7692307692,3,1.0,18.5,2.5,Conjunction Top-p,within_condition
rnx_estrong,Estrong::35,0.3333333333,4,1.0,50.0,2.5,Conjunction Top-p,within_condition
rnx_estrong,Estrong::36,0.8461538462,5,0.27,11.5,55.0,Conjunction Top-p,within_condition
rnx_estrong,Estrong::37,0.3095238095,6,0.784,52.5,35.0,Conjunction Top-p,within_condition
rnx_estrong,Estrong::38,0.8461538462,7,0.512,11.5,51.0,Conjunction Top-p,within_condition
rnx_estrong,Estrong::39,0.6428571429,8,0.26,28.0,56.0,Conjunction Top-p,within_condition
rnx_estrong,Estrong::40,0.8461538462,9,0.962,11.5,19.0,Conjunction Top-p,within_condition
rnx_estrong,Estrong::41,0.2619047619,0,0.9,55.0,26.0,Conjunction Top-p,within_condition
rnx_estrong,Estrong::42,0.5128205128,1,0.882,38.5,29.0,Conjunction Top-p,within_condition
rnx_estrong,Estrong::43,0.9047619048,2,0.682,6.0,43.0,Conjunction Top-p,within_condition
rnx_estrong,Estrong::44,0.9230769231,3,0.998,4.5,7.0,Conjunction Top-p,within_condition
rnx_estrong,Estrong::45,0.2142857143,4,0.538,56.0,48.0,Conjunction Top-p,within_condition
rnx_estrong,Estrong::46,0.0512820513,5,0.988,59.0,12.5,Conjunction Top-p,within_condition
rnx_estrong,Estrong::47,0.8571428571,6,0.746,9.0,40.0,Conjunction Top-p,within_condition
rnx_estrong,Estrong::48,0.7692307692,7,0.998,18.5,7.0,Conjunction Top-p,within_condition
rnx_estrong,Estrong::49,0.6904761905,8,0.902,26.5,25.0,Conjunction Top-p,within_condition
rnx_estrong,Estrong::50,0.2820512821,9,0.844,54.0,33.0,Conjunction Top-p,within_condition
rnx_estrong,Estrong::51,0.8095238095,0,0.988,15.0,12.5,Conjunction Top-p,within_condition
rnx_estrong,Estrong::52,0.9230769231,1,0.976,4.5,18.0,Conjunction Top-p,within_condition
rnx_estrong,Estrong::53,0.1428571429,2,0.906,58.0,24.0,Conjunction Top-p,within_condition
rnx_estrong,Estrong::54,0.5897435897,3,1.0,34.0,2.5,Conjunction Top-p,within_condition
rnx_estrong,Estrong::55,0.1666666667,4,1.0,57.0,2.5,Conjunction Top-p,within_condition
rnx_estrong,Estrong::56,0.8461538462,5,0.89,11.5,28.0,Conjunction Top-p,within_condition
rnx_estrong,Estrong::57,0.5952380952,6,0.712,33.0,41.0,Conjunction Top-p,within_condition
rnx_estrong,Estrong::58,0.7179487179,7,0.75,22.0,39.0,Conjunction Top-p,within_condition
rnx_estrong,Estrong::59,0.5476190476,8,0.638,37.0,44.0,Conjunction Top-p,within_condition
rnx_estrong,Estrong::60,0.5641025641,9,0.984,36.0,14.5,Conjunction Top-p,within_condition
rnx_estrong,Estrong::01,0.7857142857,0,1.0,17.0,24.5,Disjunction Top-K,within_condition
rnx_estrong,Estrong::02,0.5128205128,1,0.882,38.5,54.0,Disjunction Top-K,within_condition
rnx_estrong,Estrong::03,0.6904761905,2,1.0,26.5,24.5,Disjunction Top-K,within_condition
rnx_estrong,Estrong::04,0.6153846154,3,1.0,30.5,24.5,Disjunction Top-K,within_condition
rnx_estrong,Estrong::05,0.3095238095,4,0.406,52.5,59.0,Disjunction Top-K,within_condition
rnx_estrong,Estrong::06,0.4871794872,5,1.0,40.5,24.5,Disjunction Top-K,within_condition
rnx_estrong,Estrong::07,0.7619047619,6,1.0,20.5,24.5,Disjunction Top-K,within_condition
rnx_estrong,Estrong::08,0.6153846154,7,1.0,30.5,24.5,Disjunction Top-K,within_condition
rnx_estrong,Estrong::09,0.880952381,8,1.0,7.5,24.5,Disjunction Top-K,within_condition
rnx_estrong,Estrong::10,0.3333333333,9,1.0,50.0,24.5,Disjunction Top-K,within_condition
rnx_estrong,Estrong::11,0.4761904762,0,1.0,42.5,24.5,Disjunction Top-K,within_condition
rnx_estrong,Estrong::12,0.9487179487,1,1.0,2.5,24.5,Disjunction Top-K,within_condition
rnx_estrong,Estrong::13,0.880952381,2,1.0,7.5,24.5,Disjunction Top-K,within_condition
rnx_estrong,Estrong::14,0.358974359,3,1.0,47.0,24.5,Disjunction Top-K,within_condition
rnx_estrong,Estrong::15,0.7142857143,4,1.0,24.0,24.5,Disjunction Top-K,within_condition
rnx_estrong,Estrong::16,0.4871794872,5,1.0,40.5,24.5,Disjunction Top-K,within_condition
rnx_estrong,Estrong::17,0.7619047619,6,1.0,20.5,24.5,Disjunction Top-K,within_condition
rnx_estrong,Estrong::18,0.6153846154,7,1.0,30.5,24.5,Disjunction Top-K,within_condition
rnx_estrong,Estrong::19,0.5714285714,8,1.0,35.0,24.5,Disjunction Top-K,within_condition
rnx_estrong,Estrong::20,0.4358974359,9,1.0,45.0,24.5,Disjunction Top-K,within_condition
rnx_estrong,Estrong::21,0.3333333333,0,1.0,50.0,24.5,Disjunction Top-K,within_condition
rnx_estrong,Estrong::22,0.4615384615,1,0.942,44.0,52.0,Disjunction Top-K,within_condition
rnx_estrong,Estrong::23,0.7142857143,2,1.0,24.0,24.5,Disjunction Top-K,within_condition
rnx_estrong,Estrong::24,0.6153846154,3,1.0,30.5,24.5,Disjunction Top-K,within_condition
rnx_estrong,Estrong::25,0.8333333333,4,0.992,14.0,51.0,Disjunction Top-K,within_condition
rnx_estrong,Estrong::26,0.9743589744,5,1.0,1.0,24.5,Disjunction Top-K,within_condition
rnx_estrong,Estrong::27,0.3571428571,6,0.926,48.0,53.0,Disjunction Top-K,within_condition
rnx_estrong,Estrong::28,0.9487179487,7,1.0,2.5,24.5,Disjunction Top-K,within_condition
rnx_estrong,Estrong::29,0.4761904762,8,1.0,42.5,24.5,Disjunction Top-K,within_condition
rnx_estrong,Estrong::30,0.3846153846,9,1.0,46.0,24.5,Disjunction Top-K,within_condition
rnx_estrong,Estrong::31,0.7142857143,0,0.86,24.0,56.0,Disjunction Top-K,within_condition
rnx_estrong,Estrong::32,0.7948717949,1,1.0,16.0,24.5,Disjunction Top-K,within_condition
rnx_estrong,Estrong::33,0.9761904762,2,0.824,0.0,57.0,Disjunction Top-K,within_condition
rnx_estrong,Estrong::34,0.7692307692,3,1.0,18.5,24.5,Disjunction Top-K,within_condition
rnx_estrong,Estrong::35,0.3333333333,4,1.0,50.0,24.5,Disjunction Top-K,within_condition
rnx_estrong,Estrong::36,0.8461538462,5,0.516,11.5,58.0,Disjunction Top-K,within_condition
rnx_estrong,Estrong::37,0.3095238095,6,1.0,52.5,24.5,Disjunction Top-K,within_condition
rnx_estrong,Estrong::38,0.8461538462,7,0.874,11.5,55.0,Disjunction Top-K,within_condition
rnx_estrong,Estrong::39,0.6428571429,8,1.0,28.0,24.5,Disjunction Top-K,within_condition
rnx_estrong,Estrong::40,0.8461538462,9,1.0,11.5,24.5,Disjunction Top-K,within_condition
rnx_estrong,Estrong::41,0.2619047619,0,1.0,55.0,24.5,Disjunction Top-K,within_condition
rnx_estrong,Estrong::42,0.5128205128,1,1.0,38.5,24.5,Disjunction Top-K,within_condition
rnx_estrong,Estrong::43,0.9047619048,2,1.0,6.0,24.5,Disjunction Top-K,within_condition
rnx_estrong,Estrong::44,0.9230769231,3,1.0,4.5,24.5,Disjunction Top-K,within_condition
rnx_estrong,Estrong::45,0.2142857143,4,0.994,56.0,50.0,Disjunction Top-K,within_condition
rnx_estrong,Estrong::46,0.0512820513,5,1.0,59.0,24.5,Disjunction Top-K,within_condition
rnx_estrong,Estrong::47,0.8571428571,6,1.0,9.0,24.5,Disjunction Top-K,within_condition
rnx_estrong,Estrong::48,0.7692307692,7,1.0,18.5,24.5,Disjunction Top-K,within_condition
rnx_estrong,Estrong::49,0.6904761905,8,1.0,26.5,24.5,Disjunction Top-K,within_condition
rnx_estrong,Estrong::50,0.2820512821,9,1.0,54.0,24.5,Disjunction Top-K,within_condition
rnx_estrong,Estrong::51,0.8095238095,0,1.0,15.0,24.5,Disjunction Top-K,within_condition
rnx_estrong,Estrong::52,0.9230769231,1,1.0,4.5,24.5,Disjunction Top-K,within_condition
rnx_estrong,Estrong::53,0.1428571429,2,1.0,58.0,24.5,Disjunction Top-K,within_condition
rnx_estrong,Estrong::54,0.5897435897,3,1.0,34.0,24.5,Disjunction Top-K,within_condition
rnx_estrong,Estrong::55,0.1666666667,4,1.0,57.0,24.5,Disjunction Top-K,within_condition
rnx_estrong,Estrong::56,0.8461538462,5,1.0,11.5,24.5,Disjunction Top-K,within_condition
rnx_estrong,Estrong::57,0.5952380952,6,1.0,33.0,24.5,Disjunction Top-K,within_condition
rnx_estrong,Estrong::58,0.7179487179,7,1.0,22.0,24.5,Disjunction Top-K,within_condition
rnx_estrong,Estrong::59,0.5476190476,8,1.0,37.0,24.5,Disjunction Top-K,within_condition
rnx_estrong,Estrong::60,0.5641025641,9,1.0,36.0,24.5,Disjunction Top-K,within_condition
rnx_estrong,Estrong::01,0.7857142857,0,1.0,17.0,22.0,Disjunction Top-p,within_condition
rnx_estrong,Estrong::02,0.5128205128,1,0.954,38.5,52.0,Disjunction Top-p,within_condition
rnx_estrong,Estrong::03,0.6904761905,2,1.0,26.5,22.0,Disjunction Top-p,within_condition
rnx_estrong,Estrong::04,0.6153846154,3,1.0,30.5,22.0,Disjunction Top-p,within_condition
rnx_estrong,Estrong::05,0.3095238095,4,0.988,52.5,49.0,Disjunction Top-p,within_condition
rnx_estrong,Estrong::06,0.4871794872,5,1.0,40.5,22.0,Disjunction Top-p,within_condition
rnx_estrong,Estrong::07,0.7619047619,6,1.0,20.5,22.0,Disjunction Top-p,within_condition
rnx_estrong,Estrong::08,0.6153846154,7,1.0,30.5,22.0,Disjunction Top-p,within_condition
rnx_estrong,Estrong::09,0.880952381,8,1.0,7.5,22.0,Disjunction Top-p,within_condition
rnx_estrong,Estrong::10,0.3333333333,9,1.0,50.0,22.0,Disjunction Top-p,within_condition
rnx_estrong,Estrong::11,0.4761904762,0,0.99,42.5,48.0,Disjunction Top-p,within_condition
rnx_estrong,Estrong::12,0.9487179487,1,0.984,2.5,50.0,Disjunction Top-p,within_condition
rnx_estrong,Estrong::13,0.880952381,2,1.0,7.5,22.0,Disjunction Top-p,within_condition
rnx_estrong,Estrong::14,0.358974359,3,1.0,47.0,22.0,Disjunction Top-p,within_condition
rnx_estrong,Estrong::15,0.7142857143,4,1.0,24.0,22.0,Disjunction Top-p,within_condition
rnx_estrong,Estrong::16,0.4871794872,5,1.0,40.5,22.0,Disjunction Top-p,within_condition
rnx_estrong,Estrong::17,0.7619047619,6,1.0,20.5,22.0,Disjunction Top-p,within_condition
rnx_estrong,Estrong::18,0.6153846154,7,1.0,30.5,22.0,Disjunction Top-p,within_condition
rnx_estrong,Estrong::19,0.5714285714,8,1.0,35.0,22.0,Disjunction Top-p,within_condition
rnx_estrong,Estrong::20,0.4358974359,9,1.0,45.0,22.0,Disjunction Top-p,within_condition
rnx_estrong,Estrong::21,0.3333333333,0,1.0,50.0,22.0,Disjunction Top-p,within_condition
rnx_estrong,Estrong::22,0.4615384615,1,0.944,44.0,53.0,Disjunction Top-p,within_condition
rnx_estrong,Estrong::23,0.7142857143,2,1.0,24.0,22.0,Disjunction Top-p,within_condition
rnx_estrong,Estrong::24,0.6153846154,3,1.0,30.5,22.0,Disjunction Top-p,within_condition
rnx_estrong,Estrong::25,0.8333333333,4,0.892,14.0,55.0,Disjunction Top-p,within_condition
rnx_estrong,Estrong::26,0.9743589744,5,0.998,1.0,45.5,Disjunction Top-p,within_condition
rnx_estrong,Estrong::27,0.3571428571,6,1.0,48.0,22.0,Disjunction Top-p,within_condition
rnx_estrong,Estrong::28,0.9487179487,7,1.0,2.5,22.0,Disjunction Top-p,within_condition
rnx_estrong,Estrong::29,0.4761904762,8,1.0,42.5,22.0,Disjunction Top-p,within_condition
rnx_estrong,Estrong::30,0.3846153846,9,1.0,46.0,22.0,Disjunction Top-p,within_condition
rnx_estrong,Estrong::31,0.7142857143,0,1.0,24.0,22.0,Disjunction Top-p,within_condition
rnx_estrong,Estrong::32,0.7948717949,1,1.0,16.0,22.0,Disjunction Top-p,within_condition
rnx_estrong,Estrong::33,0.9761904762,2,0.824,0.0,56.0,Disjunction Top-p,within_condition
rnx_estrong,Estrong::34,0.7692307692,3,1.0,18.5,22.0,Disjunction Top-p,within_condition
rnx_estrong,Estrong::35,0.3333333333,4,1.0,50.0,22.0,Disjunction Top-p,within_condition
rnx_estrong,Estrong::36,0.8461538462,5,0.57,11.5,58.0,Disjunction Top-p,within_condition
rnx_estrong,Estrong::37,0.3095238095,6,1.0,52.5,22.0,Disjunction Top-p,within_condition
rnx_estrong,Estrong::38,0.8461538462,7,0.774,11.5,57.0,Disjunction Top-p,within_condition
rnx_estrong,Estrong::39,0.6428571429,8,0.496,28.0,59.0,Disjunction Top-p,within_condition
rnx_estrong,Estrong::40,0.8461538462,9,1.0,11.5,22.0,Disjunction Top-p,within_condition
rnx_estrong,Estrong::41,0.2619047619,0,1.0,55.0,22.0,Disjunction Top-p,within_condition
rnx_estrong,Estrong::42,0.5128205128,1,1.0,38.5,22.0,Disjunction Top-p,within_condition
rnx_estrong,Estrong::43,0.9047619048,2,0.996,6.0,47.0,Disjunction Top-p,within_condition
rnx_estrong,Estrong::44,0.9230769231,3,1.0,4.5,22.0,Disjunction Top-p,within_condition
rnx_estrong,Estrong::45,0.2142857143,4,0.998,56.0,45.5,Disjunction Top-p,within_condition
rnx_estrong,Estrong::46,0.0512820513,5,1.0,59.0,22.0,Disjunction Top-p,within_condition
rnx_estrong,Estrong::47,0.8571428571,6,0.976,9.0,51.0,Disjunction Top-p,within_condition
rnx_estrong,Estrong::48,0.7692307692,7,1.0,18.5,22.0,Disjunction Top-p,within_condition
rnx_estrong,Estrong::49,0.6904761905,8,1.0,26.5,22.0,Disjunction Top-p,within_condition
rnx_estrong,Estrong::50,0.2820512821,9,1.0,54.0,22.0,Disjunction Top-p,within_condition
rnx_estrong,Estrong::51,0.8095238095,0,1.0,15.0,22.0,Disjunction Top-p,within_condition
rnx_estrong,Estrong::52,0.9230769231,1,1.0,4.5,22.0,Disjunction Top-p,within_condition
rnx_estrong,Estrong::53,0.1428571429,2,1.0,58.0,22.0,Disjunction Top-p,within_condition
rnx_estrong,Estrong::54,0.5897435897,3,1.0,34.0,22.0,Disjunction Top-p,within_condition
rnx_estrong,Estrong::55,0.1666666667,4,1.0,57.0,22.0,Disjunction Top-p,within_condition
rnx_estrong,Estrong::56,0.8461538462,5,1.0,11.5,22.0,Disjunction Top-p,within_condition
rnx_estrong,Estrong::57,0.5952380952,6,0.93,33.0,54.0,Disjunction Top-p,within_condition
rnx_estrong,Estrong::58,0.7179487179,7,1.0,22.0,22.0,Disjunction Top-p,within_condition
rnx_estrong,Estrong::59,0.5476190476,8,1.0,37.0,22.0,Disjunction Top-p,within_condition
rnx_estrong,Estrong::60,0.5641025641,9,1.0,36.0,22.0,Disjunction Top-p,within_condition
rnx_eonly,Eonly::01,0.625,0,3.57338780539437e-05,35.5,45.0,No linking structure,within_condition
rnx_eonly,Eonly::02,0.5,1,0.0003720950033253557,47.0,30.0,No linking structure,within_condition
rnx_eonly,Eonly::03,0.625,2,0.0002804018074689165,35.5,33.0,No linking structure,within_condition
rnx_eonly,Eonly::04,0.725,3,0.0010729133771119606,26.5,20.0,No linking structure,within_condition
rnx_eonly,Eonly::05,0.575,4,0.00016120374571775337,42.5,34.0,No linking structure,within_condition
rnx_eonly,Eonly::06,0.725,5,0.01805248360630604,26.5,3.0,No linking structure,within_condition
rnx_eonly,Eonly::07,0.65,6,0.00039381523851089793,33.0,28.0,No linking structure,within_condition
rnx_eonly,Eonly::08,0.5,7,0.006054764768334019,47.0,5.0,No linking structure,within_condition
rnx_eonly,Eonly::09,0.95,8,7.14353186077229e-06,1.5,55.0,No linking structure,within_condition
rnx_eonly,Eonly::10,0.425,9,4.889345178934946e-05,55.5,42.0,No linking structure,within_condition
rnx_eonly,Eonly::11,0.55,0,1.0804125679748846e-07,44.5,59.0,No linking structure,within_condition
rnx_eonly,Eonly::12,0.85,1,2.3353616998936577e-05,12.0,47.0,No linking structure,within_condition
rnx_eonly,Eonly::13,0.875,2,0.0037776925529137634,8.5,9.0,No linking structure,within_condition
rnx_eonly,Eonly::14,0.475,3,0.0013833341696449406,51.5,18.0,No linking structure,within_condition
rnx_eonly,Eonly::15,0.85,4,0.0016172814949484747,12.0,15.0,No linking structure,within_condition
rnx_eonly,Eonly::16,0.625,5,1.1229985670847778e-05,35.5,51.0,No linking structure,within_condition
rnx_eonly,Eonly::17,0.8,6,3.604760849881989e-05,19.0,44.0,No linking structure,within_condition
rnx_eonly,Eonly::18,0.75,7,0.0010957636845284756,22.5,19.0,No linking structure,within_condition
rnx_eonly,Eonly::19,0.875,8,0.080073920157245,8.5,1.0,No linking structure,within_condition
rnx_eonly,Eonly::20,0.5,9,1.4900756881466296e-05,47.0,49.0,No linking structure,within_condition
rnx_eonly,Eonly::21,0.425,0,0.00011819567766883674,55.5,38.0,No linking structure,within_condition
rnx_eonly,Eonly::22,0.6,1,6.858411686611906e-06,39.5,56.0,No linking structure,within_condition
rnx_eonly,Eonly::23,0.8,2,0.0004276102237260412,19.0,27.0,No linking structure,within_condition
rnx_eonly,Eonly::24,0.325,3,0.002438580181029948,59.0,13.0,No linking structure,within_condition
rnx_eonly,Eonly::25,0.85,4,7.491063552629675e-06,12.0,54.0,No linking structure,within_condition
rnx_eonly,Eonly::26,0.95,5,0.0008941541776150868,1.5,22.0,No linking structure,within_condition
rnx_eonly,Eonly::27,0.475,6,5.38156350909048e-05,51.5,41.0,No linking structure,within_condition
rnx_eonly,Eonly::28,0.875,7,0.00031302628167678725,8.5,32.0,No linking structure,within_condition
rnx_eonly,Eonly::29,0.475,8,0.082098797048581,51.5,0.0,No linking structure,within_condition
rnx_eonly,Eonly::30,0.6,9,1.7344692491308286e-05,39.5,48.0,No linking structure,within_condition
rnx_eonly,Eonly::31,0.725,0,0.0038422487067530766,26.5,8.0,No linking structure,within_condition
rnx_eonly,Eonly::32,0.925,1,0.0014221196031359966,3.5,17.0,No linking structure,within_condition
rnx_eonly,Eonly::33,1.0,2,0.00237278553812013,0.0,14.0,No linking structure,within_condition
rnx_eonly,Eonly::34,0.575,3,0.0008951818833075643,42.5,21.0,No linking structure,within_condition
rnx_eonly,Eonly::35,0.6,4,4.688541296558146e-05,39.5,43.0,No linking structure,within_condition
rnx_eonly,Eonly::36,0.725,5,0.0003134232730950735,26.5,31.0,No linking structure,within_condition
rnx_eonly,Eonly::37,0.625,6,0.00318886030337028,35.5,11.0,No linking structure,within_condition
rnx_eonly,Eonly::38,0.825,7,8.700852367567005e-05,15.5,40.0,No linking structure,within_condition
rnx_eonly,Eonly::39,0.775,8,0.00011892927340931739,21.0,37.0,No linking structure,within_condition
rnx_eonly,Eonly::40,0.9,9,8.407983490489261e-06,5.5,53.0,No linking structure,within_condition
rnx_eonly,Eonly::41,0.675,0,8.809225297163905e-06,31.0,52.0,No linking structure,within_condition
rnx_eonly,Eonly::42,0.375,1,0.0014585824406100289,58.0,16.0,No linking structure,within_condition
rnx_eonly,Eonly::43,0.925,2,0.012886237446089457,3.5,4.0,No linking structure,within_condition
rnx_eonly,Eonly::44,0.875,3,0.0037432038967926233,8.5,10.0,No linking structure,within_condition
rnx_eonly,Eonly::45,0.475,4,0.00014612571524911638,51.5,36.0,No linking structure,within_condition
rnx_eonly,Eonly::46,0.475,5,0.00077262397346913,51.5,24.0,No linking structure,within_condition
rnx_eonly,Eonly::47,0.9,6,0.0028625310562331724,5.5,12.0,No linking structure,within_condition
rnx_eonly,Eonly::48,0.725,7,0.006000168357590573,26.5,6.0,No linking structure,within_condition
rnx_eonly,Eonly::49,0.75,8,4.6803802346961715e-06,22.5,57.0,No linking structure,within_condition
rnx_eonly,Eonly::50,0.55,9,0.00010449200927516023,44.5,39.0,No linking structure,within_condition
rnx_eonly,Eonly::51,0.8,0,0.00015653903973746535,19.0,35.0,No linking structure,within_condition
rnx_eonly,Eonly::52,0.825,1,1.4415805839061682e-05,15.5,50.0,No linking structure,within_condition
rnx_eonly,Eonly::53,0.4,2,2.9795607956680372e-05,57.0,46.0,No linking structure,within_condition
rnx_eonly,Eonly::54,0.675,3,4.081668446232401e-07,31.0,58.0,No linking structure,within_condition
rnx_eonly,Eonly::55,0.6,4,0.0005028816439036451,39.5,26.0,No linking structure,within_condition
rnx_eonly,Eonly::56,0.725,5,0.005727312021368908,26.5,7.0,No linking structure,within_condition
rnx_eonly,Eonly::57,0.475,6,0.0008219356444992829,51.5,23.0,No linking structure,within_condition
rnx_eonly,Eonly::58,0.825,7,0.05290778995448027,15.5,2.0,No linking structure,within_condition
rnx_eonly,Eonly::59,0.825,8,0.00037377155875422454,15.5,29.0,No linking structure,within_condition
rnx_eonly,Eonly::60,0.675,9,0.0007289081825043085,31.0,25.0,No linking structure,within_condition
rnx_eonly,Eonly::01,0.625,0,0.004,35.5,45.0,Set Top-K,within_condition
rnx_eonly,Eonly::02,0.5,1,0.016,47.0,31.5,Set Top-K,within_condition
rnx_eonly,Eonly::03,0.625,2,0.04,35.5,25.0,Set Top-K,within_condition
rnx_eonly,Eonly::04,0.725,3,0.462,26.5,9.0,Set Top-K,within_condition
rnx_eonly,Eonly::05,0.575,4,0.018,42.5,30.0,Set Top-K,within_condition
rnx_eonly,Eonly::06,0.725,5,0.888,26.5,2.0,Set Top-K,within_condition
rnx_eonly,Eonly::07,0.65,6,0.09,33.0,19.0,Set Top-K,within_condition
rnx_eonly,Eonly::08,0.5,7,0.572,47.0,8.0,Set Top-K,within_condition
rnx_eonly,Eonly::09,0.95,8,0.058,1.5,22.0,Set Top-K,within_condition
rnx_eonly,Eonly::10,0.425,9,0.012,55.5,34.5,Set Top-K,within_condition
rnx_eonly,Eonly::11,0.55,0,0.0,44.5,54.5,Set Top-K,within_condition
rnx_eonly,Eonly::12,0.85,1,0.012,12.0,34.5,Set Top-K,within_condition
rnx_eonly,Eonly::13,0.875,2,0.582,8.5,7.0,Set Top-K,within_condition
rnx_eonly,Eonly::14,0.475,3,0.006,51.5,42.0,Set Top-K,within_condition
rnx_eonly,Eonly::15,0.85,4,0.024,12.0,28.0,Set Top-K,within_condition
rnx_eonly,Eonly::16,0.625,5,0.0,35.5,54.5,Set Top-K,within_condition
rnx_eonly,Eonly::17,0.8,6,0.002,19.0,47.5,Set Top-K,within_condition
rnx_eonly,Eonly::18,0.75,7,0.01,22.5,36.5,Set Top-K,within_condition
rnx_eonly,Eonly::19,0.875,8,0.746,8.5,4.0,Set Top-K,within_condition
rnx_eonly,Eonly::20,0.5,9,0.0,47.0,54.5,Set Top-K,within_condition
rnx_eonly,Eonly::21,0.425,0,0.028,55.5,27.0,Set Top-K,within_condition
rnx_eonly,Eonly::22,0.6,1,0.006,39.5,42.0,Set Top-K,within_condition
rnx_eonly,Eonly::23,0.8,2,0.022,19.0,29.0,Set Top-K,within_condition
rnx_eonly,Eonly::24,0.325,3,0.014,59.0,33.0,Set Top-K,within_condition
rnx_eonly,Eonly::25,0.85,4,0.002,12.0,47.5,Set Top-K,within_condition
rnx_eonly,Eonly::26,0.95,5,0.036,1.5,26.0,Set Top-K,within_condition
rnx_eonly,Eonly::27,0.475,6,0.0,51.5,54.5,Set Top-K,within_condition
rnx_eonly,Eonly::28,0.875,7,0.444,8.5,10.0,Set Top-K,within_condition
rnx_eonly,Eonly::29,0.475,8,1.0,51.5,0.5,Set Top-K,within_condition
rnx_eonly,Eonly::30,0.6,9,0.002,39.5,47.5,Set Top-K,within_condition
rnx_eonly,Eonly::31,0.725,0,0.048,26.5,24.0,Set Top-K,within_condition
rnx_eonly,Eonly::32,0.925,1,0.144,3.5,15.0,Set Top-K,within_condition
rnx_eonly,Eonly::33,1.0,2,0.132,0.0,16.0,Set Top-K,within_condition
rnx_eonly,Eonly::34,0.575,3,0.07,42.5,20.0,Set Top-K,within_condition
rnx_eonly,Eonly::35,0.6,4,0.0,39.5,54.5,Set Top-K,within_condition
rnx_eonly,Eonly::36,0.725,5,0.006,26.5,42.0,Set Top-K,within_condition
rnx_eonly,Eonly::37,0.625,6,0.208,35.5,13.0,Set Top-K,within_condition
rnx_eonly,Eonly::38,0.825,7,0.12,15.5,17.0,Set Top-K,within_condition
rnx_eonly,Eonly::39,0.775,8,0.324,21.0,12.0,Set Top-K,within_condition
rnx_eonly,Eonly::40,0.9,9,0.0,5.5,54.5,Set Top-K,within_condition
rnx_eonly,Eonly::41,0.675,0,0.01,31.0,36.5,Set Top-K,within_condition
rnx_eonly,Eonly::42,0.375,1,0.346,58.0,11.0,Set Top-K,within_condition
rnx_eonly,Eonly::43,0.925,2,0.856,3.5,3.0,Set Top-K,within_condition
rnx_eonly,Eonly::44,0.875,3,0.006,8.5,42.0,Set Top-K,within_condition
rnx_eonly,Eonly::45,0.475,4,0.006,51.5,42.0,Set Top-K,within_condition
rnx_eonly,Eonly::46,0.475,5,0.008,51.5,38.5,Set Top-K,within_condition
rnx_eonly,Eonly::47,0.9,6,0.732,5.5,5.0,Set Top-K,within_condition
rnx_eonly,Eonly::48,0.725,7,0.586,26.5,6.0,Set Top-K,within_condition
rnx_eonly,Eonly::49,0.75,8,0.0,22.5,54.5,Set Top-K,within_condition
rnx_eonly,Eonly::50,0.55,9,0.002,44.5,47.5,Set Top-K,within_condition
rnx_eonly,Eonly::51,0.8,0,0.096,19.0,18.0,Set Top-K,within_condition
rnx_eonly,Eonly::52,0.825,1,0.016,15.5,31.5,Set Top-K,within_condition
rnx_eonly,Eonly::53,0.4,2,0.0,57.0,54.5,Set Top-K,within_condition
rnx_eonly,Eonly::54,0.675,3,0.0,31.0,54.5,Set Top-K,within_condition
rnx_eonly,Eonly::55,0.6,4,0.0,39.5,54.5,Set Top-K,within_condition
rnx_eonly,Eonly::56,0.725,5,0.05,26.5,23.0,Set Top-K,within_condition
rnx_eonly,Eonly::57,0.475,6,0.196,51.5,14.0,Set Top-K,within_condition
rnx_eonly,Eonly::58,0.825,7,1.0,15.5,0.5,Set Top-K,within_condition
rnx_eonly,Eonly::59,0.825,8,0.062,15.5,21.0,Set Top-K,within_condition
rnx_eonly,Eonly::60,0.675,9,0.008,31.0,38.5,Set Top-K,within_condition
rnx_eonly,Eonly::01,0.625,0,0.002,35.5,50.5,Set Top-p,within_condition
rnx_eonly,Eonly::02,0.5,1,0.312,47.0,13.0,Set Top-p,within_condition
rnx_eonly,Eonly::03,0.625,2,0.494,35.5,11.0,Set Top-p,within_condition
rnx_eonly,Eonly::04,0.725,3,0.368,26.5,12.0,Set Top-p,within_condition
rnx_eonly,Eonly::05,0.575,4,0.018,42.5,37.0,Set Top-p,within_condition
rnx_eonly,Eonly::06,0.725,5,0.962,26.5,3.0,Set Top-p,within_condition
rnx_eonly,Eonly::07,0.65,6,0.048,33.0,28.0,Set Top-p,within_condition
rnx_eonly,Eonly::08,0.5,7,0.936,47.0,5.0,Set Top-p,within_condition
rnx_eonly,Eonly::09,0.95,8,0.0,1.5,56.0,Set Top-p,within_condition
rnx_eonly,Eonly::10,0.425,9,0.056,55.5,27.0,Set Top-p,within_condition
rnx_eonly,Eonly::11,0.55,0,0.0,44.5,56.0,Set Top-p,within_condition
rnx_eonly,Eonly::12,0.85,1,0.002,12.0,50.5,Set Top-p,within_condition
rnx_eonly,Eonly::13,0.875,2,0.944,8.5,4.0,Set Top-p,within_condition
rnx_eonly,Eonly::14,0.475,3,0.006,51.5,45.0,Set Top-p,within_condition
rnx_eonly,Eonly::15,0.85,4,0.032,12.0,31.0,Set Top-p,within_condition
rnx_eonly,Eonly::16,0.625,5,0.002,35.5,50.5,Set Top-p,within_condition
rnx_eonly,Eonly::17,0.8,6,0.002,19.0,50.5,Set Top-p,within_condition
rnx_eonly,Eonly::18,0.75,7,0.03,22.5,32.0,Set Top-p,within_condition
rnx_eonly,Eonly::19,0.875,8,0.27,8.5,14.0,Set Top-p,within_condition
rnx_eonly,Eonly::20,0.5,9,0.0,47.0,56.0,Set Top-p,within_condition
rnx_eonly,Eonly::21,0.425,0,0.064,55.5,26.0,Set Top-p,within_condition
rnx_eonly,Eonly::22,0.6,1,0.006,39.5,45.0,Set Top-p,within_condition
rnx_eonly,Eonly::23,0.8,2,0.144,19.0,19.0,Set Top-p,within_condition
rnx_eonly,Eonly::24,0.325,3,0.118,59.0,23.0,Set Top-p,within_condition
rnx_eonly,Eonly::25,0.85,4,0.0,12.0,56.0,Set Top-p,within_condition
rnx_eonly,Eonly::26,0.95,5,0.122,1.5,22.0,Set Top-p,within_condition
rnx_eonly,Eonly::27,0.475,6,0.014,51.5,40.5,Set Top-p,within_condition
rnx_eonly,Eonly::28,0.875,7,0.246,8.5,15.0,Set Top-p,within_condition
rnx_eonly,Eonly::29,0.475,8,1.0,51.5,0.5,Set Top-p,within_condition
rnx_eonly,Eonly::30,0.6,9,0.006,39.5,45.0,Set Top-p,within_condition
rnx_eonly,Eonly::31,0.725,0,0.998,26.5,2.0,Set Top-p,within_condition
rnx_eonly,Eonly::32,0.925,1,0.832,3.5,6.0,Set Top-p,within_condition
rnx_eonly,Eonly::33,1.0,2,0.218,0.0,17.0,Set Top-p,within_condition
rnx_eonly,Eonly::34,0.575,3,0.088,42.5,24.0,Set Top-p,within_condition
rnx_eonly,Eonly::35,0.6,4,0.0,39.5,56.0,Set Top-p,within_condition
rnx_eonly,Eonly::36,0.725,5,0.026,26.5,33.0,Set Top-p,within_condition
rnx_eonly,Eonly::37,0.625,6,0.234,35.5,16.0,Set Top-p,within_condition
rnx_eonly,Eonly::38,0.825,7,0.51,15.5,10.0,Set Top-p,within_condition
rnx_eonly,Eonly::39,0.775,8,0.124,21.0,20.5,Set Top-p,within_condition
rnx_eonly,Eonly::40,0.9,9,0.0,5.5,56.0,Set Top-p,within_condition
rnx_eonly,Eonly::41,0.675,0,0.046,31.0,29.5,Set Top-p,within_condition
rnx_eonly,Eonly::42,0.375,1,0.558,58.0,9.0,Set Top-p,within_condition
rnx_eonly,Eonly::43,0.925,2,0.788,3.5,7.0,Set Top-p,within_condition
rnx_eonly,Eonly::44,0.875,3,0.046,8.5,29.5,Set Top-p,within_condition
rnx_eonly,Eonly::45,0.475,4,0.022,51.5,34.5,Set Top-p,within_condition
rnx_eonly,Eonly::46,0.475,5,0.016,51.5,38.5,Set Top-p,within_condition
rnx_eonly,Eonly::47,0.9,6,0.216,5.5,18.0,Set Top-p,within_condition
rnx_eonly,Eonly::48,0.725,7,0.742,26.5,8.0,Set Top-p,within_condition
rnx_eonly,Eonly::49,0.75,8,0.006,22.5,45.0,Set Top-p,within_condition
rnx_eonly,Eonly::50,0.55,9,0.022,44.5,34.5,Set Top-p,within_condition
rnx_eonly,Eonly::51,0.8,0,0.01,19.0,42.0,Set Top-p,within_condition
rnx_eonly,Eonly::52,0.825,1,0.004,15.5,48.0,Set Top-p,within_condition
rnx_eonly,Eonly::53,0.4,2,0.006,57.0,45.0,Set Top-p,within_condition
rnx_eonly,Eonly::54,0.675,3,0.0,31.0,56.0,Set Top-p,within_condition
rnx_eonly,Eonly::55,0.6,4,0.016,39.5,38.5,Set Top-p,within_condition
rnx_eonly,Eonly::56,0.725,5,0.124,26.5,20.5,Set Top-p,within_condition
rnx_eonly,Eonly::57,0.475,6,0.07,51.5,25.0,Set Top-p,within_condition
rnx_eonly,Eonly::58,0.825,7,1.0,15.5,0.5,Set Top-p,within_condition
rnx_eonly,Eonly::59,0.825,8,0.02,15.5,36.0,Set Top-p,within_condition
rnx_eonly,Eonly::60,0.675,9,0.014,31.0,40.5,Set Top-p,within_condition
rnx_eonly,Eonly::01,0.625,0,0.032,35.5,50.0,Ordering,within_condition
rnx_eonly,Eonly::02,0.5,1,0.25,47.0,33.0,Ordering,within_condition
rnx_eonly,Eonly::03,0.625,2,0.162,35.5,40.0,Ordering,within_condition
rnx_eonly,Eonly::04,0.725,3,0.962,26.5,4.0,Ordering,within_condition
rnx_eonly,Eonly::05,0.575,4,0.012,42.5,55.5,Ordering,within_condition
rnx_eonly,Eonly::06,0.725,5,0.736,26.5,10.0,Ordering,within_condition
rnx_eonly,Eonly::07,0.65,6,0.468,33.0,24.0,Ordering,within_condition
rnx_eonly,Eonly::08,0.5,7,0.688,47.0,12.0,Ordering,within_condition
rnx_eonly,Eonly::09,0.95,8,0.258,1.5,32.0,Ordering,within_condition
rnx_eonly,Eonly::10,0.425,9,0.034,55.5,48.0,Ordering,within_condition
rnx_eonly,Eonly::11,0.55,0,0.0,44.5,59.0,Ordering,within_condition
rnx_eonly,Eonly::12,0.85,1,0.062,12.0,44.5,Ordering,within_condition
rnx_eonly,Eonly::13,0.875,2,0.96,8.5,5.0,Ordering,within_condition
rnx_eonly,Eonly::14,0.475,3,0.016,51.5,53.5,Ordering,within_condition
rnx_eonly,Eonly::15,0.85,4,0.062,12.0,44.5,Ordering,within_condition
rnx_eonly,Eonly::16,0.625,5,0.028,35.5,52.0,Ordering,within_condition
rnx_eonly,Eonly::17,0.8,6,0.12,19.0,42.0,Ordering,within_condition
rnx_eonly,Eonly::18,0.75,7,0.164,22.5,39.0,Ordering,within_condition
rnx_eonly,Eonly::19,0.875,8,0.61,8.5,15.0,Ordering,within_condition
rnx_eonly,Eonly::20,0.5,9,0.008,47.0,57.0,Ordering,within_condition
rnx_eonly,Eonly::21,0.425,0,0.378,55.5,27.0,Ordering,within_condition
rnx_eonly,Eonly::22,0.6,1,0.78,39.5,9.0,Ordering,within_condition
rnx_eonly,Eonly::23,0.8,2,0.488,19.0,21.5,Ordering,within_condition
rnx_eonly,Eonly::24,0.325,3,0.324,59.0,29.0,Ordering,within_condition
rnx_eonly,Eonly::25,0.85,4,0.016,12.0,53.5,Ordering,within_condition
rnx_eonly,Eonly::26,0.95,5,0.038,1.5,46.0,Ordering,within_condition
rnx_eonly,Eonly::27,0.475,6,0.012,51.5,55.5,Ordering,within_condition
rnx_eonly,Eonly::28,0.875,7,0.264,8.5,31.0,Ordering,within_condition
rnx_eonly,Eonly::29,0.475,8,1.0,51.5,0.0,Ordering,within_condition
rnx_eonly,Eonly::30,0.6,9,0.206,39.5,35.0,Ordering,within_condition
rnx_eonly,Eonly::31,0.725,0,0.456,26.5,25.5,Ordering,within_condition
rnx_eonly,Eonly::32,0.925,1,0.994,3.5,2.0,Ordering,within_condition
rnx_eonly,Eonly::33,1.0,2,0.582,0.0,16.0,Ordering,within_condition
rnx_eonly,Eonly::34,0.575,3,0.978,42.5,3.0,Ordering,within_condition
rnx_eonly,Eonly::35,0.6,4,0.032,39.5,50.0,Ordering,within_condition
rnx_eonly,Eonly::36,0.725,5,0.152,26.5,41.0,Ordering,within_condition
rnx_eonly,Eonly::37,0.625,6,0.456,35.5,25.5,Ordering,within_condition
rnx_eonly,Eonly::38,0.825,7,0.488,15.5,21.5,Ordering,within_condition
rnx_eonly,Eonly::39,0.775,8,0.174,21.0,37.5,Ordering,within_condition
rnx_eonly,Eonly::40,0.9,9,0.174,5.5,37.5,Ordering,within_condition
rnx_eonly,Eonly::41,0.675,0,0.808,31.0,7.0,Ordering,within_condition
rnx_eonly,Eonly::42,0.375,1,0.548,58.0,17.5,Ordering,within_condition
rnx_eonly,Eonly::43,0.925,2,0.176,3.5,36.0,Ordering,within_condition
rnx_eonly,Eonly::44,0.875,3,0.786,8.5,8.0,Ordering,within_condition
rnx_eonly,Eonly::45,0.475,4,0.072,51.5,43.0,Ordering,within_condition
rnx_eonly,Eonly::46,0.475,5,0.862,51.5,6.0,Ordering,within_condition
rnx_eonly,Eonly::47,0.9,6,0.548,5.5,17.5,Ordering,within_condition
rnx_eonly,Eonly::48,0.725,7,0.642,26.5,13.0,Ordering,within_condition
rnx_eonly,Eonly::49,0.75,8,0.036,22.5,47.0,Ordering,within_condition
rnx_eonly,Eonly::50,0.55,9,0.524,44.5,19.5,Ordering,within_condition
rnx_eonly,Eonly::51,0.8,0,0.996,19.0,1.0,Ordering,within_condition
rnx_eonly,Eonly::52,0.825,1,0.636,15.5,14.0,Ordering,within_condition
rnx_eonly,Eonly::53,0.4,2,0.348,57.0,28.0,Ordering,within_condition
rnx_eonly,Eonly::54,0.675,3,0.322,31.0,30.0,Ordering,within_condition
rnx_eonly,Eonly::55,0.6,4,0.482,39.5,23.0,Ordering,within_condition
rnx_eonly,Eonly::56,0.725,5,0.208,26.5,34.0,Ordering,within_condition
rnx_eonly,Eonly::57,0.475,6,0.524,51.5,19.5,Ordering,within_condition
rnx_eonly,Eonly::58,0.825,7,0.69,15.5,11.0,Ordering,within_condition
rnx_eonly,Eonly::59,0.825,8,0.002,15.5,58.0,Ordering,within_condition
rnx_eonly,Eonly::60,0.675,9,0.032,31.0,50.0,Ordering,within_condition
rnx_eonly,Eonly::01,0.625,0,0.004,35.5,44.0,Conjunction Top-K,within_condition
rnx_eonly,Eonly::02,0.5,1,0.016,47.0,29.5,Conjunction Top-K,within_condition
rnx_eonly,Eonly::03,0.625,2,0.036,35.5,24.0,Conjunction Top-K,within_condition
rnx_eonly,Eonly::04,0.725,3,0.454,26.5,8.0,Conjunction Top-K,within_condition
rnx_eonly,Eonly::05,0.575,4,0.01,42.5,34.5,Conjunction Top-K,within_condition
rnx_eonly,Eonly::06,0.725,5,0.694,26.5,1.0,Conjunction Top-K,within_condition
rnx_eonly,Eonly::07,0.65,6,0.082,33.0,19.0,Conjunction Top-K,within_condition
rnx_eonly,Eonly::08,0.5,7,0.484,47.0,6.0,Conjunction Top-K,within_condition
rnx_eonly,Eonly::09,0.95,8,0.054,1.5,21.0,Conjunction Top-K,within_condition
rnx_eonly,Eonly::10,0.425,9,0.012,55.5,32.0,Conjunction Top-K,within_condition
rnx_eonly,Eonly::11,0.55,0,0.0,44.5,54.0,Conjunction Top-K,within_condition
rnx_eonly,Eonly::12,0.85,1,0.012,12.0,32.0,Conjunction Top-K,within_condition
rnx_eonly,Eonly::13,0.875,2,0.574,8.5,3.0,Conjunction Top-K,within_condition
rnx_eonly,Eonly::14,0.475,3,0.006,51.5,41.0,Conjunction Top-K,within_condition
rnx_eonly,Eonly::15,0.85,4,0.02,12.0,28.0,Conjunction Top-K,within_condition
rnx_eonly,Eonly::16,0.625,5,0.0,35.5,54.0,Conjunction Top-K,within_condition
rnx_eonly,Eonly::17,0.8,6,0.002,19.0,46.5,Conjunction Top-K,within_condition
rnx_eonly,Eonly::18,0.75,7,0.008,22.5,37.0,Conjunction Top-K,within_condition
rnx_eonly,Eonly::19,0.875,8,0.556,8.5,4.0,Conjunction Top-K,within_condition
rnx_eonly,Eonly::20,0.5,9,0.0,47.0,54.0,Conjunction Top-K,within_condition
rnx_eonly,Eonly::21,0.425,0,0.028,55.5,25.0,Conjunction Top-K,within_condition
rnx_eonly,Eonly::22,0.6,1,0.006,39.5,41.0,Conjunction Top-K,within_condition
rnx_eonly,Eonly::23,0.8,2,0.022,19.0,27.0,Conjunction Top-K,within_condition
rnx_eonly,Eonly::24,0.325,3,0.012,59.0,32.0,Conjunction Top-K,within_condition
rnx_eonly,Eonly::25,0.85,4,0.0,12.0,54.0,Conjunction Top-K,within_condition
rnx_eonly,Eonly::26,0.95,5,0.024,1.5,26.0,Conjunction Top-K,within_condition
rnx_eonly,Eonly::27,0.475,6,0.0,51.5,54.0,Conjunction Top-K,within_condition
rnx_eonly,Eonly::28,0.875,7,0.238,8.5,10.0,Conjunction Top-K,within_condition
rnx_eonly,Eonly::29,0.475,8,1.0,51.5,0.0,Conjunction Top-K,within_condition
rnx_eonly,Eonly::30,0.6,9,0.002,39.5,46.5,Conjunction Top-K,within_condition
rnx_eonly,Eonly::31,0.725,0,0.046,26.5,23.0,Conjunction Top-K,within_condition
rnx_eonly,Eonly::32,0.925,1,0.144,3.5,15.0,Conjunction Top-K,within_condition
rnx_eonly,Eonly::33,1.0,2,0.128,0.0,16.0,Conjunction Top-K,within_condition
rnx_eonly,Eonly::34,0.575,3,0.07,42.5,20.0,Conjunction Top-K,within_condition
rnx_eonly,Eonly::35,0.6,4,0.0,39.5,54.0,Conjunction Top-K,within_condition
rnx_eonly,Eonly::36,0.725,5,0.006,26.5,41.0,Conjunction Top-K,within_condition
rnx_eonly,Eonly::37,0.625,6,0.178,35.5,11.5,Conjunction Top-K,within_condition
rnx_eonly,Eonly::38,0.825,7,0.112,15.5,17.0,Conjunction Top-K,within_condition
rnx_eonly,Eonly::39,0.775,8,0.15,21.0,14.0,Conjunction Top-K,within_condition
rnx_eonly,Eonly::40,0.9,9,0.0,5.5,54.0,Conjunction Top-K,within_condition
rnx_eonly,Eonly::41,0.675,0,0.01,31.0,34.5,Conjunction Top-K,within_condition
rnx_eonly,Eonly::42,0.375,1,0.292,58.0,9.0,Conjunction Top-K,within_condition
rnx_eonly,Eonly::43,0.925,2,0.176,3.5,13.0,Conjunction Top-K,within_condition
rnx_eonly,Eonly::44,0.875,3,0.006,8.5,41.0,Conjunction Top-K,within_condition
rnx_eonly,Eonly::45,0.475,4,0.006,51.5,41.0,Conjunction Top-K,within_condition
rnx_eonly,Eonly::46,0.475,5,0.008,51.5,37.0,Conjunction Top-K,within_condition
rnx_eonly,Eonly::47,0.9,6,0.508,5.5,5.0,Conjunction Top-K,within_condition
rnx_eonly,Eonly::48,0.725,7,0.474,26.5,7.0,Conjunction Top-K,within_condition
rnx_eonly,Eonly::49,0.75,8,0.0,22.5,54.0,Conjunction Top-K,within_condition
rnx_eonly,Eonly::50,0.55,9,0.002,44.5,46.5,Conjunction Top-K,within_condition
rnx_eonly,Eonly::51,0.8,0,0.096,19.0,18.0,Conjunction Top-K,within_condition
rnx_eonly,Eonly::52,0.825,1,0.016,15.5,29.5,Conjunction Top-K,within_condition
rnx_eonly,Eonly::53,0.4,2,0.0,57.0,54.0,Conjunction Top-K,within_condition
rnx_eonly,Eonly::54,0.675,3,0.0,31.0,54.0,Conjunction Top-K,within_condition
rnx_eonly,Eonly::55,0.6,4,0.0,39.5,54.0,Conjunction Top-K,within_condition
rnx_eonly,Eonly::56,0.725,5,0.048,26.5,22.0,Conjunction Top-K,within_condition
rnx_eonly,Eonly::57,0.475,6,0.178,51.5,11.5,Conjunction Top-K,within_condition
rnx_eonly,Eonly::58,0.825,7,0.69,15.5,2.0,Conjunction Top-K,within_condition
rnx_eonly,Eonly::59,0.825,8,0.002,15.5,46.5,Conjunction Top-K,within_condition
rnx_eonly,Eonly::60,0.675,9,0.008,31.0,37.0,Conjunction Top-K,within_condition
rnx_eonly,Eonly::01,0.625,0,0.002,35.5,49.5,Conjunction Top-p,within_condition
rnx_eonly,Eonly::02,0.5,1,0.188,47.0,14.5,Conjunction Top-p,within_condition
rnx_eonly,Eonly::03,0.625,2,0.162,35.5,18.0,Conjunction Top-p,within_condition
rnx_eonly,Eonly::04,0.725,3,0.364,26.5,10.0,Conjunction Top-p,within_condition
rnx_eonly,Eonly::05,0.575,4,0.01,42.5,39.5,Conjunction Top-p,within_condition
rnx_eonly,Eonly::06,0.725,5,0.73,26.5,3.0,Conjunction Top-p,within_condition
rnx_eonly,Eonly::07,0.65,6,0.048,33.0,26.0,Conjunction Top-p,within_condition
rnx_eonly,Eonly::08,0.5,7,0.678,47.0,5.0,Conjunction Top-p,within_condition
rnx_eonly,Eonly::09,0.95,8,0.0,1.5,56.0,Conjunction Top-p,within_condition
rnx_eonly,Eonly::10,0.425,9,0.03,55.5,30.0,Conjunction Top-p,within_condition
rnx_eonly,Eonly::11,0.55,0,0.0,44.5,56.0,Conjunction Top-p,within_condition
rnx_eonly,Eonly::12,0.85,1,0.002,12.0,49.5,Conjunction Top-p,within_condition
rnx_eonly,Eonly::13,0.875,2,0.908,8.5,1.0,Conjunction Top-p,within_condition
rnx_eonly,Eonly::14,0.475,3,0.006,51.5,43.0,Conjunction Top-p,within_condition
rnx_eonly,Eonly::15,0.85,4,0.026,12.0,31.0,Conjunction Top-p,within_condition
rnx_eonly,Eonly::16,0.625,5,0.002,35.5,49.5,Conjunction Top-p,within_condition
rnx_eonly,Eonly::17,0.8,6,0.002,19.0,49.5,Conjunction Top-p,within_condition
rnx_eonly,Eonly::18,0.75,7,0.024,22.5,32.0,Conjunction Top-p,within_condition
rnx_eonly,Eonly::19,0.875,8,0.246,8.5,11.0,Conjunction Top-p,within_condition
rnx_eonly,Eonly::20,0.5,9,0.0,47.0,56.0,Conjunction Top-p,within_condition
rnx_eonly,Eonly::21,0.425,0,0.064,55.5,25.0,Conjunction Top-p,within_condition
rnx_eonly,Eonly::22,0.6,1,0.006,39.5,43.0,Conjunction Top-p,within_condition
rnx_eonly,Eonly::23,0.8,2,0.136,19.0,19.0,Conjunction Top-p,within_condition
rnx_eonly,Eonly::24,0.325,3,0.098,59.0,20.0,Conjunction Top-p,within_condition
rnx_eonly,Eonly::25,0.85,4,0.0,12.0,56.0,Conjunction Top-p,within_condition
rnx_eonly,Eonly::26,0.95,5,0.038,1.5,29.0,Conjunction Top-p,within_condition
rnx_eonly,Eonly::27,0.475,6,0.002,51.5,49.5,Conjunction Top-p,within_condition
rnx_eonly,Eonly::28,0.875,7,0.172,8.5,17.0,Conjunction Top-p,within_condition
rnx_eonly,Eonly::29,0.475,8,1.0,51.5,0.0,Conjunction Top-p,within_condition
rnx_eonly,Eonly::30,0.6,9,0.006,39.5,43.0,Conjunction Top-p,within_condition
rnx_eonly,Eonly::31,0.725,0,0.456,26.5,7.0,Conjunction Top-p,within_condition
rnx_eonly,Eonly::32,0.925,1,0.83,3.5,2.0,Conjunction Top-p,within_condition
rnx_eonly,Eonly::33,1.0,2,0.204,0.0,12.0,Conjunction Top-p,within_condition
rnx_eonly,Eonly::34,0.575,3,0.088,42.5,23.0,Conjunction Top-p,within_condition
rnx_eonly,Eonly::35,0.6,4,0.0,39.5,56.0,Conjunction Top-p,within_condition
rnx_eonly,Eonly::36,0.725,5,0.02,26.5,34.5,Conjunction Top-p,within_condition
rnx_eonly,Eonly::37,0.625,6,0.198,35.5,13.0,Conjunction Top-p,within_condition
rnx_eonly,Eonly::38,0.825,7,0.368,15.5,9.0,Conjunction Top-p,within_condition
rnx_eonly,Eonly::39,0.775,8,0.096,21.0,21.5,Conjunction Top-p,within_condition
rnx_eonly,Eonly::40,0.9,9,0.0,5.5,56.0,Conjunction Top-p,within_condition
rnx_eonly,Eonly::41,0.675,0,0.046,31.0,27.5,Conjunction Top-p,within_condition
rnx_eonly,Eonly::42,0.375,1,0.418,58.0,8.0,Conjunction Top-p,within_condition
rnx_eonly,Eonly::43,0.925,2,0.176,3.5,16.0,Conjunction Top-p,within_condition
rnx_eonly,Eonly::44,0.875,3,0.046,8.5,27.5,Conjunction Top-p,within_condition
rnx_eonly,Eonly::45,0.475,4,0.02,51.5,34.5,Conjunction Top-p,within_condition
rnx_eonly,Eonly::46,0.475,5,0.016,51.5,36.5,Conjunction Top-p,within_condition
rnx_eonly,Eonly::47,0.9,6,0.188,5.5,14.5,Conjunction Top-p,within_condition
rnx_eonly,Eonly::48,0.725,7,0.562,26.5,6.0,Conjunction Top-p,within_condition
rnx_eonly,Eonly::49,0.75,8,0.006,22.5,43.0,Conjunction Top-p,within_condition
rnx_eonly,Eonly::50,0.55,9,0.022,44.5,33.0,Conjunction Top-p,within_condition
rnx_eonly,Eonly::51,0.8,0,0.01,19.0,39.5,Conjunction Top-p,within_condition
rnx_eonly,Eonly::52,0.825,1,0.004,15.5,46.0,Conjunction Top-p,within_condition
rnx_eonly,Eonly::53,0.4,2,0.006,57.0,43.0,Conjunction Top-p,within_condition
rnx_eonly,Eonly::54,0.675,3,0.0,31.0,56.0,Conjunction Top-p,within_condition
rnx_eonly,Eonly::55,0.6,4,0.016,39.5,36.5,Conjunction Top-p,within_condition
rnx_eonly,Eonly::56,0.725,5,0.096,26.5,21.5,Conjunction Top-p,within_condition
rnx_eonly,Eonly::57,0.475,6,0.068,51.5,24.0,Conjunction Top-p,within_condition
rnx_eonly,Eonly::58,0.825,7,0.69,15.5,4.0,Conjunction Top-p,within_condition
rnx_eonly,Eonly::59,0.825,8,0.002,15.5,49.5,Conjunction Top-p,within_condition
rnx_eonly,Eonly::60,0.675,9,0.014,31.0,38.0,Conjunction Top-p,within_condition
rnx_eonly,Eonly::01,0.625,0,0.032,35.5,51.0,Disjunction Top-K,within_condition
rnx_eonly,Eonly::02,0.5,1,0.25,47.0,35.0,Disjunction Top-K,within_condition
rnx_eonly,Eonly::03,0.625,2,0.166,35.5,39.5,Disjunction Top-K,within_condition
rnx_eonly,Eonly::04,0.725,3,0.97,26.5,5.0,Disjunction Top-K,within_condition
rnx_eonly,Eonly::05,0.575,4,0.02,42.5,54.0,Disjunction Top-K,within_condition
rnx_eonly,Eonly::06,0.725,5,0.93,26.5,7.0,Disjunction Top-K,within_condition
rnx_eonly,Eonly::07,0.65,6,0.476,33.0,26.0,Disjunction Top-K,within_condition
rnx_eonly,Eonly::08,0.5,7,0.776,47.0,14.0,Disjunction Top-K,within_condition
rnx_eonly,Eonly::09,0.95,8,0.262,1.5,34.0,Disjunction Top-K,within_condition
rnx_eonly,Eonly::10,0.425,9,0.034,55.5,49.0,Disjunction Top-K,within_condition
rnx_eonly,Eonly::11,0.55,0,0.0,44.5,59.0,Disjunction Top-K,within_condition
rnx_eonly,Eonly::12,0.85,1,0.062,12.0,45.5,Disjunction Top-K,within_condition
rnx_eonly,Eonly::13,0.875,2,0.968,8.5,6.0,Disjunction Top-K,within_condition
rnx_eonly,Eonly::14,0.475,3,0.016,51.5,56.0,Disjunction Top-K,within_condition
rnx_eonly,Eonly::15,0.85,4,0.066,12.0,44.0,Disjunction Top-K,within_condition
rnx_eonly,Eonly::16,0.625,5,0.028,35.5,53.0,Disjunction Top-K,within_condition
rnx_eonly,Eonly::17,0.8,6,0.12,19.0,42.0,Disjunction Top-K,within_condition
rnx_eonly,Eonly::18,0.75,7,0.166,22.5,39.5,Disjunction Top-K,within_condition
rnx_eonly,Eonly::19,0.875,8,0.8,8.5,11.0,Disjunction Top-K,within_condition
rnx_eonly,Eonly::20,0.5,9,0.008,47.0,58.0,Disjunction Top-K,within_condition
rnx_eonly,Eonly::21,0.425,0,0.378,55.5,29.0,Disjunction Top-K,within_condition
rnx_eonly,Eonly::22,0.6,1,0.78,39.5,13.0,Disjunction Top-K,within_condition
rnx_eonly,Eonly::23,0.8,2,0.488,19.0,23.0,Disjunction Top-K,within_condition
rnx_eonly,Eonly::24,0.325,3,0.326,59.0,32.0,Disjunction Top-K,within_condition
rnx_eonly,Eonly::25,0.85,4,0.018,12.0,55.0,Disjunction Top-K,within_condition
rnx_eonly,Eonly::26,0.95,5,0.05,1.5,47.0,Disjunction Top-K,within_condition
rnx_eonly,Eonly::27,0.475,6,0.012,51.5,57.0,Disjunction Top-K,within_condition
rnx_eonly,Eonly::28,0.875,7,0.47,8.5,27.0,Disjunction Top-K,within_condition
rnx_eonly,Eonly::29,0.475,8,1.0,51.5,0.5,Disjunction Top-K,within_condition
rnx_eonly,Eonly::30,0.6,9,0.206,39.5,37.0,Disjunction Top-K,within_condition
rnx_eonly,Eonly::31,0.725,0,0.458,26.5,28.0,Disjunction Top-K,within_condition
rnx_eonly,Eonly::32,0.925,1,0.994,3.5,3.0,Disjunction Top-K,within_condition
rnx_eonly,Eonly::33,1.0,2,0.586,0.0,19.0,Disjunction Top-K,within_condition
rnx_eonly,Eonly::34,0.575,3,0.978,42.5,4.0,Disjunction Top-K,within_condition
rnx_eonly,Eonly::35,0.6,4,0.032,39.5,51.0,Disjunction Top-K,within_condition
rnx_eonly,Eonly::36,0.725,5,0.152,26.5,41.0,Disjunction Top-K,within_condition
rnx_eonly,Eonly::37,0.625,6,0.486,35.5,24.0,Disjunction Top-K,within_condition
rnx_eonly,Eonly::38,0.825,7,0.496,15.5,22.0,Disjunction Top-K,within_condition
rnx_eonly,Eonly::39,0.775,8,0.348,21.0,30.5,Disjunction Top-K,within_condition
rnx_eonly,Eonly::40,0.9,9,0.174,5.5,38.0,Disjunction Top-K,within_condition
rnx_eonly,Eonly::41,0.675,0,0.808,31.0,10.0,Disjunction Top-K,within_condition
rnx_eonly,Eonly::42,0.375,1,0.602,58.0,18.0,Disjunction Top-K,within_condition
rnx_eonly,Eonly::43,0.925,2,0.856,3.5,9.0,Disjunction Top-K,within_condition
rnx_eonly,Eonly::44,0.875,3,0.786,8.5,12.0,Disjunction Top-K,within_condition
rnx_eonly,Eonly::45,0.475,4,0.072,51.5,43.0,Disjunction Top-K,within_condition
rnx_eonly,Eonly::46,0.475,5,0.862,51.5,8.0,Disjunction Top-K,within_condition
rnx_eonly,Eonly::47,0.9,6,0.772,5.5,15.0,Disjunction Top-K,within_condition
rnx_eonly,Eonly::48,0.725,7,0.754,26.5,16.0,Disjunction Top-K,within_condition
rnx_eonly,Eonly::49,0.75,8,0.036,22.5,48.0,Disjunction Top-K,within_condition
rnx_eonly,Eonly::50,0.55,9,0.524,44.5,21.0,Disjunction Top-K,within_condition
rnx_eonly,Eonly::51,0.8,0,0.996,19.0,2.0,Disjunction Top-K,within_condition
rnx_eonly,Eonly::52,0.825,1,0.636,15.5,17.0,Disjunction Top-K,within_condition
rnx_eonly,Eonly::53,0.4,2,0.348,57.0,30.5,Disjunction Top-K,within_condition
rnx_eonly,Eonly::54,0.675,3,0.322,31.0,33.0,Disjunction Top-K,within_condition
rnx_eonly,Eonly::55,0.6,4,0.482,39.5,25.0,Disjunction Top-K,within_condition
rnx_eonly,Eonly::56,0.725,5,0.21,26.5,36.0,Disjunction Top-K,within_condition
rnx_eonly,Eonly::57,0.475,6,0.542,51.5,20.0,Disjunction Top-K,within_condition
rnx_eonly,Eonly::58,0.825,7,1.0,15.5,0.5,Disjunction Top-K,within_condition
rnx_eonly,Eonly::59,0.825,8,0.062,15.5,45.5,Disjunction Top-K,within_condition
rnx_eonly,Eonly::60,0.675,9,0.032,31.0,51.0,Disjunction Top-K,within_condition
rnx_eonly,Eonly::01,0.625,0,0.032,35.5,50.0,Disjunction Top-p,within_condition
rnx_eonly,Eonly::02,0.5,1,0.374,47.0,30.0,Disjunction Top-p,within_condition
rnx_eonly,Eonly::03,0.625,2,0.494,35.5,25.0,Disjunction Top-p,within_condition
rnx_eonly,Eonly::04,0.725,3,0.966,26.5,8.0,Disjunction Top-p,within_condition
rnx_eonly,Eonly::05,0.575,4,0.02,42.5,54.5,Disjunction Top-p,within_condition
rnx_eonly,Eonly::06,0.725,5,0.968,26.5,7.0,Disjunction Top-p,within_condition
rnx_eonly,Eonly::07,0.65,6,0.468,33.0,28.0,Disjunction Top-p,within_condition
rnx_eonly,Eonly::08,0.5,7,0.946,47.0,9.0,Disjunction Top-p,within_condition
rnx_eonly,Eonly::09,0.95,8,0.258,1.5,35.0,Disjunction Top-p,within_condition
rnx_eonly,Eonly::10,0.425,9,0.06,55.5,47.0,Disjunction Top-p,within_condition
rnx_eonly,Eonly::11,0.55,0,0.0,44.5,59.0,Disjunction Top-p,within_condition
rnx_eonly,Eonly::12,0.85,1,0.062,12.0,46.0,Disjunction Top-p,within_condition
rnx_eonly,Eonly::13,0.875,2,0.996,8.5,4.0,Disjunction Top-p,within_condition
rnx_eonly,Eonly::14,0.475,3,0.016,51.5,56.5,Disjunction Top-p,within_condition
rnx_eonly,Eonly::15,0.85,4,0.068,12.0,45.0,Disjunction Top-p,within_condition
rnx_eonly,Eonly::16,0.625,5,0.028,35.5,52.0,Disjunction Top-p,within_condition
rnx_eonly,Eonly::17,0.8,6,0.12,19.0,43.0,Disjunction Top-p,within_condition
rnx_eonly,Eonly::18,0.75,7,0.17,22.5,40.0,Disjunction Top-p,within_condition
rnx_eonly,Eonly::19,0.875,8,0.634,8.5,18.0,Disjunction Top-p,within_condition
rnx_eonly,Eonly::20,0.5,9,0.008,47.0,58.0,Disjunction Top-p,within_condition
rnx_eonly,Eonly::21,0.425,0,0.378,55.5,29.0,Disjunction Top-p,within_condition
rnx_eonly,Eonly::22,0.6,1,0.78,39.5,15.0,Disjunction Top-p,within_condition
rnx_eonly,Eonly::23,0.8,2,0.496,19.0,24.0,Disjunction Top-p,within_condition
rnx_eonly,Eonly::24,0.325,3,0.344,59.0,32.0,Disjunction Top-p,within_condition
rnx_eonly,Eonly::25,0.85,4,0.016,12.0,56.5,Disjunction Top-p,within_condition
rnx_eonly,Eonly::26,0.95,5,0.122,1.5,42.0,Disjunction Top-p,within_condition
rnx_eonly,Eonly::27,0.475,6,0.024,51.5,53.0,Disjunction Top-p,within_condition
rnx_eonly,Eonly::28,0.875,7,0.338,8.5,33.0,Disjunction Top-p,within_condition
rnx_eonly,Eonly::29,0.475,8,1.0,51.5,0.5,Disjunction Top-p,within_condition
rnx_eonly,Eonly::30,0.6,9,0.206,39.5,37.0,Disjunction Top-p,within_condition
rnx_eonly,Eonly::31,0.725,0,0.998,26.5,2.0,Disjunction Top-p,within_condition
rnx_eonly,Eonly::32,0.925,1,0.996,3.5,4.0,Disjunction Top-p,within_condition
rnx_eonly,Eonly::33,1.0,2,0.596,0.0,20.0,Disjunction Top-p,within_condition
rnx_eonly,Eonly::34,0.575,3,0.978,42.5,6.0,Disjunction Top-p,within_condition
rnx_eonly,Eonly::35,0.6,4,0.032,39.5,50.0,Disjunction Top-p,within_condition
rnx_eonly,Eonly::36,0.725,5,0.158,26.5,41.0,Disjunction Top-p,within_condition
rnx_eonly,Eonly::37,0.625,6,0.492,35.5,26.0,Disjunction Top-p,within_condition
rnx_eonly,Eonly::38,0.825,7,0.63,15.5,19.0,Disjunction Top-p,within_condition
rnx_eonly,Eonly::39,0.775,8,0.202,21.0,38.0,Disjunction Top-p,within_condition
rnx_eonly,Eonly::40,0.9,9,0.174,5.5,39.0,Disjunction Top-p,within_condition
rnx_eonly,Eonly::41,0.675,0,0.808,31.0,12.0,Disjunction Top-p,within_condition
rnx_eonly,Eonly::42,0.375,1,0.688,58.0,16.0,Disjunction Top-p,within_condition
rnx_eonly,Eonly::43,0.925,2,0.788,3.5,13.0,Disjunction Top-p,within_condition
rnx_eonly,Eonly::44,0.875,3,0.786,8.5,14.0,Disjunction Top-p,within_condition
rnx_eonly,Eonly::45,0.475,4,0.074,51.5,44.0,Disjunction Top-p,within_condition
rnx_eonly,Eonly::46,0.475,5,0.862,51.5,10.0,Disjunction Top-p,within_condition
rnx_eonly,Eonly::47,0.9,6,0.576,5.5,21.0,Disjunction Top-p,within_condition
rnx_eonly,Eonly::48,0.725,7,0.822,26.5,11.0,Disjunction Top-p,within_condition
rnx_eonly,Eonly::49,0.75,8,0.036,22.5,48.0,Disjunction Top-p,within_condition
rnx_eonly,Eonly::50,0.55,9,0.524,44.5,23.0,Disjunction Top-p,within_condition
rnx_eonly,Eonly::51,0.8,0,0.996,19.0,4.0,Disjunction Top-p,within_condition
rnx_eonly,Eonly::52,0.825,1,0.636,15.5,17.0,Disjunction Top-p,within_condition
rnx_eonly,Eonly::53,0.4,2,0.348,57.0,31.0,Disjunction Top-p,within_condition
rnx_eonly,Eonly::54,0.675,3,0.322,31.0,34.0,Disjunction Top-p,within_condition
rnx_eonly,Eonly::55,0.6,4,0.482,39.5,27.0,Disjunction Top-p,within_condition
rnx_eonly,Eonly::56,0.725,5,0.236,26.5,36.0,Disjunction Top-p,within_condition
rnx_eonly,Eonly::57,0.475,6,0.526,51.5,22.0,Disjunction Top-p,within_condition
rnx_eonly,Eonly::58,0.825,7,1.0,15.5,0.5,Disjunction Top-p,within_condition
rnx_eonly,Eonly::59,0.825,8,0.02,15.5,54.5,Disjunction Top-p,within_condition
rnx_eonly,Eonly::60,0.675,9,0.032,31.0,50.0,Disjunction Top-p,within_condition
rnx_eonlystrong,Eonlystrong::01,0.825,0,0.08340297867478463,46.5,46.0,No linking structure,within_condition
rnx_eonlystrong,Eonlystrong::02,0.85,1,0.12419398275291557,41.0,37.0,No linking structure,within_condition
rnx_eonlystrong,Eonlystrong::03,0.975,2,0.037792313349520545,10.0,54.0,No linking structure,within_condition
rnx_eonlystrong,Eonlystrong::04,0.7,3,0.154506808804151,58.0,30.0,No linking structure,within_condition
rnx_eonlystrong,Eonlystrong::05,0.925,4,0.20095266370865256,20.5,23.0,No linking structure,within_condition
rnx_eonlystrong,Eonlystrong::06,0.925,5,0.20220995233457206,20.5,21.0,No linking structure,within_condition
rnx_eonlystrong,Eonlystrong::07,0.925,6,0.5113199002831088,20.5,1.0,No linking structure,within_condition
rnx_eonlystrong,Eonlystrong::08,0.825,7,0.312641264691038,46.5,9.0,No linking structure,within_condition
rnx_eonlystrong,Eonlystrong::09,0.95,8,0.17906900322180302,15.0,27.0,No linking structure,within_condition
rnx_eonlystrong,Eonlystrong::10,0.85,9,0.36243004197798334,41.0,6.0,No linking structure,within_condition
rnx_eonlystrong,Eonlystrong::11,0.85,0,0.02253563568499576,41.0,58.0,No linking structure,within_condition
rnx_eonlystrong,Eonlystrong::12,0.975,1,0.1564290686880614,10.0,28.0,No linking structure,within_condition
rnx_eonlystrong,Eonlystrong::13,1.0,2,0.23937958017331307,3.0,18.0,No linking structure,within_condition
rnx_eonlystrong,Eonlystrong::14,0.875,3,0.27996328767646517,33.0,13.0,No linking structure,within_condition
rnx_eonlystrong,Eonlystrong::15,1.0,4,0.14260031523299993,3.0,35.0,No linking structure,within_condition
rnx_eonlystrong,Eonlystrong::16,0.875,5,0.09899447765159126,33.0,43.0,No linking structure,within_condition
rnx_eonlystrong,Eonlystrong::17,0.825,6,0.20100946705197384,46.5,22.0,No linking structure,within_condition
rnx_eonlystrong,Eonlystrong::18,0.875,7,0.1814455147119742,33.0,25.0,No linking structure,within_condition
rnx_eonlystrong,Eonlystrong::19,0.9,8,0.32358810322602,26.0,8.0,No linking structure,within_condition
rnx_eonlystrong,Eonlystrong::20,0.875,9,0.15191701339510794,33.0,32.0,No linking structure,within_condition
rnx_eonlystrong,Eonlystrong::21,0.8,0,0.1897768743616497,51.5,24.0,No linking structure,within_condition
rnx_eonlystrong,Eonlystrong::22,0.925,1,0.032191792851134673,20.5,55.0,No linking structure,within_condition
rnx_eonlystrong,Eonlystrong::23,0.875,2,0.14594264271226284,33.0,33.0,No linking structure,within_condition
rnx_eonlystrong,Eonlystrong::24,0.925,3,0.433672641391451,20.5,4.0,No linking structure,within_condition
rnx_eonlystrong,Eonlystrong::25,0.95,4,0.08803758233466767,15.0,45.0,No linking structure,within_condition
rnx_eonlystrong,Eonlystrong::26,0.925,5,0.024246138313522476,20.5,57.0,No linking structure,within_condition
rnx_eonlystrong,Eonlystrong::27,0.875,6,0.11368703466338059,33.0,38.0,No linking structure,within_condition
rnx_eonlystrong,Eonlystrong::28,0.975,7,0.45224620015855105,10.0,2.0,No linking structure,within_condition
rnx_eonlystrong,Eonlystrong::29,0.675,8,0.37528201144998863,59.0,5.0,No linking structure,within_condition
rnx_eonlystrong,Eonlystrong::30,0.925,9,0.15606600777915594,20.5,29.0,No linking structure,within_condition
rnx_eonlystrong,Eonlystrong::31,0.8,0,0.2406681669308716,51.5,17.0,No linking structure,within_condition
rnx_eonlystrong,Eonlystrong::32,0.9,1,0.15221837119957493,26.0,31.0,No linking structure,within_condition
rnx_eonlystrong,Eonlystrong::33,1.0,2,0.038540658623452816,3.0,52.0,No linking structure,within_condition
rnx_eonlystrong,Eonlystrong::34,0.875,3,0.10327208968190205,33.0,42.0,No linking structure,within_condition
rnx_eonlystrong,Eonlystrong::35,0.825,4,0.1807594140580377,46.5,26.0,No linking structure,within_condition
rnx_eonlystrong,Eonlystrong::36,0.875,5,0.055376181800438525,33.0,50.0,No linking structure,within_condition
rnx_eonlystrong,Eonlystrong::37,0.875,6,0.24997672451745148,33.0,16.0,No linking structure,within_condition
rnx_eonlystrong,Eonlystrong::38,0.975,7,0.03831397835492037,10.0,53.0,No linking structure,within_condition
rnx_eonlystrong,Eonlystrong::39,0.8,8,0.009615681097658946,51.5,59.0,No linking structure,within_condition
rnx_eonlystrong,Eonlystrong::40,0.975,9,0.061275301716993316,10.0,48.0,No linking structure,within_condition
rnx_eonlystrong,Eonlystrong::41,0.825,0,0.22431760630633843,46.5,20.0,No linking structure,within_condition
rnx_eonlystrong,Eonlystrong::42,0.8,1,0.2901074734309951,51.5,11.0,No linking structure,within_condition
rnx_eonlystrong,Eonlystrong::43,1.0,2,0.10752809480729399,3.0,41.0,No linking structure,within_condition
rnx_eonlystrong,Eonlystrong::44,1.0,3,0.260026432758589,3.0,15.0,No linking structure,within_condition
rnx_eonlystrong,Eonlystrong::45,0.725,4,0.2355286463542511,56.5,19.0,No linking structure,within_condition
rnx_eonlystrong,Eonlystrong::46,0.725,5,0.1439823472884548,56.5,34.0,No linking structure,within_condition
rnx_eonlystrong,Eonlystrong::47,0.975,6,0.1100113301685579,10.0,40.0,No linking structure,within_condition
rnx_eonlystrong,Eonlystrong::48,0.95,7,0.3288826664415401,15.0,7.0,No linking structure,within_condition
rnx_eonlystrong,Eonlystrong::49,0.975,8,0.1134379342575121,10.0,39.0,No linking structure,within_condition
rnx_eonlystrong,Eonlystrong::50,0.775,9,0.28342560489660673,54.5,12.0,No linking structure,within_condition
rnx_eonlystrong,Eonlystrong::51,1.0,0,0.061448386810046,3.0,47.0,No linking structure,within_condition
rnx_eonlystrong,Eonlystrong::52,0.925,1,0.0470885421271523,20.5,51.0,No linking structure,within_condition
rnx_eonlystrong,Eonlystrong::53,0.775,2,0.45010092784443484,54.5,3.0,No linking structure,within_condition
rnx_eonlystrong,Eonlystrong::54,0.875,3,0.05711919189827826,33.0,49.0,No linking structure,within_condition
rnx_eonlystrong,Eonlystrong::55,0.825,4,0.30431428316888653,46.5,10.0,No linking structure,within_condition
rnx_eonlystrong,Eonlystrong::56,0.85,5,0.5121858759626826,41.0,0.0,No linking structure,within_condition
rnx_eonlystrong,Eonlystrong::57,0.85,6,0.02883218504577576,41.0,56.0,No linking structure,within_condition
rnx_eonlystrong,Eonlystrong::58,1.0,7,0.2626840454579637,3.0,14.0,No linking structure,within_condition
rnx_eonlystrong,Eonlystrong::59,0.9,8,0.08823641327971382,26.0,44.0,No linking structure,within_condition
rnx_eonlystrong,Eonlystrong::60,0.875,9,0.1394931317164356,33.0,36.0,No linking structure,within_condition
rnx_eonlystrong,Eonlystrong::01,0.825,0,1.0,46.5,24.5,Set Top-K,within_condition
rnx_eonlystrong,Eonlystrong::02,0.85,1,0.696,41.0,54.0,Set Top-K,within_condition
rnx_eonlystrong,Eonlystrong::03,0.975,2,1.0,10.0,24.5,Set Top-K,within_condition
rnx_eonlystrong,Eonlystrong::04,0.7,3,1.0,58.0,24.5,Set Top-K,within_condition
rnx_eonlystrong,Eonlystrong::05,0.925,4,0.264,20.5,56.0,Set Top-K,within_condition
rnx_eonlystrong,Eonlystrong::06,0.925,5,1.0,20.5,24.5,Set Top-K,within_condition
rnx_eonlystrong,Eonlystrong::07,0.925,6,1.0,20.5,24.5,Set Top-K,within_condition
rnx_eonlystrong,Eonlystrong::08,0.825,7,1.0,46.5,24.5,Set Top-K,within_condition
rnx_eonlystrong,Eonlystrong::09,0.95,8,1.0,15.0,24.5,Set Top-K,within_condition
rnx_eonlystrong,Eonlystrong::10,0.85,9,1.0,41.0,24.5,Set Top-K,within_condition
rnx_eonlystrong,Eonlystrong::11,0.85,0,1.0,41.0,24.5,Set Top-K,within_condition
rnx_eonlystrong,Eonlystrong::12,0.975,1,1.0,10.0,24.5,Set Top-K,within_condition
rnx_eonlystrong,Eonlystrong::13,1.0,2,1.0,3.0,24.5,Set Top-K,within_condition
rnx_eonlystrong,Eonlystrong::14,0.875,3,1.0,33.0,24.5,Set Top-K,within_condition
rnx_eonlystrong,Eonlystrong::15,1.0,4,1.0,3.0,24.5,Set Top-K,within_condition
rnx_eonlystrong,Eonlystrong::16,0.875,5,1.0,33.0,24.5,Set Top-K,within_condition
rnx_eonlystrong,Eonlystrong::17,0.825,6,1.0,46.5,24.5,Set Top-K,within_condition
rnx_eonlystrong,Eonlystrong::18,0.875,7,1.0,33.0,24.5,Set Top-K,within_condition
rnx_eonlystrong,Eonlystrong::19,0.9,8,1.0,26.0,24.5,Set Top-K,within_condition
rnx_eonlystrong,Eonlystrong::20,0.875,9,1.0,33.0,24.5,Set Top-K,within_condition
rnx_eonlystrong,Eonlystrong::21,0.8,0,1.0,51.5,24.5,Set Top-K,within_condition
rnx_eonlystrong,Eonlystrong::22,0.925,1,0.362,20.5,55.0,Set Top-K,within_condition
rnx_eonlystrong,Eonlystrong::23,0.875,2,1.0,33.0,24.5,Set Top-K,within_condition
rnx_eonlystrong,Eonlystrong::24,0.925,3,1.0,20.5,24.5,Set Top-K,within_condition
rnx_eonlystrong,Eonlystrong::25,0.95,4,0.986,15.0,51.0,Set Top-K,within_condition
rnx_eonlystrong,Eonlystrong::26,0.925,5,1.0,20.5,24.5,Set Top-K,within_condition
rnx_eonlystrong,Eonlystrong::27,0.875,6,0.926,33.0,52.0,Set Top-K,within_condition
rnx_eonlystrong,Eonlystrong::28,0.975,7,1.0,10.0,24.5,Set Top-K,within_condition
rnx_eonlystrong,Eonlystrong::29,0.675,8,1.0,59.0,24.5,Set Top-K,within_condition
rnx_eonlystrong,Eonlystrong::30,0.925,9,1.0,20.5,24.5,Set Top-K,within_condition
rnx_eonlystrong,Eonlystrong::31,0.8,0,0.218,51.5,57.0,Set Top-K,within_condition
rnx_eonlystrong,Eonlystrong::32,0.9,1,1.0,26.0,24.5,Set Top-K,within_condition
rnx_eonlystrong,Eonlystrong::33,1.0,2,0.2,3.0,58.0,Set Top-K,within_condition
rnx_eonlystrong,Eonlystrong::34,0.875,3,1.0,33.0,24.5,Set Top-K,within_condition
rnx_eonlystrong,Eonlystrong::35,0.825,4,1.0,46.5,24.5,Set Top-K,within_condition
rnx_eonlystrong,Eonlystrong::36,0.875,5,0.19,33.0,59.0,Set Top-K,within_condition
rnx_eonlystrong,Eonlystrong::37,0.875,6,1.0,33.0,24.5,Set Top-K,within_condition
rnx_eonlystrong,Eonlystrong::38,0.975,7,0.864,10.0,53.0,Set Top-K,within_condition
rnx_eonlystrong,Eonlystrong::39,0.8,8,1.0,51.5,24.5,Set Top-K,within_condition
rnx_eonlystrong,Eonlystrong::40,0.975,9,1.0,10.0,24.5,Set Top-K,within_condition
rnx_eonlystrong,Eonlystrong::41,0.825,0,1.0,46.5,24.5,Set Top-K,within_condition
rnx_eonlystrong,Eonlystrong::42,0.8,1,1.0,51.5,24.5,Set Top-K,within_condition
rnx_eonlystrong,Eonlystrong::43,1.0,2,1.0,3.0,24.5,Set Top-K,within_condition
rnx_eonlystrong,Eonlystrong::44,1.0,3,1.0,3.0,24.5,Set Top-K,within_condition
rnx_eonlystrong,Eonlystrong::45,0.725,4,0.994,56.5,50.0,Set Top-K,within_condition
rnx_eonlystrong,Eonlystrong::46,0.725,5,1.0,56.5,24.5,Set Top-K,within_condition
rnx_eonlystrong,Eonlystrong::47,0.975,6,1.0,10.0,24.5,Set Top-K,within_condition
rnx_eonlystrong,Eonlystrong::48,0.95,7,1.0,15.0,24.5,Set Top-K,within_condition
rnx_eonlystrong,Eonlystrong::49,0.975,8,1.0,10.0,24.5,Set Top-K,within_condition
rnx_eonlystrong,Eonlystrong::50,0.775,9,1.0,54.5,24.5,Set Top-K,within_condition
rnx_eonlystrong,Eonlystrong::51,1.0,0,1.0,3.0,24.5,Set Top-K,within_condition
rnx_eonlystrong,Eonlystrong::52,0.925,1,1.0,20.5,24.5,Set Top-K,within_condition
rnx_eonlystrong,Eonlystrong::53,0.775,2,1.0,54.5,24.5,Set Top-K,within_condition
rnx_eonlystrong,Eonlystrong::54,0.875,3,1.0,33.0,24.5,Set Top-K,within_condition
rnx_eonlystrong,Eonlystrong::55,0.825,4,1.0,46.5,24.5,Set Top-K,within_condition
rnx_eonlystrong,Eonlystrong::56,0.85,5,1.0,41.0,24.5,Set Top-K,within_condition
rnx_eonlystrong,Eonlystrong::57,0.85,6,1.0,41.0,24.5,Set Top-K,within_condition
rnx_eonlystrong,Eonlystrong::58,1.0,7,1.0,3.0,24.5,Set Top-K,within_condition
rnx_eonlystrong,Eonlystrong::59,0.9,8,1.0,26.0,24.5,Set Top-K,within_condition
rnx_eonlystrong,Eonlystrong::60,0.875,9,1.0,33.0,24.5,Set Top-K,within_condition
rnx_eonlystrong,Eonlystrong::01,0.825,0,1.0,46.5,20.5,Set Top-p,within_condition
rnx_eonlystrong,Eonlystrong::02,0.85,1,0.92,41.0,51.0,Set Top-p,within_condition
rnx_eonlystrong,Eonlystrong::03,0.975,2,0.86,10.0,53.0,Set Top-p,within_condition
rnx_eonlystrong,Eonlystrong::04,0.7,3,1.0,58.0,20.5,Set Top-p,within_condition
rnx_eonlystrong,Eonlystrong::05,0.925,4,0.988,20.5,47.0,Set Top-p,within_condition
rnx_eonlystrong,Eonlystrong::06,0.925,5,1.0,20.5,20.5,Set Top-p,within_condition
rnx_eonlystrong,Eonlystrong::07,0.925,6,1.0,20.5,20.5,Set Top-p,within_condition
rnx_eonlystrong,Eonlystrong::08,0.825,7,1.0,46.5,20.5,Set Top-p,within_condition
rnx_eonlystrong,Eonlystrong::09,0.95,8,1.0,15.0,20.5,Set Top-p,within_condition
rnx_eonlystrong,Eonlystrong::10,0.85,9,1.0,41.0,20.5,Set Top-p,within_condition
rnx_eonlystrong,Eonlystrong::11,0.85,0,0.978,41.0,49.0,Set Top-p,within_condition
rnx_eonlystrong,Eonlystrong::12,0.975,1,0.984,10.0,48.0,Set Top-p,within_condition
rnx_eonlystrong,Eonlystrong::13,1.0,2,1.0,3.0,20.5,Set Top-p,within_condition
rnx_eonlystrong,Eonlystrong::14,0.875,3,1.0,33.0,20.5,Set Top-p,within_condition
rnx_eonlystrong,Eonlystrong::15,1.0,4,1.0,3.0,20.5,Set Top-p,within_condition
rnx_eonlystrong,Eonlystrong::16,0.875,5,1.0,33.0,20.5,Set Top-p,within_condition
rnx_eonlystrong,Eonlystrong::17,0.825,6,1.0,46.5,20.5,Set Top-p,within_condition
rnx_eonlystrong,Eonlystrong::18,0.875,7,1.0,33.0,20.5,Set Top-p,within_condition
rnx_eonlystrong,Eonlystrong::19,0.9,8,1.0,26.0,20.5,Set Top-p,within_condition
rnx_eonlystrong,Eonlystrong::20,0.875,9,1.0,33.0,20.5,Set Top-p,within_condition
rnx_eonlystrong,Eonlystrong::21,0.8,0,1.0,51.5,20.5,Set Top-p,within_condition
rnx_eonlystrong,Eonlystrong::22,0.925,1,0.496,20.5,55.0,Set Top-p,within_condition
rnx_eonlystrong,Eonlystrong::23,0.875,2,1.0,33.0,20.5,Set Top-p,within_condition
rnx_eonlystrong,Eonlystrong::24,0.925,3,1.0,20.5,20.5,Set Top-p,within_condition
rnx_eonlystrong,Eonlystrong::25,0.95,4,0.004,15.0,59.0,Set Top-p,within_condition
rnx_eonlystrong,Eonlystrong::26,0.925,5,0.998,20.5,42.5,Set Top-p,within_condition
rnx_eonlystrong,Eonlystrong::27,0.875,6,1.0,33.0,20.5,Set Top-p,within_condition
rnx_eonlystrong,Eonlystrong::28,0.975,7,1.0,10.0,20.5,Set Top-p,within_condition
rnx_eonlystrong,Eonlystrong::29,0.675,8,1.0,59.0,20.5,Set Top-p,within_condition
rnx_eonlystrong,Eonlystrong::30,0.925,9,1.0,20.5,20.5,Set Top-p,within_condition
rnx_eonlystrong,Eonlystrong::31,0.8,0,1.0,51.5,20.5,Set Top-p,within_condition
rnx_eonlystrong,Eonlystrong::32,0.9,1,1.0,26.0,20.5,Set Top-p,within_condition
rnx_eonlystrong,Eonlystrong::33,1.0,2,0.19,3.0,58.0,Set Top-p,within_condition
rnx_eonlystrong,Eonlystrong::34,0.875,3,1.0,33.0,20.5,Set Top-p,within_condition
rnx_eonlystrong,Eonlystrong::35,0.825,4,1.0,46.5,20.5,Set Top-p,within_condition
rnx_eonlystrong,Eonlystrong::36,0.875,5,0.346,33.0,57.0,Set Top-p,within_condition
rnx_eonlystrong,Eonlystrong::37,0.875,6,1.0,33.0,20.5,Set Top-p,within_condition
rnx_eonlystrong,Eonlystrong::38,0.975,7,0.744,10.0,54.0,Set Top-p,within_condition
rnx_eonlystrong,Eonlystrong::39,0.8,8,0.482,51.5,56.0,Set Top-p,within_condition
rnx_eonlystrong,Eonlystrong::40,0.975,9,1.0,10.0,20.5,Set Top-p,within_condition
rnx_eonlystrong,Eonlystrong::41,0.825,0,1.0,46.5,20.5,Set Top-p,within_condition
rnx_eonlystrong,Eonlystrong::42,0.8,1,1.0,51.5,20.5,Set Top-p,within_condition
rnx_eonlystrong,Eonlystrong::43,1.0,2,0.996,3.0,44.5,Set Top-p,within_condition
rnx_eonlystrong,Eonlystrong::44,1.0,3,1.0,3.0,20.5,Set Top-p,within_condition
rnx_eonlystrong,Eonlystrong::45,0.725,4,0.998,56.5,42.5,Set Top-p,within_condition
rnx_eonlystrong,Eonlystrong::46,0.725,5,0.996,56.5,44.5,Set Top-p,within_condition
rnx_eonlystrong,Eonlystrong::47,0.975,6,0.976,10.0,50.0,Set Top-p,within_condition
rnx_eonlystrong,Eonlystrong::48,0.95,7,1.0,15.0,20.5,Set Top-p,within_condition
rnx_eonlystrong,Eonlystrong::49,0.975,8,1.0,10.0,20.5,Set Top-p,within_condition
rnx_eonlystrong,Eonlystrong::50,0.775,9,1.0,54.5,20.5,Set Top-p,within_condition
rnx_eonlystrong,Eonlystrong::51,1.0,0,0.992,3.0,46.0,Set Top-p,within_condition
rnx_eonlystrong,Eonlystrong::52,0.925,1,1.0,20.5,20.5,Set Top-p,within_condition
rnx_eonlystrong,Eonlystrong::53,0.775,2,1.0,54.5,20.5,Set Top-p,within_condition
rnx_eonlystrong,Eonlystrong::54,0.875,3,1.0,33.0,20.5,Set Top-p,within_condition
rnx_eonlystrong,Eonlystrong::55,0.825,4,1.0,46.5,20.5,Set Top-p,within_condition
rnx_eonlystrong,Eonlystrong::56,0.85,5,1.0,41.0,20.5,Set Top-p,within_condition
rnx_eonlystrong,Eonlystrong::57,0.85,6,0.874,41.0,52.0,Set Top-p,within_condition
rnx_eonlystrong,Eonlystrong::58,1.0,7,1.0,3.0,20.5,Set Top-p,within_condition
rnx_eonlystrong,Eonlystrong::59,0.9,8,1.0,26.0,20.5,Set Top-p,within_condition
rnx_eonlystrong,Eonlystrong::60,0.875,9,1.0,33.0,20.5,Set Top-p,within_condition
rnx_eonlystrong,Eonlystrong::01,0.825,0,0.994,46.5,13.0,Ordering,within_condition
rnx_eonlystrong,Eonlystrong::02,0.85,1,0.816,41.0,38.0,Ordering,within_condition
rnx_eonlystrong,Eonlystrong::03,0.975,2,1.0,10.0,3.0,Ordering,within_condition
rnx_eonlystrong,Eonlystrong::04,0.7,3,0.978,58.0,18.0,Ordering,within_condition
rnx_eonlystrong,Eonlystrong::05,0.925,4,0.336,20.5,57.0,Ordering,within_condition
rnx_eonlystrong,Eonlystrong::06,0.925,5,0.87,20.5,33.0,Ordering,within_condition
rnx_eonlystrong,Eonlystrong::07,0.925,6,0.996,20.5,11.0,Ordering,within_condition
rnx_eonlystrong,Eonlystrong::08,0.825,7,0.836,46.5,36.0,Ordering,within_condition
rnx_eonlystrong,Eonlystrong::09,0.95,8,0.948,15.0,22.0,Ordering,within_condition
rnx_eonlystrong,Eonlystrong::10,0.85,9,0.564,41.0,49.0,Ordering,within_condition
rnx_eonlystrong,Eonlystrong::11,0.85,0,0.926,41.0,24.0,Ordering,within_condition
rnx_eonlystrong,Eonlystrong::12,0.975,1,0.366,10.0,56.0,Ordering,within_condition
rnx_eonlystrong,Eonlystrong::13,1.0,2,1.0,3.0,3.0,Ordering,within_condition
rnx_eonlystrong,Eonlystrong::14,0.875,3,0.574,33.0,48.0,Ordering,within_condition
rnx_eonlystrong,Eonlystrong::15,1.0,4,0.69,3.0,45.0,Ordering,within_condition
rnx_eonlystrong,Eonlystrong::16,0.875,5,0.77,33.0,40.0,Ordering,within_condition
rnx_eonlystrong,Eonlystrong::17,0.825,6,0.956,46.5,21.0,Ordering,within_condition
rnx_eonlystrong,Eonlystrong::18,0.875,7,0.892,33.0,29.5,Ordering,within_condition
rnx_eonlystrong,Eonlystrong::19,0.9,8,0.91,26.0,25.0,Ordering,within_condition
rnx_eonlystrong,Eonlystrong::20,0.875,9,0.56,33.0,50.0,Ordering,within_condition
rnx_eonlystrong,Eonlystrong::21,0.8,0,0.982,51.5,17.0,Ordering,within_condition
rnx_eonlystrong,Eonlystrong::22,0.925,1,0.934,20.5,23.0,Ordering,within_condition
rnx_eonlystrong,Eonlystrong::23,0.875,2,0.998,33.0,8.0,Ordering,within_condition
rnx_eonlystrong,Eonlystrong::24,0.925,3,0.764,20.5,42.0,Ordering,within_condition
rnx_eonlystrong,Eonlystrong::25,0.95,4,0.892,15.0,29.5,Ordering,within_condition
rnx_eonlystrong,Eonlystrong::26,0.925,5,0.522,20.5,54.0,Ordering,within_condition
rnx_eonlystrong,Eonlystrong::27,0.875,6,0.158,33.0,59.0,Ordering,within_condition
rnx_eonlystrong,Eonlystrong::28,0.975,7,0.984,10.0,15.5,Ordering,within_condition
rnx_eonlystrong,Eonlystrong::29,0.675,8,0.996,59.0,11.0,Ordering,within_condition
rnx_eonlystrong,Eonlystrong::30,0.925,9,0.534,20.5,53.0,Ordering,within_condition
rnx_eonlystrong,Eonlystrong::31,0.8,0,0.852,51.5,34.0,Ordering,within_condition
rnx_eonlystrong,Eonlystrong::32,0.9,1,1.0,26.0,3.0,Ordering,within_condition
rnx_eonlystrong,Eonlystrong::33,1.0,2,0.822,3.0,37.0,Ordering,within_condition
rnx_eonlystrong,Eonlystrong::34,0.875,3,1.0,33.0,3.0,Ordering,within_condition
rnx_eonlystrong,Eonlystrong::35,0.825,4,1.0,46.5,3.0,Ordering,within_condition
rnx_eonlystrong,Eonlystrong::36,0.875,5,0.494,33.0,55.0,Ordering,within_condition
rnx_eonlystrong,Eonlystrong::37,0.875,6,0.784,33.0,39.0,Ordering,within_condition
rnx_eonlystrong,Eonlystrong::38,0.975,7,0.542,10.0,51.0,Ordering,within_condition
rnx_eonlystrong,Eonlystrong::39,0.8,8,0.274,51.5,58.0,Ordering,within_condition
rnx_eonlystrong,Eonlystrong::40,0.975,9,0.962,10.0,20.0,Ordering,within_condition
rnx_eonlystrong,Eonlystrong::41,0.825,0,0.9,46.5,28.0,Ordering,within_condition
rnx_eonlystrong,Eonlystrong::42,0.8,1,0.882,51.5,32.0,Ordering,within_condition
rnx_eonlystrong,Eonlystrong::43,1.0,2,0.682,3.0,46.0,Ordering,within_condition
rnx_eonlystrong,Eonlystrong::44,1.0,3,0.998,3.0,8.0,Ordering,within_condition
rnx_eonlystrong,Eonlystrong::45,0.725,4,0.538,56.5,52.0,Ordering,within_condition
rnx_eonlystrong,Eonlystrong::46,0.725,5,0.992,56.5,14.0,Ordering,within_condition
rnx_eonlystrong,Eonlystrong::47,0.975,6,0.746,10.0,44.0,Ordering,within_condition
rnx_eonlystrong,Eonlystrong::48,0.95,7,0.998,15.0,8.0,Ordering,within_condition
rnx_eonlystrong,Eonlystrong::49,0.975,8,0.902,10.0,27.0,Ordering,within_condition
rnx_eonlystrong,Eonlystrong::50,0.775,9,0.844,54.5,35.0,Ordering,within_condition
rnx_eonlystrong,Eonlystrong::51,1.0,0,0.996,3.0,11.0,Ordering,within_condition
rnx_eonlystrong,Eonlystrong::52,0.925,1,0.976,20.5,19.0,Ordering,within_condition
rnx_eonlystrong,Eonlystrong::53,0.775,2,0.906,54.5,26.0,Ordering,within_condition
rnx_eonlystrong,Eonlystrong::54,0.875,3,1.0,33.0,3.0,Ordering,within_condition
rnx_eonlystrong,Eonlystrong::55,0.825,4,1.0,46.5,3.0,Ordering,within_condition
rnx_eonlystrong,Eonlystrong::56,0.85,5,0.89,41.0,31.0,Ordering,within_condition
rnx_eonlystrong,Eonlystrong::57,0.85,6,0.768,41.0,41.0,Ordering,within_condition
rnx_eonlystrong,Eonlystrong::58,1.0,7,0.75,3.0,43.0,Ordering,within_condition
rnx_eonlystrong,Eonlystrong::59,0.9,8,0.638,26.0,47.0,Ordering,within_condition
rnx_eonlystrong,Eonlystrong::60,0.875,9,0.984,33.0,15.5,Ordering,within_condition
rnx_eonlystrong,Eonlystrong::01,0.825,0,0.994,46.5,13.0,Conjunction Top-K,within_condition
rnx_eonlystrong,Eonlystrong::02,0.85,1,0.63,41.0,44.0,Conjunction Top-K,within_condition
rnx_eonlystrong,Eonlystrong::03,0.975,2,1.0,10.0,3.0,Conjunction Top-K,within_condition
rnx_eonlystrong,Eonlystrong::04,0.7,3,0.978,58.0,18.0,Conjunction Top-K,within_condition
rnx_eonlystrong,Eonlystrong::05,0.925,4,0.194,20.5,57.0,Conjunction Top-K,within_condition
rnx_eonlystrong,Eonlystrong::06,0.925,5,0.87,20.5,32.0,Conjunction Top-K,within_condition
rnx_eonlystrong,Eonlystrong::07,0.925,6,0.996,20.5,11.0,Conjunction Top-K,within_condition
rnx_eonlystrong,Eonlystrong::08,0.825,7,0.836,46.5,34.0,Conjunction Top-K,within_condition
rnx_eonlystrong,Eonlystrong::09,0.95,8,0.948,15.0,22.0,Conjunction Top-K,within_condition
rnx_eonlystrong,Eonlystrong::10,0.85,9,0.564,41.0,46.0,Conjunction Top-K,within_condition
rnx_eonlystrong,Eonlystrong::11,0.85,0,0.926,41.0,23.0,Conjunction Top-K,within_condition
rnx_eonlystrong,Eonlystrong::12,0.975,1,0.366,10.0,52.0,Conjunction Top-K,within_condition
rnx_eonlystrong,Eonlystrong::13,1.0,2,1.0,3.0,3.0,Conjunction Top-K,within_condition
rnx_eonlystrong,Eonlystrong::14,0.875,3,0.574,33.0,45.0,Conjunction Top-K,within_condition
rnx_eonlystrong,Eonlystrong::15,1.0,4,0.69,3.0,41.0,Conjunction Top-K,within_condition
rnx_eonlystrong,Eonlystrong::16,0.875,5,0.77,33.0,36.0,Conjunction Top-K,within_condition
rnx_eonlystrong,Eonlystrong::17,0.825,6,0.956,46.5,21.0,Conjunction Top-K,within_condition
rnx_eonlystrong,Eonlystrong::18,0.875,7,0.892,33.0,28.0,Conjunction Top-K,within_condition
rnx_eonlystrong,Eonlystrong::19,0.9,8,0.91,26.0,24.0,Conjunction Top-K,within_condition
rnx_eonlystrong,Eonlystrong::20,0.875,9,0.56,33.0,47.0,Conjunction Top-K,within_condition
rnx_eonlystrong,Eonlystrong::21,0.8,0,0.982,51.5,17.0,Conjunction Top-K,within_condition
rnx_eonlystrong,Eonlystrong::22,0.925,1,0.354,20.5,53.0,Conjunction Top-K,within_condition
rnx_eonlystrong,Eonlystrong::23,0.875,2,0.998,33.0,8.0,Conjunction Top-K,within_condition
rnx_eonlystrong,Eonlystrong::24,0.925,3,0.764,20.5,38.0,Conjunction Top-K,within_condition
rnx_eonlystrong,Eonlystrong::25,0.95,4,0.886,15.0,30.0,Conjunction Top-K,within_condition
rnx_eonlystrong,Eonlystrong::26,0.925,5,0.522,20.5,51.0,Conjunction Top-K,within_condition
rnx_eonlystrong,Eonlystrong::27,0.875,6,0.158,33.0,59.0,Conjunction Top-K,within_condition
rnx_eonlystrong,Eonlystrong::28,0.975,7,0.984,10.0,15.5,Conjunction Top-K,within_condition
rnx_eonlystrong,Eonlystrong::29,0.675,8,0.996,59.0,11.0,Conjunction Top-K,within_condition
rnx_eonlystrong,Eonlystrong::30,0.925,9,0.534,20.5,49.0,Conjunction Top-K,within_condition
rnx_eonlystrong,Eonlystrong::31,0.8,0,0.21,51.5,55.0,Conjunction Top-K,within_condition
rnx_eonlystrong,Eonlystrong::32,0.9,1,1.0,26.0,3.0,Conjunction Top-K,within_condition
rnx_eonlystrong,Eonlystrong::33,1.0,2,0.198,3.0,56.0,Conjunction Top-K,within_condition
rnx_eonlystrong,Eonlystrong::34,0.875,3,1.0,33.0,3.0,Conjunction Top-K,within_condition
rnx_eonlystrong,Eonlystrong::35,0.825,4,1.0,46.5,3.0,Conjunction Top-K,within_condition
rnx_eonlystrong,Eonlystrong::36,0.875,5,0.168,33.0,58.0,Conjunction Top-K,within_condition
rnx_eonlystrong,Eonlystrong::37,0.875,6,0.784,33.0,35.0,Conjunction Top-K,within_condition
rnx_eonlystrong,Eonlystrong::38,0.975,7,0.532,10.0,50.0,Conjunction Top-K,within_condition
rnx_eonlystrong,Eonlystrong::39,0.8,8,0.274,51.5,54.0,Conjunction Top-K,within_condition
rnx_eonlystrong,Eonlystrong::40,0.975,9,0.962,10.0,20.0,Conjunction Top-K,within_condition
rnx_eonlystrong,Eonlystrong::41,0.825,0,0.9,46.5,27.0,Conjunction Top-K,within_condition
rnx_eonlystrong,Eonlystrong::42,0.8,1,0.882,51.5,31.0,Conjunction Top-K,within_condition
rnx_eonlystrong,Eonlystrong::43,1.0,2,0.682,3.0,42.0,Conjunction Top-K,within_condition
rnx_eonlystrong,Eonlystrong::44,1.0,3,0.998,3.0,8.0,Conjunction Top-K,within_condition
rnx_eonlystrong,Eonlystrong::45,0.725,4,0.538,56.5,48.0,Conjunction Top-K,within_condition
rnx_eonlystrong,Eonlystrong::46,0.725,5,0.992,56.5,14.0,Conjunction Top-K,within_condition
rnx_eonlystrong,Eonlystrong::47,0.975,6,0.746,10.0,40.0,Conjunction Top-K,within_condition
rnx_eonlystrong,Eonlystrong::48,0.95,7,0.998,15.0,8.0,Conjunction Top-K,within_condition
rnx_eonlystrong,Eonlystrong::49,0.975,8,0.902,10.0,26.0,Conjunction Top-K,within_condition
rnx_eonlystrong,Eonlystrong::50,0.775,9,0.844,54.5,33.0,Conjunction Top-K,within_condition
rnx_eonlystrong,Eonlystrong::51,1.0,0,0.996,3.0,11.0,Conjunction Top-K,within_condition
rnx_eonlystrong,Eonlystrong::52,0.925,1,0.976,20.5,19.0,Conjunction Top-K,within_condition
rnx_eonlystrong,Eonlystrong::53,0.775,2,0.906,54.5,25.0,Conjunction Top-K,within_condition
rnx_eonlystrong,Eonlystrong::54,0.875,3,1.0,33.0,3.0,Conjunction Top-K,within_condition
rnx_eonlystrong,Eonlystrong::55,0.825,4,1.0,46.5,3.0,Conjunction Top-K,within_condition
rnx_eonlystrong,Eonlystrong::56,0.85,5,0.89,41.0,29.0,Conjunction Top-K,within_condition
rnx_eonlystrong,Eonlystrong::57,0.85,6,0.768,41.0,37.0,Conjunction Top-K,within_condition
rnx_eonlystrong,Eonlystrong::58,1.0,7,0.75,3.0,39.0,Conjunction Top-K,within_condition
rnx_eonlystrong,Eonlystrong::59,0.9,8,0.638,26.0,43.0,Conjunction Top-K,within_condition
rnx_eonlystrong,Eonlystrong::60,0.875,9,0.984,33.0,15.5,Conjunction Top-K,within_condition
rnx_eonlystrong,Eonlystrong::01,0.825,0,0.994,46.5,11.0,Conjunction Top-p,within_condition
rnx_eonlystrong,Eonlystrong::02,0.85,1,0.782,41.0,36.0,Conjunction Top-p,within_condition
rnx_eonlystrong,Eonlystrong::03,0.975,2,0.86,10.0,31.0,Conjunction Top-p,within_condition
rnx_eonlystrong,Eonlystrong::04,0.7,3,0.978,58.0,17.0,Conjunction Top-p,within_condition
rnx_eonlystrong,Eonlystrong::05,0.925,4,0.336,20.5,54.0,Conjunction Top-p,within_condition
rnx_eonlystrong,Eonlystrong::06,0.925,5,0.87,20.5,30.0,Conjunction Top-p,within_condition
rnx_eonlystrong,Eonlystrong::07,0.925,6,0.996,20.5,9.5,Conjunction Top-p,within_condition
rnx_eonlystrong,Eonlystrong::08,0.825,7,0.836,46.5,34.0,Conjunction Top-p,within_condition
rnx_eonlystrong,Eonlystrong::09,0.95,8,0.948,15.0,21.0,Conjunction Top-p,within_condition
rnx_eonlystrong,Eonlystrong::10,0.85,9,0.564,41.0,46.0,Conjunction Top-p,within_condition
rnx_eonlystrong,Eonlystrong::11,0.85,0,0.914,41.0,22.0,Conjunction Top-p,within_condition
rnx_eonlystrong,Eonlystrong::12,0.975,1,0.366,10.0,53.0,Conjunction Top-p,within_condition
rnx_eonlystrong,Eonlystrong::13,1.0,2,1.0,3.0,2.5,Conjunction Top-p,within_condition
rnx_eonlystrong,Eonlystrong::14,0.875,3,0.574,33.0,45.0,Conjunction Top-p,within_condition
rnx_eonlystrong,Eonlystrong::15,1.0,4,0.69,3.0,42.0,Conjunction Top-p,within_condition
rnx_eonlystrong,Eonlystrong::16,0.875,5,0.77,33.0,37.0,Conjunction Top-p,within_condition
rnx_eonlystrong,Eonlystrong::17,0.825,6,0.956,46.5,20.0,Conjunction Top-p,within_condition
rnx_eonlystrong,Eonlystrong::18,0.875,7,0.892,33.0,27.0,Conjunction Top-p,within_condition
rnx_eonlystrong,Eonlystrong::19,0.9,8,0.91,26.0,23.0,Conjunction Top-p,within_condition
rnx_eonlystrong,Eonlystrong::20,0.875,9,0.56,33.0,47.0,Conjunction Top-p,within_condition
rnx_eonlystrong,Eonlystrong::21,0.8,0,0.982,51.5,16.0,Conjunction Top-p,within_condition
rnx_eonlystrong,Eonlystrong::22,0.925,1,0.486,20.5,52.0,Conjunction Top-p,within_condition
rnx_eonlystrong,Eonlystrong::23,0.875,2,0.998,33.0,7.0,Conjunction Top-p,within_condition
rnx_eonlystrong,Eonlystrong::24,0.925,3,0.764,20.5,38.0,Conjunction Top-p,within_condition
rnx_eonlystrong,Eonlystrong::25,0.95,4,0.004,15.0,59.0,Conjunction Top-p,within_condition
rnx_eonlystrong,Eonlystrong::26,0.925,5,0.522,20.5,50.0,Conjunction Top-p,within_condition
rnx_eonlystrong,Eonlystrong::27,0.875,6,0.158,33.0,58.0,Conjunction Top-p,within_condition
rnx_eonlystrong,Eonlystrong::28,0.975,7,0.984,10.0,14.5,Conjunction Top-p,within_condition
rnx_eonlystrong,Eonlystrong::29,0.675,8,0.996,59.0,9.5,Conjunction Top-p,within_condition
rnx_eonlystrong,Eonlystrong::30,0.925,9,0.534,20.5,49.0,Conjunction Top-p,within_condition
rnx_eonlystrong,Eonlystrong::31,0.8,0,0.852,51.5,32.0,Conjunction Top-p,within_condition
rnx_eonlystrong,Eonlystrong::32,0.9,1,1.0,26.0,2.5,Conjunction Top-p,within_condition
rnx_eonlystrong,Eonlystrong::33,1.0,2,0.188,3.0,57.0,Conjunction Top-p,within_condition
rnx_eonlystrong,Eonlystrong::34,0.875,3,1.0,33.0,2.5,Conjunction Top-p,within_condition
rnx_eonlystrong,Eonlystrong::35,0.825,4,1.0,46.5,2.5,Conjunction Top-p,within_condition
rnx_eonlystrong,Eonlystrong::36,0.875,5,0.27,33.0,55.0,Conjunction Top-p,within_condition
rnx_eonlystrong,Eonlystrong::37,0.875,6,0.784,33.0,35.0,Conjunction Top-p,within_condition
rnx_eonlystrong,Eonlystrong::38,0.975,7,0.512,10.0,51.0,Conjunction Top-p,within_condition
rnx_eonlystrong,Eonlystrong::39,0.8,8,0.26,51.5,56.0,Conjunction Top-p,within_condition
rnx_eonlystrong,Eonlystrong::40,0.975,9,0.962,10.0,19.0,Conjunction Top-p,within_condition
rnx_eonlystrong,Eonlystrong::41,0.825,0,0.9,46.5,26.0,Conjunction Top-p,within_condition
rnx_eonlystrong,Eonlystrong::42,0.8,1,0.882,51.5,29.0,Conjunction Top-p,within_condition
rnx_eonlystrong,Eonlystrong::43,1.0,2,0.682,3.0,43.0,Conjunction Top-p,within_condition
rnx_eonlystrong,Eonlystrong::44,1.0,3,0.998,3.0,7.0,Conjunction Top-p,within_condition
rnx_eonlystrong,Eonlystrong::45,0.725,4,0.538,56.5,48.0,Conjunction Top-p,within_condition
rnx_eonlystrong,Eonlystrong::46,0.725,5,0.988,56.5,12.5,Conjunction Top-p,within_condition
rnx_eonlystrong,Eonlystrong::47,0.975,6,0.746,10.0,40.0,Conjunction Top-p,within_condition
rnx_eonlystrong,Eonlystrong::48,0.95,7,0.998,15.0,7.0,Conjunction Top-p,within_condition
rnx_eonlystrong,Eonlystrong::49,0.975,8,0.902,10.0,25.0,Conjunction Top-p,within_condition
rnx_eonlystrong,Eonlystrong::50,0.775,9,0.844,54.5,33.0,Conjunction Top-p,within_condition
rnx_eonlystrong,Eonlystrong::51,1.0,0,0.988,3.0,12.5,Conjunction Top-p,within_condition
rnx_eonlystrong,Eonlystrong::52,0.925,1,0.976,20.5,18.0,Conjunction Top-p,within_condition
rnx_eonlystrong,Eonlystrong::53,0.775,2,0.906,54.5,24.0,Conjunction Top-p,within_condition
rnx_eonlystrong,Eonlystrong::54,0.875,3,1.0,33.0,2.5,Conjunction Top-p,within_condition
rnx_eonlystrong,Eonlystrong::55,0.825,4,1.0,46.5,2.5,Conjunction Top-p,within_condition
rnx_eonlystrong,Eonlystrong::56,0.85,5,0.89,41.0,28.0,Conjunction Top-p,within_condition
rnx_eonlystrong,Eonlystrong::57,0.85,6,0.712,41.0,41.0,Conjunction Top-p,within_condition
rnx_eonlystrong,Eonlystrong::58,1.0,7,0.75,3.0,39.0,Conjunction Top-p,within_condition
rnx_eonlystrong,Eonlystrong::59,0.9,8,0.638,26.0,44.0,Conjunction Top-p,within_condition
rnx_eonlystrong,Eonlystrong::60,0.875,9,0.984,33.0,14.5,Conjunction Top-p,within_condition
rnx_eonlystrong,Eonlystrong::01,0.825,0,1.0,46.5,24.5,Disjunction Top-K,within_condition
rnx_eonlystrong,Eonlystrong::02,0.85,1,0.882,41.0,54.0,Disjunction Top-K,within_condition
rnx_eonlystrong,Eonlystrong::03,0.975,2,1.0,10.0,24.5,Disjunction Top-K,within_condition
rnx_eonlystrong,Eonlystrong::04,0.7,3,1.0,58.0,24.5,Disjunction Top-K,within_condition
rnx_eonlystrong,Eonlystrong::05,0.925,4,0.406,20.5,59.0,Disjunction Top-K,within_condition
rnx_eonlystrong,Eonlystrong::06,0.925,5,1.0,20.5,24.5,Disjunction Top-K,within_condition
rnx_eonlystrong,Eonlystrong::07,0.925,6,1.0,20.5,24.5,Disjunction Top-K,within_condition
rnx_eonlystrong,Eonlystrong::08,0.825,7,1.0,46.5,24.5,Disjunction Top-K,within_condition
rnx_eonlystrong,Eonlystrong::09,0.95,8,1.0,15.0,24.5,Disjunction Top-K,within_condition
rnx_eonlystrong,Eonlystrong::10,0.85,9,1.0,41.0,24.5,Disjunction Top-K,within_condition
rnx_eonlystrong,Eonlystrong::11,0.85,0,1.0,41.0,24.5,Disjunction Top-K,within_condition
rnx_eonlystrong,Eonlystrong::12,0.975,1,1.0,10.0,24.5,Disjunction Top-K,within_condition
rnx_eonlystrong,Eonlystrong::13,1.0,2,1.0,3.0,24.5,Disjunction Top-K,within_condition
rnx_eonlystrong,Eonlystrong::14,0.875,3,1.0,33.0,24.5,Disjunction Top-K,within_condition
rnx_eonlystrong,Eonlystrong::15,1.0,4,1.0,3.0,24.5,Disjunction Top-K,within_condition
rnx_eonlystrong,Eonlystrong::16,0.875,5,1.0,33.0,24.5,Disjunction Top-K,within_condition
rnx_eonlystrong,Eonlystrong::17,0.825,6,1.0,46.5,24.5,Disjunction Top-K,within_condition
rnx_eonlystrong,Eonlystrong::18,0.875,7,1.0,33.0,24.5,Disjunction Top-K,within_condition
rnx_eonlystrong,Eonlystrong::19,0.9,8,1.0,26.0,24.5,Disjunction Top-K,within_condition
rnx_eonlystrong,Eonlystrong::20,0.875,9,1.0,33.0,24.5,Disjunction Top-K,within_condition
rnx_eonlystrong,Eonlystrong::21,0.8,0,1.0,51.5,24.5,Disjunction Top-K,within_condition
rnx_eonlystrong,Eonlystrong::22,0.925,1,0.942,20.5,52.0,Disjunction Top-K,within_condition
rnx_eonlystrong,Eonlystrong::23,0.875,2,1.0,33.0,24.5,Disjunction Top-K,within_condition
rnx_eonlystrong,Eonlystrong::24,0.925,3,1.0,20.5,24.5,Disjunction Top-K,within_condition
rnx_eonlystrong,Eonlystrong::25,0.95,4,0.992,15.0,51.0,Disjunction Top-K,within_condition
rnx_eonlystrong,Eonlystrong::26,0.925,5,1.0,20.5,24.5,Disjunction Top-K,within_condition
rnx_eonlystrong,Eonlystrong::27,0.875,6,0.926,33.0,53.0,Disjunction Top-K,within_condition
rnx_eonlystrong,Eonlystrong::28,0.975,7,1.0,10.0,24.5,Disjunction Top-K,within_condition
rnx_eonlystrong,Eonlystrong::29,0.675,8,1.0,59.0,24.5,Disjunction Top-K,within_condition
rnx_eonlystrong,Eonlystrong::30,0.925,9,1.0,20.5,24.5,Disjunction Top-K,within_condition
rnx_eonlystrong,Eonlystrong::31,0.8,0,0.86,51.5,56.0,Disjunction Top-K,within_condition
rnx_eonlystrong,Eonlystrong::32,0.9,1,1.0,26.0,24.5,Disjunction Top-K,within_condition
rnx_eonlystrong,Eonlystrong::33,1.0,2,0.824,3.0,57.0,Disjunction Top-K,within_condition
rnx_eonlystrong,Eonlystrong::34,0.875,3,1.0,33.0,24.5,Disjunction Top-K,within_condition
rnx_eonlystrong,Eonlystrong::35,0.825,4,1.0,46.5,24.5,Disjunction Top-K,within_condition
rnx_eonlystrong,Eonlystrong::36,0.875,5,0.516,33.0,58.0,Disjunction Top-K,within_condition
rnx_eonlystrong,Eonlystrong::37,0.875,6,1.0,33.0,24.5,Disjunction Top-K,within_condition
rnx_eonlystrong,Eonlystrong::38,0.975,7,0.874,10.0,55.0,Disjunction Top-K,within_condition
rnx_eonlystrong,Eonlystrong::39,0.8,8,1.0,51.5,24.5,Disjunction Top-K,within_condition
rnx_eonlystrong,Eonlystrong::40,0.975,9,1.0,10.0,24.5,Disjunction Top-K,within_condition
rnx_eonlystrong,Eonlystrong::41,0.825,0,1.0,46.5,24.5,Disjunction Top-K,within_condition
rnx_eonlystrong,Eonlystrong::42,0.8,1,1.0,51.5,24.5,Disjunction Top-K,within_condition
rnx_eonlystrong,Eonlystrong::43,1.0,2,1.0,3.0,24.5,Disjunction Top-K,within_condition
rnx_eonlystrong,Eonlystrong::44,1.0,3,1.0,3.0,24.5,Disjunction Top-K,within_condition
rnx_eonlystrong,Eonlystrong::45,0.725,4,0.994,56.5,50.0,Disjunction Top-K,within_condition
rnx_eonlystrong,Eonlystrong::46,0.725,5,1.0,56.5,24.5,Disjunction Top-K,within_condition
rnx_eonlystrong,Eonlystrong::47,0.975,6,1.0,10.0,24.5,Disjunction Top-K,within_condition
rnx_eonlystrong,Eonlystrong::48,0.95,7,1.0,15.0,24.5,Disjunction Top-K,within_condition
rnx_eonlystrong,Eonlystrong::49,0.975,8,1.0,10.0,24.5,Disjunction Top-K,within_condition
rnx_eonlystrong,Eonlystrong::50,0.775,9,1.0,54.5,24.5,Disjunction Top-K,within_condition
rnx_eonlystrong,Eonlystrong::51,1.0,0,1.0,3.0,24.5,Disjunction Top-K,within_condition
rnx_eonlystrong,Eonlystrong::52,0.925,1,1.0,20.5,24.5,Disjunction Top-K,within_condition
rnx_eonlystrong,Eonlystrong::53,0.775,2,1.0,54.5,24.5,Disjunction Top-K,within_condition
rnx_eonlystrong,Eonlystrong::54,0.875,3,1.0,33.0,24.5,Disjunction Top-K,within_condition
rnx_eonlystrong,Eonlystrong::55,0.825,4,1.0,46.5,24.5,Disjunction Top-K,within_condition
rnx_eonlystrong,Eonlystrong::56,0.85,5,1.0,41.0,24.5,Disjunction Top-K,within_condition
rnx_eonlystrong,Eonlystrong::57,0.85,6,1.0,41.0,24.5,Disjunction Top-K,within_condition
rnx_eonlystrong,Eonlystrong::58,1.0,7,1.0,3.0,24.5,Disjunction Top-K,within_condition
rnx_eonlystrong,Eonlystrong::59,0.9,8,1.0,26.0,24.5,Disjunction Top-K,within_condition
rnx_eonlystrong,Eonlystrong::60,0.875,9,1.0,33.0,24.5,Disjunction Top-K,within_condition
rnx_eonlystrong,Eonlystrong::01,0.825,0,1.0,46.5,22.0,Disjunction Top-p,within_condition
rnx_eonlystrong,Eonlystrong::02,0.85,1,0.954,41.0,52.0,Disjunction Top-p,within_condition
rnx_eonlystrong,Eonlystrong::03,0.975,2,1.0,10.0,22.0,Disjunction Top-p,within_condition
rnx_eonlystrong,Eonlystrong::04,0.7,3,1.0,58.0,22.0,Disjunction Top-p,within_condition
rnx_eonlystrong,Eonlystrong::05,0.925,4,0.988,20.5,49.0,Disjunction Top-p,within_condition
rnx_eonlystrong,Eonlystrong::06,0.925,5,1.0,20.5,22.0,Disjunction Top-p,within_condition
rnx_eonlystrong,Eonlystrong::07,0.925,6,1.0,20.5,22.0,Disjunction Top-p,within_condition
rnx_eonlystrong,Eonlystrong::08,0.825,7,1.0,46.5,22.0,Disjunction Top-p,within_condition
rnx_eonlystrong,Eonlystrong::09,0.95,8,1.0,15.0,22.0,Disjunction Top-p,within_condition
rnx_eonlystrong,Eonlystrong::10,0.85,9,1.0,41.0,22.0,Disjunction Top-p,within_condition
rnx_eonlystrong,Eonlystrong::11,0.85,0,0.99,41.0,48.0,Disjunction Top-p,within_condition
rnx_eonlystrong,Eonlystrong::12,0.975,1,0.984,10.0,50.0,Disjunction Top-p,within_condition
rnx_eonlystrong,Eonlystrong::13,1.0,2,1.0,3.0,22.0,Disjunction Top-p,within_condition
rnx_eonlystrong,Eonlystrong::14,0.875,3,1.0,33.0,22.0,Disjunction Top-p,within_condition
rnx_eonlystrong,Eonlystrong::15,1.0,4,1.0,3.0,22.0,Disjunction Top-p,within_condition
rnx_eonlystrong,Eonlystrong::16,0.875,5,1.0,33.0,22.0,Disjunction Top-p,within_condition
rnx_eonlystrong,Eonlystrong::17,0.825,6,1.0,46.5,22.0,Disjunction Top-p,within_condition
rnx_eonlystrong,Eonlystrong::18,0.875,7,1.0,33.0,22.0,Disjunction Top-p,within_condition
rnx_eonlystrong,Eonlystrong::19,0.9,8,1.0,26.0,22.0,Disjunction Top-p,within_condition
rnx_eonlystrong,Eonlystrong::20,0.875,9,1.0,33.0,22.0,Disjunction Top-p,within_condition
rnx_eonlystrong,Eonlystrong::21,0.8,0,1.0,51.5,22.0,Disjunction Top-p,within_condition
rnx_eonlystrong,Eonlystrong::22,0.925,1,0.944,20.5,53.0,Disjunction Top-p,within_condition
rnx_eonlystrong,Eonlystrong::23,0.875,2,1.0,33.0,22.0,Disjunction Top-p,within_condition
rnx_eonlystrong,Eonlystrong::24,0.925,3,1.0,20.5,22.0,Disjunction Top-p,within_condition
rnx_eonlystrong,Eonlystrong::25,0.95,4,0.892,15.0,55.0,Disjunction Top-p,within_condition
rnx_eonlystrong,Eonlystrong::26,0.925,5,0.998,20.5,45.5,Disjunction Top-p,within_condition
rnx_eonlystrong,Eonlystrong::27,0.875,6,1.0,33.0,22.0,Disjunction Top-p,within_condition
rnx_eonlystrong,Eonlystrong::28,0.975,7,1.0,10.0,22.0,Disjunction Top-p,within_condition
rnx_eonlystrong,Eonlystrong::29,0.675,8,1.0,59.0,22.0,Disjunction Top-p,within_condition
rnx_eonlystrong,Eonlystrong::30,0.925,9,1.0,20.5,22.0,Disjunction Top-p,within_condition
rnx_eonlystrong,Eonlystrong::31,0.8,0,1.0,51.5,22.0,Disjunction Top-p,within_condition
rnx_eonlystrong,Eonlystrong::32,0.9,1,1.0,26.0,22.0,Disjunction Top-p,within_condition
rnx_eonlystrong,Eonlystrong::33,1.0,2,0.824,3.0,56.0,Disjunction Top-p,within_condition
rnx_eonlystrong,Eonlystrong::34,0.875,3,1.0,33.0,22.0,Disjunction Top-p,within_condition
rnx_eonlystrong,Eonlystrong::35,0.825,4,1.0,46.5,22.0,Disjunction Top-p,within_condition
rnx_eonlystrong,Eonlystrong::36,0.875,5,0.57,33.0,58.0,Disjunction Top-p,within_condition
rnx_eonlystrong,Eonlystrong::37,0.875,6,1.0,33.0,22.0,Disjunction Top-p,within_condition
rnx_eonlystrong,Eonlystrong::38,0.975,7,0.774,10.0,57.0,Disjunction Top-p,within_condition
rnx_eonlystrong,Eonlystrong::39,0.8,8,0.496,51.5,59.0,Disjunction Top-p,within_condition
rnx_eonlystrong,Eonlystrong::40,0.975,9,1.0,10.0,22.0,Disjunction Top-p,within_condition
rnx_eonlystrong,Eonlystrong::41,0.825,0,1.0,46.5,22.0,Disjunction Top-p,within_condition
rnx_eonlystrong,Eonlystrong::42,0.8,1,1.0,51.5,22.0,Disjunction Top-p,within_condition
rnx_eonlystrong,Eonlystrong::43,1.0,2,0.996,3.0,47.0,Disjunction Top-p,within_condition
rnx_eonlystrong,Eonlystrong::44,1.0,3,1.0,3.0,22.0,Disjunction Top-p,within_condition
rnx_eonlystrong,Eonlystrong::45,0.725,4,0.998,56.5,45.5,Disjunction Top-p,within_condition
rnx_eonlystrong,Eonlystrong::46,0.725,5,1.0,56.5,22.0,Disjunction Top-p,within_condition
rnx_eonlystrong,Eonlystrong::47,0.975,6,0.976,10.0,51.0,Disjunction Top-p,within_condition
rnx_eonlystrong,Eonlystrong::48,0.95,7,1.0,15.0,22.0,Disjunction Top-p,within_condition
rnx_eonlystrong,Eonlystrong::49,0.975,8,1.0,10.0,22.0,Disjunction Top-p,within_condition
rnx_eonlystrong,Eonlystrong::50,0.775,9,1.0,54.5,22.0,Disjunction Top-p,within_condition
rnx_eonlystrong,Eonlystrong::51,1.0,0,1.0,3.0,22.0,Disjunction Top-p,within_condition
rnx_eonlystrong,Eonlystrong::52,0.925,1,1.0,20.5,22.0,Disjunction Top-p,within_condition
rnx_eonlystrong,Eonlystrong::53,0.775,2,1.0,54.5,22.0,Disjunction Top-p,within_condition
rnx_eonlystrong,Eonlystrong::54,0.875,3,1.0,33.0,22.0,Disjunction Top-p,within_condition
rnx_eonlystrong,Eonlystrong::55,0.825,4,1.0,46.5,22.0,Disjunction Top-p,within_condition
rnx_eonlystrong,Eonlystrong::56,0.85,5,1.0,41.0,22.0,Disjunction Top-p,within_condition
rnx_eonlystrong,Eonlystrong::57,0.85,6,0.93,41.0,54.0,Disjunction Top-p,within_condition
rnx_eonlystrong,Eonlystrong::58,1.0,7,1.0,3.0,22.0,Disjunction Top-p,within_condition
rnx_eonlystrong,Eonlystrong::59,0.9,8,1.0,26.0,22.0,Disjunction Top-p,within_condition
rnx_eonlystrong,Eonlystrong::60,0.875,9,1.0,33.0,22.0,Disjunction Top-p,within_condition
