variant,boundary,analysis_dataset_id,analysis_unit_id,cv_group_id,human_rate,dataset_family,dataset,set_probability,ordering_probability,conjunction_probability,disjunction_probability,analysis_label,cv_fold
top_k,100.0,hu_g18,g18::adequate/good,hu_2023_benchmark::g18::adequate/good,0.44,hu_2023_benchmark,g18,0.608,0.992,0.604,0.996,Hu: Gotzner et al. (2018),0
top_k,100.0,hu_g18,g18::ajar/open,hu_2023_benchmark::g18::ajar/open,0.11,hu_2023_benchmark,g18,0.05,1.0,0.05,1.0,Hu: Gotzner et al. (2018),1
top_k,100.0,hu_g18,g18::allowed/obligatory,hu_2023_benchmark::g18::allowed/obligatory,0.73,hu_2023_benchmark,g18,0.0,0.046,0.0,0.046,Hu: Gotzner et al. (2018),2
top_k,100.0,hu_g18,g18::annoyed/angry,hu_2023_benchmark::g18::annoyed/angry,0.51,hu_2023_benchmark,g18,0.036,0.966,0.036,0.966,Hu: Gotzner et al. (2018),3
top_k,100.0,hu_g18,g18::attractive/stunning,hu_2023_benchmark::g18::attractive/stunning,0.08,hu_2023_benchmark,g18,0.002,0.05,0.002,0.05,Hu: Gotzner et al. (2018),4
top_k,100.0,hu_g18,g18::bent/twisted,hu_2023_benchmark::g18::bent/twisted,0.46,hu_2023_benchmark,g18,0.0,0.334,0.0,0.334,Hu: Gotzner et al. (2018),5
top_k,100.0,hu_g18,g18::big/enormous,hu_2023_benchmark::g18::big/enormous,0.14,hu_2023_benchmark,g18,0.004,0.034,0.004,0.034,Hu: Gotzner et al. (2018),6
top_k,100.0,hu_g18,g18::calm/unflappable,hu_2023_benchmark::g18::calm/unflappable,0.25,hu_2023_benchmark,g18,0.0,0.158,0.0,0.158,Hu: Gotzner et al. (2018),7
top_k,100.0,hu_g18,g18::cheap/free,hu_2023_benchmark::g18::cheap/free,0.76,hu_2023_benchmark,g18,0.158,0.974,0.158,0.974,Hu: Gotzner et al. (2018),8
top_k,100.0,hu_g18,g18::chubby/fat,hu_2023_benchmark::g18::chubby/fat,0.32,hu_2023_benchmark,g18,0.004,0.988,0.004,0.988,Hu: Gotzner et al. (2018),9
top_k,100.0,hu_g18,g18::clean/spotless,hu_2023_benchmark::g18::clean/spotless,0.27,hu_2023_benchmark,g18,0.0,0.0,0.0,0.0,Hu: Gotzner et al. (2018),0
top_k,100.0,hu_g18,g18::cleanish/clean,hu_2023_benchmark::g18::cleanish/clean,0.55,hu_2023_benchmark,g18,0.03,1.0,0.03,1.0,Hu: Gotzner et al. (2018),1
top_k,100.0,hu_g18,g18::cold/freezing,hu_2023_benchmark::g18::cold/freezing,0.49,hu_2023_benchmark,g18,0.008,0.058,0.006,0.06,Hu: Gotzner et al. (2018),2
top_k,100.0,hu_g18,g18::content/happy,hu_2023_benchmark::g18::content/happy,0.22,hu_2023_benchmark,g18,0.11,0.904,0.11,0.904,Hu: Gotzner et al. (2018),3
top_k,100.0,hu_g18,g18::cool/cold,hu_2023_benchmark::g18::cool/cold,0.43,hu_2023_benchmark,g18,0.122,0.82,0.122,0.82,Hu: Gotzner et al. (2018),4
top_k,100.0,hu_g18,g18::damaged/broken,hu_2023_benchmark::g18::damaged/broken,0.16,hu_2023_benchmark,g18,0.016,0.904,0.016,0.904,Hu: Gotzner et al. (2018),5
top_k,100.0,hu_g18,g18::damp/wet,hu_2023_benchmark::g18::damp/wet,0.3,hu_2023_benchmark,g18,0.004,0.896,0.004,0.896,Hu: Gotzner et al. (2018),6
top_k,100.0,hu_g18,g18::dark/black,hu_2023_benchmark::g18::dark/black,0.37,hu_2023_benchmark,g18,0.016,0.654,0.016,0.654,Hu: Gotzner et al. (2018),7
top_k,100.0,hu_g18,g18::difficult/impossible,hu_2023_benchmark::g18::difficult/impossible,0.76,hu_2023_benchmark,g18,0.508,0.684,0.44,0.752,Hu: Gotzner et al. (2018),8
top_k,100.0,hu_g18,g18::dirty/filthy,hu_2023_benchmark::g18::dirty/filthy,0.14,hu_2023_benchmark,g18,0.0,0.012,0.0,0.012,Hu: Gotzner et al. (2018),9
top_k,100.0,hu_g18,g18::drunk/plastered,hu_2023_benchmark::g18::drunk/plastered,0.11,hu_2023_benchmark,g18,0.002,0.052,0.002,0.052,Hu: Gotzner et al. (2018),0
top_k,100.0,hu_g18,g18::dry/parched,hu_2023_benchmark::g18::dry/parched,0.22,hu_2023_benchmark,g18,0.0,0.004,0.0,0.004,Hu: Gotzner et al. (2018),1
top_k,100.0,hu_g18,g18::fat/obese,hu_2023_benchmark::g18::fat/obese,0.16,hu_2023_benchmark,g18,0.006,0.668,0.006,0.668,Hu: Gotzner et al. (2018),2
top_k,100.0,hu_g18,g18::faulty/non-functional,hu_2023_benchmark::g18::faulty/non-functional,0.39,hu_2023_benchmark,g18,0.0,0.03,0.0,0.03,Hu: Gotzner et al. (2018),3
top_k,100.0,hu_g18,g18::funny/hilarious,hu_2023_benchmark::g18::funny/hilarious,0.27,hu_2023_benchmark,g18,0.004,0.044,0.004,0.044,Hu: Gotzner et al. (2018),4
top_k,100.0,hu_g18,g18::good/excellent,hu_2023_benchmark::g18::good/excellent,0.65,hu_2023_benchmark,g18,0.022,0.016,0.016,0.022,Hu: Gotzner et al. (2018),5
top_k,100.0,hu_g18,g18::good/perfect,hu_2023_benchmark::g18::good/perfect,0.58,hu_2023_benchmark,g18,0.02,0.02,0.016,0.024,Hu: Gotzner et al. (2018),6
top_k,100.0,hu_g18,g18::happy/delighted,hu_2023_benchmark::g18::happy/delighted,0.19,hu_2023_benchmark,g18,0.006,0.046,0.006,0.046,Hu: Gotzner et al. (2018),7
top_k,100.0,hu_g18,g18::hard/unsolvable,hu_2023_benchmark::g18::hard/unsolvable,0.52,hu_2023_benchmark,g18,0.006,0.012,0.006,0.012,Hu: Gotzner et al. (2018),8
top_k,100.0,hu_g18,g18::hot/scalding,hu_2023_benchmark::g18::hot/scalding,0.35,hu_2023_benchmark,g18,0.0,0.0,0.0,0.0,Hu: Gotzner et al. (2018),9
top_k,100.0,hu_g18,g18::hungry/starving,hu_2023_benchmark::g18::hungry/starving,0.38,hu_2023_benchmark,g18,0.0,0.022,0.0,0.022,Hu: Gotzner et al. (2018),0
top_k,100.0,hu_g18,g18::intelligent/brilliant,hu_2023_benchmark::g18::intelligent/brilliant,0.19,hu_2023_benchmark,g18,0.032,0.668,0.032,0.668,Hu: Gotzner et al. (2018),1
top_k,100.0,hu_g18,g18::large/gigantic,hu_2023_benchmark::g18::large/gigantic,0.22,hu_2023_benchmark,g18,0.0,0.0,0.0,0.0,Hu: Gotzner et al. (2018),2
top_k,100.0,hu_g18,g18::light/white,hu_2023_benchmark::g18::light/white,0.27,hu_2023_benchmark,g18,0.028,0.466,0.028,0.466,Hu: Gotzner et al. (2018),3
top_k,100.0,hu_g18,g18::likely/certain,hu_2023_benchmark::g18::likely/certain,0.79,hu_2023_benchmark,g18,0.036,0.308,0.034,0.31,Hu: Gotzner et al. (2018),4
top_k,100.0,hu_g18,g18::loud/defeaning,hu_2023_benchmark::g18::loud/defeaning,0.34,hu_2023_benchmark,g18,0.0,0.0,0.0,0.0,Hu: Gotzner et al. (2018),5
top_k,100.0,hu_g18,g18::low/depleted,hu_2023_benchmark::g18::low/depleted,0.81,hu_2023_benchmark,g18,0.0,0.002,0.0,0.002,Hu: Gotzner et al. (2018),6
top_k,100.0,hu_g18,g18::mediocre/bad,hu_2023_benchmark::g18::mediocre/bad,0.7,hu_2023_benchmark,g18,0.446,1.0,0.446,1.0,Hu: Gotzner et al. (2018),7
top_k,100.0,hu_g18,g18::memorable/unforgettable,hu_2023_benchmark::g18::memorable/unforgettable,0.37,hu_2023_benchmark,g18,0.006,0.294,0.006,0.294,Hu: Gotzner et al. (2018),8
top_k,100.0,hu_g18,g18::old/ancient,hu_2023_benchmark::g18::old/ancient,0.32,hu_2023_benchmark,g18,0.002,0.082,0.002,0.082,Hu: Gotzner et al. (2018),9
top_k,100.0,hu_g18,g18::palatable/delicious,hu_2023_benchmark::g18::palatable/delicious,0.47,hu_2023_benchmark,g18,0.058,1.0,0.058,1.0,Hu: Gotzner et al. (2018),0
top_k,100.0,hu_g18,g18::poor/destitute,hu_2023_benchmark::g18::poor/destitute,0.31,hu_2023_benchmark,g18,0.0,0.102,0.0,0.102,Hu: Gotzner et al. (2018),1
top_k,100.0,hu_g18,g18::possible/certain,hu_2023_benchmark::g18::possible/certain,0.58,hu_2023_benchmark,g18,0.036,0.028,0.024,0.04,Hu: Gotzner et al. (2018),2
top_k,100.0,hu_g18,g18::pretty/gorgeous,hu_2023_benchmark::g18::pretty/gorgeous,0.19,hu_2023_benchmark,g18,0.0,0.014,0.0,0.014,Hu: Gotzner et al. (2018),3
top_k,100.0,hu_g18,g18::quiet/inaudible,hu_2023_benchmark::g18::quiet/inaudible,0.63,hu_2023_benchmark,g18,0.0,0.004,0.0,0.004,Hu: Gotzner et al. (2018),4
top_k,100.0,hu_g18,g18::rainy/pouring,hu_2023_benchmark::g18::rainy/pouring,0.29,hu_2023_benchmark,g18,0.004,0.258,0.004,0.258,Hu: Gotzner et al. (2018),5
top_k,100.0,hu_g18,g18::rare/extinct,hu_2023_benchmark::g18::rare/extinct,0.74,hu_2023_benchmark,g18,0.0,0.0,0.0,0.0,Hu: Gotzner et al. (2018),6
top_k,100.0,hu_g18,g18::satifisfactory/impeccable,hu_2023_benchmark::g18::satifisfactory/impeccable,0.79,hu_2023_benchmark,g18,0.0,0.996,0.0,0.996,Hu: Gotzner et al. (2018),7
top_k,100.0,hu_g18,g18::scarce/unavailable,hu_2023_benchmark::g18::scarce/unavailable,0.76,hu_2023_benchmark,g18,0.002,0.538,0.002,0.538,Hu: Gotzner et al. (2018),8
top_k,100.0,hu_g18,g18::scared/petrified,hu_2023_benchmark::g18::scared/petrified,0.32,hu_2023_benchmark,g18,0.004,0.67,0.004,0.67,Hu: Gotzner et al. (2018),9
top_k,100.0,hu_g18,g18::sickish/sick,hu_2023_benchmark::g18::sickish/sick,0.25,hu_2023_benchmark,g18,0.01,1.0,0.01,1.0,Hu: Gotzner et al. (2018),0
top_k,100.0,hu_g18,g18::silly/idiotic,hu_2023_benchmark::g18::silly/idiotic,0.32,hu_2023_benchmark,g18,0.0,0.152,0.0,0.152,Hu: Gotzner et al. (2018),1
top_k,100.0,hu_g18,g18::silly/ridiculous,hu_2023_benchmark::g18::silly/ridiculous,0.39,hu_2023_benchmark,g18,0.004,0.242,0.004,0.242,Hu: Gotzner et al. (2018),2
top_k,100.0,hu_g18,g18::sleepy/asleep,hu_2023_benchmark::g18::sleepy/asleep,0.81,hu_2023_benchmark,g18,0.002,0.432,0.002,0.432,Hu: Gotzner et al. (2018),3
top_k,100.0,hu_g18,g18::small/tiny,hu_2023_benchmark::g18::small/tiny,0.24,hu_2023_benchmark,g18,0.002,0.03,0.002,0.03,Hu: Gotzner et al. (2018),4
top_k,100.0,hu_g18,g18::snug/tight,hu_2023_benchmark::g18::snug/tight,0.18,hu_2023_benchmark,g18,0.014,0.958,0.014,0.958,Hu: Gotzner et al. (2018),5
top_k,100.0,hu_g18,g18::special/unique,hu_2023_benchmark::g18::special/unique,0.17,hu_2023_benchmark,g18,0.058,0.632,0.056,0.634,Hu: Gotzner et al. (2018),6
top_k,100.0,hu_g18,g18::tasty/delicious,hu_2023_benchmark::g18::tasty/delicious,0.16,hu_2023_benchmark,g18,0.038,0.884,0.038,0.884,Hu: Gotzner et al. (2018),7
top_k,100.0,hu_g18,g18::thin/skinny,hu_2023_benchmark::g18::thin/skinny,0.11,hu_2023_benchmark,g18,0.0,0.308,0.0,0.308,Hu: Gotzner et al. (2018),8
top_k,100.0,hu_g18,g18::tipsy/drunk,hu_2023_benchmark::g18::tipsy/drunk,0.38,hu_2023_benchmark,g18,0.004,0.838,0.004,0.838,Hu: Gotzner et al. (2018),9
top_k,100.0,hu_g18,g18::tired/exhausted,hu_2023_benchmark::g18::tired/exhausted,0.3,hu_2023_benchmark,g18,0.004,0.086,0.004,0.086,Hu: Gotzner et al. (2018),0
top_k,100.0,hu_g18,g18::ugly/hideous,hu_2023_benchmark::g18::ugly/hideous,0.21,hu_2023_benchmark,g18,0.0,0.068,0.0,0.068,Hu: Gotzner et al. (2018),1
top_k,100.0,hu_g18,g18::unhappy/miserable,hu_2023_benchmark::g18::unhappy/miserable,0.29,hu_2023_benchmark,g18,0.004,0.312,0.004,0.312,Hu: Gotzner et al. (2018),2
top_k,100.0,hu_g18,g18::unsettling/horrific,hu_2023_benchmark::g18::unsettling/horrific,0.62,hu_2023_benchmark,g18,0.006,0.96,0.006,0.96,Hu: Gotzner et al. (2018),3
top_k,100.0,hu_g18,g18::warm/hot,hu_2023_benchmark::g18::warm/hot,0.7,hu_2023_benchmark,g18,0.152,0.52,0.134,0.538,Hu: Gotzner et al. (2018),4
top_k,100.0,hu_g18,g18::wary/scared,hu_2023_benchmark::g18::wary/scared,0.45,hu_2023_benchmark,g18,0.006,0.866,0.006,0.866,Hu: Gotzner et al. (2018),5
top_k,100.0,hu_g18,g18::wet/soaked,hu_2023_benchmark::g18::wet/soaked,0.24,hu_2023_benchmark,g18,0.0,0.02,0.0,0.02,Hu: Gotzner et al. (2018),6
top_k,100.0,hu_pvt21,pvt21::amazing/miraculous,hu_2023_benchmark::pvt21::amazing/miraculous,0.363636364,hu_2023_benchmark,pvt21,0.004,0.02,0.004,0.02,Hu: Pankratz & van Tiel (2021),0
top_k,100.0,hu_pvt21,pvt21::angry/violent,hu_2023_benchmark::pvt21::angry/violent,0.176470588,hu_2023_benchmark,pvt21,0.0,0.108,0.0,0.108,Hu: Pankratz & van Tiel (2021),1
top_k,100.0,hu_pvt21,pvt21::big/huge,hu_2023_benchmark::pvt21::big/huge,0.210526316,hu_2023_benchmark,pvt21,0.058,0.346,0.056,0.348,Hu: Pankratz & van Tiel (2021),2
top_k,100.0,hu_pvt21,pvt21::bizarre/surreal,hu_2023_benchmark::pvt21::bizarre/surreal,0.260869565,hu_2023_benchmark,pvt21,0.0,0.078,0.0,0.078,Hu: Pankratz & van Tiel (2021),3
top_k,100.0,hu_pvt21,pvt21::bright/brilliant,hu_2023_benchmark::pvt21::bright/brilliant,0.125,hu_2023_benchmark,pvt21,0.034,0.87,0.034,0.87,Hu: Pankratz & van Tiel (2021),4
top_k,100.0,hu_pvt21,pvt21::busy/full,hu_2023_benchmark::pvt21::busy/full,0.2,hu_2023_benchmark,pvt21,0.946,0.584,0.58,0.95,Hu: Pankratz & van Tiel (2021),5
top_k,100.0,hu_pvt21,pvt21::calm/meditative,hu_2023_benchmark::pvt21::calm/meditative,0.057142857,hu_2023_benchmark,pvt21,0.008,0.25,0.008,0.25,Hu: Pankratz & van Tiel (2021),6
top_k,100.0,hu_pvt21,pvt21::casual/sloppy,hu_2023_benchmark::pvt21::casual/sloppy,0.517241379,hu_2023_benchmark,pvt21,0.0,0.098,0.0,0.098,Hu: Pankratz & van Tiel (2021),7
top_k,100.0,hu_pvt21,pvt21::cold/frosty,hu_2023_benchmark::pvt21::cold/frosty,0.235294118,hu_2023_benchmark,pvt21,0.016,0.028,0.012,0.032,Hu: Pankratz & van Tiel (2021),8
top_k,100.0,hu_pvt21,pvt21::comfortable/luxurious,hu_2023_benchmark::pvt21::comfortable/luxurious,0.5,hu_2023_benchmark,pvt21,0.312,0.05,0.05,0.312,Hu: Pankratz & van Tiel (2021),9
top_k,100.0,hu_pvt21,pvt21::cool/cold,hu_2023_benchmark::pvt21::cool/cold,0.357142857,hu_2023_benchmark,pvt21,1.0,0.754,0.754,1.0,Hu: Pankratz & van Tiel (2021),0
top_k,100.0,hu_pvt21,pvt21::cute/beautiful,hu_2023_benchmark::pvt21::cute/beautiful,0.135135135,hu_2023_benchmark,pvt21,0.096,0.94,0.096,0.94,Hu: Pankratz & van Tiel (2021),1
top_k,100.0,hu_pvt21,pvt21::damp/wet,hu_2023_benchmark::pvt21::damp/wet,0.111111111,hu_2023_benchmark,pvt21,0.294,0.836,0.286,0.844,Hu: Pankratz & van Tiel (2021),2
top_k,100.0,hu_pvt21,pvt21::dark/black,hu_2023_benchmark::pvt21::dark/black,0.227272727,hu_2023_benchmark,pvt21,0.572,0.086,0.086,0.572,Hu: Pankratz & van Tiel (2021),3
top_k,100.0,hu_pvt21,pvt21::decent/great,hu_2023_benchmark::pvt21::decent/great,0.5,hu_2023_benchmark,pvt21,0.234,0.984,0.234,0.984,Hu: Pankratz & van Tiel (2021),4
top_k,100.0,hu_pvt21,pvt21::dry/arid,hu_2023_benchmark::pvt21::dry/arid,0.137254902,hu_2023_benchmark,pvt21,0.046,0.06,0.018,0.088,Hu: Pankratz & van Tiel (2021),5
top_k,100.0,hu_pvt21,pvt21::elegant/ostentatious,hu_2023_benchmark::pvt21::elegant/ostentatious,0.552631579,hu_2023_benchmark,pvt21,0.0,0.0,0.0,0.0,Hu: Pankratz & van Tiel (2021),6
top_k,100.0,hu_pvt21,pvt21::emotional/sentimental,hu_2023_benchmark::pvt21::emotional/sentimental,0.058823529,hu_2023_benchmark,pvt21,0.0,0.338,0.0,0.338,Hu: Pankratz & van Tiel (2021),7
top_k,100.0,hu_pvt21,pvt21::enjoyable/great,hu_2023_benchmark::pvt21::enjoyable/great,0.135135135,hu_2023_benchmark,pvt21,0.59,0.984,0.588,0.986,Hu: Pankratz & van Tiel (2021),8
top_k,100.0,hu_pvt21,pvt21::evil/satanic,hu_2023_benchmark::pvt21::evil/satanic,0.25,hu_2023_benchmark,pvt21,0.01,0.248,0.01,0.248,Hu: Pankratz & van Tiel (2021),9
top_k,100.0,hu_pvt21,pvt21::fat/obese,hu_2023_benchmark::pvt21::fat/obese,0.107142857,hu_2023_benchmark,pvt21,0.02,0.882,0.02,0.882,Hu: Pankratz & van Tiel (2021),0
top_k,100.0,hu_pvt21,pvt21::funny/hilarious,hu_2023_benchmark::pvt21::funny/hilarious,0.229166667,hu_2023_benchmark,pvt21,0.002,0.104,0.002,0.104,Hu: Pankratz & van Tiel (2021),1
top_k,100.0,hu_pvt21,pvt21::grey/black,hu_2023_benchmark::pvt21::grey/black,0.934782609,hu_2023_benchmark,pvt21,0.072,0.884,0.072,0.884,Hu: Pankratz & van Tiel (2021),2
top_k,100.0,hu_pvt21,pvt21::happy/ecstatic,hu_2023_benchmark::pvt21::happy/ecstatic,0.243243243,hu_2023_benchmark,pvt21,0.0,0.028,0.0,0.028,Hu: Pankratz & van Tiel (2021),3
top_k,100.0,hu_pvt21,pvt21::honest/blunt,hu_2023_benchmark::pvt21::honest/blunt,0.191489362,hu_2023_benchmark,pvt21,0.004,0.176,0.004,0.176,Hu: Pankratz & van Tiel (2021),4
top_k,100.0,hu_pvt21,pvt21::hot/boiling,hu_2023_benchmark::pvt21::hot/boiling,0.553191489,hu_2023_benchmark,pvt21,0.01,0.028,0.008,0.03,Hu: Pankratz & van Tiel (2021),5
top_k,100.0,hu_pvt21,pvt21::mysterious/magical,hu_2023_benchmark::pvt21::mysterious/magical,0.511111111,hu_2023_benchmark,pvt21,0.006,0.512,0.006,0.512,Hu: Pankratz & van Tiel (2021),6
top_k,100.0,hu_pvt21,pvt21::nice/great,hu_2023_benchmark::pvt21::nice/great,0.205128205,hu_2023_benchmark,pvt21,0.798,0.666,0.604,0.86,Hu: Pankratz & van Tiel (2021),7
top_k,100.0,hu_pvt21,pvt21::odd/bizarre,hu_2023_benchmark::pvt21::odd/bizarre,0.2,hu_2023_benchmark,pvt21,0.002,0.038,0.002,0.038,Hu: Pankratz & van Tiel (2021),8
top_k,100.0,hu_pvt21,pvt21::okay/great,hu_2023_benchmark::pvt21::okay/great,0.717948718,hu_2023_benchmark,pvt21,0.092,0.924,0.092,0.924,Hu: Pankratz & van Tiel (2021),9
top_k,100.0,hu_pvt21,pvt21::painful/deadly,hu_2023_benchmark::pvt21::painful/deadly,0.76744186,hu_2023_benchmark,pvt21,0.004,0.018,0.004,0.018,Hu: Pankratz & van Tiel (2021),0
top_k,100.0,hu_pvt21,pvt21::pale/white,hu_2023_benchmark::pvt21::pale/white,0.486486486,hu_2023_benchmark,pvt21,0.326,0.998,0.326,0.998,Hu: Pankratz & van Tiel (2021),1
top_k,100.0,hu_pvt21,pvt21::polite/friendly,hu_2023_benchmark::pvt21::polite/friendly,0.166666667,hu_2023_benchmark,pvt21,0.986,0.896,0.884,0.998,Hu: Pankratz & van Tiel (2021),2
top_k,100.0,hu_pvt21,pvt21::pretty/beautiful,hu_2023_benchmark::pvt21::pretty/beautiful,0.097560976,hu_2023_benchmark,pvt21,0.066,0.502,0.06,0.508,Hu: Pankratz & van Tiel (2021),3
top_k,100.0,hu_pvt21,pvt21::quiet/silent,hu_2023_benchmark::pvt21::quiet/silent,0.378378378,hu_2023_benchmark,pvt21,0.082,0.538,0.078,0.542,Hu: Pankratz & van Tiel (2021),4
top_k,100.0,hu_pvt21,pvt21::red/scarlet,hu_2023_benchmark::pvt21::red/scarlet,0.23255814,hu_2023_benchmark,pvt21,0.026,0.058,0.024,0.06,Hu: Pankratz & van Tiel (2021),5
top_k,100.0,hu_pvt21,pvt21::rough/unfriendly,hu_2023_benchmark::pvt21::rough/unfriendly,0.5,hu_2023_benchmark,pvt21,0.004,0.026,0.004,0.026,Hu: Pankratz & van Tiel (2021),6
top_k,100.0,hu_pvt21,pvt21::sad/tragic,hu_2023_benchmark::pvt21::sad/tragic,0.261904762,hu_2023_benchmark,pvt21,0.066,0.272,0.064,0.274,Hu: Pankratz & van Tiel (2021),7
top_k,100.0,hu_pvt21,pvt21::smart/brilliant,hu_2023_benchmark::pvt21::smart/brilliant,0.068965517,hu_2023_benchmark,pvt21,0.016,0.28,0.016,0.28,Hu: Pankratz & van Tiel (2021),8
top_k,100.0,hu_pvt21,pvt21::soft/mushy,hu_2023_benchmark::pvt21::soft/mushy,0.3125,hu_2023_benchmark,pvt21,0.0,0.03,0.0,0.03,Hu: Pankratz & van Tiel (2021),9
top_k,100.0,hu_pvt21,pvt21::thick/impenetrable,hu_2023_benchmark::pvt21::thick/impenetrable,0.431372549,hu_2023_benchmark,pvt21,0.024,0.072,0.024,0.072,Hu: Pankratz & van Tiel (2021),0
top_k,100.0,hu_pvt21,pvt21::thin/invisible,hu_2023_benchmark::pvt21::thin/invisible,0.902439024,hu_2023_benchmark,pvt21,0.006,0.27,0.006,0.27,Hu: Pankratz & van Tiel (2021),1
top_k,100.0,hu_pvt21,pvt21::tiny/imperceptible,hu_2023_benchmark::pvt21::tiny/imperceptible,0.558823529,hu_2023_benchmark,pvt21,0.0,0.038,0.0,0.038,Hu: Pankratz & van Tiel (2021),2
top_k,100.0,hu_pvt21,pvt21::tough/impossible,hu_2023_benchmark::pvt21::tough/impossible,0.870967742,hu_2023_benchmark,pvt21,0.086,0.282,0.074,0.294,Hu: Pankratz & van Tiel (2021),3
top_k,100.0,hu_pvt21,pvt21::uncomfortable/painful,hu_2023_benchmark::pvt21::uncomfortable/painful,0.25,hu_2023_benchmark,pvt21,0.01,0.454,0.01,0.454,Hu: Pankratz & van Tiel (2021),4
top_k,100.0,hu_pvt21,pvt21::warm/hot,hu_2023_benchmark::pvt21::warm/hot,0.380952381,hu_2023_benchmark,pvt21,0.03,0.86,0.03,0.86,Hu: Pankratz & van Tiel (2021),5
top_k,100.0,hu_pvt21,pvt21::weird/alien,hu_2023_benchmark::pvt21::weird/alien,0.130434783,hu_2023_benchmark,pvt21,0.0,0.06,0.0,0.06,Hu: Pankratz & van Tiel (2021),6
top_k,100.0,hu_pvt21,pvt21::wet/sopping,hu_2023_benchmark::pvt21::wet/sopping,0.325,hu_2023_benchmark,pvt21,0.066,0.066,0.044,0.088,Hu: Pankratz & van Tiel (2021),7
top_k,100.0,hu_pvt21,pvt21::wonderful/perfect,hu_2023_benchmark::pvt21::wonderful/perfect,0.135135135,hu_2023_benchmark,pvt21,0.448,0.54,0.356,0.632,Hu: Pankratz & van Tiel (2021),8
top_k,100.0,hu_pvt21,pvt21::wrong/evil,hu_2023_benchmark::pvt21::wrong/evil,0.327586207,hu_2023_benchmark,pvt21,0.024,0.044,0.02,0.048,Hu: Pankratz & van Tiel (2021),9
top_k,100.0,hu_rx22,rx22::allowed/obligatory,hu_2023_benchmark::rx22::allowed/obligatory,0.825,hu_2023_benchmark,rx22,0.004,0.032,0.004,0.032,Hu: Ronai & Xiang (2022),0
top_k,100.0,hu_rx22,rx22::attractive/stunning,hu_2023_benchmark::rx22::attractive/stunning,0.05,hu_2023_benchmark,rx22,0.016,0.25,0.016,0.25,Hu: Ronai & Xiang (2022),1
top_k,100.0,hu_rx22,rx22::begin/complete,hu_2023_benchmark::rx22::begin/complete,0.2,hu_2023_benchmark,rx22,0.04,0.162,0.036,0.166,Hu: Ronai & Xiang (2022),2
top_k,100.0,hu_rx22,rx22::believe/know,hu_2023_benchmark::rx22::believe/know,0.625,hu_2023_benchmark,rx22,0.462,0.962,0.454,0.97,Hu: Ronai & Xiang (2022),3
top_k,100.0,hu_rx22,rx22::big/enormous,hu_2023_benchmark::rx22::big/enormous,0.05,hu_2023_benchmark,rx22,0.018,0.012,0.01,0.02,Hu: Ronai & Xiang (2022),4
top_k,100.0,hu_rx22,rx22::cool/cold,hu_2023_benchmark::rx22::cool/cold,0.425,hu_2023_benchmark,rx22,0.888,0.736,0.694,0.93,Hu: Ronai & Xiang (2022),5
top_k,100.0,hu_rx22,rx22::dark/black,hu_2023_benchmark::rx22::dark/black,0.275,hu_2023_benchmark,rx22,0.572,0.688,0.484,0.776,Hu: Ronai & Xiang (2022),6
top_k,100.0,hu_rx22,rx22::difficult/impossible,hu_2023_benchmark::rx22::difficult/impossible,0.7,hu_2023_benchmark,rx22,0.058,0.258,0.054,0.262,Hu: Ronai & Xiang (2022),7
top_k,100.0,hu_rx22,rx22::dirty/filthy,hu_2023_benchmark::rx22::dirty/filthy,0.075,hu_2023_benchmark,rx22,0.012,0.034,0.012,0.034,Hu: Ronai & Xiang (2022),8
top_k,100.0,hu_rx22,rx22::dislike/loathe,hu_2023_benchmark::rx22::dislike/loathe,0.225,hu_2023_benchmark,rx22,0.0,0.0,0.0,0.0,Hu: Ronai & Xiang (2022),9
top_k,100.0,hu_rx22,rx22::double/triple,hu_2023_benchmark::rx22::double/triple,0.525,hu_2023_benchmark,rx22,0.012,0.062,0.012,0.062,Hu: Ronai & Xiang (2022),0
top_k,100.0,hu_rx22,rx22::equally/more,hu_2023_benchmark::rx22::equally/more,0.675,hu_2023_benchmark,rx22,0.582,0.96,0.574,0.968,Hu: Ronai & Xiang (2022),1
top_k,100.0,hu_rx22,rx22::funny/hilarious,hu_2023_benchmark::rx22::funny/hilarious,0.05,hu_2023_benchmark,rx22,0.006,0.016,0.006,0.016,Hu: Ronai & Xiang (2022),2
top_k,100.0,hu_rx22,rx22::good/excellent,hu_2023_benchmark::rx22::good/excellent,0.3,hu_2023_benchmark,rx22,0.024,0.062,0.02,0.066,Hu: Ronai & Xiang (2022),3
top_k,100.0,hu_rx22,rx22::happy/ecstatic,hu_2023_benchmark::rx22::happy/ecstatic,0.05,hu_2023_benchmark,rx22,0.0,0.028,0.0,0.028,Hu: Ronai & Xiang (2022),4
top_k,100.0,hu_rx22,rx22::hard/unsolvable,hu_2023_benchmark::rx22::hard/unsolvable,0.575,hu_2023_benchmark,rx22,0.002,0.12,0.002,0.12,Hu: Ronai & Xiang (2022),5
top_k,100.0,hu_rx22,rx22::harmful/deadly,hu_2023_benchmark::rx22::harmful/deadly,0.2,hu_2023_benchmark,rx22,0.01,0.164,0.008,0.166,Hu: Ronai & Xiang (2022),6
top_k,100.0,hu_rx22,rx22::here/everywhere,hu_2023_benchmark::rx22::here/everywhere,0.5,hu_2023_benchmark,rx22,0.746,0.61,0.556,0.8,Hu: Ronai & Xiang (2022),7
top_k,100.0,hu_rx22,rx22::hungry/starving,hu_2023_benchmark::rx22::hungry/starving,0.2,hu_2023_benchmark,rx22,0.0,0.008,0.0,0.008,Hu: Ronai & Xiang (2022),8
top_k,100.0,hu_rx22,rx22::intelligent/brilliant,hu_2023_benchmark::rx22::intelligent/brilliant,0.05,hu_2023_benchmark,rx22,0.028,0.378,0.028,0.378,Hu: Ronai & Xiang (2022),9
top_k,100.0,hu_rx22,rx22::intimidating/terrifying,hu_2023_benchmark::rx22::intimidating/terrifying,0.175,hu_2023_benchmark,rx22,0.006,0.78,0.006,0.78,Hu: Ronai & Xiang (2022),0
top_k,100.0,hu_rx22,rx22::largely/totally,hu_2023_benchmark::rx22::largely/totally,0.7,hu_2023_benchmark,rx22,0.022,0.488,0.022,0.488,Hu: Ronai & Xiang (2022),1
top_k,100.0,hu_rx22,rx22::like/love,hu_2023_benchmark::rx22::like/love,0.1,hu_2023_benchmark,rx22,0.014,0.324,0.012,0.326,Hu: Ronai & Xiang (2022),2
top_k,100.0,hu_rx22,rx22::match/exceed,hu_2023_benchmark::rx22::match/exceed,0.875,hu_2023_benchmark,rx22,0.002,0.016,0.0,0.018,Hu: Ronai & Xiang (2022),3
top_k,100.0,hu_rx22,rx22::mostly/entirely,hu_2023_benchmark::rx22::mostly/entirely,0.875,hu_2023_benchmark,rx22,0.036,0.038,0.024,0.05,Hu: Ronai & Xiang (2022),4
top_k,100.0,hu_rx22,rx22::old/ancient,hu_2023_benchmark::rx22::old/ancient,0.325,hu_2023_benchmark,rx22,0.0,0.012,0.0,0.012,Hu: Ronai & Xiang (2022),5
top_k,100.0,hu_rx22,rx22::once/twice,hu_2023_benchmark::rx22::once/twice,0.7,hu_2023_benchmark,rx22,0.444,0.264,0.238,0.47,Hu: Ronai & Xiang (2022),6
top_k,100.0,hu_rx22,rx22::overweight/obese,hu_2023_benchmark::rx22::overweight/obese,0.1,hu_2023_benchmark,rx22,0.002,0.206,0.002,0.206,Hu: Ronai & Xiang (2022),7
top_k,100.0,hu_rx22,rx22::overwhelmingly/unanimously,hu_2023_benchmark::rx22::overwhelmingly/unanimously,0.6,hu_2023_benchmark,rx22,0.048,0.456,0.046,0.458,Hu: Ronai & Xiang (2022),8
top_k,100.0,hu_rx22,rx22::palatable/delicious,hu_2023_benchmark::rx22::palatable/delicious,0.475,hu_2023_benchmark,rx22,0.144,0.994,0.144,0.994,Hu: Ronai & Xiang (2022),9
top_k,100.0,hu_rx22,rx22::partially/completely,hu_2023_benchmark::rx22::partially/completely,0.95,hu_2023_benchmark,rx22,0.132,0.582,0.128,0.586,Hu: Ronai & Xiang (2022),0
top_k,100.0,hu_rx22,rx22::permit/require,hu_2023_benchmark::rx22::permit/require,0.65,hu_2023_benchmark,rx22,0.07,0.978,0.07,0.978,Hu: Ronai & Xiang (2022),1
top_k,100.0,hu_rx22,rx22::polished/impeccable,hu_2023_benchmark::rx22::polished/impeccable,0.05,hu_2023_benchmark,rx22,0.0,0.032,0.0,0.032,Hu: Ronai & Xiang (2022),2
top_k,100.0,hu_rx22,rx22::possible/certain,hu_2023_benchmark::rx22::possible/certain,0.825,hu_2023_benchmark,rx22,0.006,0.152,0.006,0.152,Hu: Ronai & Xiang (2022),3
top_k,100.0,hu_rx22,rx22::pretty/beautiful,hu_2023_benchmark::rx22::pretty/beautiful,0.075,hu_2023_benchmark,rx22,0.208,0.456,0.178,0.486,Hu: Ronai & Xiang (2022),4
top_k,100.0,hu_rx22,rx22::primarily/exclusively,hu_2023_benchmark::rx22::primarily/exclusively,0.775,hu_2023_benchmark,rx22,0.12,0.488,0.112,0.496,Hu: Ronai & Xiang (2022),5
top_k,100.0,hu_rx22,rx22::probably/necessarily,hu_2023_benchmark::rx22::probably/necessarily,0.55,hu_2023_benchmark,rx22,0.324,0.174,0.15,0.348,Hu: Ronai & Xiang (2022),6
top_k,100.0,hu_rx22,rx22::reduce/eliminate,hu_2023_benchmark::rx22::reduce/eliminate,0.8,hu_2023_benchmark,rx22,0.0,0.174,0.0,0.174,Hu: Ronai & Xiang (2022),7
top_k,100.0,hu_rx22,rx22::scared/petrified,hu_2023_benchmark::rx22::scared/petrified,0.025,hu_2023_benchmark,rx22,0.01,0.808,0.01,0.808,Hu: Ronai & Xiang (2022),8
top_k,100.0,hu_rx22,rx22::serious/life-threatening,hu_2023_benchmark::rx22::serious/life-threatening,0.075,hu_2023_benchmark,rx22,0.346,0.548,0.292,0.602,Hu: Ronai & Xiang (2022),9
top_k,100.0,hu_rx22,rx22::similar/identical,hu_2023_benchmark::rx22::similar/identical,0.725,hu_2023_benchmark,rx22,0.856,0.176,0.176,0.856,Hu: Ronai & Xiang (2022),0
top_k,100.0,hu_rx22,rx22::slow/stop,hu_2023_benchmark::rx22::slow/stop,0.825,hu_2023_benchmark,rx22,0.006,0.786,0.006,0.786,Hu: Ronai & Xiang (2022),1
top_k,100.0,hu_rx22,rx22::small/tiny,hu_2023_benchmark::rx22::small/tiny,0.175,hu_2023_benchmark,rx22,0.006,0.072,0.006,0.072,Hu: Ronai & Xiang (2022),2
top_k,100.0,hu_rx22,rx22::snug/tight,hu_2023_benchmark::rx22::snug/tight,0.1,hu_2023_benchmark,rx22,0.008,0.862,0.008,0.862,Hu: Ronai & Xiang (2022),3
top_k,100.0,hu_rx22,rx22::start/finish,hu_2023_benchmark::rx22::start/finish,0.275,hu_2023_benchmark,rx22,0.586,0.642,0.474,0.754,Hu: Ronai & Xiang (2022),4
top_k,100.0,hu_rx22,rx22::survive/thrive,hu_2023_benchmark::rx22::survive/thrive,0.25,hu_2023_benchmark,rx22,0.0,0.036,0.0,0.036,Hu: Ronai & Xiang (2022),5
top_k,100.0,hu_rx22,rx22::tired/exhausted,hu_2023_benchmark::rx22::tired/exhausted,0.025,hu_2023_benchmark,rx22,0.002,0.524,0.002,0.524,Hu: Ronai & Xiang (2022),6
top_k,100.0,hu_rx22,rx22::tolerate/encourage,hu_2023_benchmark::rx22::tolerate/encourage,0.65,hu_2023_benchmark,rx22,0.096,0.996,0.096,0.996,Hu: Ronai & Xiang (2022),7
top_k,100.0,hu_rx22,rx22::try/succeed,hu_2023_benchmark::rx22::try/succeed,0.775,hu_2023_benchmark,rx22,0.016,0.636,0.016,0.636,Hu: Ronai & Xiang (2022),8
top_k,100.0,hu_rx22,rx22::ugly/hideous,hu_2023_benchmark::rx22::ugly/hideous,0.05,hu_2023_benchmark,rx22,0.0,0.348,0.0,0.348,Hu: Ronai & Xiang (2022),9
top_k,100.0,hu_rx22,rx22::understandable/articulate,hu_2023_benchmark::rx22::understandable/articulate,0.1,hu_2023_benchmark,rx22,0.0,0.322,0.0,0.322,Hu: Ronai & Xiang (2022),0
top_k,100.0,hu_rx22,rx22::unpleasant/disgusting,hu_2023_benchmark::rx22::unpleasant/disgusting,0.05,hu_2023_benchmark,rx22,0.0,0.482,0.0,0.482,Hu: Ronai & Xiang (2022),1
top_k,100.0,hu_rx22,rx22::usually/always,hu_2023_benchmark::rx22::usually/always,0.65,hu_2023_benchmark,rx22,0.05,0.208,0.048,0.21,Hu: Ronai & Xiang (2022),2
top_k,100.0,hu_rx22,rx22::want/need,hu_2023_benchmark::rx22::want/need,0.15,hu_2023_benchmark,rx22,0.196,0.524,0.178,0.542,Hu: Ronai & Xiang (2022),3
top_k,100.0,hu_rx22,rx22::warm/hot,hu_2023_benchmark::rx22::warm/hot,0.4,hu_2023_benchmark,rx22,1.0,0.69,0.69,1.0,Hu: Ronai & Xiang (2022),4
top_k,100.0,hu_rx22,rx22::well/superbly,hu_2023_benchmark::rx22::well/superbly,0.125,hu_2023_benchmark,rx22,0.062,0.002,0.002,0.062,Hu: Ronai & Xiang (2022),5
top_k,100.0,hu_rx22,rx22::willing/eager,hu_2023_benchmark::rx22::willing/eager,0.075,hu_2023_benchmark,rx22,0.008,0.032,0.008,0.032,Hu: Ronai & Xiang (2022),6
top_k,100.0,hu_vt16,vt16::adequate/good,hu_2023_benchmark::vt16::adequate/good,0.32,hu_2023_benchmark,vt16,0.4913333333333333,0.9986666666666668,0.4913333333333333,0.9986666666666668,Hu: van Tiel et al. (2016),0
top_k,100.0,hu_vt16,vt16::allowed/obligatory,hu_2023_benchmark::vt16::allowed/obligatory,0.82,hu_2023_benchmark,vt16,0.0013333333333333,0.0313333333333333,0.0006666666666666,0.032,Hu: van Tiel et al. (2016),1
top_k,100.0,hu_vt16,vt16::attractive/stunning,hu_2023_benchmark::vt16::attractive/stunning,0.21,hu_2023_benchmark,vt16,0.0073333333333333,0.102,0.0073333333333333,0.102,Hu: van Tiel et al. (2016),2
top_k,100.0,hu_vt16,vt16::believe/know,hu_2023_benchmark::vt16::believe/know,0.61,hu_2023_benchmark,vt16,0.3666666666666667,0.9406666666666668,0.364,0.9433333333333334,Hu: van Tiel et al. (2016),3
top_k,100.0,hu_vt16,vt16::big/enormous,hu_2023_benchmark::vt16::big/enormous,0.21,hu_2023_benchmark,vt16,0.0273333333333333,0.032,0.008,0.0513333333333333,Hu: van Tiel et al. (2016),4
top_k,100.0,hu_vt16,vt16::cheap/free,hu_2023_benchmark::vt16::cheap/free,0.93,hu_2023_benchmark,vt16,0.324,0.6746666666666666,0.2773333333333333,0.7213333333333334,Hu: van Tiel et al. (2016),5
top_k,100.0,hu_vt16,vt16::content/happy,hu_2023_benchmark::vt16::content/happy,0.04,hu_2023_benchmark,vt16,0.0986666666666666,0.9,0.098,0.9006666666666666,Hu: van Tiel et al. (2016),6
top_k,100.0,hu_vt16,vt16::cool/cold,hu_2023_benchmark::vt16::cool/cold,0.46,hu_2023_benchmark,vt16,0.3779999999999999,0.522,0.266,0.634,Hu: van Tiel et al. (2016),7
top_k,100.0,hu_vt16,vt16::dark/black,hu_2023_benchmark::vt16::dark/black,0.29,hu_2023_benchmark,vt16,0.3459999999999999,0.656,0.2886666666666667,0.7133333333333334,Hu: van Tiel et al. (2016),8
top_k,100.0,hu_vt16,vt16::difficult/impossible,hu_2023_benchmark::vt16::difficult/impossible,0.96,hu_2023_benchmark,vt16,0.0246666666666666,0.4293333333333333,0.0246666666666666,0.4293333333333333,Hu: van Tiel et al. (2016),9
top_k,100.0,hu_vt16,vt16::dislike/loathe,hu_2023_benchmark::vt16::dislike/loathe,0.18,hu_2023_benchmark,vt16,0.0,0.0,0.0,0.0,Hu: van Tiel et al. (2016),0
top_k,100.0,hu_vt16,vt16::funny/hilarious,hu_2023_benchmark::vt16::funny/hilarious,0.29,hu_2023_benchmark,vt16,0.1206666666666666,0.0586666666666666,0.0393333333333333,0.1399999999999999,Hu: van Tiel et al. (2016),1
top_k,100.0,hu_vt16,vt16::good/excellent,hu_2023_benchmark::vt16::good/excellent,0.32,hu_2023_benchmark,vt16,0.4326666666666667,0.0786666666666666,0.0746666666666666,0.4366666666666667,Hu: van Tiel et al. (2016),2
top_k,100.0,hu_vt16,vt16::good/perfect,hu_2023_benchmark::vt16::good/perfect,0.3899999999999999,hu_2023_benchmark,vt16,0.1979999999999999,0.132,0.102,0.2279999999999999,Hu: van Tiel et al. (2016),3
top_k,100.0,hu_vt16,vt16::hard/unsolvable,hu_2023_benchmark::vt16::hard/unsolvable,0.71,hu_2023_benchmark,vt16,0.0726666666666666,0.2613333333333333,0.038,0.296,Hu: van Tiel et al. (2016),4
top_k,100.0,hu_vt16,vt16::hungry/starving,hu_2023_benchmark::vt16::hungry/starving,0.25,hu_2023_benchmark,vt16,0.0,0.0406666666666666,0.0,0.0406666666666666,Hu: van Tiel et al. (2016),5
top_k,100.0,hu_vt16,vt16::intelligent/brilliant,hu_2023_benchmark::vt16::intelligent/brilliant,0.07,hu_2023_benchmark,vt16,0.0806666666666666,0.7553333333333333,0.0786666666666666,0.7573333333333334,Hu: van Tiel et al. (2016),6
top_k,100.0,hu_vt16,vt16::like/love,hu_2023_benchmark::vt16::like/love,0.25,hu_2023_benchmark,vt16,0.0186666666666666,0.3093333333333333,0.0186666666666666,0.3093333333333333,Hu: van Tiel et al. (2016),7
top_k,100.0,hu_vt16,vt16::low/depleted,hu_2023_benchmark::vt16::low/depleted,0.79,hu_2023_benchmark,vt16,0.002,0.0139999999999999,0.0013333333333333,0.0146666666666666,Hu: van Tiel et al. (2016),8
top_k,100.0,hu_vt16,vt16::may/will,hu_2023_benchmark::vt16::may/will,0.89,hu_2023_benchmark,vt16,0.9813333333333332,0.738,0.7326666666666667,0.9866666666666668,Hu: van Tiel et al. (2016),9
top_k,100.0,hu_vt16,vt16::memorable/unforgettable,hu_2023_benchmark::vt16::memorable/unforgettable,0.54,hu_2023_benchmark,vt16,0.018,0.61,0.018,0.61,Hu: van Tiel et al. (2016),0
top_k,100.0,hu_vt16,vt16::old/ancient,hu_2023_benchmark::vt16::old/ancient,0.36,hu_2023_benchmark,vt16,0.02,0.0186666666666666,0.01,0.0286666666666666,Hu: van Tiel et al. (2016),1
top_k,100.0,hu_vt16,vt16::palatable/delicious,hu_2023_benchmark::vt16::palatable/delicious,0.61,hu_2023_benchmark,vt16,0.8079999999999999,1.0,0.8079999999999999,1.0,Hu: van Tiel et al. (2016),2
top_k,100.0,hu_vt16,vt16::participate/win,hu_2023_benchmark::vt16::participate/win,0.18,hu_2023_benchmark,vt16,0.0493333333333333,0.8766666666666666,0.0493333333333333,0.8766666666666666,Hu: van Tiel et al. (2016),3
top_k,100.0,hu_vt16,vt16::possible/certain,hu_2023_benchmark::vt16::possible/certain,0.93,hu_2023_benchmark,vt16,0.0386666666666666,0.2486666666666666,0.0373333333333333,0.25,Hu: van Tiel et al. (2016),4
top_k,100.0,hu_vt16,vt16::pretty/beautiful,hu_2023_benchmark::vt16::pretty/beautiful,0.11,hu_2023_benchmark,vt16,0.24,0.3666666666666667,0.1939999999999999,0.4126666666666667,Hu: van Tiel et al. (2016),5
top_k,100.0,hu_vt16,vt16::rare/extinct,hu_2023_benchmark::vt16::rare/extinct,0.79,hu_2023_benchmark,vt16,0.002,0.0119999999999999,0.002,0.0119999999999999,Hu: van Tiel et al. (2016),6
top_k,100.0,hu_vt16,vt16::scarce/unavailable,hu_2023_benchmark::vt16::scarce/unavailable,0.57,hu_2023_benchmark,vt16,0.0306666666666666,0.9106666666666668,0.0306666666666666,0.9106666666666668,Hu: van Tiel et al. (2016),7
top_k,100.0,hu_vt16,vt16::silly/ridiculous,hu_2023_benchmark::vt16::silly/ridiculous,0.14,hu_2023_benchmark,vt16,0.0473333333333333,0.474,0.044,0.4773333333333333,Hu: van Tiel et al. (2016),8
top_k,100.0,hu_vt16,vt16::small/tiny,hu_2023_benchmark::vt16::small/tiny,0.25,hu_2023_benchmark,vt16,0.0066666666666666,0.0413333333333333,0.006,0.042,Hu: van Tiel et al. (2016),9
top_k,100.0,hu_vt16,vt16::snug/tight,hu_2023_benchmark::vt16::snug/tight,0.21,hu_2023_benchmark,vt16,0.0073333333333333,0.7953333333333333,0.0073333333333333,0.7953333333333333,Hu: van Tiel et al. (2016),0
top_k,100.0,hu_vt16,vt16::sometimes/always,hu_2023_benchmark::vt16::sometimes/always,0.86,hu_2023_benchmark,vt16,0.1446666666666666,0.4233333333333333,0.13,0.438,Hu: van Tiel et al. (2016),1
top_k,100.0,hu_vt16,vt16::special/unique,hu_2023_benchmark::vt16::special/unique,0.14,hu_2023_benchmark,vt16,0.1213333333333333,0.4146666666666667,0.1113333333333333,0.4246666666666667,Hu: van Tiel et al. (2016),2
top_k,100.0,hu_vt16,vt16::start/finish,hu_2023_benchmark::vt16::start/finish,0.21,hu_2023_benchmark,vt16,0.2106666666666666,0.4553333333333333,0.1933333333333333,0.4726666666666667,Hu: van Tiel et al. (2016),3
top_k,100.0,hu_vt16,vt16::tired/exhausted,hu_2023_benchmark::vt16::tired/exhausted,0.14,hu_2023_benchmark,vt16,0.0013333333333333,0.2666666666666666,0.0013333333333333,0.2666666666666666,Hu: van Tiel et al. (2016),4
top_k,100.0,hu_vt16,vt16::try/succeed,hu_2023_benchmark::vt16::try/succeed,0.3899999999999999,hu_2023_benchmark,vt16,0.008,0.2506666666666666,0.008,0.2506666666666666,Hu: van Tiel et al. (2016),5
top_k,100.0,hu_vt16,vt16::ugly/hideous,hu_2023_benchmark::vt16::ugly/hideous,0.18,hu_2023_benchmark,vt16,0.0013333333333333,0.2386666666666667,0.0013333333333333,0.2386666666666667,Hu: van Tiel et al. (2016),6
top_k,100.0,hu_vt16,vt16::warm/hot,hu_2023_benchmark::vt16::warm/hot,0.64,hu_2023_benchmark,vt16,0.5606666666666666,0.842,0.48,0.9226666666666666,Hu: van Tiel et al. (2016),7
top_k,100.0,hu_vt16,vt16::wary/scared,hu_2023_benchmark::vt16::wary/scared,0.14,hu_2023_benchmark,vt16,0.0066666666666666,0.936,0.0066666666666666,0.936,Hu: van Tiel et al. (2016),8
top_k,100.0,novel_focus,bag::cash::chalk,novel_focus::focus_alternative_study::bag,1.0,novel_focus,focus_alternative_study,0.578,0.99,0.574,0.994,Novel focus alternatives,0
top_k,100.0,novel_focus,bag::cash::crayons,novel_focus::focus_alternative_study::bag,1.0,novel_focus,focus_alternative_study,0.854,0.996,0.852,0.998,Novel focus alternatives,0
top_k,100.0,novel_focus,bag::cash::headphones,novel_focus::focus_alternative_study::bag,0.0,novel_focus,focus_alternative_study,0.004,0.496,0.004,0.496,Novel focus alternatives,0
top_k,100.0,novel_focus,bag::cash::makeup,novel_focus::focus_alternative_study::bag,0.1052631578947368,novel_focus,focus_alternative_study,0.132,0.944,0.13,0.946,Novel focus alternatives,0
top_k,100.0,novel_focus,bag::cash::pen,novel_focus::focus_alternative_study::bag,1.0,novel_focus,focus_alternative_study,1.0,0.998,0.998,1.0,Novel focus alternatives,0
top_k,100.0,novel_focus,bag::chalk::cash,novel_focus::focus_alternative_study::bag,0.0,novel_focus,focus_alternative_study,0.006,0.01,0.006,0.01,Novel focus alternatives,0
top_k,100.0,novel_focus,bag::chalk::crayons,novel_focus::focus_alternative_study::bag,1.0,novel_focus,focus_alternative_study,0.854,0.698,0.636,0.916,Novel focus alternatives,0
top_k,100.0,novel_focus,bag::chalk::headphones,novel_focus::focus_alternative_study::bag,0.2,novel_focus,focus_alternative_study,0.004,0.004,0.004,0.004,Novel focus alternatives,0
top_k,100.0,novel_focus,bag::chalk::makeup,novel_focus::focus_alternative_study::bag,0.2,novel_focus,focus_alternative_study,0.132,0.136,0.1,0.168,Novel focus alternatives,0
top_k,100.0,novel_focus,bag::chalk::pen,novel_focus::focus_alternative_study::bag,1.0,novel_focus,focus_alternative_study,1.0,0.936,0.936,1.0,Novel focus alternatives,0
top_k,100.0,novel_focus,bag::crayons::cash,novel_focus::focus_alternative_study::bag,0.0,novel_focus,focus_alternative_study,0.006,0.004,0.004,0.006,Novel focus alternatives,0
top_k,100.0,novel_focus,bag::crayons::chalk,novel_focus::focus_alternative_study::bag,0.8888888888888888,novel_focus,focus_alternative_study,0.578,0.302,0.298,0.582,Novel focus alternatives,0
top_k,100.0,novel_focus,bag::crayons::headphones,novel_focus::focus_alternative_study::bag,0.25,novel_focus,focus_alternative_study,0.004,0.004,0.004,0.004,Novel focus alternatives,0
top_k,100.0,novel_focus,bag::crayons::makeup,novel_focus::focus_alternative_study::bag,0.0,novel_focus,focus_alternative_study,0.132,0.054,0.048,0.138,Novel focus alternatives,0
top_k,100.0,novel_focus,bag::crayons::pen,novel_focus::focus_alternative_study::bag,1.0,novel_focus,focus_alternative_study,1.0,0.86,0.86,1.0,Novel focus alternatives,0
top_k,100.0,novel_focus,bag::headphones::cash,novel_focus::focus_alternative_study::bag,0.1428571428571428,novel_focus,focus_alternative_study,0.006,0.504,0.006,0.504,Novel focus alternatives,0
top_k,100.0,novel_focus,bag::headphones::chalk,novel_focus::focus_alternative_study::bag,0.4,novel_focus,focus_alternative_study,0.578,0.996,0.578,0.996,Novel focus alternatives,0
top_k,100.0,novel_focus,bag::headphones::crayons,novel_focus::focus_alternative_study::bag,1.0,novel_focus,focus_alternative_study,0.854,0.996,0.852,0.998,Novel focus alternatives,0
top_k,100.0,novel_focus,bag::headphones::makeup,novel_focus::focus_alternative_study::bag,0.2105263157894736,novel_focus,focus_alternative_study,0.132,0.948,0.132,0.948,Novel focus alternatives,0
top_k,100.0,novel_focus,bag::headphones::pen,novel_focus::focus_alternative_study::bag,1.0,novel_focus,focus_alternative_study,1.0,1.0,1.0,1.0,Novel focus alternatives,0
top_k,100.0,novel_focus,bag::makeup::cash,novel_focus::focus_alternative_study::bag,0.2,novel_focus,focus_alternative_study,0.006,0.056,0.006,0.056,Novel focus alternatives,0
top_k,100.0,novel_focus,bag::makeup::chalk,novel_focus::focus_alternative_study::bag,1.0,novel_focus,focus_alternative_study,0.578,0.864,0.554,0.888,Novel focus alternatives,0
top_k,100.0,novel_focus,bag::makeup::crayons,novel_focus::focus_alternative_study::bag,1.0,novel_focus,focus_alternative_study,0.854,0.946,0.828,0.972,Novel focus alternatives,0
top_k,100.0,novel_focus,bag::makeup::headphones,novel_focus::focus_alternative_study::bag,0.0,novel_focus,focus_alternative_study,0.004,0.052,0.004,0.052,Novel focus alternatives,0
top_k,100.0,novel_focus,bag::makeup::pen,novel_focus::focus_alternative_study::bag,1.0,novel_focus,focus_alternative_study,1.0,0.992,0.992,1.0,Novel focus alternatives,0
top_k,100.0,novel_focus,bag::pen::cash,novel_focus::focus_alternative_study::bag,0.0,novel_focus,focus_alternative_study,0.006,0.002,0.002,0.006,Novel focus alternatives,0
top_k,100.0,novel_focus,bag::pen::chalk,novel_focus::focus_alternative_study::bag,0.8571428571428571,novel_focus,focus_alternative_study,0.578,0.064,0.064,0.578,Novel focus alternatives,0
top_k,100.0,novel_focus,bag::pen::crayons,novel_focus::focus_alternative_study::bag,0.8823529411764706,novel_focus,focus_alternative_study,0.854,0.14,0.14,0.854,Novel focus alternatives,0
top_k,100.0,novel_focus,bag::pen::headphones,novel_focus::focus_alternative_study::bag,0.0,novel_focus,focus_alternative_study,0.004,0.0,0.0,0.004,Novel focus alternatives,0
top_k,100.0,novel_focus,bag::pen::makeup,novel_focus::focus_alternative_study::bag,0.1666666666666666,novel_focus,focus_alternative_study,0.132,0.008,0.008,0.132,Novel focus alternatives,0
top_k,100.0,novel_focus,bakery::cakes::ice cream,novel_focus::focus_alternative_study::bakery,0.8421052631578947,novel_focus,focus_alternative_study,0.85,0.362,0.358,0.854,Novel focus alternatives,1
top_k,100.0,novel_focus,bakery::cakes::muffins,novel_focus::focus_alternative_study::bakery,0.8888888888888888,novel_focus,focus_alternative_study,0.112,0.034,0.032,0.114,Novel focus alternatives,1
top_k,100.0,novel_focus,bakery::cakes::pretzels,novel_focus::focus_alternative_study::bakery,0.5,novel_focus,focus_alternative_study,0.098,0.026,0.026,0.098,Novel focus alternatives,1
top_k,100.0,novel_focus,bakery::cakes::sandwiches,novel_focus::focus_alternative_study::bakery,0.4,novel_focus,focus_alternative_study,0.028,0.01,0.01,0.028,Novel focus alternatives,1
top_k,100.0,novel_focus,bakery::cakes::water,novel_focus::focus_alternative_study::bakery,0.0,novel_focus,focus_alternative_study,0.054,0.016,0.016,0.054,Novel focus alternatives,1
top_k,100.0,novel_focus,bakery::ice cream::cakes,novel_focus::focus_alternative_study::bakery,1.0,novel_focus,focus_alternative_study,0.972,0.638,0.636,0.974,Novel focus alternatives,1
top_k,100.0,novel_focus,bakery::ice cream::muffins,novel_focus::focus_alternative_study::bakery,0.5882352941176471,novel_focus,focus_alternative_study,0.112,0.044,0.04,0.116,Novel focus alternatives,1
top_k,100.0,novel_focus,bakery::ice cream::pretzels,novel_focus::focus_alternative_study::bakery,0.5,novel_focus,focus_alternative_study,0.098,0.056,0.048,0.106,Novel focus alternatives,1
top_k,100.0,novel_focus,bakery::ice cream::sandwiches,novel_focus::focus_alternative_study::bakery,0.25,novel_focus,focus_alternative_study,0.028,0.01,0.01,0.028,Novel focus alternatives,1
top_k,100.0,novel_focus,bakery::ice cream::water,novel_focus::focus_alternative_study::bakery,0.1666666666666666,novel_focus,focus_alternative_study,0.054,0.03,0.026,0.058,Novel focus alternatives,1
top_k,100.0,novel_focus,bakery::muffins::cakes,novel_focus::focus_alternative_study::bakery,1.0,novel_focus,focus_alternative_study,0.972,0.966,0.946,0.992,Novel focus alternatives,1
top_k,100.0,novel_focus,bakery::muffins::ice cream,novel_focus::focus_alternative_study::bakery,1.0,novel_focus,focus_alternative_study,0.85,0.956,0.828,0.978,Novel focus alternatives,1
top_k,100.0,novel_focus,bakery::muffins::pretzels,novel_focus::focus_alternative_study::bakery,0.4,novel_focus,focus_alternative_study,0.098,0.486,0.094,0.49,Novel focus alternatives,1
top_k,100.0,novel_focus,bakery::muffins::sandwiches,novel_focus::focus_alternative_study::bakery,0.0,novel_focus,focus_alternative_study,0.028,0.168,0.026,0.17,Novel focus alternatives,1
top_k,100.0,novel_focus,bakery::muffins::water,novel_focus::focus_alternative_study::bakery,0.0,novel_focus,focus_alternative_study,0.054,0.348,0.054,0.348,Novel focus alternatives,1
top_k,100.0,novel_focus,bakery::pretzels::cakes,novel_focus::focus_alternative_study::bakery,1.0,novel_focus,focus_alternative_study,0.972,0.974,0.948,0.998,Novel focus alternatives,1
top_k,100.0,novel_focus,bakery::pretzels::ice cream,novel_focus::focus_alternative_study::bakery,1.0,novel_focus,focus_alternative_study,0.85,0.944,0.814,0.98,Novel focus alternatives,1
top_k,100.0,novel_focus,bakery::pretzels::muffins,novel_focus::focus_alternative_study::bakery,1.0,novel_focus,focus_alternative_study,0.112,0.514,0.108,0.518,Novel focus alternatives,1
top_k,100.0,novel_focus,bakery::pretzels::sandwiches,novel_focus::focus_alternative_study::bakery,0.4,novel_focus,focus_alternative_study,0.028,0.18,0.028,0.18,Novel focus alternatives,1
top_k,100.0,novel_focus,bakery::pretzels::water,novel_focus::focus_alternative_study::bakery,0.0,novel_focus,focus_alternative_study,0.054,0.354,0.052,0.356,Novel focus alternatives,1
top_k,100.0,novel_focus,bakery::sandwiches::cakes,novel_focus::focus_alternative_study::bakery,1.0,novel_focus,focus_alternative_study,0.972,0.99,0.962,1.0,Novel focus alternatives,1
top_k,100.0,novel_focus,bakery::sandwiches::ice cream,novel_focus::focus_alternative_study::bakery,1.0,novel_focus,focus_alternative_study,0.85,0.99,0.846,0.994,Novel focus alternatives,1
top_k,100.0,novel_focus,bakery::sandwiches::muffins,novel_focus::focus_alternative_study::bakery,0.6666666666666666,novel_focus,focus_alternative_study,0.112,0.832,0.112,0.832,Novel focus alternatives,1
top_k,100.0,novel_focus,bakery::sandwiches::pretzels,novel_focus::focus_alternative_study::bakery,0.55,novel_focus,focus_alternative_study,0.098,0.82,0.098,0.82,Novel focus alternatives,1
top_k,100.0,novel_focus,bakery::sandwiches::water,novel_focus::focus_alternative_study::bakery,0.0,novel_focus,focus_alternative_study,0.054,0.696,0.054,0.696,Novel focus alternatives,1
top_k,100.0,novel_focus,bakery::water::cakes,novel_focus::focus_alternative_study::bakery,0.6666666666666666,novel_focus,focus_alternative_study,0.972,0.984,0.958,0.998,Novel focus alternatives,1
top_k,100.0,novel_focus,bakery::water::ice cream,novel_focus::focus_alternative_study::bakery,0.6666666666666666,novel_focus,focus_alternative_study,0.85,0.97,0.828,0.992,Novel focus alternatives,1
top_k,100.0,novel_focus,bakery::water::muffins,novel_focus::focus_alternative_study::bakery,0.5,novel_focus,focus_alternative_study,0.112,0.652,0.108,0.656,Novel focus alternatives,1
top_k,100.0,novel_focus,bakery::water::pretzels,novel_focus::focus_alternative_study::bakery,0.5384615384615384,novel_focus,focus_alternative_study,0.098,0.646,0.096,0.648,Novel focus alternatives,1
top_k,100.0,novel_focus,bakery::water::sandwiches,novel_focus::focus_alternative_study::bakery,0.4285714285714285,novel_focus,focus_alternative_study,0.028,0.304,0.026,0.306,Novel focus alternatives,1
top_k,100.0,novel_focus,beach::bikini::coat,novel_focus::focus_alternative_study::beach,0.3333333333333333,novel_focus,focus_alternative_study,0.07,0.058,0.042,0.086,Novel focus alternatives,2
top_k,100.0,novel_focus,beach::bikini::jacket,novel_focus::focus_alternative_study::beach,0.25,novel_focus,focus_alternative_study,0.182,0.162,0.116,0.228,Novel focus alternatives,2
top_k,100.0,novel_focus,beach::bikini::jeans,novel_focus::focus_alternative_study::beach,0.5,novel_focus,focus_alternative_study,0.688,0.542,0.466,0.764,Novel focus alternatives,2
top_k,100.0,novel_focus,beach::bikini::shorts,novel_focus::focus_alternative_study::beach,0.7,novel_focus,focus_alternative_study,1.0,0.918,0.918,1.0,Novel focus alternatives,2
top_k,100.0,novel_focus,beach::bikini::sunglasses,novel_focus::focus_alternative_study::beach,0.1666666666666666,novel_focus,focus_alternative_study,0.432,0.38,0.29,0.522,Novel focus alternatives,2
top_k,100.0,novel_focus,beach::coat::bikini,novel_focus::focus_alternative_study::beach,1.0,novel_focus,focus_alternative_study,0.616,0.942,0.598,0.96,Novel focus alternatives,2
top_k,100.0,novel_focus,beach::coat::jacket,novel_focus::focus_alternative_study::beach,0.5454545454545454,novel_focus,focus_alternative_study,0.182,0.748,0.172,0.758,Novel focus alternatives,2
top_k,100.0,novel_focus,beach::coat::jeans,novel_focus::focus_alternative_study::beach,0.5,novel_focus,focus_alternative_study,0.688,0.938,0.674,0.952,Novel focus alternatives,2
top_k,100.0,novel_focus,beach::coat::shorts,novel_focus::focus_alternative_study::beach,1.0,novel_focus,focus_alternative_study,1.0,0.992,0.992,1.0,Novel focus alternatives,2
top_k,100.0,novel_focus,beach::coat::sunglasses,novel_focus::focus_alternative_study::beach,0.0,novel_focus,focus_alternative_study,0.432,0.894,0.412,0.914,Novel focus alternatives,2
top_k,100.0,novel_focus,beach::jacket::bikini,novel_focus::focus_alternative_study::beach,1.0,novel_focus,focus_alternative_study,0.616,0.838,0.56,0.894,Novel focus alternatives,2
top_k,100.0,novel_focus,beach::jacket::coat,novel_focus::focus_alternative_study::beach,1.0,novel_focus,focus_alternative_study,0.07,0.252,0.07,0.252,Novel focus alternatives,2
top_k,100.0,novel_focus,beach::jacket::jeans,novel_focus::focus_alternative_study::beach,0.45,novel_focus,focus_alternative_study,0.688,0.838,0.618,0.908,Novel focus alternatives,2
top_k,100.0,novel_focus,beach::jacket::shorts,novel_focus::focus_alternative_study::beach,0.6,novel_focus,focus_alternative_study,1.0,0.98,0.98,1.0,Novel focus alternatives,2
top_k,100.0,novel_focus,beach::jacket::sunglasses,novel_focus::focus_alternative_study::beach,0.5,novel_focus,focus_alternative_study,0.432,0.754,0.386,0.8,Novel focus alternatives,2
top_k,100.0,novel_focus,beach::jeans::bikini,novel_focus::focus_alternative_study::beach,1.0,novel_focus,focus_alternative_study,0.616,0.458,0.414,0.66,Novel focus alternatives,2
top_k,100.0,novel_focus,beach::jeans::coat,novel_focus::focus_alternative_study::beach,0.6,novel_focus,focus_alternative_study,0.07,0.062,0.048,0.084,Novel focus alternatives,2
top_k,100.0,novel_focus,beach::jeans::jacket,novel_focus::focus_alternative_study::beach,0.0,novel_focus,focus_alternative_study,0.182,0.162,0.12,0.224,Novel focus alternatives,2
top_k,100.0,novel_focus,beach::jeans::shorts,novel_focus::focus_alternative_study::beach,1.0,novel_focus,focus_alternative_study,1.0,0.884,0.884,1.0,Novel focus alternatives,2
top_k,100.0,novel_focus,beach::jeans::sunglasses,novel_focus::focus_alternative_study::beach,0.25,novel_focus,focus_alternative_study,0.432,0.34,0.266,0.506,Novel focus alternatives,2
top_k,100.0,novel_focus,beach::shorts::bikini,novel_focus::focus_alternative_study::beach,0.75,novel_focus,focus_alternative_study,0.616,0.082,0.082,0.616,Novel focus alternatives,2
top_k,100.0,novel_focus,beach::shorts::coat,novel_focus::focus_alternative_study::beach,0.75,novel_focus,focus_alternative_study,0.07,0.008,0.008,0.07,Novel focus alternatives,2
top_k,100.0,novel_focus,beach::shorts::jacket,novel_focus::focus_alternative_study::beach,0.25,novel_focus,focus_alternative_study,0.182,0.02,0.02,0.182,Novel focus alternatives,2
top_k,100.0,novel_focus,beach::shorts::jeans,novel_focus::focus_alternative_study::beach,0.6,novel_focus,focus_alternative_study,0.688,0.116,0.116,0.688,Novel focus alternatives,2
top_k,100.0,novel_focus,beach::shorts::sunglasses,novel_focus::focus_alternative_study::beach,0.15,novel_focus,focus_alternative_study,0.432,0.052,0.052,0.432,Novel focus alternatives,2
top_k,100.0,novel_focus,beach::sunglasses::bikini,novel_focus::focus_alternative_study::beach,1.0,novel_focus,focus_alternative_study,0.616,0.62,0.492,0.744,Novel focus alternatives,2
top_k,100.0,novel_focus,beach::sunglasses::coat,novel_focus::focus_alternative_study::beach,0.0,novel_focus,focus_alternative_study,0.07,0.106,0.056,0.12,Novel focus alternatives,2
top_k,100.0,novel_focus,beach::sunglasses::jacket,novel_focus::focus_alternative_study::beach,0.8,novel_focus,focus_alternative_study,0.182,0.246,0.154,0.274,Novel focus alternatives,2
top_k,100.0,novel_focus,beach::sunglasses::jeans,novel_focus::focus_alternative_study::beach,0.5,novel_focus,focus_alternative_study,0.688,0.66,0.558,0.79,Novel focus alternatives,2
top_k,100.0,novel_focus,beach::sunglasses::shorts,novel_focus::focus_alternative_study::beach,0.5,novel_focus,focus_alternative_study,1.0,0.948,0.948,1.0,Novel focus alternatives,2
top_k,100.0,novel_focus,cold::blankets::fridge,novel_focus::focus_alternative_study::cold,0.0,novel_focus,focus_alternative_study,0.018,0.914,0.018,0.914,Novel focus alternatives,3
top_k,100.0,novel_focus,cold::blankets::heater,novel_focus::focus_alternative_study::cold,1.0,novel_focus,focus_alternative_study,0.996,1.0,0.996,1.0,Novel focus alternatives,3
top_k,100.0,novel_focus,cold::blankets::microwave,novel_focus::focus_alternative_study::cold,0.0,novel_focus,focus_alternative_study,0.142,0.996,0.142,0.996,Novel focus alternatives,3
top_k,100.0,novel_focus,cold::blankets::sink,novel_focus::focus_alternative_study::cold,0.0,novel_focus,focus_alternative_study,0.008,0.852,0.008,0.852,Novel focus alternatives,3
top_k,100.0,novel_focus,cold::blankets::tea,novel_focus::focus_alternative_study::cold,0.2,novel_focus,focus_alternative_study,0.004,0.634,0.004,0.634,Novel focus alternatives,3
top_k,100.0,novel_focus,cold::fridge::blankets,novel_focus::focus_alternative_study::cold,0.3333333333333333,novel_focus,focus_alternative_study,0.002,0.086,0.002,0.086,Novel focus alternatives,3
top_k,100.0,novel_focus,cold::fridge::heater,novel_focus::focus_alternative_study::cold,0.8,novel_focus,focus_alternative_study,0.996,0.998,0.994,1.0,Novel focus alternatives,3
top_k,100.0,novel_focus,cold::fridge::microwave,novel_focus::focus_alternative_study::cold,0.6923076923076923,novel_focus,focus_alternative_study,0.142,0.862,0.142,0.862,Novel focus alternatives,3
top_k,100.0,novel_focus,cold::fridge::sink,novel_focus::focus_alternative_study::cold,0.238095238095238,novel_focus,focus_alternative_study,0.008,0.334,0.008,0.334,Novel focus alternatives,3
top_k,100.0,novel_focus,cold::fridge::tea,novel_focus::focus_alternative_study::cold,0.5,novel_focus,focus_alternative_study,0.004,0.09,0.004,0.09,Novel focus alternatives,3
top_k,100.0,novel_focus,cold::heater::blankets,novel_focus::focus_alternative_study::cold,0.8333333333333334,novel_focus,focus_alternative_study,0.002,0.0,0.0,0.002,Novel focus alternatives,3
top_k,100.0,novel_focus,cold::heater::fridge,novel_focus::focus_alternative_study::cold,0.0,novel_focus,focus_alternative_study,0.018,0.002,0.002,0.018,Novel focus alternatives,3
top_k,100.0,novel_focus,cold::heater::microwave,novel_focus::focus_alternative_study::cold,0.2,novel_focus,focus_alternative_study,0.142,0.014,0.014,0.142,Novel focus alternatives,3
top_k,100.0,novel_focus,cold::heater::sink,novel_focus::focus_alternative_study::cold,0.0,novel_focus,focus_alternative_study,0.008,0.0,0.0,0.008,Novel focus alternatives,3
top_k,100.0,novel_focus,cold::heater::tea,novel_focus::focus_alternative_study::cold,0.125,novel_focus,focus_alternative_study,0.004,0.002,0.002,0.004,Novel focus alternatives,3
top_k,100.0,novel_focus,cold::microwave::blankets,novel_focus::focus_alternative_study::cold,0.6,novel_focus,focus_alternative_study,0.002,0.004,0.002,0.004,Novel focus alternatives,3
top_k,100.0,novel_focus,cold::microwave::fridge,novel_focus::focus_alternative_study::cold,0.5,novel_focus,focus_alternative_study,0.018,0.138,0.018,0.138,Novel focus alternatives,3
top_k,100.0,novel_focus,cold::microwave::heater,novel_focus::focus_alternative_study::cold,1.0,novel_focus,focus_alternative_study,0.996,0.986,0.982,1.0,Novel focus alternatives,3
top_k,100.0,novel_focus,cold::microwave::sink,novel_focus::focus_alternative_study::cold,0.0,novel_focus,focus_alternative_study,0.008,0.066,0.008,0.066,Novel focus alternatives,3
top_k,100.0,novel_focus,cold::microwave::tea,novel_focus::focus_alternative_study::cold,0.2,novel_focus,focus_alternative_study,0.004,0.018,0.004,0.018,Novel focus alternatives,3
top_k,100.0,novel_focus,cold::sink::blankets,novel_focus::focus_alternative_study::cold,0.3333333333333333,novel_focus,focus_alternative_study,0.002,0.148,0.002,0.148,Novel focus alternatives,3
top_k,100.0,novel_focus,cold::sink::fridge,novel_focus::focus_alternative_study::cold,0.25,novel_focus,focus_alternative_study,0.018,0.666,0.018,0.666,Novel focus alternatives,3
top_k,100.0,novel_focus,cold::sink::heater,novel_focus::focus_alternative_study::cold,1.0,novel_focus,focus_alternative_study,0.996,1.0,0.996,1.0,Novel focus alternatives,3
top_k,100.0,novel_focus,cold::sink::microwave,novel_focus::focus_alternative_study::cold,0.5294117647058824,novel_focus,focus_alternative_study,0.142,0.934,0.14,0.936,Novel focus alternatives,3
top_k,100.0,novel_focus,cold::sink::tea,novel_focus::focus_alternative_study::cold,0.0,novel_focus,focus_alternative_study,0.004,0.162,0.004,0.162,Novel focus alternatives,3
top_k,100.0,novel_focus,cold::tea::blankets,novel_focus::focus_alternative_study::cold,0.6,novel_focus,focus_alternative_study,0.002,0.366,0.002,0.366,Novel focus alternatives,3
top_k,100.0,novel_focus,cold::tea::fridge,novel_focus::focus_alternative_study::cold,0.0,novel_focus,focus_alternative_study,0.018,0.91,0.018,0.91,Novel focus alternatives,3
top_k,100.0,novel_focus,cold::tea::heater,novel_focus::focus_alternative_study::cold,0.5,novel_focus,focus_alternative_study,0.996,0.998,0.994,1.0,Novel focus alternatives,3
top_k,100.0,novel_focus,cold::tea::microwave,novel_focus::focus_alternative_study::cold,0.0,novel_focus,focus_alternative_study,0.142,0.982,0.142,0.982,Novel focus alternatives,3
top_k,100.0,novel_focus,cold::tea::sink,novel_focus::focus_alternative_study::cold,0.0,novel_focus,focus_alternative_study,0.008,0.838,0.008,0.838,Novel focus alternatives,3
top_k,100.0,novel_focus,cut::batteries::keys,novel_focus::focus_alternative_study::cut,0.1666666666666666,novel_focus,focus_alternative_study,0.284,0.942,0.284,0.942,Novel focus alternatives,4
top_k,100.0,novel_focus,cut::batteries::nail clippers,novel_focus::focus_alternative_study::cut,0.8,novel_focus,focus_alternative_study,0.564,0.972,0.556,0.98,Novel focus alternatives,4
top_k,100.0,novel_focus,cut::batteries::scissors,novel_focus::focus_alternative_study::cut,0.8,novel_focus,focus_alternative_study,1.0,1.0,1.0,1.0,Novel focus alternatives,4
top_k,100.0,novel_focus,cut::batteries::stapler,novel_focus::focus_alternative_study::cut,0.4444444444444444,novel_focus,focus_alternative_study,0.166,0.902,0.164,0.904,Novel focus alternatives,4
top_k,100.0,novel_focus,cut::batteries::thumb tacks,novel_focus::focus_alternative_study::cut,0.3809523809523809,novel_focus,focus_alternative_study,0.0,0.026,0.0,0.026,Novel focus alternatives,4
top_k,100.0,novel_focus,cut::keys::batteries,novel_focus::focus_alternative_study::cut,0.25,novel_focus,focus_alternative_study,0.02,0.058,0.018,0.06,Novel focus alternatives,4
top_k,100.0,novel_focus,cut::keys::nail clippers,novel_focus::focus_alternative_study::cut,0.8,novel_focus,focus_alternative_study,0.564,0.654,0.48,0.738,Novel focus alternatives,4
top_k,100.0,novel_focus,cut::keys::scissors,novel_focus::focus_alternative_study::cut,1.0,novel_focus,focus_alternative_study,1.0,0.988,0.988,1.0,Novel focus alternatives,4
top_k,100.0,novel_focus,cut::keys::stapler,novel_focus::focus_alternative_study::cut,0.2,novel_focus,focus_alternative_study,0.166,0.352,0.14,0.378,Novel focus alternatives,4
top_k,100.0,novel_focus,cut::keys::thumb tacks,novel_focus::focus_alternative_study::cut,0.2,novel_focus,focus_alternative_study,0.0,0.0,0.0,0.0,Novel focus alternatives,4
top_k,100.0,novel_focus,cut::nail clippers::batteries,novel_focus::focus_alternative_study::cut,0.0,novel_focus,focus_alternative_study,0.02,0.028,0.014,0.034,Novel focus alternatives,4
top_k,100.0,novel_focus,cut::nail clippers::keys,novel_focus::focus_alternative_study::cut,0.3125,novel_focus,focus_alternative_study,0.284,0.346,0.236,0.394,Novel focus alternatives,4
top_k,100.0,novel_focus,cut::nail clippers::scissors,novel_focus::focus_alternative_study::cut,1.0,novel_focus,focus_alternative_study,1.0,0.98,0.98,1.0,Novel focus alternatives,4
top_k,100.0,novel_focus,cut::nail clippers::stapler,novel_focus::focus_alternative_study::cut,0.5,novel_focus,focus_alternative_study,0.166,0.154,0.102,0.218,Novel focus alternatives,4
top_k,100.0,novel_focus,cut::nail clippers::thumb tacks,novel_focus::focus_alternative_study::cut,0.6666666666666666,novel_focus,focus_alternative_study,0.0,0.002,0.0,0.002,Novel focus alternatives,4
top_k,100.0,novel_focus,cut::scissors::batteries,novel_focus::focus_alternative_study::cut,0.0,novel_focus,focus_alternative_study,0.02,0.0,0.0,0.02,Novel focus alternatives,4
top_k,100.0,novel_focus,cut::scissors::keys,novel_focus::focus_alternative_study::cut,0.15,novel_focus,focus_alternative_study,0.284,0.012,0.012,0.284,Novel focus alternatives,4
top_k,100.0,novel_focus,cut::scissors::nail clippers,novel_focus::focus_alternative_study::cut,0.6363636363636364,novel_focus,focus_alternative_study,0.564,0.02,0.02,0.564,Novel focus alternatives,4
top_k,100.0,novel_focus,cut::scissors::stapler,novel_focus::focus_alternative_study::cut,0.1666666666666666,novel_focus,focus_alternative_study,0.166,0.004,0.004,0.166,Novel focus alternatives,4
top_k,100.0,novel_focus,cut::scissors::thumb tacks,novel_focus::focus_alternative_study::cut,0.0,novel_focus,focus_alternative_study,0.0,0.0,0.0,0.0,Novel focus alternatives,4
top_k,100.0,novel_focus,cut::stapler::batteries,novel_focus::focus_alternative_study::cut,0.0,novel_focus,focus_alternative_study,0.02,0.098,0.016,0.102,Novel focus alternatives,4
top_k,100.0,novel_focus,cut::stapler::keys,novel_focus::focus_alternative_study::cut,0.2,novel_focus,focus_alternative_study,0.284,0.648,0.26,0.672,Novel focus alternatives,4
top_k,100.0,novel_focus,cut::stapler::nail clippers,novel_focus::focus_alternative_study::cut,0.6666666666666666,novel_focus,focus_alternative_study,0.564,0.846,0.522,0.888,Novel focus alternatives,4
top_k,100.0,novel_focus,cut::stapler::scissors,novel_focus::focus_alternative_study::cut,1.0,novel_focus,focus_alternative_study,1.0,0.996,0.996,1.0,Novel focus alternatives,4
top_k,100.0,novel_focus,cut::stapler::thumb tacks,novel_focus::focus_alternative_study::cut,0.1176470588235294,novel_focus,focus_alternative_study,0.0,0.0,0.0,0.0,Novel focus alternatives,4
top_k,100.0,novel_focus,cut::thumb tacks::batteries,novel_focus::focus_alternative_study::cut,0.0,novel_focus,focus_alternative_study,0.02,0.974,0.02,0.974,Novel focus alternatives,4
top_k,100.0,novel_focus,cut::thumb tacks::keys,novel_focus::focus_alternative_study::cut,0.3333333333333333,novel_focus,focus_alternative_study,0.284,1.0,0.284,1.0,Novel focus alternatives,4
top_k,100.0,novel_focus,cut::thumb tacks::nail clippers,novel_focus::focus_alternative_study::cut,0.6,novel_focus,focus_alternative_study,0.564,0.998,0.564,0.998,Novel focus alternatives,4
top_k,100.0,novel_focus,cut::thumb tacks::scissors,novel_focus::focus_alternative_study::cut,0.8,novel_focus,focus_alternative_study,1.0,1.0,1.0,1.0,Novel focus alternatives,4
top_k,100.0,novel_focus,cut::thumb tacks::stapler,novel_focus::focus_alternative_study::cut,0.0,novel_focus,focus_alternative_study,0.166,1.0,0.166,1.0,Novel focus alternatives,4
top_k,100.0,novel_focus,fridge::juice::ketchup,novel_focus::focus_alternative_study::fridge,0.3333333333333333,novel_focus,focus_alternative_study,0.006,0.004,0.002,0.008,Novel focus alternatives,5
top_k,100.0,novel_focus,fridge::juice::meat,novel_focus::focus_alternative_study::fridge,0.0,novel_focus,focus_alternative_study,0.01,0.01,0.004,0.016,Novel focus alternatives,5
top_k,100.0,novel_focus,fridge::juice::milk,novel_focus::focus_alternative_study::fridge,1.0,novel_focus,focus_alternative_study,0.916,0.64,0.616,0.94,Novel focus alternatives,5
top_k,100.0,novel_focus,fridge::juice::water,novel_focus::focus_alternative_study::fridge,1.0,novel_focus,focus_alternative_study,1.0,0.974,0.974,1.0,Novel focus alternatives,5
top_k,100.0,novel_focus,fridge::juice::yogurt,novel_focus::focus_alternative_study::fridge,0.0,novel_focus,focus_alternative_study,0.038,0.03,0.018,0.05,Novel focus alternatives,5
top_k,100.0,novel_focus,fridge::ketchup::juice,novel_focus::focus_alternative_study::fridge,1.0,novel_focus,focus_alternative_study,0.726,0.996,0.726,0.996,Novel focus alternatives,5
top_k,100.0,novel_focus,fridge::ketchup::meat,novel_focus::focus_alternative_study::fridge,0.0,novel_focus,focus_alternative_study,0.01,0.746,0.01,0.746,Novel focus alternatives,5
top_k,100.0,novel_focus,fridge::ketchup::milk,novel_focus::focus_alternative_study::fridge,1.0,novel_focus,focus_alternative_study,0.916,0.996,0.914,0.998,Novel focus alternatives,5
top_k,100.0,novel_focus,fridge::ketchup::water,novel_focus::focus_alternative_study::fridge,1.0,novel_focus,focus_alternative_study,1.0,1.0,1.0,1.0,Novel focus alternatives,5
top_k,100.0,novel_focus,fridge::ketchup::yogurt,novel_focus::focus_alternative_study::fridge,0.2222222222222222,novel_focus,focus_alternative_study,0.038,0.852,0.038,0.852,Novel focus alternatives,5
top_k,100.0,novel_focus,fridge::meat::juice,novel_focus::focus_alternative_study::fridge,1.0,novel_focus,focus_alternative_study,0.726,0.99,0.724,0.992,Novel focus alternatives,5
top_k,100.0,novel_focus,fridge::meat::ketchup,novel_focus::focus_alternative_study::fridge,0.1666666666666666,novel_focus,focus_alternative_study,0.006,0.254,0.006,0.254,Novel focus alternatives,5
top_k,100.0,novel_focus,fridge::meat::milk,novel_focus::focus_alternative_study::fridge,0.6666666666666666,novel_focus,focus_alternative_study,0.916,0.998,0.914,1.0,Novel focus alternatives,5
top_k,100.0,novel_focus,fridge::meat::water,novel_focus::focus_alternative_study::fridge,1.0,novel_focus,focus_alternative_study,1.0,1.0,1.0,1.0,Novel focus alternatives,5
top_k,100.0,novel_focus,fridge::meat::yogurt,novel_focus::focus_alternative_study::fridge,0.625,novel_focus,focus_alternative_study,0.038,0.706,0.038,0.706,Novel focus alternatives,5
top_k,100.0,novel_focus,fridge::milk::juice,novel_focus::focus_alternative_study::fridge,1.0,novel_focus,focus_alternative_study,0.726,0.36,0.354,0.732,Novel focus alternatives,5
top_k,100.0,novel_focus,fridge::milk::ketchup,novel_focus::focus_alternative_study::fridge,0.0,novel_focus,focus_alternative_study,0.006,0.004,0.002,0.008,Novel focus alternatives,5
top_k,100.0,novel_focus,fridge::milk::meat,novel_focus::focus_alternative_study::fridge,0.0,novel_focus,focus_alternative_study,0.01,0.002,0.002,0.01,Novel focus alternatives,5
top_k,100.0,novel_focus,fridge::milk::water,novel_focus::focus_alternative_study::fridge,0.8333333333333334,novel_focus,focus_alternative_study,1.0,0.968,0.968,1.0,Novel focus alternatives,5
top_k,100.0,novel_focus,fridge::milk::yogurt,novel_focus::focus_alternative_study::fridge,0.2,novel_focus,focus_alternative_study,0.038,0.016,0.014,0.04,Novel focus alternatives,5
top_k,100.0,novel_focus,fridge::water::juice,novel_focus::focus_alternative_study::fridge,1.0,novel_focus,focus_alternative_study,0.726,0.026,0.026,0.726,Novel focus alternatives,5
top_k,100.0,novel_focus,fridge::water::ketchup,novel_focus::focus_alternative_study::fridge,0.0,novel_focus,focus_alternative_study,0.006,0.0,0.0,0.006,Novel focus alternatives,5
top_k,100.0,novel_focus,fridge::water::meat,novel_focus::focus_alternative_study::fridge,0.0,novel_focus,focus_alternative_study,0.01,0.0,0.0,0.01,Novel focus alternatives,5
top_k,100.0,novel_focus,fridge::water::milk,novel_focus::focus_alternative_study::fridge,0.9444444444444444,novel_focus,focus_alternative_study,0.916,0.032,0.032,0.916,Novel focus alternatives,5
top_k,100.0,novel_focus,fridge::water::yogurt,novel_focus::focus_alternative_study::fridge,0.0,novel_focus,focus_alternative_study,0.038,0.0,0.0,0.038,Novel focus alternatives,5
top_k,100.0,novel_focus,fridge::yogurt::juice,novel_focus::focus_alternative_study::fridge,1.0,novel_focus,focus_alternative_study,0.726,0.97,0.72,0.976,Novel focus alternatives,5
top_k,100.0,novel_focus,fridge::yogurt::ketchup,novel_focus::focus_alternative_study::fridge,0.2,novel_focus,focus_alternative_study,0.006,0.148,0.006,0.148,Novel focus alternatives,5
top_k,100.0,novel_focus,fridge::yogurt::meat,novel_focus::focus_alternative_study::fridge,0.4,novel_focus,focus_alternative_study,0.01,0.294,0.01,0.294,Novel focus alternatives,5
top_k,100.0,novel_focus,fridge::yogurt::milk,novel_focus::focus_alternative_study::fridge,0.75,novel_focus,focus_alternative_study,0.916,0.984,0.902,0.998,Novel focus alternatives,5
top_k,100.0,novel_focus,fridge::yogurt::water,novel_focus::focus_alternative_study::fridge,1.0,novel_focus,focus_alternative_study,1.0,1.0,1.0,1.0,Novel focus alternatives,5
top_k,100.0,novel_focus,gym::basketball::lacrosse,novel_focus::focus_alternative_study::gym,0.9333333333333332,novel_focus,focus_alternative_study,0.234,0.008,0.008,0.234,Novel focus alternatives,6
top_k,100.0,novel_focus,gym::basketball::meditation,novel_focus::focus_alternative_study::gym,0.0,novel_focus,focus_alternative_study,0.006,0.0,0.0,0.006,Novel focus alternatives,6
top_k,100.0,novel_focus,gym::basketball::softball,novel_focus::focus_alternative_study::gym,0.9,novel_focus,focus_alternative_study,1.0,0.234,0.234,1.0,Novel focus alternatives,6
top_k,100.0,novel_focus,gym::basketball::swimming,novel_focus::focus_alternative_study::gym,0.4,novel_focus,focus_alternative_study,0.424,0.01,0.01,0.424,Novel focus alternatives,6
top_k,100.0,novel_focus,gym::basketball::weightlifting,novel_focus::focus_alternative_study::gym,0.8,novel_focus,focus_alternative_study,0.462,0.016,0.016,0.462,Novel focus alternatives,6
top_k,100.0,novel_focus,gym::lacrosse::basketball,novel_focus::focus_alternative_study::gym,1.0,novel_focus,focus_alternative_study,1.0,0.992,0.992,1.0,Novel focus alternatives,6
top_k,100.0,novel_focus,gym::lacrosse::meditation,novel_focus::focus_alternative_study::gym,0.0,novel_focus,focus_alternative_study,0.006,0.02,0.004,0.022,Novel focus alternatives,6
top_k,100.0,novel_focus,gym::lacrosse::softball,novel_focus::focus_alternative_study::gym,1.0,novel_focus,focus_alternative_study,1.0,0.976,0.976,1.0,Novel focus alternatives,6
top_k,100.0,novel_focus,gym::lacrosse::swimming,novel_focus::focus_alternative_study::gym,0.3333333333333333,novel_focus,focus_alternative_study,0.424,0.676,0.384,0.716,Novel focus alternatives,6
top_k,100.0,novel_focus,gym::lacrosse::weightlifting,novel_focus::focus_alternative_study::gym,0.6666666666666666,novel_focus,focus_alternative_study,0.462,0.706,0.416,0.752,Novel focus alternatives,6
top_k,100.0,novel_focus,gym::meditation::basketball,novel_focus::focus_alternative_study::gym,0.75,novel_focus,focus_alternative_study,1.0,1.0,1.0,1.0,Novel focus alternatives,6
top_k,100.0,novel_focus,gym::meditation::lacrosse,novel_focus::focus_alternative_study::gym,1.0,novel_focus,focus_alternative_study,0.234,0.98,0.234,0.98,Novel focus alternatives,6
top_k,100.0,novel_focus,gym::meditation::softball,novel_focus::focus_alternative_study::gym,1.0,novel_focus,focus_alternative_study,1.0,1.0,1.0,1.0,Novel focus alternatives,6
top_k,100.0,novel_focus,gym::meditation::swimming,novel_focus::focus_alternative_study::gym,0.7894736842105263,novel_focus,focus_alternative_study,0.424,0.992,0.424,0.992,Novel focus alternatives,6
top_k,100.0,novel_focus,gym::meditation::weightlifting,novel_focus::focus_alternative_study::gym,0.55,novel_focus,focus_alternative_study,0.462,0.988,0.458,0.992,Novel focus alternatives,6
top_k,100.0,novel_focus,gym::softball::basketball,novel_focus::focus_alternative_study::gym,1.0,novel_focus,focus_alternative_study,1.0,0.766,0.766,1.0,Novel focus alternatives,6
top_k,100.0,novel_focus,gym::softball::lacrosse,novel_focus::focus_alternative_study::gym,0.9473684210526316,novel_focus,focus_alternative_study,0.234,0.024,0.024,0.234,Novel focus alternatives,6
top_k,100.0,novel_focus,gym::softball::meditation,novel_focus::focus_alternative_study::gym,0.6,novel_focus,focus_alternative_study,0.006,0.0,0.0,0.006,Novel focus alternatives,6
top_k,100.0,novel_focus,gym::softball::swimming,novel_focus::focus_alternative_study::gym,0.8,novel_focus,focus_alternative_study,0.424,0.038,0.038,0.424,Novel focus alternatives,6
top_k,100.0,novel_focus,gym::softball::weightlifting,novel_focus::focus_alternative_study::gym,0.3333333333333333,novel_focus,focus_alternative_study,0.462,0.058,0.058,0.462,Novel focus alternatives,6
top_k,100.0,novel_focus,gym::swimming::basketball,novel_focus::focus_alternative_study::gym,1.0,novel_focus,focus_alternative_study,1.0,0.99,0.99,1.0,Novel focus alternatives,6
top_k,100.0,novel_focus,gym::swimming::lacrosse,novel_focus::focus_alternative_study::gym,1.0,novel_focus,focus_alternative_study,0.234,0.324,0.182,0.376,Novel focus alternatives,6
top_k,100.0,novel_focus,gym::swimming::meditation,novel_focus::focus_alternative_study::gym,0.0,novel_focus,focus_alternative_study,0.006,0.008,0.006,0.008,Novel focus alternatives,6
top_k,100.0,novel_focus,gym::swimming::softball,novel_focus::focus_alternative_study::gym,0.75,novel_focus,focus_alternative_study,1.0,0.962,0.962,1.0,Novel focus alternatives,6
top_k,100.0,novel_focus,gym::swimming::weightlifting,novel_focus::focus_alternative_study::gym,0.4,novel_focus,focus_alternative_study,0.462,0.518,0.362,0.618,Novel focus alternatives,6
top_k,100.0,novel_focus,gym::weightlifting::basketball,novel_focus::focus_alternative_study::gym,1.0,novel_focus,focus_alternative_study,1.0,0.984,0.984,1.0,Novel focus alternatives,6
top_k,100.0,novel_focus,gym::weightlifting::lacrosse,novel_focus::focus_alternative_study::gym,1.0,novel_focus,focus_alternative_study,0.234,0.294,0.168,0.36,Novel focus alternatives,6
top_k,100.0,novel_focus,gym::weightlifting::meditation,novel_focus::focus_alternative_study::gym,1.0,novel_focus,focus_alternative_study,0.006,0.012,0.004,0.014,Novel focus alternatives,6
top_k,100.0,novel_focus,gym::weightlifting::softball,novel_focus::focus_alternative_study::gym,0.8333333333333334,novel_focus,focus_alternative_study,1.0,0.942,0.942,1.0,Novel focus alternatives,6
top_k,100.0,novel_focus,gym::weightlifting::swimming,novel_focus::focus_alternative_study::gym,0.85,novel_focus,focus_alternative_study,0.424,0.482,0.34,0.566,Novel focus alternatives,6
top_k,100.0,novel_focus,hot::blankets::couch,novel_focus::focus_alternative_study::hot,0.0,novel_focus,focus_alternative_study,0.012,0.856,0.012,0.856,Novel focus alternatives,7
top_k,100.0,novel_focus,hot::blankets::fan,novel_focus::focus_alternative_study::hot,0.2,novel_focus,focus_alternative_study,0.994,1.0,0.994,1.0,Novel focus alternatives,7
top_k,100.0,novel_focus,hot::blankets::heater,novel_focus::focus_alternative_study::hot,0.75,novel_focus,focus_alternative_study,0.806,0.998,0.806,0.998,Novel focus alternatives,7
top_k,100.0,novel_focus,hot::blankets::pool,novel_focus::focus_alternative_study::hot,0.0,novel_focus,focus_alternative_study,0.046,0.966,0.046,0.966,Novel focus alternatives,7
top_k,100.0,novel_focus,hot::blankets::shower,novel_focus::focus_alternative_study::hot,0.2,novel_focus,focus_alternative_study,0.036,0.966,0.036,0.966,Novel focus alternatives,7
top_k,100.0,novel_focus,hot::couch::blankets,novel_focus::focus_alternative_study::hot,0.2,novel_focus,focus_alternative_study,0.0,0.144,0.0,0.144,Novel focus alternatives,7
top_k,100.0,novel_focus,hot::couch::fan,novel_focus::focus_alternative_study::hot,0.0,novel_focus,focus_alternative_study,0.994,0.998,0.992,1.0,Novel focus alternatives,7
top_k,100.0,novel_focus,hot::couch::heater,novel_focus::focus_alternative_study::hot,0.0,novel_focus,focus_alternative_study,0.806,0.986,0.804,0.988,Novel focus alternatives,7
top_k,100.0,novel_focus,hot::couch::pool,novel_focus::focus_alternative_study::hot,0.5,novel_focus,focus_alternative_study,0.046,0.872,0.046,0.872,Novel focus alternatives,7
top_k,100.0,novel_focus,hot::couch::shower,novel_focus::focus_alternative_study::hot,1.0,novel_focus,focus_alternative_study,0.036,0.84,0.034,0.842,Novel focus alternatives,7
top_k,100.0,novel_focus,hot::fan::blankets,novel_focus::focus_alternative_study::hot,0.0,novel_focus,focus_alternative_study,0.0,0.0,0.0,0.0,Novel focus alternatives,7
top_k,100.0,novel_focus,hot::fan::couch,novel_focus::focus_alternative_study::hot,0.0,novel_focus,focus_alternative_study,0.012,0.002,0.002,0.012,Novel focus alternatives,7
top_k,100.0,novel_focus,hot::fan::heater,novel_focus::focus_alternative_study::hot,0.1666666666666666,novel_focus,focus_alternative_study,0.806,0.224,0.224,0.806,Novel focus alternatives,7
top_k,100.0,novel_focus,hot::fan::pool,novel_focus::focus_alternative_study::hot,0.55,novel_focus,focus_alternative_study,0.046,0.01,0.01,0.046,Novel focus alternatives,7
top_k,100.0,novel_focus,hot::fan::shower,novel_focus::focus_alternative_study::hot,0.05,novel_focus,focus_alternative_study,0.036,0.004,0.004,0.036,Novel focus alternatives,7
top_k,100.0,novel_focus,hot::heater::blankets,novel_focus::focus_alternative_study::hot,0.2307692307692307,novel_focus,focus_alternative_study,0.0,0.002,0.0,0.002,Novel focus alternatives,7
top_k,100.0,novel_focus,hot::heater::couch,novel_focus::focus_alternative_study::hot,0.0,novel_focus,focus_alternative_study,0.012,0.014,0.01,0.016,Novel focus alternatives,7
top_k,100.0,novel_focus,hot::heater::fan,novel_focus::focus_alternative_study::hot,1.0,novel_focus,focus_alternative_study,0.994,0.776,0.772,0.998,Novel focus alternatives,7
top_k,100.0,novel_focus,hot::heater::pool,novel_focus::focus_alternative_study::hot,0.25,novel_focus,focus_alternative_study,0.046,0.038,0.03,0.054,Novel focus alternatives,7
top_k,100.0,novel_focus,hot::heater::shower,novel_focus::focus_alternative_study::hot,0.0,novel_focus,focus_alternative_study,0.036,0.02,0.016,0.04,Novel focus alternatives,7
top_k,100.0,novel_focus,hot::pool::blankets,novel_focus::focus_alternative_study::hot,0.4,novel_focus,focus_alternative_study,0.0,0.034,0.0,0.034,Novel focus alternatives,7
top_k,100.0,novel_focus,hot::pool::couch,novel_focus::focus_alternative_study::hot,0.0,novel_focus,focus_alternative_study,0.012,0.128,0.012,0.128,Novel focus alternatives,7
top_k,100.0,novel_focus,hot::pool::fan,novel_focus::focus_alternative_study::hot,0.25,novel_focus,focus_alternative_study,0.994,0.99,0.984,1.0,Novel focus alternatives,7
top_k,100.0,novel_focus,hot::pool::heater,novel_focus::focus_alternative_study::hot,0.0,novel_focus,focus_alternative_study,0.806,0.962,0.786,0.982,Novel focus alternatives,7
top_k,100.0,novel_focus,hot::pool::shower,novel_focus::focus_alternative_study::hot,0.2631578947368421,novel_focus,focus_alternative_study,0.036,0.41,0.036,0.41,Novel focus alternatives,7
top_k,100.0,novel_focus,hot::shower::blankets,novel_focus::focus_alternative_study::hot,0.0,novel_focus,focus_alternative_study,0.0,0.034,0.0,0.034,Novel focus alternatives,7
top_k,100.0,novel_focus,hot::shower::couch,novel_focus::focus_alternative_study::hot,0.0,novel_focus,focus_alternative_study,0.012,0.16,0.012,0.16,Novel focus alternatives,7
top_k,100.0,novel_focus,hot::shower::fan,novel_focus::focus_alternative_study::hot,0.8,novel_focus,focus_alternative_study,0.994,0.996,0.99,1.0,Novel focus alternatives,7
top_k,100.0,novel_focus,hot::shower::heater,novel_focus::focus_alternative_study::hot,0.3333333333333333,novel_focus,focus_alternative_study,0.806,0.98,0.796,0.99,Novel focus alternatives,7
top_k,100.0,novel_focus,hot::shower::pool,novel_focus::focus_alternative_study::hot,1.0,novel_focus,focus_alternative_study,0.046,0.59,0.046,0.59,Novel focus alternatives,7
top_k,100.0,novel_focus,mall::burger joint::coffee shop,novel_focus::focus_alternative_study::mall,0.625,novel_focus,focus_alternative_study,0.71,0.744,0.602,0.852,Novel focus alternatives,8
top_k,100.0,novel_focus,mall::burger joint::electronics store,novel_focus::focus_alternative_study::mall,0.0,novel_focus,focus_alternative_study,0.0,0.0,0.0,0.0,Novel focus alternatives,8
top_k,100.0,novel_focus,mall::burger joint::gift shop,novel_focus::focus_alternative_study::mall,0.1666666666666666,novel_focus,focus_alternative_study,0.0,0.0,0.0,0.0,Novel focus alternatives,8
top_k,100.0,novel_focus,mall::burger joint::grocery store,novel_focus::focus_alternative_study::mall,0.8,novel_focus,focus_alternative_study,0.338,0.478,0.282,0.534,Novel focus alternatives,8
top_k,100.0,novel_focus,mall::burger joint::pretzel stand,novel_focus::focus_alternative_study::mall,0.8421052631578947,novel_focus,focus_alternative_study,0.0,0.0,0.0,0.0,Novel focus alternatives,8
top_k,100.0,novel_focus,mall::coffee shop::burger joint,novel_focus::focus_alternative_study::mall,0.5,novel_focus,focus_alternative_study,0.338,0.256,0.198,0.396,Novel focus alternatives,8
top_k,100.0,novel_focus,mall::coffee shop::electronics store,novel_focus::focus_alternative_study::mall,0.4,novel_focus,focus_alternative_study,0.0,0.0,0.0,0.0,Novel focus alternatives,8
top_k,100.0,novel_focus,mall::coffee shop::gift shop,novel_focus::focus_alternative_study::mall,0.0,novel_focus,focus_alternative_study,0.0,0.0,0.0,0.0,Novel focus alternatives,8
top_k,100.0,novel_focus,mall::coffee shop::grocery store,novel_focus::focus_alternative_study::mall,0.6,novel_focus,focus_alternative_study,0.338,0.236,0.204,0.37,Novel focus alternatives,8
top_k,100.0,novel_focus,mall::coffee shop::pretzel stand,novel_focus::focus_alternative_study::mall,1.0,novel_focus,focus_alternative_study,0.0,0.0,0.0,0.0,Novel focus alternatives,8
top_k,100.0,novel_focus,mall::electronics store::burger joint,novel_focus::focus_alternative_study::mall,1.0,novel_focus,focus_alternative_study,0.338,1.0,0.338,1.0,Novel focus alternatives,8
top_k,100.0,novel_focus,mall::electronics store::coffee shop,novel_focus::focus_alternative_study::mall,0.8,novel_focus,focus_alternative_study,0.71,1.0,0.71,1.0,Novel focus alternatives,8
top_k,100.0,novel_focus,mall::electronics store::gift shop,novel_focus::focus_alternative_study::mall,0.6,novel_focus,focus_alternative_study,0.0,0.978,0.0,0.978,Novel focus alternatives,8
top_k,100.0,novel_focus,mall::electronics store::grocery store,novel_focus::focus_alternative_study::mall,0.8421052631578947,novel_focus,focus_alternative_study,0.338,1.0,0.338,1.0,Novel focus alternatives,8
top_k,100.0,novel_focus,mall::electronics store::pretzel stand,novel_focus::focus_alternative_study::mall,0.6666666666666666,novel_focus,focus_alternative_study,0.0,0.798,0.0,0.798,Novel focus alternatives,8
top_k,100.0,novel_focus,mall::gift shop::burger joint,novel_focus::focus_alternative_study::mall,1.0,novel_focus,focus_alternative_study,0.338,1.0,0.338,1.0,Novel focus alternatives,8
top_k,100.0,novel_focus,mall::gift shop::coffee shop,novel_focus::focus_alternative_study::mall,0.5,novel_focus,focus_alternative_study,0.71,1.0,0.71,1.0,Novel focus alternatives,8
top_k,100.0,novel_focus,mall::gift shop::electronics store,novel_focus::focus_alternative_study::mall,0.5,novel_focus,focus_alternative_study,0.0,0.022,0.0,0.022,Novel focus alternatives,8
top_k,100.0,novel_focus,mall::gift shop::grocery store,novel_focus::focus_alternative_study::mall,0.8666666666666667,novel_focus,focus_alternative_study,0.338,0.998,0.338,0.998,Novel focus alternatives,8
top_k,100.0,novel_focus,mall::gift shop::pretzel stand,novel_focus::focus_alternative_study::mall,1.0,novel_focus,focus_alternative_study,0.0,0.05,0.0,0.05,Novel focus alternatives,8
top_k,100.0,novel_focus,mall::grocery store::burger joint,novel_focus::focus_alternative_study::mall,1.0,novel_focus,focus_alternative_study,0.338,0.522,0.29,0.57,Novel focus alternatives,8
top_k,100.0,novel_focus,mall::grocery store::coffee shop,novel_focus::focus_alternative_study::mall,0.8,novel_focus,focus_alternative_study,0.71,0.764,0.6,0.874,Novel focus alternatives,8
top_k,100.0,novel_focus,mall::grocery store::electronics store,novel_focus::focus_alternative_study::mall,0.0,novel_focus,focus_alternative_study,0.0,0.0,0.0,0.0,Novel focus alternatives,8
top_k,100.0,novel_focus,mall::grocery store::gift shop,novel_focus::focus_alternative_study::mall,0.2,novel_focus,focus_alternative_study,0.0,0.002,0.0,0.002,Novel focus alternatives,8
top_k,100.0,novel_focus,mall::grocery store::pretzel stand,novel_focus::focus_alternative_study::mall,0.8,novel_focus,focus_alternative_study,0.0,0.0,0.0,0.0,Novel focus alternatives,8
top_k,100.0,novel_focus,mall::pretzel stand::burger joint,novel_focus::focus_alternative_study::mall,1.0,novel_focus,focus_alternative_study,0.338,1.0,0.338,1.0,Novel focus alternatives,8
top_k,100.0,novel_focus,mall::pretzel stand::coffee shop,novel_focus::focus_alternative_study::mall,0.8,novel_focus,focus_alternative_study,0.71,1.0,0.71,1.0,Novel focus alternatives,8
top_k,100.0,novel_focus,mall::pretzel stand::electronics store,novel_focus::focus_alternative_study::mall,0.0,novel_focus,focus_alternative_study,0.0,0.202,0.0,0.202,Novel focus alternatives,8
top_k,100.0,novel_focus,mall::pretzel stand::gift shop,novel_focus::focus_alternative_study::mall,0.0,novel_focus,focus_alternative_study,0.0,0.95,0.0,0.95,Novel focus alternatives,8
top_k,100.0,novel_focus,mall::pretzel stand::grocery store,novel_focus::focus_alternative_study::mall,0.6,novel_focus,focus_alternative_study,0.338,1.0,0.338,1.0,Novel focus alternatives,8
top_k,100.0,novel_focus,mask::bandana::candy,novel_focus::focus_alternative_study::mask,0.0,novel_focus,focus_alternative_study,0.004,0.04,0.004,0.04,Novel focus alternatives,9
top_k,100.0,novel_focus,mask::bandana::gloves,novel_focus::focus_alternative_study::mask,0.5,novel_focus,focus_alternative_study,0.02,0.168,0.02,0.168,Novel focus alternatives,9
top_k,100.0,novel_focus,mask::bandana::handkerchief,novel_focus::focus_alternative_study::mask,0.6153846153846154,novel_focus,focus_alternative_study,0.098,0.358,0.098,0.358,Novel focus alternatives,9
top_k,100.0,novel_focus,mask::bandana::napkins,novel_focus::focus_alternative_study::mask,0.1666666666666666,novel_focus,focus_alternative_study,0.0,0.004,0.0,0.004,Novel focus alternatives,9
top_k,100.0,novel_focus,mask::bandana::wallet,novel_focus::focus_alternative_study::mask,0.4,novel_focus,focus_alternative_study,0.022,0.154,0.022,0.154,Novel focus alternatives,9
top_k,100.0,novel_focus,mask::candy::bandana,novel_focus::focus_alternative_study::mask,0.8,novel_focus,focus_alternative_study,0.134,0.96,0.134,0.96,Novel focus alternatives,9
top_k,100.0,novel_focus,mask::candy::gloves,novel_focus::focus_alternative_study::mask,0.0625,novel_focus,focus_alternative_study,0.02,0.842,0.02,0.842,Novel focus alternatives,9
top_k,100.0,novel_focus,mask::candy::handkerchief,novel_focus::focus_alternative_study::mask,0.6666666666666666,novel_focus,focus_alternative_study,0.098,0.938,0.098,0.938,Novel focus alternatives,9
top_k,100.0,novel_focus,mask::candy::napkins,novel_focus::focus_alternative_study::mask,0.5,novel_focus,focus_alternative_study,0.0,0.074,0.0,0.074,Novel focus alternatives,9
top_k,100.0,novel_focus,mask::candy::wallet,novel_focus::focus_alternative_study::mask,0.2,novel_focus,focus_alternative_study,0.022,0.802,0.022,0.802,Novel focus alternatives,9
top_k,100.0,novel_focus,mask::gloves::bandana,novel_focus::focus_alternative_study::mask,0.5,novel_focus,focus_alternative_study,0.134,0.832,0.132,0.834,Novel focus alternatives,9
top_k,100.0,novel_focus,mask::gloves::candy,novel_focus::focus_alternative_study::mask,0.2,novel_focus,focus_alternative_study,0.004,0.158,0.004,0.158,Novel focus alternatives,9
top_k,100.0,novel_focus,mask::gloves::handkerchief,novel_focus::focus_alternative_study::mask,0.4,novel_focus,focus_alternative_study,0.098,0.722,0.096,0.724,Novel focus alternatives,9
top_k,100.0,novel_focus,mask::gloves::napkins,novel_focus::focus_alternative_study::mask,0.5,novel_focus,focus_alternative_study,0.0,0.014,0.0,0.014,Novel focus alternatives,9
top_k,100.0,novel_focus,mask::gloves::wallet,novel_focus::focus_alternative_study::mask,0.0,novel_focus,focus_alternative_study,0.022,0.448,0.022,0.448,Novel focus alternatives,9
top_k,100.0,novel_focus,mask::handkerchief::bandana,novel_focus::focus_alternative_study::mask,1.0,novel_focus,focus_alternative_study,0.134,0.642,0.124,0.652,Novel focus alternatives,9
top_k,100.0,novel_focus,mask::handkerchief::candy,novel_focus::focus_alternative_study::mask,0.0,novel_focus,focus_alternative_study,0.004,0.062,0.004,0.062,Novel focus alternatives,9
top_k,100.0,novel_focus,mask::handkerchief::gloves,novel_focus::focus_alternative_study::mask,0.4,novel_focus,focus_alternative_study,0.02,0.278,0.018,0.28,Novel focus alternatives,9
top_k,100.0,novel_focus,mask::handkerchief::napkins,novel_focus::focus_alternative_study::mask,0.3,novel_focus,focus_alternative_study,0.0,0.006,0.0,0.006,Novel focus alternatives,9
top_k,100.0,novel_focus,mask::handkerchief::wallet,novel_focus::focus_alternative_study::mask,0.0,novel_focus,focus_alternative_study,0.022,0.214,0.022,0.214,Novel focus alternatives,9
top_k,100.0,novel_focus,mask::napkins::bandana,novel_focus::focus_alternative_study::mask,1.0,novel_focus,focus_alternative_study,0.134,0.996,0.134,0.996,Novel focus alternatives,9
top_k,100.0,novel_focus,mask::napkins::candy,novel_focus::focus_alternative_study::mask,0.2,novel_focus,focus_alternative_study,0.004,0.926,0.004,0.926,Novel focus alternatives,9
top_k,100.0,novel_focus,mask::napkins::gloves,novel_focus::focus_alternative_study::mask,0.2,novel_focus,focus_alternative_study,0.02,0.986,0.02,0.986,Novel focus alternatives,9
top_k,100.0,novel_focus,mask::napkins::handkerchief,novel_focus::focus_alternative_study::mask,0.6,novel_focus,focus_alternative_study,0.098,0.994,0.098,0.994,Novel focus alternatives,9
top_k,100.0,novel_focus,mask::napkins::wallet,novel_focus::focus_alternative_study::mask,0.0,novel_focus,focus_alternative_study,0.022,0.988,0.022,0.988,Novel focus alternatives,9
top_k,100.0,novel_focus,mask::wallet::bandana,novel_focus::focus_alternative_study::mask,0.8,novel_focus,focus_alternative_study,0.134,0.846,0.132,0.848,Novel focus alternatives,9
top_k,100.0,novel_focus,mask::wallet::candy,novel_focus::focus_alternative_study::mask,0.2,novel_focus,focus_alternative_study,0.004,0.198,0.004,0.198,Novel focus alternatives,9
top_k,100.0,novel_focus,mask::wallet::gloves,novel_focus::focus_alternative_study::mask,0.631578947368421,novel_focus,focus_alternative_study,0.02,0.552,0.02,0.552,Novel focus alternatives,9
top_k,100.0,novel_focus,mask::wallet::handkerchief,novel_focus::focus_alternative_study::mask,0.6,novel_focus,focus_alternative_study,0.098,0.786,0.098,0.786,Novel focus alternatives,9
top_k,100.0,novel_focus,mask::wallet::napkins,novel_focus::focus_alternative_study::mask,0.5,novel_focus,focus_alternative_study,0.0,0.012,0.0,0.012,Novel focus alternatives,9
top_k,100.0,novel_focus,meat::chicken::crab,novel_focus::focus_alternative_study::meat,0.7647058823529411,novel_focus,focus_alternative_study,0.04,0.0,0.0,0.04,Novel focus alternatives,0
top_k,100.0,novel_focus,meat::chicken::mushrooms,novel_focus::focus_alternative_study::meat,0.2,novel_focus,focus_alternative_study,0.022,0.0,0.0,0.022,Novel focus alternatives,0
top_k,100.0,novel_focus,meat::chicken::rice,novel_focus::focus_alternative_study::meat,0.5,novel_focus,focus_alternative_study,0.284,0.024,0.024,0.284,Novel focus alternatives,0
top_k,100.0,novel_focus,meat::chicken::tofu,novel_focus::focus_alternative_study::meat,0.0,novel_focus,focus_alternative_study,0.28,0.022,0.022,0.28,Novel focus alternatives,0
top_k,100.0,novel_focus,meat::chicken::turkey,novel_focus::focus_alternative_study::meat,0.9523809523809524,novel_focus,focus_alternative_study,0.1,0.01,0.01,0.1,Novel focus alternatives,0
top_k,100.0,novel_focus,meat::crab::chicken,novel_focus::focus_alternative_study::meat,1.0,novel_focus,focus_alternative_study,1.0,1.0,1.0,1.0,Novel focus alternatives,0
top_k,100.0,novel_focus,meat::crab::mushrooms,novel_focus::focus_alternative_study::meat,0.0,novel_focus,focus_alternative_study,0.022,0.406,0.022,0.406,Novel focus alternatives,0
top_k,100.0,novel_focus,meat::crab::rice,novel_focus::focus_alternative_study::meat,0.0,novel_focus,focus_alternative_study,0.284,0.912,0.282,0.914,Novel focus alternatives,0
top_k,100.0,novel_focus,meat::crab::tofu,novel_focus::focus_alternative_study::meat,0.6666666666666666,novel_focus,focus_alternative_study,0.28,0.898,0.27,0.908,Novel focus alternatives,0
top_k,100.0,novel_focus,meat::crab::turkey,novel_focus::focus_alternative_study::meat,1.0,novel_focus,focus_alternative_study,0.1,0.734,0.1,0.734,Novel focus alternatives,0
top_k,100.0,novel_focus,meat::mushrooms::chicken,novel_focus::focus_alternative_study::meat,1.0,novel_focus,focus_alternative_study,1.0,1.0,1.0,1.0,Novel focus alternatives,0
top_k,100.0,novel_focus,meat::mushrooms::crab,novel_focus::focus_alternative_study::meat,1.0,novel_focus,focus_alternative_study,0.04,0.594,0.04,0.594,Novel focus alternatives,0
top_k,100.0,novel_focus,meat::mushrooms::rice,novel_focus::focus_alternative_study::meat,0.0,novel_focus,focus_alternative_study,0.284,0.938,0.282,0.94,Novel focus alternatives,0
top_k,100.0,novel_focus,meat::mushrooms::tofu,novel_focus::focus_alternative_study::meat,0.5263157894736842,novel_focus,focus_alternative_study,0.28,0.932,0.278,0.934,Novel focus alternatives,0
top_k,100.0,novel_focus,meat::mushrooms::turkey,novel_focus::focus_alternative_study::meat,1.0,novel_focus,focus_alternative_study,0.1,0.804,0.1,0.804,Novel focus alternatives,0
top_k,100.0,novel_focus,meat::rice::chicken,novel_focus::focus_alternative_study::meat,1.0,novel_focus,focus_alternative_study,1.0,0.976,0.976,1.0,Novel focus alternatives,0
top_k,100.0,novel_focus,meat::rice::crab,novel_focus::focus_alternative_study::meat,0.5,novel_focus,focus_alternative_study,0.04,0.088,0.03,0.098,Novel focus alternatives,0
top_k,100.0,novel_focus,meat::rice::mushrooms,novel_focus::focus_alternative_study::meat,0.2352941176470588,novel_focus,focus_alternative_study,0.022,0.062,0.022,0.062,Novel focus alternatives,0
top_k,100.0,novel_focus,meat::rice::tofu,novel_focus::focus_alternative_study::meat,0.3888888888888889,novel_focus,focus_alternative_study,0.28,0.464,0.254,0.49,Novel focus alternatives,0
top_k,100.0,novel_focus,meat::rice::turkey,novel_focus::focus_alternative_study::meat,1.0,novel_focus,focus_alternative_study,0.1,0.234,0.086,0.248,Novel focus alternatives,0
top_k,100.0,novel_focus,meat::tofu::chicken,novel_focus::focus_alternative_study::meat,1.0,novel_focus,focus_alternative_study,1.0,0.978,0.978,1.0,Novel focus alternatives,0
top_k,100.0,novel_focus,meat::tofu::crab,novel_focus::focus_alternative_study::meat,0.8,novel_focus,focus_alternative_study,0.04,0.102,0.032,0.11,Novel focus alternatives,0
top_k,100.0,novel_focus,meat::tofu::mushrooms,novel_focus::focus_alternative_study::meat,0.0,novel_focus,focus_alternative_study,0.022,0.068,0.018,0.072,Novel focus alternatives,0
top_k,100.0,novel_focus,meat::tofu::rice,novel_focus::focus_alternative_study::meat,0.0,novel_focus,focus_alternative_study,0.284,0.536,0.238,0.582,Novel focus alternatives,0
top_k,100.0,novel_focus,meat::tofu::turkey,novel_focus::focus_alternative_study::meat,1.0,novel_focus,focus_alternative_study,0.1,0.236,0.08,0.256,Novel focus alternatives,0
top_k,100.0,novel_focus,meat::turkey::chicken,novel_focus::focus_alternative_study::meat,1.0,novel_focus,focus_alternative_study,1.0,0.99,0.99,1.0,Novel focus alternatives,0
top_k,100.0,novel_focus,meat::turkey::crab,novel_focus::focus_alternative_study::meat,0.7692307692307693,novel_focus,focus_alternative_study,0.04,0.266,0.04,0.266,Novel focus alternatives,0
top_k,100.0,novel_focus,meat::turkey::mushrooms,novel_focus::focus_alternative_study::meat,0.0,novel_focus,focus_alternative_study,0.022,0.196,0.02,0.198,Novel focus alternatives,0
top_k,100.0,novel_focus,meat::turkey::rice,novel_focus::focus_alternative_study::meat,0.0,novel_focus,focus_alternative_study,0.284,0.766,0.274,0.776,Novel focus alternatives,0
top_k,100.0,novel_focus,meat::turkey::tofu,novel_focus::focus_alternative_study::meat,0.1666666666666666,novel_focus,focus_alternative_study,0.28,0.764,0.268,0.776,Novel focus alternatives,0
top_k,100.0,novel_focus,restaurant::cake::cocktails,novel_focus::focus_alternative_study::restaurant,1.0,novel_focus,focus_alternative_study,0.088,0.83,0.088,0.83,Novel focus alternatives,1
top_k,100.0,novel_focus,restaurant::cake::salad,novel_focus::focus_alternative_study::restaurant,0.6,novel_focus,focus_alternative_study,0.002,0.392,0.002,0.392,Novel focus alternatives,1
top_k,100.0,novel_focus,restaurant::cake::soda,novel_focus::focus_alternative_study::restaurant,0.8,novel_focus,focus_alternative_study,0.256,0.952,0.256,0.952,Novel focus alternatives,1
top_k,100.0,novel_focus,restaurant::cake::soup,novel_focus::focus_alternative_study::restaurant,0.3888888888888889,novel_focus,focus_alternative_study,0.016,0.446,0.016,0.446,Novel focus alternatives,1
top_k,100.0,novel_focus,restaurant::cake::vodka,novel_focus::focus_alternative_study::restaurant,1.0,novel_focus,focus_alternative_study,0.18,0.916,0.176,0.92,Novel focus alternatives,1
top_k,100.0,novel_focus,restaurant::cocktails::cake,novel_focus::focus_alternative_study::restaurant,0.6,novel_focus,focus_alternative_study,0.012,0.17,0.012,0.17,Novel focus alternatives,1
top_k,100.0,novel_focus,restaurant::cocktails::salad,novel_focus::focus_alternative_study::restaurant,0.0,novel_focus,focus_alternative_study,0.002,0.132,0.002,0.132,Novel focus alternatives,1
top_k,100.0,novel_focus,restaurant::cocktails::soda,novel_focus::focus_alternative_study::restaurant,0.4210526315789473,novel_focus,focus_alternative_study,0.256,0.794,0.24,0.81,Novel focus alternatives,1
top_k,100.0,novel_focus,restaurant::cocktails::soup,novel_focus::focus_alternative_study::restaurant,0.0,novel_focus,focus_alternative_study,0.016,0.156,0.014,0.158,Novel focus alternatives,1
top_k,100.0,novel_focus,restaurant::cocktails::vodka,novel_focus::focus_alternative_study::restaurant,0.5,novel_focus,focus_alternative_study,0.18,0.688,0.176,0.692,Novel focus alternatives,1
top_k,100.0,novel_focus,restaurant::salad::cake,novel_focus::focus_alternative_study::restaurant,0.55,novel_focus,focus_alternative_study,0.012,0.608,0.012,0.608,Novel focus alternatives,1
top_k,100.0,novel_focus,restaurant::salad::cocktails,novel_focus::focus_alternative_study::restaurant,0.75,novel_focus,focus_alternative_study,0.088,0.868,0.088,0.868,Novel focus alternatives,1
top_k,100.0,novel_focus,restaurant::salad::soda,novel_focus::focus_alternative_study::restaurant,0.6,novel_focus,focus_alternative_study,0.256,0.956,0.256,0.956,Novel focus alternatives,1
top_k,100.0,novel_focus,restaurant::salad::soup,novel_focus::focus_alternative_study::restaurant,0.7,novel_focus,focus_alternative_study,0.016,0.572,0.016,0.572,Novel focus alternatives,1
top_k,100.0,novel_focus,restaurant::salad::vodka,novel_focus::focus_alternative_study::restaurant,1.0,novel_focus,focus_alternative_study,0.18,0.942,0.18,0.942,Novel focus alternatives,1
top_k,100.0,novel_focus,restaurant::soda::cake,novel_focus::focus_alternative_study::restaurant,0.0,novel_focus,focus_alternative_study,0.012,0.048,0.012,0.048,Novel focus alternatives,1
top_k,100.0,novel_focus,restaurant::soda::cocktails,novel_focus::focus_alternative_study::restaurant,1.0,novel_focus,focus_alternative_study,0.088,0.206,0.082,0.212,Novel focus alternatives,1
top_k,100.0,novel_focus,restaurant::soda::salad,novel_focus::focus_alternative_study::restaurant,0.0,novel_focus,focus_alternative_study,0.002,0.044,0.002,0.044,Novel focus alternatives,1
top_k,100.0,novel_focus,restaurant::soda::soup,novel_focus::focus_alternative_study::restaurant,0.0,novel_focus,focus_alternative_study,0.016,0.042,0.012,0.046,Novel focus alternatives,1
top_k,100.0,novel_focus,restaurant::soda::vodka,novel_focus::focus_alternative_study::restaurant,1.0,novel_focus,focus_alternative_study,0.18,0.384,0.158,0.406,Novel focus alternatives,1
top_k,100.0,novel_focus,restaurant::soup::cake,novel_focus::focus_alternative_study::restaurant,0.3333333333333333,novel_focus,focus_alternative_study,0.012,0.554,0.012,0.554,Novel focus alternatives,1
top_k,100.0,novel_focus,restaurant::soup::cocktails,novel_focus::focus_alternative_study::restaurant,1.0,novel_focus,focus_alternative_study,0.088,0.844,0.088,0.844,Novel focus alternatives,1
top_k,100.0,novel_focus,restaurant::soup::salad,novel_focus::focus_alternative_study::restaurant,0.5,novel_focus,focus_alternative_study,0.002,0.428,0.002,0.428,Novel focus alternatives,1
top_k,100.0,novel_focus,restaurant::soup::soda,novel_focus::focus_alternative_study::restaurant,0.8333333333333334,novel_focus,focus_alternative_study,0.256,0.958,0.252,0.962,Novel focus alternatives,1
top_k,100.0,novel_focus,restaurant::soup::vodka,novel_focus::focus_alternative_study::restaurant,1.0,novel_focus,focus_alternative_study,0.18,0.932,0.18,0.932,Novel focus alternatives,1
top_k,100.0,novel_focus,restaurant::vodka::cake,novel_focus::focus_alternative_study::restaurant,0.0,novel_focus,focus_alternative_study,0.012,0.084,0.01,0.086,Novel focus alternatives,1
top_k,100.0,novel_focus,restaurant::vodka::cocktails,novel_focus::focus_alternative_study::restaurant,1.0,novel_focus,focus_alternative_study,0.088,0.312,0.084,0.316,Novel focus alternatives,1
top_k,100.0,novel_focus,restaurant::vodka::salad,novel_focus::focus_alternative_study::restaurant,0.0,novel_focus,focus_alternative_study,0.002,0.058,0.002,0.058,Novel focus alternatives,1
top_k,100.0,novel_focus,restaurant::vodka::soda,novel_focus::focus_alternative_study::restaurant,0.3157894736842105,novel_focus,focus_alternative_study,0.256,0.616,0.232,0.64,Novel focus alternatives,1
top_k,100.0,novel_focus,restaurant::vodka::soup,novel_focus::focus_alternative_study::restaurant,0.0,novel_focus,focus_alternative_study,0.016,0.068,0.014,0.07,Novel focus alternatives,1
top_k,100.0,novel_focus,salad::chips::cigarettes,novel_focus::focus_alternative_study::salad,0.1666666666666666,novel_focus,focus_alternative_study,0.002,0.052,0.002,0.052,Novel focus alternatives,2
top_k,100.0,novel_focus,salad::chips::dressing,novel_focus::focus_alternative_study::salad,0.4,novel_focus,focus_alternative_study,0.01,0.254,0.01,0.254,Novel focus alternatives,2
top_k,100.0,novel_focus,salad::chips::lettuce,novel_focus::focus_alternative_study::salad,1.0,novel_focus,focus_alternative_study,1.0,0.998,0.998,1.0,Novel focus alternatives,2
top_k,100.0,novel_focus,salad::chips::meat,novel_focus::focus_alternative_study::salad,0.2857142857142857,novel_focus,focus_alternative_study,0.066,0.706,0.066,0.706,Novel focus alternatives,2
top_k,100.0,novel_focus,salad::chips::tuna,novel_focus::focus_alternative_study::salad,0.2,novel_focus,focus_alternative_study,0.016,0.3,0.016,0.3,Novel focus alternatives,2
top_k,100.0,novel_focus,salad::cigarettes::chips,novel_focus::focus_alternative_study::salad,0.4375,novel_focus,focus_alternative_study,0.018,0.948,0.018,0.948,Novel focus alternatives,2
top_k,100.0,novel_focus,salad::cigarettes::dressing,novel_focus::focus_alternative_study::salad,1.0,novel_focus,focus_alternative_study,0.01,0.86,0.01,0.86,Novel focus alternatives,2
top_k,100.0,novel_focus,salad::cigarettes::lettuce,novel_focus::focus_alternative_study::salad,0.75,novel_focus,focus_alternative_study,1.0,1.0,1.0,1.0,Novel focus alternatives,2
top_k,100.0,novel_focus,salad::cigarettes::meat,novel_focus::focus_alternative_study::salad,0.5789473684210527,novel_focus,focus_alternative_study,0.066,0.984,0.066,0.984,Novel focus alternatives,2
top_k,100.0,novel_focus,salad::cigarettes::tuna,novel_focus::focus_alternative_study::salad,0.3333333333333333,novel_focus,focus_alternative_study,0.016,0.918,0.016,0.918,Novel focus alternatives,2
top_k,100.0,novel_focus,salad::dressing::chips,novel_focus::focus_alternative_study::salad,0.0,novel_focus,focus_alternative_study,0.018,0.746,0.018,0.746,Novel focus alternatives,2
top_k,100.0,novel_focus,salad::dressing::cigarettes,novel_focus::focus_alternative_study::salad,0.0,novel_focus,focus_alternative_study,0.002,0.14,0.002,0.14,Novel focus alternatives,2
top_k,100.0,novel_focus,salad::dressing::lettuce,novel_focus::focus_alternative_study::salad,1.0,novel_focus,focus_alternative_study,1.0,0.996,0.996,1.0,Novel focus alternatives,2
top_k,100.0,novel_focus,salad::dressing::meat,novel_focus::focus_alternative_study::salad,0.3333333333333333,novel_focus,focus_alternative_study,0.066,0.904,0.064,0.906,Novel focus alternatives,2
top_k,100.0,novel_focus,salad::dressing::tuna,novel_focus::focus_alternative_study::salad,0.4375,novel_focus,focus_alternative_study,0.016,0.578,0.016,0.578,Novel focus alternatives,2
top_k,100.0,novel_focus,salad::lettuce::chips,novel_focus::focus_alternative_study::salad,0.0,novel_focus,focus_alternative_study,0.018,0.002,0.002,0.018,Novel focus alternatives,2
top_k,100.0,novel_focus,salad::lettuce::cigarettes,novel_focus::focus_alternative_study::salad,0.0,novel_focus,focus_alternative_study,0.002,0.0,0.0,0.002,Novel focus alternatives,2
top_k,100.0,novel_focus,salad::lettuce::dressing,novel_focus::focus_alternative_study::salad,0.6111111111111112,novel_focus,focus_alternative_study,0.01,0.004,0.004,0.01,Novel focus alternatives,2
top_k,100.0,novel_focus,salad::lettuce::meat,novel_focus::focus_alternative_study::salad,0.75,novel_focus,focus_alternative_study,0.066,0.006,0.006,0.066,Novel focus alternatives,2
top_k,100.0,novel_focus,salad::lettuce::tuna,novel_focus::focus_alternative_study::salad,0.3888888888888889,novel_focus,focus_alternative_study,0.016,0.004,0.004,0.016,Novel focus alternatives,2
top_k,100.0,novel_focus,salad::meat::chips,novel_focus::focus_alternative_study::salad,0.0,novel_focus,focus_alternative_study,0.018,0.294,0.018,0.294,Novel focus alternatives,2
top_k,100.0,novel_focus,salad::meat::cigarettes,novel_focus::focus_alternative_study::salad,0.0,novel_focus,focus_alternative_study,0.002,0.016,0.0,0.018,Novel focus alternatives,2
top_k,100.0,novel_focus,salad::meat::dressing,novel_focus::focus_alternative_study::salad,0.0,novel_focus,focus_alternative_study,0.01,0.096,0.008,0.098,Novel focus alternatives,2
top_k,100.0,novel_focus,salad::meat::lettuce,novel_focus::focus_alternative_study::salad,1.0,novel_focus,focus_alternative_study,1.0,0.994,0.994,1.0,Novel focus alternatives,2
top_k,100.0,novel_focus,salad::meat::tuna,novel_focus::focus_alternative_study::salad,0.3333333333333333,novel_focus,focus_alternative_study,0.016,0.148,0.016,0.148,Novel focus alternatives,2
top_k,100.0,novel_focus,salad::tuna::chips,novel_focus::focus_alternative_study::salad,0.0,novel_focus,focus_alternative_study,0.018,0.7,0.018,0.7,Novel focus alternatives,2
top_k,100.0,novel_focus,salad::tuna::cigarettes,novel_focus::focus_alternative_study::salad,0.0,novel_focus,focus_alternative_study,0.002,0.082,0.002,0.082,Novel focus alternatives,2
top_k,100.0,novel_focus,salad::tuna::dressing,novel_focus::focus_alternative_study::salad,0.6,novel_focus,focus_alternative_study,0.01,0.422,0.01,0.422,Novel focus alternatives,2
top_k,100.0,novel_focus,salad::tuna::lettuce,novel_focus::focus_alternative_study::salad,1.0,novel_focus,focus_alternative_study,1.0,0.996,0.996,1.0,Novel focus alternatives,2
top_k,100.0,novel_focus,salad::tuna::meat,novel_focus::focus_alternative_study::salad,0.8,novel_focus,focus_alternative_study,0.066,0.852,0.064,0.854,Novel focus alternatives,2
top_k,100.0,novel_focus,science::art::geology,novel_focus::focus_alternative_study::science,1.0,novel_focus,focus_alternative_study,0.642,0.986,0.634,0.994,Novel focus alternatives,3
top_k,100.0,novel_focus,science::art::math,novel_focus::focus_alternative_study::science,0.7,novel_focus,focus_alternative_study,0.372,0.98,0.37,0.982,Novel focus alternatives,3
top_k,100.0,novel_focus,science::art::philosophy,novel_focus::focus_alternative_study::science,0.6111111111111112,novel_focus,focus_alternative_study,0.014,0.626,0.014,0.626,Novel focus alternatives,3
top_k,100.0,novel_focus,science::art::physics,novel_focus::focus_alternative_study::science,1.0,novel_focus,focus_alternative_study,1.0,0.996,0.996,1.0,Novel focus alternatives,3
top_k,100.0,novel_focus,science::art::zoology,novel_focus::focus_alternative_study::science,0.8,novel_focus,focus_alternative_study,0.12,0.904,0.12,0.904,Novel focus alternatives,3
top_k,100.0,novel_focus,science::geology::art,novel_focus::focus_alternative_study::science,0.6,novel_focus,focus_alternative_study,0.012,0.014,0.01,0.016,Novel focus alternatives,3
top_k,100.0,novel_focus,science::geology::math,novel_focus::focus_alternative_study::science,0.8333333333333334,novel_focus,focus_alternative_study,0.372,0.306,0.244,0.434,Novel focus alternatives,3
top_k,100.0,novel_focus,science::geology::philosophy,novel_focus::focus_alternative_study::science,0.6666666666666666,novel_focus,focus_alternative_study,0.014,0.012,0.008,0.018,Novel focus alternatives,3
top_k,100.0,novel_focus,science::geology::physics,novel_focus::focus_alternative_study::science,1.0,novel_focus,focus_alternative_study,1.0,0.958,0.958,1.0,Novel focus alternatives,3
top_k,100.0,novel_focus,science::geology::zoology,novel_focus::focus_alternative_study::science,1.0,novel_focus,focus_alternative_study,0.12,0.106,0.08,0.146,Novel focus alternatives,3
top_k,100.0,novel_focus,science::math::art,novel_focus::focus_alternative_study::science,0.5,novel_focus,focus_alternative_study,0.012,0.02,0.01,0.022,Novel focus alternatives,3
top_k,100.0,novel_focus,science::math::geology,novel_focus::focus_alternative_study::science,0.75,novel_focus,focus_alternative_study,0.642,0.694,0.518,0.818,Novel focus alternatives,3
top_k,100.0,novel_focus,science::math::philosophy,novel_focus::focus_alternative_study::science,0.4,novel_focus,focus_alternative_study,0.014,0.036,0.01,0.04,Novel focus alternatives,3
top_k,100.0,novel_focus,science::math::physics,novel_focus::focus_alternative_study::science,0.5,novel_focus,focus_alternative_study,1.0,0.978,0.978,1.0,Novel focus alternatives,3
top_k,100.0,novel_focus,science::math::zoology,novel_focus::focus_alternative_study::science,0.8,novel_focus,focus_alternative_study,0.12,0.188,0.102,0.206,Novel focus alternatives,3
top_k,100.0,novel_focus,science::philosophy::art,novel_focus::focus_alternative_study::science,1.0,novel_focus,focus_alternative_study,0.012,0.374,0.012,0.374,Novel focus alternatives,3
top_k,100.0,novel_focus,science::philosophy::geology,novel_focus::focus_alternative_study::science,0.8,novel_focus,focus_alternative_study,0.642,0.988,0.64,0.99,Novel focus alternatives,3
top_k,100.0,novel_focus,science::philosophy::math,novel_focus::focus_alternative_study::science,0.6875,novel_focus,focus_alternative_study,0.372,0.964,0.37,0.966,Novel focus alternatives,3
top_k,100.0,novel_focus,science::philosophy::physics,novel_focus::focus_alternative_study::science,1.0,novel_focus,focus_alternative_study,1.0,1.0,1.0,1.0,Novel focus alternatives,3
top_k,100.0,novel_focus,science::philosophy::zoology,novel_focus::focus_alternative_study::science,0.8333333333333334,novel_focus,focus_alternative_study,0.12,0.888,0.12,0.888,Novel focus alternatives,3
top_k,100.0,novel_focus,science::physics::art,novel_focus::focus_alternative_study::science,0.4,novel_focus,focus_alternative_study,0.012,0.004,0.004,0.012,Novel focus alternatives,3
top_k,100.0,novel_focus,science::physics::geology,novel_focus::focus_alternative_study::science,0.8571428571428571,novel_focus,focus_alternative_study,0.642,0.042,0.042,0.642,Novel focus alternatives,3
top_k,100.0,novel_focus,science::physics::math,novel_focus::focus_alternative_study::science,0.3333333333333333,novel_focus,focus_alternative_study,0.372,0.022,0.022,0.372,Novel focus alternatives,3
top_k,100.0,novel_focus,science::physics::philosophy,novel_focus::focus_alternative_study::science,0.3333333333333333,novel_focus,focus_alternative_study,0.014,0.0,0.0,0.014,Novel focus alternatives,3
top_k,100.0,novel_focus,science::physics::zoology,novel_focus::focus_alternative_study::science,0.65,novel_focus,focus_alternative_study,0.12,0.006,0.006,0.12,Novel focus alternatives,3
top_k,100.0,novel_focus,science::zoology::art,novel_focus::focus_alternative_study::science,0.6666666666666666,novel_focus,focus_alternative_study,0.012,0.096,0.012,0.096,Novel focus alternatives,3
top_k,100.0,novel_focus,science::zoology::geology,novel_focus::focus_alternative_study::science,0.75,novel_focus,focus_alternative_study,0.642,0.894,0.606,0.93,Novel focus alternatives,3
top_k,100.0,novel_focus,science::zoology::math,novel_focus::focus_alternative_study::science,0.4,novel_focus,focus_alternative_study,0.372,0.812,0.338,0.846,Novel focus alternatives,3
top_k,100.0,novel_focus,science::zoology::philosophy,novel_focus::focus_alternative_study::science,0.6666666666666666,novel_focus,focus_alternative_study,0.014,0.112,0.014,0.112,Novel focus alternatives,3
top_k,100.0,novel_focus,science::zoology::physics,novel_focus::focus_alternative_study::science,1.0,novel_focus,focus_alternative_study,1.0,0.994,0.994,1.0,Novel focus alternatives,3
top_k,100.0,novel_focus,throw::beach ball::boomerang,novel_focus::focus_alternative_study::throw,0.631578947368421,novel_focus,focus_alternative_study,0.026,0.044,0.018,0.052,Novel focus alternatives,4
top_k,100.0,novel_focus,throw::beach ball::football,novel_focus::focus_alternative_study::throw,1.0,novel_focus,focus_alternative_study,1.0,0.994,0.994,1.0,Novel focus alternatives,4
top_k,100.0,novel_focus,throw::beach ball::lawnmower,novel_focus::focus_alternative_study::throw,0.0,novel_focus,focus_alternative_study,0.014,0.024,0.014,0.024,Novel focus alternatives,4
top_k,100.0,novel_focus,throw::beach ball::shovel,novel_focus::focus_alternative_study::throw,0.0,novel_focus,focus_alternative_study,0.002,0.006,0.0,0.008,Novel focus alternatives,4
top_k,100.0,novel_focus,throw::beach ball::tires,novel_focus::focus_alternative_study::throw,0.0,novel_focus,focus_alternative_study,0.0,0.0,0.0,0.0,Novel focus alternatives,4
top_k,100.0,novel_focus,throw::boomerang::beach ball,novel_focus::focus_alternative_study::throw,0.75,novel_focus,focus_alternative_study,0.474,0.956,0.47,0.96,Novel focus alternatives,4
top_k,100.0,novel_focus,throw::boomerang::football,novel_focus::focus_alternative_study::throw,1.0,novel_focus,focus_alternative_study,1.0,1.0,1.0,1.0,Novel focus alternatives,4
top_k,100.0,novel_focus,throw::boomerang::lawnmower,novel_focus::focus_alternative_study::throw,0.0,novel_focus,focus_alternative_study,0.014,0.388,0.014,0.388,Novel focus alternatives,4
top_k,100.0,novel_focus,throw::boomerang::shovel,novel_focus::focus_alternative_study::throw,0.0,novel_focus,focus_alternative_study,0.002,0.142,0.002,0.142,Novel focus alternatives,4
top_k,100.0,novel_focus,throw::boomerang::tires,novel_focus::focus_alternative_study::throw,0.0,novel_focus,focus_alternative_study,0.0,0.014,0.0,0.014,Novel focus alternatives,4
top_k,100.0,novel_focus,throw::football::beach ball,novel_focus::focus_alternative_study::throw,0.875,novel_focus,focus_alternative_study,0.474,0.006,0.006,0.474,Novel focus alternatives,4
top_k,100.0,novel_focus,throw::football::boomerang,novel_focus::focus_alternative_study::throw,0.6190476190476191,novel_focus,focus_alternative_study,0.026,0.0,0.0,0.026,Novel focus alternatives,4
top_k,100.0,novel_focus,throw::football::lawnmower,novel_focus::focus_alternative_study::throw,0.0,novel_focus,focus_alternative_study,0.014,0.002,0.002,0.014,Novel focus alternatives,4
top_k,100.0,novel_focus,throw::football::shovel,novel_focus::focus_alternative_study::throw,0.0,novel_focus,focus_alternative_study,0.002,0.0,0.0,0.002,Novel focus alternatives,4
top_k,100.0,novel_focus,throw::football::tires,novel_focus::focus_alternative_study::throw,0.0,novel_focus,focus_alternative_study,0.0,0.0,0.0,0.0,Novel focus alternatives,4
top_k,100.0,novel_focus,throw::lawnmower::beach ball,novel_focus::focus_alternative_study::throw,1.0,novel_focus,focus_alternative_study,0.474,0.976,0.462,0.988,Novel focus alternatives,4
top_k,100.0,novel_focus,throw::lawnmower::boomerang,novel_focus::focus_alternative_study::throw,0.8,novel_focus,focus_alternative_study,0.026,0.612,0.026,0.612,Novel focus alternatives,4
top_k,100.0,novel_focus,throw::lawnmower::football,novel_focus::focus_alternative_study::throw,1.0,novel_focus,focus_alternative_study,1.0,0.998,0.998,1.0,Novel focus alternatives,4
top_k,100.0,novel_focus,throw::lawnmower::shovel,novel_focus::focus_alternative_study::throw,0.3333333333333333,novel_focus,focus_alternative_study,0.002,0.18,0.002,0.18,Novel focus alternatives,4
top_k,100.0,novel_focus,throw::lawnmower::tires,novel_focus::focus_alternative_study::throw,0.0769230769230769,novel_focus,focus_alternative_study,0.0,0.018,0.0,0.018,Novel focus alternatives,4
top_k,100.0,novel_focus,throw::shovel::beach ball,novel_focus::focus_alternative_study::throw,0.75,novel_focus,focus_alternative_study,0.474,0.994,0.474,0.994,Novel focus alternatives,4
top_k,100.0,novel_focus,throw::shovel::boomerang,novel_focus::focus_alternative_study::throw,0.6,novel_focus,focus_alternative_study,0.026,0.858,0.026,0.858,Novel focus alternatives,4
top_k,100.0,novel_focus,throw::shovel::football,novel_focus::focus_alternative_study::throw,1.0,novel_focus,focus_alternative_study,1.0,1.0,1.0,1.0,Novel focus alternatives,4
top_k,100.0,novel_focus,throw::shovel::lawnmower,novel_focus::focus_alternative_study::throw,0.0,novel_focus,focus_alternative_study,0.014,0.82,0.014,0.82,Novel focus alternatives,4
top_k,100.0,novel_focus,throw::shovel::tires,novel_focus::focus_alternative_study::throw,0.125,novel_focus,focus_alternative_study,0.0,0.12,0.0,0.12,Novel focus alternatives,4
top_k,100.0,novel_focus,throw::tires::beach ball,novel_focus::focus_alternative_study::throw,0.6,novel_focus,focus_alternative_study,0.474,1.0,0.474,1.0,Novel focus alternatives,4
top_k,100.0,novel_focus,throw::tires::boomerang,novel_focus::focus_alternative_study::throw,1.0,novel_focus,focus_alternative_study,0.026,0.986,0.026,0.986,Novel focus alternatives,4
top_k,100.0,novel_focus,throw::tires::football,novel_focus::focus_alternative_study::throw,0.8,novel_focus,focus_alternative_study,1.0,1.0,1.0,1.0,Novel focus alternatives,4
top_k,100.0,novel_focus,throw::tires::lawnmower,novel_focus::focus_alternative_study::throw,0.8,novel_focus,focus_alternative_study,0.014,0.982,0.014,0.982,Novel focus alternatives,4
top_k,100.0,novel_focus,throw::tires::shovel,novel_focus::focus_alternative_study::throw,0.3333333333333333,novel_focus,focus_alternative_study,0.002,0.88,0.002,0.88,Novel focus alternatives,4
top_k,100.0,novel_focus,transport::car::chairs,novel_focus::focus_alternative_study::transport,0.0,novel_focus,focus_alternative_study,0.0,0.0,0.0,0.0,Novel focus alternatives,5
top_k,100.0,novel_focus,transport::car::hammer,novel_focus::focus_alternative_study::transport,0.2,novel_focus,focus_alternative_study,0.006,0.0,0.0,0.006,Novel focus alternatives,5
top_k,100.0,novel_focus,transport::car::lawnmower,novel_focus::focus_alternative_study::transport,0.25,novel_focus,focus_alternative_study,0.122,0.004,0.004,0.122,Novel focus alternatives,5
top_k,100.0,novel_focus,transport::car::motorcycle,novel_focus::focus_alternative_study::transport,0.9047619047619048,novel_focus,focus_alternative_study,0.984,0.128,0.128,0.984,Novel focus alternatives,5
top_k,100.0,novel_focus,transport::car::roller blades,novel_focus::focus_alternative_study::transport,0.5625,novel_focus,focus_alternative_study,0.012,0.0,0.0,0.012,Novel focus alternatives,5
top_k,100.0,novel_focus,transport::chairs::car,novel_focus::focus_alternative_study::transport,1.0,novel_focus,focus_alternative_study,1.0,1.0,1.0,1.0,Novel focus alternatives,5
top_k,100.0,novel_focus,transport::chairs::hammer,novel_focus::focus_alternative_study::transport,0.0,novel_focus,focus_alternative_study,0.006,0.948,0.006,0.948,Novel focus alternatives,5
top_k,100.0,novel_focus,transport::chairs::lawnmower,novel_focus::focus_alternative_study::transport,0.0909090909090909,novel_focus,focus_alternative_study,0.122,0.994,0.122,0.994,Novel focus alternatives,5
top_k,100.0,novel_focus,transport::chairs::motorcycle,novel_focus::focus_alternative_study::transport,0.6,novel_focus,focus_alternative_study,0.984,1.0,0.984,1.0,Novel focus alternatives,5
top_k,100.0,novel_focus,transport::chairs::roller blades,novel_focus::focus_alternative_study::transport,0.6666666666666666,novel_focus,focus_alternative_study,0.012,0.972,0.012,0.972,Novel focus alternatives,5
top_k,100.0,novel_focus,transport::hammer::car,novel_focus::focus_alternative_study::transport,0.6,novel_focus,focus_alternative_study,1.0,1.0,1.0,1.0,Novel focus alternatives,5
top_k,100.0,novel_focus,transport::hammer::chairs,novel_focus::focus_alternative_study::transport,0.0666666666666666,novel_focus,focus_alternative_study,0.0,0.052,0.0,0.052,Novel focus alternatives,5
top_k,100.0,novel_focus,transport::hammer::lawnmower,novel_focus::focus_alternative_study::transport,0.5555555555555556,novel_focus,focus_alternative_study,0.122,0.964,0.122,0.964,Novel focus alternatives,5
top_k,100.0,novel_focus,transport::hammer::motorcycle,novel_focus::focus_alternative_study::transport,0.5,novel_focus,focus_alternative_study,0.984,0.998,0.982,1.0,Novel focus alternatives,5
top_k,100.0,novel_focus,transport::hammer::roller blades,novel_focus::focus_alternative_study::transport,0.8,novel_focus,focus_alternative_study,0.012,0.74,0.012,0.74,Novel focus alternatives,5
top_k,100.0,novel_focus,transport::lawnmower::car,novel_focus::focus_alternative_study::transport,1.0,novel_focus,focus_alternative_study,1.0,0.996,0.996,1.0,Novel focus alternatives,5
top_k,100.0,novel_focus,transport::lawnmower::chairs,novel_focus::focus_alternative_study::transport,0.2,novel_focus,focus_alternative_study,0.0,0.006,0.0,0.006,Novel focus alternatives,5
top_k,100.0,novel_focus,transport::lawnmower::hammer,novel_focus::focus_alternative_study::transport,0.25,novel_focus,focus_alternative_study,0.006,0.036,0.006,0.036,Novel focus alternatives,5
top_k,100.0,novel_focus,transport::lawnmower::motorcycle,novel_focus::focus_alternative_study::transport,1.0,novel_focus,focus_alternative_study,0.984,0.968,0.954,0.998,Novel focus alternatives,5
top_k,100.0,novel_focus,transport::lawnmower::roller blades,novel_focus::focus_alternative_study::transport,0.5,novel_focus,focus_alternative_study,0.012,0.098,0.012,0.098,Novel focus alternatives,5
top_k,100.0,novel_focus,transport::motorcycle::car,novel_focus::focus_alternative_study::transport,0.8,novel_focus,focus_alternative_study,1.0,0.872,0.872,1.0,Novel focus alternatives,5
top_k,100.0,novel_focus,transport::motorcycle::chairs,novel_focus::focus_alternative_study::transport,0.0,novel_focus,focus_alternative_study,0.0,0.0,0.0,0.0,Novel focus alternatives,5
top_k,100.0,novel_focus,transport::motorcycle::hammer,novel_focus::focus_alternative_study::transport,0.0,novel_focus,focus_alternative_study,0.006,0.002,0.002,0.006,Novel focus alternatives,5
top_k,100.0,novel_focus,transport::motorcycle::lawnmower,novel_focus::focus_alternative_study::transport,0.0,novel_focus,focus_alternative_study,0.122,0.032,0.032,0.122,Novel focus alternatives,5
top_k,100.0,novel_focus,transport::motorcycle::roller blades,novel_focus::focus_alternative_study::transport,0.5384615384615384,novel_focus,focus_alternative_study,0.012,0.002,0.002,0.012,Novel focus alternatives,5
top_k,100.0,novel_focus,transport::roller blades::car,novel_focus::focus_alternative_study::transport,1.0,novel_focus,focus_alternative_study,1.0,1.0,1.0,1.0,Novel focus alternatives,5
top_k,100.0,novel_focus,transport::roller blades::chairs,novel_focus::focus_alternative_study::transport,0.5,novel_focus,focus_alternative_study,0.0,0.028,0.0,0.028,Novel focus alternatives,5
top_k,100.0,novel_focus,transport::roller blades::hammer,novel_focus::focus_alternative_study::transport,0.2,novel_focus,focus_alternative_study,0.006,0.26,0.006,0.26,Novel focus alternatives,5
top_k,100.0,novel_focus,transport::roller blades::lawnmower,novel_focus::focus_alternative_study::transport,0.0,novel_focus,focus_alternative_study,0.122,0.902,0.122,0.902,Novel focus alternatives,5
top_k,100.0,novel_focus,transport::roller blades::motorcycle,novel_focus::focus_alternative_study::transport,1.0,novel_focus,focus_alternative_study,0.984,0.998,0.982,1.0,Novel focus alternatives,5
top_k,100.0,rnx_eonly,Eonly::01,ronai_xiang_2024::ronai_xiang_2024::item::01,0.625,ronai_xiang_2024,ronai_xiang_2024,0.004,0.032,0.004,0.032,Ronai & Xiang (2024): Eonly,0
top_k,100.0,rnx_eonly,Eonly::02,ronai_xiang_2024::ronai_xiang_2024::item::02,0.5,ronai_xiang_2024,ronai_xiang_2024,0.016,0.25,0.016,0.25,Ronai & Xiang (2024): Eonly,1
top_k,100.0,rnx_eonly,Eonly::03,ronai_xiang_2024::ronai_xiang_2024::item::03,0.625,ronai_xiang_2024,ronai_xiang_2024,0.04,0.162,0.036,0.166,Ronai & Xiang (2024): Eonly,2
top_k,100.0,rnx_eonly,Eonly::04,ronai_xiang_2024::ronai_xiang_2024::item::04,0.725,ronai_xiang_2024,ronai_xiang_2024,0.462,0.962,0.454,0.97,Ronai & Xiang (2024): Eonly,3
top_k,100.0,rnx_eonly,Eonly::05,ronai_xiang_2024::ronai_xiang_2024::item::05,0.575,ronai_xiang_2024,ronai_xiang_2024,0.018,0.012,0.01,0.02,Ronai & Xiang (2024): Eonly,4
top_k,100.0,rnx_eonly,Eonly::06,ronai_xiang_2024::ronai_xiang_2024::item::06,0.725,ronai_xiang_2024,ronai_xiang_2024,0.888,0.736,0.694,0.93,Ronai & Xiang (2024): Eonly,5
top_k,100.0,rnx_eonly,Eonly::07,ronai_xiang_2024::ronai_xiang_2024::item::07,0.65,ronai_xiang_2024,ronai_xiang_2024,0.09,0.468,0.082,0.476,Ronai & Xiang (2024): Eonly,6
top_k,100.0,rnx_eonly,Eonly::08,ronai_xiang_2024::ronai_xiang_2024::item::08,0.5,ronai_xiang_2024,ronai_xiang_2024,0.572,0.688,0.484,0.776,Ronai & Xiang (2024): Eonly,7
top_k,100.0,rnx_eonly,Eonly::09,ronai_xiang_2024::ronai_xiang_2024::item::09,0.95,ronai_xiang_2024,ronai_xiang_2024,0.058,0.258,0.054,0.262,Ronai & Xiang (2024): Eonly,8
top_k,100.0,rnx_eonly,Eonly::10,ronai_xiang_2024::ronai_xiang_2024::item::10,0.425,ronai_xiang_2024,ronai_xiang_2024,0.012,0.034,0.012,0.034,Ronai & Xiang (2024): Eonly,9
top_k,100.0,rnx_eonly,Eonly::11,ronai_xiang_2024::ronai_xiang_2024::item::11,0.55,ronai_xiang_2024,ronai_xiang_2024,0.0,0.0,0.0,0.0,Ronai & Xiang (2024): Eonly,0
top_k,100.0,rnx_eonly,Eonly::12,ronai_xiang_2024::ronai_xiang_2024::item::12,0.85,ronai_xiang_2024,ronai_xiang_2024,0.012,0.062,0.012,0.062,Ronai & Xiang (2024): Eonly,1
top_k,100.0,rnx_eonly,Eonly::13,ronai_xiang_2024::ronai_xiang_2024::item::13,0.875,ronai_xiang_2024,ronai_xiang_2024,0.582,0.96,0.574,0.968,Ronai & Xiang (2024): Eonly,2
top_k,100.0,rnx_eonly,Eonly::14,ronai_xiang_2024::ronai_xiang_2024::item::14,0.475,ronai_xiang_2024,ronai_xiang_2024,0.006,0.016,0.006,0.016,Ronai & Xiang (2024): Eonly,3
top_k,100.0,rnx_eonly,Eonly::15,ronai_xiang_2024::ronai_xiang_2024::item::15,0.85,ronai_xiang_2024,ronai_xiang_2024,0.024,0.062,0.02,0.066,Ronai & Xiang (2024): Eonly,4
top_k,100.0,rnx_eonly,Eonly::16,ronai_xiang_2024::ronai_xiang_2024::item::16,0.625,ronai_xiang_2024,ronai_xiang_2024,0.0,0.028,0.0,0.028,Ronai & Xiang (2024): Eonly,5
top_k,100.0,rnx_eonly,Eonly::17,ronai_xiang_2024::ronai_xiang_2024::item::17,0.8,ronai_xiang_2024,ronai_xiang_2024,0.002,0.12,0.002,0.12,Ronai & Xiang (2024): Eonly,6
top_k,100.0,rnx_eonly,Eonly::18,ronai_xiang_2024::ronai_xiang_2024::item::18,0.75,ronai_xiang_2024,ronai_xiang_2024,0.01,0.164,0.008,0.166,Ronai & Xiang (2024): Eonly,7
top_k,100.0,rnx_eonly,Eonly::19,ronai_xiang_2024::ronai_xiang_2024::item::19,0.875,ronai_xiang_2024,ronai_xiang_2024,0.746,0.61,0.556,0.8,Ronai & Xiang (2024): Eonly,8
top_k,100.0,rnx_eonly,Eonly::20,ronai_xiang_2024::ronai_xiang_2024::item::20,0.5,ronai_xiang_2024,ronai_xiang_2024,0.0,0.008,0.0,0.008,Ronai & Xiang (2024): Eonly,9
top_k,100.0,rnx_eonly,Eonly::21,ronai_xiang_2024::ronai_xiang_2024::item::21,0.425,ronai_xiang_2024,ronai_xiang_2024,0.028,0.378,0.028,0.378,Ronai & Xiang (2024): Eonly,0
top_k,100.0,rnx_eonly,Eonly::22,ronai_xiang_2024::ronai_xiang_2024::item::22,0.6,ronai_xiang_2024,ronai_xiang_2024,0.006,0.78,0.006,0.78,Ronai & Xiang (2024): Eonly,1
top_k,100.0,rnx_eonly,Eonly::23,ronai_xiang_2024::ronai_xiang_2024::item::23,0.8,ronai_xiang_2024,ronai_xiang_2024,0.022,0.488,0.022,0.488,Ronai & Xiang (2024): Eonly,2
top_k,100.0,rnx_eonly,Eonly::24,ronai_xiang_2024::ronai_xiang_2024::item::24,0.325,ronai_xiang_2024,ronai_xiang_2024,0.014,0.324,0.012,0.326,Ronai & Xiang (2024): Eonly,3
top_k,100.0,rnx_eonly,Eonly::25,ronai_xiang_2024::ronai_xiang_2024::item::25,0.85,ronai_xiang_2024,ronai_xiang_2024,0.002,0.016,0.0,0.018,Ronai & Xiang (2024): Eonly,4
top_k,100.0,rnx_eonly,Eonly::26,ronai_xiang_2024::ronai_xiang_2024::item::26,0.95,ronai_xiang_2024,ronai_xiang_2024,0.036,0.038,0.024,0.05,Ronai & Xiang (2024): Eonly,5
top_k,100.0,rnx_eonly,Eonly::27,ronai_xiang_2024::ronai_xiang_2024::item::27,0.475,ronai_xiang_2024,ronai_xiang_2024,0.0,0.012,0.0,0.012,Ronai & Xiang (2024): Eonly,6
top_k,100.0,rnx_eonly,Eonly::28,ronai_xiang_2024::ronai_xiang_2024::item::28,0.875,ronai_xiang_2024,ronai_xiang_2024,0.444,0.264,0.238,0.47,Ronai & Xiang (2024): Eonly,7
top_k,100.0,rnx_eonly,Eonly::29,ronai_xiang_2024::ronai_xiang_2024::item::29,0.475,ronai_xiang_2024,ronai_xiang_2024,1.0,1.0,1.0,1.0,Ronai & Xiang (2024): Eonly,8
top_k,100.0,rnx_eonly,Eonly::30,ronai_xiang_2024::ronai_xiang_2024::item::30,0.6,ronai_xiang_2024,ronai_xiang_2024,0.002,0.206,0.002,0.206,Ronai & Xiang (2024): Eonly,9
top_k,100.0,rnx_eonly,Eonly::31,ronai_xiang_2024::ronai_xiang_2024::item::31,0.725,ronai_xiang_2024,ronai_xiang_2024,0.048,0.456,0.046,0.458,Ronai & Xiang (2024): Eonly,0
top_k,100.0,rnx_eonly,Eonly::32,ronai_xiang_2024::ronai_xiang_2024::item::32,0.925,ronai_xiang_2024,ronai_xiang_2024,0.144,0.994,0.144,0.994,Ronai & Xiang (2024): Eonly,1
top_k,100.0,rnx_eonly,Eonly::33,ronai_xiang_2024::ronai_xiang_2024::item::33,1.0,ronai_xiang_2024,ronai_xiang_2024,0.132,0.582,0.128,0.586,Ronai & Xiang (2024): Eonly,2
top_k,100.0,rnx_eonly,Eonly::34,ronai_xiang_2024::ronai_xiang_2024::item::34,0.575,ronai_xiang_2024,ronai_xiang_2024,0.07,0.978,0.07,0.978,Ronai & Xiang (2024): Eonly,3
top_k,100.0,rnx_eonly,Eonly::35,ronai_xiang_2024::ronai_xiang_2024::item::35,0.6,ronai_xiang_2024,ronai_xiang_2024,0.0,0.032,0.0,0.032,Ronai & Xiang (2024): Eonly,4
top_k,100.0,rnx_eonly,Eonly::36,ronai_xiang_2024::ronai_xiang_2024::item::36,0.725,ronai_xiang_2024,ronai_xiang_2024,0.006,0.152,0.006,0.152,Ronai & Xiang (2024): Eonly,5
top_k,100.0,rnx_eonly,Eonly::37,ronai_xiang_2024::ronai_xiang_2024::item::37,0.625,ronai_xiang_2024,ronai_xiang_2024,0.208,0.456,0.178,0.486,Ronai & Xiang (2024): Eonly,6
top_k,100.0,rnx_eonly,Eonly::38,ronai_xiang_2024::ronai_xiang_2024::item::38,0.825,ronai_xiang_2024,ronai_xiang_2024,0.12,0.488,0.112,0.496,Ronai & Xiang (2024): Eonly,7
top_k,100.0,rnx_eonly,Eonly::39,ronai_xiang_2024::ronai_xiang_2024::item::39,0.775,ronai_xiang_2024,ronai_xiang_2024,0.324,0.174,0.15,0.348,Ronai & Xiang (2024): Eonly,8
top_k,100.0,rnx_eonly,Eonly::40,ronai_xiang_2024::ronai_xiang_2024::item::40,0.9,ronai_xiang_2024,ronai_xiang_2024,0.0,0.174,0.0,0.174,Ronai & Xiang (2024): Eonly,9
top_k,100.0,rnx_eonly,Eonly::41,ronai_xiang_2024::ronai_xiang_2024::item::41,0.675,ronai_xiang_2024,ronai_xiang_2024,0.01,0.808,0.01,0.808,Ronai & Xiang (2024): Eonly,0
top_k,100.0,rnx_eonly,Eonly::42,ronai_xiang_2024::ronai_xiang_2024::item::42,0.375,ronai_xiang_2024,ronai_xiang_2024,0.346,0.548,0.292,0.602,Ronai & Xiang (2024): Eonly,1
top_k,100.0,rnx_eonly,Eonly::43,ronai_xiang_2024::ronai_xiang_2024::item::43,0.925,ronai_xiang_2024,ronai_xiang_2024,0.856,0.176,0.176,0.856,Ronai & Xiang (2024): Eonly,2
top_k,100.0,rnx_eonly,Eonly::44,ronai_xiang_2024::ronai_xiang_2024::item::44,0.875,ronai_xiang_2024,ronai_xiang_2024,0.006,0.786,0.006,0.786,Ronai & Xiang (2024): Eonly,3
top_k,100.0,rnx_eonly,Eonly::45,ronai_xiang_2024::ronai_xiang_2024::item::45,0.475,ronai_xiang_2024,ronai_xiang_2024,0.006,0.072,0.006,0.072,Ronai & Xiang (2024): Eonly,4
top_k,100.0,rnx_eonly,Eonly::46,ronai_xiang_2024::ronai_xiang_2024::item::46,0.475,ronai_xiang_2024,ronai_xiang_2024,0.008,0.862,0.008,0.862,Ronai & Xiang (2024): Eonly,5
top_k,100.0,rnx_eonly,Eonly::47,ronai_xiang_2024::ronai_xiang_2024::item::47,0.9,ronai_xiang_2024,ronai_xiang_2024,0.732,0.548,0.508,0.772,Ronai & Xiang (2024): Eonly,6
top_k,100.0,rnx_eonly,Eonly::48,ronai_xiang_2024::ronai_xiang_2024::item::48,0.725,ronai_xiang_2024,ronai_xiang_2024,0.586,0.642,0.474,0.754,Ronai & Xiang (2024): Eonly,7
top_k,100.0,rnx_eonly,Eonly::49,ronai_xiang_2024::ronai_xiang_2024::item::49,0.75,ronai_xiang_2024,ronai_xiang_2024,0.0,0.036,0.0,0.036,Ronai & Xiang (2024): Eonly,8
top_k,100.0,rnx_eonly,Eonly::50,ronai_xiang_2024::ronai_xiang_2024::item::50,0.55,ronai_xiang_2024,ronai_xiang_2024,0.002,0.524,0.002,0.524,Ronai & Xiang (2024): Eonly,9
top_k,100.0,rnx_eonly,Eonly::51,ronai_xiang_2024::ronai_xiang_2024::item::51,0.8,ronai_xiang_2024,ronai_xiang_2024,0.096,0.996,0.096,0.996,Ronai & Xiang (2024): Eonly,0
top_k,100.0,rnx_eonly,Eonly::52,ronai_xiang_2024::ronai_xiang_2024::item::52,0.825,ronai_xiang_2024,ronai_xiang_2024,0.016,0.636,0.016,0.636,Ronai & Xiang (2024): Eonly,1
top_k,100.0,rnx_eonly,Eonly::53,ronai_xiang_2024::ronai_xiang_2024::item::53,0.4,ronai_xiang_2024,ronai_xiang_2024,0.0,0.348,0.0,0.348,Ronai & Xiang (2024): Eonly,2
top_k,100.0,rnx_eonly,Eonly::54,ronai_xiang_2024::ronai_xiang_2024::item::54,0.675,ronai_xiang_2024,ronai_xiang_2024,0.0,0.322,0.0,0.322,Ronai & Xiang (2024): Eonly,3
top_k,100.0,rnx_eonly,Eonly::55,ronai_xiang_2024::ronai_xiang_2024::item::55,0.6,ronai_xiang_2024,ronai_xiang_2024,0.0,0.482,0.0,0.482,Ronai & Xiang (2024): Eonly,4
top_k,100.0,rnx_eonly,Eonly::56,ronai_xiang_2024::ronai_xiang_2024::item::56,0.725,ronai_xiang_2024,ronai_xiang_2024,0.05,0.208,0.048,0.21,Ronai & Xiang (2024): Eonly,5
top_k,100.0,rnx_eonly,Eonly::57,ronai_xiang_2024::ronai_xiang_2024::item::57,0.475,ronai_xiang_2024,ronai_xiang_2024,0.196,0.524,0.178,0.542,Ronai & Xiang (2024): Eonly,6
top_k,100.0,rnx_eonly,Eonly::58,ronai_xiang_2024::ronai_xiang_2024::item::58,0.825,ronai_xiang_2024,ronai_xiang_2024,1.0,0.69,0.69,1.0,Ronai & Xiang (2024): Eonly,7
top_k,100.0,rnx_eonly,Eonly::59,ronai_xiang_2024::ronai_xiang_2024::item::59,0.825,ronai_xiang_2024,ronai_xiang_2024,0.062,0.002,0.002,0.062,Ronai & Xiang (2024): Eonly,8
top_k,100.0,rnx_eonly,Eonly::60,ronai_xiang_2024::ronai_xiang_2024::item::60,0.675,ronai_xiang_2024,ronai_xiang_2024,0.008,0.032,0.008,0.032,Ronai & Xiang (2024): Eonly,9
top_k,100.0,rnx_eonlystrong,Eonlystrong::01,ronai_xiang_2024::ronai_xiang_2024::item::01,0.825,ronai_xiang_2024,ronai_xiang_2024,1.0,0.994,0.994,1.0,Ronai & Xiang (2024): Eonlystrong,0
top_k,100.0,rnx_eonlystrong,Eonlystrong::02,ronai_xiang_2024::ronai_xiang_2024::item::02,0.85,ronai_xiang_2024,ronai_xiang_2024,0.696,0.816,0.63,0.882,Ronai & Xiang (2024): Eonlystrong,1
top_k,100.0,rnx_eonlystrong,Eonlystrong::03,ronai_xiang_2024::ronai_xiang_2024::item::03,0.975,ronai_xiang_2024,ronai_xiang_2024,1.0,1.0,1.0,1.0,Ronai & Xiang (2024): Eonlystrong,2
top_k,100.0,rnx_eonlystrong,Eonlystrong::04,ronai_xiang_2024::ronai_xiang_2024::item::04,0.7,ronai_xiang_2024,ronai_xiang_2024,1.0,0.978,0.978,1.0,Ronai & Xiang (2024): Eonlystrong,3
top_k,100.0,rnx_eonlystrong,Eonlystrong::05,ronai_xiang_2024::ronai_xiang_2024::item::05,0.925,ronai_xiang_2024,ronai_xiang_2024,0.264,0.336,0.194,0.406,Ronai & Xiang (2024): Eonlystrong,4
top_k,100.0,rnx_eonlystrong,Eonlystrong::06,ronai_xiang_2024::ronai_xiang_2024::item::06,0.925,ronai_xiang_2024,ronai_xiang_2024,1.0,0.87,0.87,1.0,Ronai & Xiang (2024): Eonlystrong,5
top_k,100.0,rnx_eonlystrong,Eonlystrong::07,ronai_xiang_2024::ronai_xiang_2024::item::07,0.925,ronai_xiang_2024,ronai_xiang_2024,1.0,0.996,0.996,1.0,Ronai & Xiang (2024): Eonlystrong,6
top_k,100.0,rnx_eonlystrong,Eonlystrong::08,ronai_xiang_2024::ronai_xiang_2024::item::08,0.825,ronai_xiang_2024,ronai_xiang_2024,1.0,0.836,0.836,1.0,Ronai & Xiang (2024): Eonlystrong,7
top_k,100.0,rnx_eonlystrong,Eonlystrong::09,ronai_xiang_2024::ronai_xiang_2024::item::09,0.95,ronai_xiang_2024,ronai_xiang_2024,1.0,0.948,0.948,1.0,Ronai & Xiang (2024): Eonlystrong,8
top_k,100.0,rnx_eonlystrong,Eonlystrong::10,ronai_xiang_2024::ronai_xiang_2024::item::10,0.85,ronai_xiang_2024,ronai_xiang_2024,1.0,0.564,0.564,1.0,Ronai & Xiang (2024): Eonlystrong,9
top_k,100.0,rnx_eonlystrong,Eonlystrong::11,ronai_xiang_2024::ronai_xiang_2024::item::11,0.85,ronai_xiang_2024,ronai_xiang_2024,1.0,0.926,0.926,1.0,Ronai & Xiang (2024): Eonlystrong,0
top_k,100.0,rnx_eonlystrong,Eonlystrong::12,ronai_xiang_2024::ronai_xiang_2024::item::12,0.975,ronai_xiang_2024,ronai_xiang_2024,1.0,0.366,0.366,1.0,Ronai & Xiang (2024): Eonlystrong,1
top_k,100.0,rnx_eonlystrong,Eonlystrong::13,ronai_xiang_2024::ronai_xiang_2024::item::13,1.0,ronai_xiang_2024,ronai_xiang_2024,1.0,1.0,1.0,1.0,Ronai & Xiang (2024): Eonlystrong,2
top_k,100.0,rnx_eonlystrong,Eonlystrong::14,ronai_xiang_2024::ronai_xiang_2024::item::14,0.875,ronai_xiang_2024,ronai_xiang_2024,1.0,0.574,0.574,1.0,Ronai & Xiang (2024): Eonlystrong,3
top_k,100.0,rnx_eonlystrong,Eonlystrong::15,ronai_xiang_2024::ronai_xiang_2024::item::15,1.0,ronai_xiang_2024,ronai_xiang_2024,1.0,0.69,0.69,1.0,Ronai & Xiang (2024): Eonlystrong,4
top_k,100.0,rnx_eonlystrong,Eonlystrong::16,ronai_xiang_2024::ronai_xiang_2024::item::16,0.875,ronai_xiang_2024,ronai_xiang_2024,1.0,0.77,0.77,1.0,Ronai & Xiang (2024): Eonlystrong,5
top_k,100.0,rnx_eonlystrong,Eonlystrong::17,ronai_xiang_2024::ronai_xiang_2024::item::17,0.825,ronai_xiang_2024,ronai_xiang_2024,1.0,0.956,0.956,1.0,Ronai & Xiang (2024): Eonlystrong,6
top_k,100.0,rnx_eonlystrong,Eonlystrong::18,ronai_xiang_2024::ronai_xiang_2024::item::18,0.875,ronai_xiang_2024,ronai_xiang_2024,1.0,0.892,0.892,1.0,Ronai & Xiang (2024): Eonlystrong,7
top_k,100.0,rnx_eonlystrong,Eonlystrong::19,ronai_xiang_2024::ronai_xiang_2024::item::19,0.9,ronai_xiang_2024,ronai_xiang_2024,1.0,0.91,0.91,1.0,Ronai & Xiang (2024): Eonlystrong,8
top_k,100.0,rnx_eonlystrong,Eonlystrong::20,ronai_xiang_2024::ronai_xiang_2024::item::20,0.875,ronai_xiang_2024,ronai_xiang_2024,1.0,0.56,0.56,1.0,Ronai & Xiang (2024): Eonlystrong,9
top_k,100.0,rnx_eonlystrong,Eonlystrong::21,ronai_xiang_2024::ronai_xiang_2024::item::21,0.8,ronai_xiang_2024,ronai_xiang_2024,1.0,0.982,0.982,1.0,Ronai & Xiang (2024): Eonlystrong,0
top_k,100.0,rnx_eonlystrong,Eonlystrong::22,ronai_xiang_2024::ronai_xiang_2024::item::22,0.925,ronai_xiang_2024,ronai_xiang_2024,0.362,0.934,0.354,0.942,Ronai & Xiang (2024): Eonlystrong,1
top_k,100.0,rnx_eonlystrong,Eonlystrong::23,ronai_xiang_2024::ronai_xiang_2024::item::23,0.875,ronai_xiang_2024,ronai_xiang_2024,1.0,0.998,0.998,1.0,Ronai & Xiang (2024): Eonlystrong,2
top_k,100.0,rnx_eonlystrong,Eonlystrong::24,ronai_xiang_2024::ronai_xiang_2024::item::24,0.925,ronai_xiang_2024,ronai_xiang_2024,1.0,0.764,0.764,1.0,Ronai & Xiang (2024): Eonlystrong,3
top_k,100.0,rnx_eonlystrong,Eonlystrong::25,ronai_xiang_2024::ronai_xiang_2024::item::25,0.95,ronai_xiang_2024,ronai_xiang_2024,0.986,0.892,0.886,0.992,Ronai & Xiang (2024): Eonlystrong,4
top_k,100.0,rnx_eonlystrong,Eonlystrong::26,ronai_xiang_2024::ronai_xiang_2024::item::26,0.925,ronai_xiang_2024,ronai_xiang_2024,1.0,0.522,0.522,1.0,Ronai & Xiang (2024): Eonlystrong,5
top_k,100.0,rnx_eonlystrong,Eonlystrong::27,ronai_xiang_2024::ronai_xiang_2024::item::27,0.875,ronai_xiang_2024,ronai_xiang_2024,0.926,0.158,0.158,0.926,Ronai & Xiang (2024): Eonlystrong,6
top_k,100.0,rnx_eonlystrong,Eonlystrong::28,ronai_xiang_2024::ronai_xiang_2024::item::28,0.975,ronai_xiang_2024,ronai_xiang_2024,1.0,0.984,0.984,1.0,Ronai & Xiang (2024): Eonlystrong,7
top_k,100.0,rnx_eonlystrong,Eonlystrong::29,ronai_xiang_2024::ronai_xiang_2024::item::29,0.675,ronai_xiang_2024,ronai_xiang_2024,1.0,0.996,0.996,1.0,Ronai & Xiang (2024): Eonlystrong,8
top_k,100.0,rnx_eonlystrong,Eonlystrong::30,ronai_xiang_2024::ronai_xiang_2024::item::30,0.925,ronai_xiang_2024,ronai_xiang_2024,1.0,0.534,0.534,1.0,Ronai & Xiang (2024): Eonlystrong,9
top_k,100.0,rnx_eonlystrong,Eonlystrong::31,ronai_xiang_2024::ronai_xiang_2024::item::31,0.8,ronai_xiang_2024,ronai_xiang_2024,0.218,0.852,0.21,0.86,Ronai & Xiang (2024): Eonlystrong,0
top_k,100.0,rnx_eonlystrong,Eonlystrong::32,ronai_xiang_2024::ronai_xiang_2024::item::32,0.9,ronai_xiang_2024,ronai_xiang_2024,1.0,1.0,1.0,1.0,Ronai & Xiang (2024): Eonlystrong,1
top_k,100.0,rnx_eonlystrong,Eonlystrong::33,ronai_xiang_2024::ronai_xiang_2024::item::33,1.0,ronai_xiang_2024,ronai_xiang_2024,0.2,0.822,0.198,0.824,Ronai & Xiang (2024): Eonlystrong,2
top_k,100.0,rnx_eonlystrong,Eonlystrong::34,ronai_xiang_2024::ronai_xiang_2024::item::34,0.875,ronai_xiang_2024,ronai_xiang_2024,1.0,1.0,1.0,1.0,Ronai & Xiang (2024): Eonlystrong,3
top_k,100.0,rnx_eonlystrong,Eonlystrong::35,ronai_xiang_2024::ronai_xiang_2024::item::35,0.825,ronai_xiang_2024,ronai_xiang_2024,1.0,1.0,1.0,1.0,Ronai & Xiang (2024): Eonlystrong,4
top_k,100.0,rnx_eonlystrong,Eonlystrong::36,ronai_xiang_2024::ronai_xiang_2024::item::36,0.875,ronai_xiang_2024,ronai_xiang_2024,0.19,0.494,0.168,0.516,Ronai & Xiang (2024): Eonlystrong,5
top_k,100.0,rnx_eonlystrong,Eonlystrong::37,ronai_xiang_2024::ronai_xiang_2024::item::37,0.875,ronai_xiang_2024,ronai_xiang_2024,1.0,0.784,0.784,1.0,Ronai & Xiang (2024): Eonlystrong,6
top_k,100.0,rnx_eonlystrong,Eonlystrong::38,ronai_xiang_2024::ronai_xiang_2024::item::38,0.975,ronai_xiang_2024,ronai_xiang_2024,0.864,0.542,0.532,0.874,Ronai & Xiang (2024): Eonlystrong,7
top_k,100.0,rnx_eonlystrong,Eonlystrong::39,ronai_xiang_2024::ronai_xiang_2024::item::39,0.8,ronai_xiang_2024,ronai_xiang_2024,1.0,0.274,0.274,1.0,Ronai & Xiang (2024): Eonlystrong,8
top_k,100.0,rnx_eonlystrong,Eonlystrong::40,ronai_xiang_2024::ronai_xiang_2024::item::40,0.975,ronai_xiang_2024,ronai_xiang_2024,1.0,0.962,0.962,1.0,Ronai & Xiang (2024): Eonlystrong,9
top_k,100.0,rnx_eonlystrong,Eonlystrong::41,ronai_xiang_2024::ronai_xiang_2024::item::41,0.825,ronai_xiang_2024,ronai_xiang_2024,1.0,0.9,0.9,1.0,Ronai & Xiang (2024): Eonlystrong,0
top_k,100.0,rnx_eonlystrong,Eonlystrong::42,ronai_xiang_2024::ronai_xiang_2024::item::42,0.8,ronai_xiang_2024,ronai_xiang_2024,1.0,0.882,0.882,1.0,Ronai & Xiang (2024): Eonlystrong,1
top_k,100.0,rnx_eonlystrong,Eonlystrong::43,ronai_xiang_2024::ronai_xiang_2024::item::43,1.0,ronai_xiang_2024,ronai_xiang_2024,1.0,0.682,0.682,1.0,Ronai & Xiang (2024): Eonlystrong,2
top_k,100.0,rnx_eonlystrong,Eonlystrong::44,ronai_xiang_2024::ronai_xiang_2024::item::44,1.0,ronai_xiang_2024,ronai_xiang_2024,1.0,0.998,0.998,1.0,Ronai & Xiang (2024): Eonlystrong,3
top_k,100.0,rnx_eonlystrong,Eonlystrong::45,ronai_xiang_2024::ronai_xiang_2024::item::45,0.725,ronai_xiang_2024,ronai_xiang_2024,0.994,0.538,0.538,0.994,Ronai & Xiang (2024): Eonlystrong,4
top_k,100.0,rnx_eonlystrong,Eonlystrong::46,ronai_xiang_2024::ronai_xiang_2024::item::46,0.725,ronai_xiang_2024,ronai_xiang_2024,1.0,0.992,0.992,1.0,Ronai & Xiang (2024): Eonlystrong,5
top_k,100.0,rnx_eonlystrong,Eonlystrong::47,ronai_xiang_2024::ronai_xiang_2024::item::47,0.975,ronai_xiang_2024,ronai_xiang_2024,1.0,0.746,0.746,1.0,Ronai & Xiang (2024): Eonlystrong,6
top_k,100.0,rnx_eonlystrong,Eonlystrong::48,ronai_xiang_2024::ronai_xiang_2024::item::48,0.95,ronai_xiang_2024,ronai_xiang_2024,1.0,0.998,0.998,1.0,Ronai & Xiang (2024): Eonlystrong,7
top_k,100.0,rnx_eonlystrong,Eonlystrong::49,ronai_xiang_2024::ronai_xiang_2024::item::49,0.975,ronai_xiang_2024,ronai_xiang_2024,1.0,0.902,0.902,1.0,Ronai & Xiang (2024): Eonlystrong,8
top_k,100.0,rnx_eonlystrong,Eonlystrong::50,ronai_xiang_2024::ronai_xiang_2024::item::50,0.775,ronai_xiang_2024,ronai_xiang_2024,1.0,0.844,0.844,1.0,Ronai & Xiang (2024): Eonlystrong,9
top_k,100.0,rnx_eonlystrong,Eonlystrong::51,ronai_xiang_2024::ronai_xiang_2024::item::51,1.0,ronai_xiang_2024,ronai_xiang_2024,1.0,0.996,0.996,1.0,Ronai & Xiang (2024): Eonlystrong,0
top_k,100.0,rnx_eonlystrong,Eonlystrong::52,ronai_xiang_2024::ronai_xiang_2024::item::52,0.925,ronai_xiang_2024,ronai_xiang_2024,1.0,0.976,0.976,1.0,Ronai & Xiang (2024): Eonlystrong,1
top_k,100.0,rnx_eonlystrong,Eonlystrong::53,ronai_xiang_2024::ronai_xiang_2024::item::53,0.775,ronai_xiang_2024,ronai_xiang_2024,1.0,0.906,0.906,1.0,Ronai & Xiang (2024): Eonlystrong,2
top_k,100.0,rnx_eonlystrong,Eonlystrong::54,ronai_xiang_2024::ronai_xiang_2024::item::54,0.875,ronai_xiang_2024,ronai_xiang_2024,1.0,1.0,1.0,1.0,Ronai & Xiang (2024): Eonlystrong,3
top_k,100.0,rnx_eonlystrong,Eonlystrong::55,ronai_xiang_2024::ronai_xiang_2024::item::55,0.825,ronai_xiang_2024,ronai_xiang_2024,1.0,1.0,1.0,1.0,Ronai & Xiang (2024): Eonlystrong,4
top_k,100.0,rnx_eonlystrong,Eonlystrong::56,ronai_xiang_2024::ronai_xiang_2024::item::56,0.85,ronai_xiang_2024,ronai_xiang_2024,1.0,0.89,0.89,1.0,Ronai & Xiang (2024): Eonlystrong,5
top_k,100.0,rnx_eonlystrong,Eonlystrong::57,ronai_xiang_2024::ronai_xiang_2024::item::57,0.85,ronai_xiang_2024,ronai_xiang_2024,1.0,0.768,0.768,1.0,Ronai & Xiang (2024): Eonlystrong,6
top_k,100.0,rnx_eonlystrong,Eonlystrong::58,ronai_xiang_2024::ronai_xiang_2024::item::58,1.0,ronai_xiang_2024,ronai_xiang_2024,1.0,0.75,0.75,1.0,Ronai & Xiang (2024): Eonlystrong,7
top_k,100.0,rnx_eonlystrong,Eonlystrong::59,ronai_xiang_2024::ronai_xiang_2024::item::59,0.9,ronai_xiang_2024,ronai_xiang_2024,1.0,0.638,0.638,1.0,Ronai & Xiang (2024): Eonlystrong,8
top_k,100.0,rnx_eonlystrong,Eonlystrong::60,ronai_xiang_2024::ronai_xiang_2024::item::60,0.875,ronai_xiang_2024,ronai_xiang_2024,1.0,0.984,0.984,1.0,Ronai & Xiang (2024): Eonlystrong,9
top_k,100.0,rnx_esi,ESI::01,ronai_xiang_2024::ronai_xiang_2024::item::01,0.825,ronai_xiang_2024,ronai_xiang_2024,0.004,0.032,0.004,0.032,Ronai & Xiang (2024): ESI,0
top_k,100.0,rnx_esi,ESI::02,ronai_xiang_2024::ronai_xiang_2024::item::02,0.05,ronai_xiang_2024,ronai_xiang_2024,0.016,0.25,0.016,0.25,Ronai & Xiang (2024): ESI,1
top_k,100.0,rnx_esi,ESI::03,ronai_xiang_2024::ronai_xiang_2024::item::03,0.2,ronai_xiang_2024,ronai_xiang_2024,0.04,0.162,0.036,0.166,Ronai & Xiang (2024): ESI,2
top_k,100.0,rnx_esi,ESI::04,ronai_xiang_2024::ronai_xiang_2024::item::04,0.625,ronai_xiang_2024,ronai_xiang_2024,0.462,0.962,0.454,0.97,Ronai & Xiang (2024): ESI,3
top_k,100.0,rnx_esi,ESI::05,ronai_xiang_2024::ronai_xiang_2024::item::05,0.05,ronai_xiang_2024,ronai_xiang_2024,0.018,0.012,0.01,0.02,Ronai & Xiang (2024): ESI,4
top_k,100.0,rnx_esi,ESI::06,ronai_xiang_2024::ronai_xiang_2024::item::06,0.425,ronai_xiang_2024,ronai_xiang_2024,0.888,0.736,0.694,0.93,Ronai & Xiang (2024): ESI,5
top_k,100.0,rnx_esi,ESI::07,ronai_xiang_2024::ronai_xiang_2024::item::07,0.375,ronai_xiang_2024,ronai_xiang_2024,0.09,0.468,0.082,0.476,Ronai & Xiang (2024): ESI,6
top_k,100.0,rnx_esi,ESI::08,ronai_xiang_2024::ronai_xiang_2024::item::08,0.275,ronai_xiang_2024,ronai_xiang_2024,0.572,0.688,0.484,0.776,Ronai & Xiang (2024): ESI,7
top_k,100.0,rnx_esi,ESI::09,ronai_xiang_2024::ronai_xiang_2024::item::09,0.7,ronai_xiang_2024,ronai_xiang_2024,0.058,0.258,0.054,0.262,Ronai & Xiang (2024): ESI,8
top_k,100.0,rnx_esi,ESI::10,ronai_xiang_2024::ronai_xiang_2024::item::10,0.075,ronai_xiang_2024,ronai_xiang_2024,0.012,0.034,0.012,0.034,Ronai & Xiang (2024): ESI,9
top_k,100.0,rnx_esi,ESI::11,ronai_xiang_2024::ronai_xiang_2024::item::11,0.225,ronai_xiang_2024,ronai_xiang_2024,0.0,0.0,0.0,0.0,Ronai & Xiang (2024): ESI,0
top_k,100.0,rnx_esi,ESI::12,ronai_xiang_2024::ronai_xiang_2024::item::12,0.525,ronai_xiang_2024,ronai_xiang_2024,0.012,0.062,0.012,0.062,Ronai & Xiang (2024): ESI,1
top_k,100.0,rnx_esi,ESI::13,ronai_xiang_2024::ronai_xiang_2024::item::13,0.675,ronai_xiang_2024,ronai_xiang_2024,0.582,0.96,0.574,0.968,Ronai & Xiang (2024): ESI,2
top_k,100.0,rnx_esi,ESI::14,ronai_xiang_2024::ronai_xiang_2024::item::14,0.05,ronai_xiang_2024,ronai_xiang_2024,0.006,0.016,0.006,0.016,Ronai & Xiang (2024): ESI,3
top_k,100.0,rnx_esi,ESI::15,ronai_xiang_2024::ronai_xiang_2024::item::15,0.3,ronai_xiang_2024,ronai_xiang_2024,0.024,0.062,0.02,0.066,Ronai & Xiang (2024): ESI,4
top_k,100.0,rnx_esi,ESI::16,ronai_xiang_2024::ronai_xiang_2024::item::16,0.05,ronai_xiang_2024,ronai_xiang_2024,0.0,0.028,0.0,0.028,Ronai & Xiang (2024): ESI,5
top_k,100.0,rnx_esi,ESI::17,ronai_xiang_2024::ronai_xiang_2024::item::17,0.575,ronai_xiang_2024,ronai_xiang_2024,0.002,0.12,0.002,0.12,Ronai & Xiang (2024): ESI,6
top_k,100.0,rnx_esi,ESI::18,ronai_xiang_2024::ronai_xiang_2024::item::18,0.2,ronai_xiang_2024,ronai_xiang_2024,0.01,0.164,0.008,0.166,Ronai & Xiang (2024): ESI,7
top_k,100.0,rnx_esi,ESI::19,ronai_xiang_2024::ronai_xiang_2024::item::19,0.5,ronai_xiang_2024,ronai_xiang_2024,0.746,0.61,0.556,0.8,Ronai & Xiang (2024): ESI,8
top_k,100.0,rnx_esi,ESI::20,ronai_xiang_2024::ronai_xiang_2024::item::20,0.2,ronai_xiang_2024,ronai_xiang_2024,0.0,0.008,0.0,0.008,Ronai & Xiang (2024): ESI,9
top_k,100.0,rnx_esi,ESI::21,ronai_xiang_2024::ronai_xiang_2024::item::21,0.05,ronai_xiang_2024,ronai_xiang_2024,0.028,0.378,0.028,0.378,Ronai & Xiang (2024): ESI,0
top_k,100.0,rnx_esi,ESI::22,ronai_xiang_2024::ronai_xiang_2024::item::22,0.175,ronai_xiang_2024,ronai_xiang_2024,0.006,0.78,0.006,0.78,Ronai & Xiang (2024): ESI,1
top_k,100.0,rnx_esi,ESI::23,ronai_xiang_2024::ronai_xiang_2024::item::23,0.7,ronai_xiang_2024,ronai_xiang_2024,0.022,0.488,0.022,0.488,Ronai & Xiang (2024): ESI,2
top_k,100.0,rnx_esi,ESI::24,ronai_xiang_2024::ronai_xiang_2024::item::24,0.1,ronai_xiang_2024,ronai_xiang_2024,0.014,0.324,0.012,0.326,Ronai & Xiang (2024): ESI,3
top_k,100.0,rnx_esi,ESI::25,ronai_xiang_2024::ronai_xiang_2024::item::25,0.875,ronai_xiang_2024,ronai_xiang_2024,0.002,0.016,0.0,0.018,Ronai & Xiang (2024): ESI,4
top_k,100.0,rnx_esi,ESI::26,ronai_xiang_2024::ronai_xiang_2024::item::26,0.875,ronai_xiang_2024,ronai_xiang_2024,0.036,0.038,0.024,0.05,Ronai & Xiang (2024): ESI,5
top_k,100.0,rnx_esi,ESI::27,ronai_xiang_2024::ronai_xiang_2024::item::27,0.325,ronai_xiang_2024,ronai_xiang_2024,0.0,0.012,0.0,0.012,Ronai & Xiang (2024): ESI,6
top_k,100.0,rnx_esi,ESI::28,ronai_xiang_2024::ronai_xiang_2024::item::28,0.7,ronai_xiang_2024,ronai_xiang_2024,0.444,0.264,0.238,0.47,Ronai & Xiang (2024): ESI,7
top_k,100.0,rnx_esi,ESI::29,ronai_xiang_2024::ronai_xiang_2024::item::29,0.25,ronai_xiang_2024,ronai_xiang_2024,1.0,1.0,1.0,1.0,Ronai & Xiang (2024): ESI,8
top_k,100.0,rnx_esi,ESI::30,ronai_xiang_2024::ronai_xiang_2024::item::30,0.1,ronai_xiang_2024,ronai_xiang_2024,0.002,0.206,0.002,0.206,Ronai & Xiang (2024): ESI,9
top_k,100.0,rnx_esi,ESI::31,ronai_xiang_2024::ronai_xiang_2024::item::31,0.6,ronai_xiang_2024,ronai_xiang_2024,0.048,0.456,0.046,0.458,Ronai & Xiang (2024): ESI,0
top_k,100.0,rnx_esi,ESI::32,ronai_xiang_2024::ronai_xiang_2024::item::32,0.475,ronai_xiang_2024,ronai_xiang_2024,0.144,0.994,0.144,0.994,Ronai & Xiang (2024): ESI,1
top_k,100.0,rnx_esi,ESI::33,ronai_xiang_2024::ronai_xiang_2024::item::33,0.95,ronai_xiang_2024,ronai_xiang_2024,0.132,0.582,0.128,0.586,Ronai & Xiang (2024): ESI,2
top_k,100.0,rnx_esi,ESI::34,ronai_xiang_2024::ronai_xiang_2024::item::34,0.65,ronai_xiang_2024,ronai_xiang_2024,0.07,0.978,0.07,0.978,Ronai & Xiang (2024): ESI,3
top_k,100.0,rnx_esi,ESI::35,ronai_xiang_2024::ronai_xiang_2024::item::35,0.05,ronai_xiang_2024,ronai_xiang_2024,0.0,0.032,0.0,0.032,Ronai & Xiang (2024): ESI,4
top_k,100.0,rnx_esi,ESI::36,ronai_xiang_2024::ronai_xiang_2024::item::36,0.825,ronai_xiang_2024,ronai_xiang_2024,0.006,0.152,0.006,0.152,Ronai & Xiang (2024): ESI,5
top_k,100.0,rnx_esi,ESI::37,ronai_xiang_2024::ronai_xiang_2024::item::37,0.075,ronai_xiang_2024,ronai_xiang_2024,0.208,0.456,0.178,0.486,Ronai & Xiang (2024): ESI,6
top_k,100.0,rnx_esi,ESI::38,ronai_xiang_2024::ronai_xiang_2024::item::38,0.775,ronai_xiang_2024,ronai_xiang_2024,0.12,0.488,0.112,0.496,Ronai & Xiang (2024): ESI,7
top_k,100.0,rnx_esi,ESI::39,ronai_xiang_2024::ronai_xiang_2024::item::39,0.55,ronai_xiang_2024,ronai_xiang_2024,0.324,0.174,0.15,0.348,Ronai & Xiang (2024): ESI,8
top_k,100.0,rnx_esi,ESI::40,ronai_xiang_2024::ronai_xiang_2024::item::40,0.8,ronai_xiang_2024,ronai_xiang_2024,0.0,0.174,0.0,0.174,Ronai & Xiang (2024): ESI,9
top_k,100.0,rnx_esi,ESI::41,ronai_xiang_2024::ronai_xiang_2024::item::41,0.025,ronai_xiang_2024,ronai_xiang_2024,0.01,0.808,0.01,0.808,Ronai & Xiang (2024): ESI,0
top_k,100.0,rnx_esi,ESI::42,ronai_xiang_2024::ronai_xiang_2024::item::42,0.075,ronai_xiang_2024,ronai_xiang_2024,0.346,0.548,0.292,0.602,Ronai & Xiang (2024): ESI,1
top_k,100.0,rnx_esi,ESI::43,ronai_xiang_2024::ronai_xiang_2024::item::43,0.725,ronai_xiang_2024,ronai_xiang_2024,0.856,0.176,0.176,0.856,Ronai & Xiang (2024): ESI,2
top_k,100.0,rnx_esi,ESI::44,ronai_xiang_2024::ronai_xiang_2024::item::44,0.825,ronai_xiang_2024,ronai_xiang_2024,0.006,0.786,0.006,0.786,Ronai & Xiang (2024): ESI,3
top_k,100.0,rnx_esi,ESI::45,ronai_xiang_2024::ronai_xiang_2024::item::45,0.175,ronai_xiang_2024,ronai_xiang_2024,0.006,0.072,0.006,0.072,Ronai & Xiang (2024): ESI,4
top_k,100.0,rnx_esi,ESI::46,ronai_xiang_2024::ronai_xiang_2024::item::46,0.1,ronai_xiang_2024,ronai_xiang_2024,0.008,0.862,0.008,0.862,Ronai & Xiang (2024): ESI,5
top_k,100.0,rnx_esi,ESI::47,ronai_xiang_2024::ronai_xiang_2024::item::47,0.925,ronai_xiang_2024,ronai_xiang_2024,0.732,0.548,0.508,0.772,Ronai & Xiang (2024): ESI,6
top_k,100.0,rnx_esi,ESI::48,ronai_xiang_2024::ronai_xiang_2024::item::48,0.275,ronai_xiang_2024,ronai_xiang_2024,0.586,0.642,0.474,0.754,Ronai & Xiang (2024): ESI,7
top_k,100.0,rnx_esi,ESI::49,ronai_xiang_2024::ronai_xiang_2024::item::49,0.25,ronai_xiang_2024,ronai_xiang_2024,0.0,0.036,0.0,0.036,Ronai & Xiang (2024): ESI,8
top_k,100.0,rnx_esi,ESI::50,ronai_xiang_2024::ronai_xiang_2024::item::50,0.025,ronai_xiang_2024,ronai_xiang_2024,0.002,0.524,0.002,0.524,Ronai & Xiang (2024): ESI,9
top_k,100.0,rnx_esi,ESI::51,ronai_xiang_2024::ronai_xiang_2024::item::51,0.65,ronai_xiang_2024,ronai_xiang_2024,0.096,0.996,0.096,0.996,Ronai & Xiang (2024): ESI,0
top_k,100.0,rnx_esi,ESI::52,ronai_xiang_2024::ronai_xiang_2024::item::52,0.775,ronai_xiang_2024,ronai_xiang_2024,0.016,0.636,0.016,0.636,Ronai & Xiang (2024): ESI,1
top_k,100.0,rnx_esi,ESI::53,ronai_xiang_2024::ronai_xiang_2024::item::53,0.05,ronai_xiang_2024,ronai_xiang_2024,0.0,0.348,0.0,0.348,Ronai & Xiang (2024): ESI,2
top_k,100.0,rnx_esi,ESI::54,ronai_xiang_2024::ronai_xiang_2024::item::54,0.1,ronai_xiang_2024,ronai_xiang_2024,0.0,0.322,0.0,0.322,Ronai & Xiang (2024): ESI,3
top_k,100.0,rnx_esi,ESI::55,ronai_xiang_2024::ronai_xiang_2024::item::55,0.05,ronai_xiang_2024,ronai_xiang_2024,0.0,0.482,0.0,0.482,Ronai & Xiang (2024): ESI,4
top_k,100.0,rnx_esi,ESI::56,ronai_xiang_2024::ronai_xiang_2024::item::56,0.65,ronai_xiang_2024,ronai_xiang_2024,0.05,0.208,0.048,0.21,Ronai & Xiang (2024): ESI,5
top_k,100.0,rnx_esi,ESI::57,ronai_xiang_2024::ronai_xiang_2024::item::57,0.15,ronai_xiang_2024,ronai_xiang_2024,0.196,0.524,0.178,0.542,Ronai & Xiang (2024): ESI,6
top_k,100.0,rnx_esi,ESI::58,ronai_xiang_2024::ronai_xiang_2024::item::58,0.4,ronai_xiang_2024,ronai_xiang_2024,1.0,0.69,0.69,1.0,Ronai & Xiang (2024): ESI,7
top_k,100.0,rnx_esi,ESI::59,ronai_xiang_2024::ronai_xiang_2024::item::59,0.125,ronai_xiang_2024,ronai_xiang_2024,0.062,0.002,0.002,0.062,Ronai & Xiang (2024): ESI,8
top_k,100.0,rnx_esi,ESI::60,ronai_xiang_2024::ronai_xiang_2024::item::60,0.075,ronai_xiang_2024,ronai_xiang_2024,0.008,0.032,0.008,0.032,Ronai & Xiang (2024): ESI,9
top_k,100.0,rnx_estrong,Estrong::01,ronai_xiang_2024::ronai_xiang_2024::item::01,0.7857142857,ronai_xiang_2024,ronai_xiang_2024,1.0,0.994,0.994,1.0,Ronai & Xiang (2024): Estrong,0
top_k,100.0,rnx_estrong,Estrong::02,ronai_xiang_2024::ronai_xiang_2024::item::02,0.5128205128,ronai_xiang_2024,ronai_xiang_2024,0.696,0.816,0.63,0.882,Ronai & Xiang (2024): Estrong,1
top_k,100.0,rnx_estrong,Estrong::03,ronai_xiang_2024::ronai_xiang_2024::item::03,0.6904761905,ronai_xiang_2024,ronai_xiang_2024,1.0,1.0,1.0,1.0,Ronai & Xiang (2024): Estrong,2
top_k,100.0,rnx_estrong,Estrong::04,ronai_xiang_2024::ronai_xiang_2024::item::04,0.6153846154,ronai_xiang_2024,ronai_xiang_2024,1.0,0.978,0.978,1.0,Ronai & Xiang (2024): Estrong,3
top_k,100.0,rnx_estrong,Estrong::05,ronai_xiang_2024::ronai_xiang_2024::item::05,0.3095238095,ronai_xiang_2024,ronai_xiang_2024,0.264,0.336,0.194,0.406,Ronai & Xiang (2024): Estrong,4
top_k,100.0,rnx_estrong,Estrong::06,ronai_xiang_2024::ronai_xiang_2024::item::06,0.4871794872,ronai_xiang_2024,ronai_xiang_2024,1.0,0.87,0.87,1.0,Ronai & Xiang (2024): Estrong,5
top_k,100.0,rnx_estrong,Estrong::07,ronai_xiang_2024::ronai_xiang_2024::item::07,0.7619047619,ronai_xiang_2024,ronai_xiang_2024,1.0,0.996,0.996,1.0,Ronai & Xiang (2024): Estrong,6
top_k,100.0,rnx_estrong,Estrong::08,ronai_xiang_2024::ronai_xiang_2024::item::08,0.6153846154,ronai_xiang_2024,ronai_xiang_2024,1.0,0.836,0.836,1.0,Ronai & Xiang (2024): Estrong,7
top_k,100.0,rnx_estrong,Estrong::09,ronai_xiang_2024::ronai_xiang_2024::item::09,0.880952381,ronai_xiang_2024,ronai_xiang_2024,1.0,0.948,0.948,1.0,Ronai & Xiang (2024): Estrong,8
top_k,100.0,rnx_estrong,Estrong::10,ronai_xiang_2024::ronai_xiang_2024::item::10,0.3333333333,ronai_xiang_2024,ronai_xiang_2024,1.0,0.564,0.564,1.0,Ronai & Xiang (2024): Estrong,9
top_k,100.0,rnx_estrong,Estrong::11,ronai_xiang_2024::ronai_xiang_2024::item::11,0.4761904762,ronai_xiang_2024,ronai_xiang_2024,1.0,0.926,0.926,1.0,Ronai & Xiang (2024): Estrong,0
top_k,100.0,rnx_estrong,Estrong::12,ronai_xiang_2024::ronai_xiang_2024::item::12,0.9487179487,ronai_xiang_2024,ronai_xiang_2024,1.0,0.366,0.366,1.0,Ronai & Xiang (2024): Estrong,1
top_k,100.0,rnx_estrong,Estrong::13,ronai_xiang_2024::ronai_xiang_2024::item::13,0.880952381,ronai_xiang_2024,ronai_xiang_2024,1.0,1.0,1.0,1.0,Ronai & Xiang (2024): Estrong,2
top_k,100.0,rnx_estrong,Estrong::14,ronai_xiang_2024::ronai_xiang_2024::item::14,0.358974359,ronai_xiang_2024,ronai_xiang_2024,1.0,0.574,0.574,1.0,Ronai & Xiang (2024): Estrong,3
top_k,100.0,rnx_estrong,Estrong::15,ronai_xiang_2024::ronai_xiang_2024::item::15,0.7142857143,ronai_xiang_2024,ronai_xiang_2024,1.0,0.69,0.69,1.0,Ronai & Xiang (2024): Estrong,4
top_k,100.0,rnx_estrong,Estrong::16,ronai_xiang_2024::ronai_xiang_2024::item::16,0.4871794872,ronai_xiang_2024,ronai_xiang_2024,1.0,0.77,0.77,1.0,Ronai & Xiang (2024): Estrong,5
top_k,100.0,rnx_estrong,Estrong::17,ronai_xiang_2024::ronai_xiang_2024::item::17,0.7619047619,ronai_xiang_2024,ronai_xiang_2024,1.0,0.956,0.956,1.0,Ronai & Xiang (2024): Estrong,6
top_k,100.0,rnx_estrong,Estrong::18,ronai_xiang_2024::ronai_xiang_2024::item::18,0.6153846154,ronai_xiang_2024,ronai_xiang_2024,1.0,0.892,0.892,1.0,Ronai & Xiang (2024): Estrong,7
top_k,100.0,rnx_estrong,Estrong::19,ronai_xiang_2024::ronai_xiang_2024::item::19,0.5714285714,ronai_xiang_2024,ronai_xiang_2024,1.0,0.91,0.91,1.0,Ronai & Xiang (2024): Estrong,8
top_k,100.0,rnx_estrong,Estrong::20,ronai_xiang_2024::ronai_xiang_2024::item::20,0.4358974359,ronai_xiang_2024,ronai_xiang_2024,1.0,0.56,0.56,1.0,Ronai & Xiang (2024): Estrong,9
top_k,100.0,rnx_estrong,Estrong::21,ronai_xiang_2024::ronai_xiang_2024::item::21,0.3333333333,ronai_xiang_2024,ronai_xiang_2024,1.0,0.982,0.982,1.0,Ronai & Xiang (2024): Estrong,0
top_k,100.0,rnx_estrong,Estrong::22,ronai_xiang_2024::ronai_xiang_2024::item::22,0.4615384615,ronai_xiang_2024,ronai_xiang_2024,0.362,0.934,0.354,0.942,Ronai & Xiang (2024): Estrong,1
top_k,100.0,rnx_estrong,Estrong::23,ronai_xiang_2024::ronai_xiang_2024::item::23,0.7142857143,ronai_xiang_2024,ronai_xiang_2024,1.0,0.998,0.998,1.0,Ronai & Xiang (2024): Estrong,2
top_k,100.0,rnx_estrong,Estrong::24,ronai_xiang_2024::ronai_xiang_2024::item::24,0.6153846154,ronai_xiang_2024,ronai_xiang_2024,1.0,0.764,0.764,1.0,Ronai & Xiang (2024): Estrong,3
top_k,100.0,rnx_estrong,Estrong::25,ronai_xiang_2024::ronai_xiang_2024::item::25,0.8333333333,ronai_xiang_2024,ronai_xiang_2024,0.986,0.892,0.886,0.992,Ronai & Xiang (2024): Estrong,4
top_k,100.0,rnx_estrong,Estrong::26,ronai_xiang_2024::ronai_xiang_2024::item::26,0.9743589744,ronai_xiang_2024,ronai_xiang_2024,1.0,0.522,0.522,1.0,Ronai & Xiang (2024): Estrong,5
top_k,100.0,rnx_estrong,Estrong::27,ronai_xiang_2024::ronai_xiang_2024::item::27,0.3571428571,ronai_xiang_2024,ronai_xiang_2024,0.926,0.158,0.158,0.926,Ronai & Xiang (2024): Estrong,6
top_k,100.0,rnx_estrong,Estrong::28,ronai_xiang_2024::ronai_xiang_2024::item::28,0.9487179487,ronai_xiang_2024,ronai_xiang_2024,1.0,0.984,0.984,1.0,Ronai & Xiang (2024): Estrong,7
top_k,100.0,rnx_estrong,Estrong::29,ronai_xiang_2024::ronai_xiang_2024::item::29,0.4761904762,ronai_xiang_2024,ronai_xiang_2024,1.0,0.996,0.996,1.0,Ronai & Xiang (2024): Estrong,8
top_k,100.0,rnx_estrong,Estrong::30,ronai_xiang_2024::ronai_xiang_2024::item::30,0.3846153846,ronai_xiang_2024,ronai_xiang_2024,1.0,0.534,0.534,1.0,Ronai & Xiang (2024): Estrong,9
top_k,100.0,rnx_estrong,Estrong::31,ronai_xiang_2024::ronai_xiang_2024::item::31,0.7142857143,ronai_xiang_2024,ronai_xiang_2024,0.218,0.852,0.21,0.86,Ronai & Xiang (2024): Estrong,0
top_k,100.0,rnx_estrong,Estrong::32,ronai_xiang_2024::ronai_xiang_2024::item::32,0.7948717949,ronai_xiang_2024,ronai_xiang_2024,1.0,1.0,1.0,1.0,Ronai & Xiang (2024): Estrong,1
top_k,100.0,rnx_estrong,Estrong::33,ronai_xiang_2024::ronai_xiang_2024::item::33,0.9761904762,ronai_xiang_2024,ronai_xiang_2024,0.2,0.822,0.198,0.824,Ronai & Xiang (2024): Estrong,2
top_k,100.0,rnx_estrong,Estrong::34,ronai_xiang_2024::ronai_xiang_2024::item::34,0.7692307692,ronai_xiang_2024,ronai_xiang_2024,1.0,1.0,1.0,1.0,Ronai & Xiang (2024): Estrong,3
top_k,100.0,rnx_estrong,Estrong::35,ronai_xiang_2024::ronai_xiang_2024::item::35,0.3333333333,ronai_xiang_2024,ronai_xiang_2024,1.0,1.0,1.0,1.0,Ronai & Xiang (2024): Estrong,4
top_k,100.0,rnx_estrong,Estrong::36,ronai_xiang_2024::ronai_xiang_2024::item::36,0.8461538462,ronai_xiang_2024,ronai_xiang_2024,0.19,0.494,0.168,0.516,Ronai & Xiang (2024): Estrong,5
top_k,100.0,rnx_estrong,Estrong::37,ronai_xiang_2024::ronai_xiang_2024::item::37,0.3095238095,ronai_xiang_2024,ronai_xiang_2024,1.0,0.784,0.784,1.0,Ronai & Xiang (2024): Estrong,6
top_k,100.0,rnx_estrong,Estrong::38,ronai_xiang_2024::ronai_xiang_2024::item::38,0.8461538462,ronai_xiang_2024,ronai_xiang_2024,0.864,0.542,0.532,0.874,Ronai & Xiang (2024): Estrong,7
top_k,100.0,rnx_estrong,Estrong::39,ronai_xiang_2024::ronai_xiang_2024::item::39,0.6428571429,ronai_xiang_2024,ronai_xiang_2024,1.0,0.274,0.274,1.0,Ronai & Xiang (2024): Estrong,8
top_k,100.0,rnx_estrong,Estrong::40,ronai_xiang_2024::ronai_xiang_2024::item::40,0.8461538462,ronai_xiang_2024,ronai_xiang_2024,1.0,0.962,0.962,1.0,Ronai & Xiang (2024): Estrong,9
top_k,100.0,rnx_estrong,Estrong::41,ronai_xiang_2024::ronai_xiang_2024::item::41,0.2619047619,ronai_xiang_2024,ronai_xiang_2024,1.0,0.9,0.9,1.0,Ronai & Xiang (2024): Estrong,0
top_k,100.0,rnx_estrong,Estrong::42,ronai_xiang_2024::ronai_xiang_2024::item::42,0.5128205128,ronai_xiang_2024,ronai_xiang_2024,1.0,0.882,0.882,1.0,Ronai & Xiang (2024): Estrong,1
top_k,100.0,rnx_estrong,Estrong::43,ronai_xiang_2024::ronai_xiang_2024::item::43,0.9047619048,ronai_xiang_2024,ronai_xiang_2024,1.0,0.682,0.682,1.0,Ronai & Xiang (2024): Estrong,2
top_k,100.0,rnx_estrong,Estrong::44,ronai_xiang_2024::ronai_xiang_2024::item::44,0.9230769231,ronai_xiang_2024,ronai_xiang_2024,1.0,0.998,0.998,1.0,Ronai & Xiang (2024): Estrong,3
top_k,100.0,rnx_estrong,Estrong::45,ronai_xiang_2024::ronai_xiang_2024::item::45,0.2142857143,ronai_xiang_2024,ronai_xiang_2024,0.994,0.538,0.538,0.994,Ronai & Xiang (2024): Estrong,4
top_k,100.0,rnx_estrong,Estrong::46,ronai_xiang_2024::ronai_xiang_2024::item::46,0.0512820513,ronai_xiang_2024,ronai_xiang_2024,1.0,0.992,0.992,1.0,Ronai & Xiang (2024): Estrong,5
top_k,100.0,rnx_estrong,Estrong::47,ronai_xiang_2024::ronai_xiang_2024::item::47,0.8571428571,ronai_xiang_2024,ronai_xiang_2024,1.0,0.746,0.746,1.0,Ronai & Xiang (2024): Estrong,6
top_k,100.0,rnx_estrong,Estrong::48,ronai_xiang_2024::ronai_xiang_2024::item::48,0.7692307692,ronai_xiang_2024,ronai_xiang_2024,1.0,0.998,0.998,1.0,Ronai & Xiang (2024): Estrong,7
top_k,100.0,rnx_estrong,Estrong::49,ronai_xiang_2024::ronai_xiang_2024::item::49,0.6904761905,ronai_xiang_2024,ronai_xiang_2024,1.0,0.902,0.902,1.0,Ronai & Xiang (2024): Estrong,8
top_k,100.0,rnx_estrong,Estrong::50,ronai_xiang_2024::ronai_xiang_2024::item::50,0.2820512821,ronai_xiang_2024,ronai_xiang_2024,1.0,0.844,0.844,1.0,Ronai & Xiang (2024): Estrong,9
top_k,100.0,rnx_estrong,Estrong::51,ronai_xiang_2024::ronai_xiang_2024::item::51,0.8095238095,ronai_xiang_2024,ronai_xiang_2024,1.0,0.996,0.996,1.0,Ronai & Xiang (2024): Estrong,0
top_k,100.0,rnx_estrong,Estrong::52,ronai_xiang_2024::ronai_xiang_2024::item::52,0.9230769231,ronai_xiang_2024,ronai_xiang_2024,1.0,0.976,0.976,1.0,Ronai & Xiang (2024): Estrong,1
top_k,100.0,rnx_estrong,Estrong::53,ronai_xiang_2024::ronai_xiang_2024::item::53,0.1428571429,ronai_xiang_2024,ronai_xiang_2024,1.0,0.906,0.906,1.0,Ronai & Xiang (2024): Estrong,2
top_k,100.0,rnx_estrong,Estrong::54,ronai_xiang_2024::ronai_xiang_2024::item::54,0.5897435897,ronai_xiang_2024,ronai_xiang_2024,1.0,1.0,1.0,1.0,Ronai & Xiang (2024): Estrong,3
top_k,100.0,rnx_estrong,Estrong::55,ronai_xiang_2024::ronai_xiang_2024::item::55,0.1666666667,ronai_xiang_2024,ronai_xiang_2024,1.0,1.0,1.0,1.0,Ronai & Xiang (2024): Estrong,4
top_k,100.0,rnx_estrong,Estrong::56,ronai_xiang_2024::ronai_xiang_2024::item::56,0.8461538462,ronai_xiang_2024,ronai_xiang_2024,1.0,0.89,0.89,1.0,Ronai & Xiang (2024): Estrong,5
top_k,100.0,rnx_estrong,Estrong::57,ronai_xiang_2024::ronai_xiang_2024::item::57,0.5952380952,ronai_xiang_2024,ronai_xiang_2024,1.0,0.768,0.768,1.0,Ronai & Xiang (2024): Estrong,6
top_k,100.0,rnx_estrong,Estrong::58,ronai_xiang_2024::ronai_xiang_2024::item::58,0.7179487179,ronai_xiang_2024,ronai_xiang_2024,1.0,0.75,0.75,1.0,Ronai & Xiang (2024): Estrong,7
top_k,100.0,rnx_estrong,Estrong::59,ronai_xiang_2024::ronai_xiang_2024::item::59,0.5476190476,ronai_xiang_2024,ronai_xiang_2024,1.0,0.638,0.638,1.0,Ronai & Xiang (2024): Estrong,8
top_k,100.0,rnx_estrong,Estrong::60,ronai_xiang_2024::ronai_xiang_2024::item::60,0.5641025641,ronai_xiang_2024,ronai_xiang_2024,1.0,0.984,0.984,1.0,Ronai & Xiang (2024): Estrong,9
top_k,100.0,rnx_eweak,Eweak::01,ronai_xiang_2024::ronai_xiang_2024::item::01,0.7179487179,ronai_xiang_2024,ronai_xiang_2024,0.042,0.0,0.0,0.042,Ronai & Xiang (2024): Eweak,0
top_k,100.0,rnx_eweak,Eweak::02,ronai_xiang_2024::ronai_xiang_2024::item::02,0.119047619,ronai_xiang_2024,ronai_xiang_2024,0.044,0.0,0.0,0.044,Ronai & Xiang (2024): Eweak,1
top_k,100.0,rnx_eweak,Eweak::03,ronai_xiang_2024::ronai_xiang_2024::item::03,0.1538461538,ronai_xiang_2024,ronai_xiang_2024,0.634,0.132,0.132,0.634,Ronai & Xiang (2024): Eweak,2
top_k,100.0,rnx_eweak,Eweak::04,ronai_xiang_2024::ronai_xiang_2024::item::04,0.3333333333,ronai_xiang_2024,ronai_xiang_2024,0.744,0.04,0.04,0.744,Ronai & Xiang (2024): Eweak,3
top_k,100.0,rnx_eweak,Eweak::05,ronai_xiang_2024::ronai_xiang_2024::item::05,0.1282051282,ronai_xiang_2024,ronai_xiang_2024,0.03,0.02,0.016,0.034,Ronai & Xiang (2024): Eweak,4
top_k,100.0,rnx_eweak,Eweak::06,ronai_xiang_2024::ronai_xiang_2024::item::06,0.4285714286,ronai_xiang_2024,ronai_xiang_2024,0.98,0.084,0.084,0.98,Ronai & Xiang (2024): Eweak,5
top_k,100.0,rnx_eweak,Eweak::07,ronai_xiang_2024::ronai_xiang_2024::item::07,0.2564102564,ronai_xiang_2024,ronai_xiang_2024,0.904,0.03,0.03,0.904,Ronai & Xiang (2024): Eweak,6
top_k,100.0,rnx_eweak,Eweak::08,ronai_xiang_2024::ronai_xiang_2024::item::08,0.1666666667,ronai_xiang_2024,ronai_xiang_2024,0.996,0.074,0.074,0.996,Ronai & Xiang (2024): Eweak,7
top_k,100.0,rnx_eweak,Eweak::09,ronai_xiang_2024::ronai_xiang_2024::item::09,0.6923076923,ronai_xiang_2024,ronai_xiang_2024,0.978,0.094,0.094,0.978,Ronai & Xiang (2024): Eweak,8
top_k,100.0,rnx_eweak,Eweak::10,ronai_xiang_2024::ronai_xiang_2024::item::10,0.0476190476,ronai_xiang_2024,ronai_xiang_2024,0.984,0.028,0.028,0.984,Ronai & Xiang (2024): Eweak,9
top_k,100.0,rnx_eweak,Eweak::11,ronai_xiang_2024::ronai_xiang_2024::item::11,0.2564102564,ronai_xiang_2024,ronai_xiang_2024,0.028,0.0,0.0,0.028,Ronai & Xiang (2024): Eweak,0
top_k,100.0,rnx_eweak,Eweak::12,ronai_xiang_2024::ronai_xiang_2024::item::12,0.4047619048,ronai_xiang_2024,ronai_xiang_2024,1.0,0.038,0.038,1.0,Ronai & Xiang (2024): Eweak,1
top_k,100.0,rnx_eweak,Eweak::13,ronai_xiang_2024::ronai_xiang_2024::item::13,0.6153846154,ronai_xiang_2024,ronai_xiang_2024,1.0,0.902,0.902,1.0,Ronai & Xiang (2024): Eweak,2
top_k,100.0,rnx_eweak,Eweak::14,ronai_xiang_2024::ronai_xiang_2024::item::14,0.119047619,ronai_xiang_2024,ronai_xiang_2024,1.0,0.056,0.056,1.0,Ronai & Xiang (2024): Eweak,3
top_k,100.0,rnx_eweak,Eweak::15,ronai_xiang_2024::ronai_xiang_2024::item::15,0.2564102564,ronai_xiang_2024,ronai_xiang_2024,0.984,0.074,0.074,0.984,Ronai & Xiang (2024): Eweak,4
top_k,100.0,rnx_eweak,Eweak::16,ronai_xiang_2024::ronai_xiang_2024::item::16,0.0952380952,ronai_xiang_2024,ronai_xiang_2024,0.118,0.004,0.004,0.118,Ronai & Xiang (2024): Eweak,5
top_k,100.0,rnx_eweak,Eweak::17,ronai_xiang_2024::ronai_xiang_2024::item::17,0.6153846154,ronai_xiang_2024,ronai_xiang_2024,0.226,0.024,0.024,0.226,Ronai & Xiang (2024): Eweak,6
top_k,100.0,rnx_eweak,Eweak::18,ronai_xiang_2024::ronai_xiang_2024::item::18,0.1666666667,ronai_xiang_2024,ronai_xiang_2024,0.178,0.006,0.006,0.178,Ronai & Xiang (2024): Eweak,7
top_k,100.0,rnx_eweak,Eweak::19,ronai_xiang_2024::ronai_xiang_2024::item::19,0.3076923077,ronai_xiang_2024,ronai_xiang_2024,1.0,0.216,0.216,1.0,Ronai & Xiang (2024): Eweak,8
top_k,100.0,rnx_eweak,Eweak::20,ronai_xiang_2024::ronai_xiang_2024::item::20,0.2619047619,ronai_xiang_2024,ronai_xiang_2024,0.792,0.026,0.026,0.792,Ronai & Xiang (2024): Eweak,9
top_k,100.0,rnx_eweak,Eweak::21,ronai_xiang_2024::ronai_xiang_2024::item::21,0.1025641026,ronai_xiang_2024,ronai_xiang_2024,0.682,0.038,0.038,0.682,Ronai & Xiang (2024): Eweak,0
top_k,100.0,rnx_eweak,Eweak::22,ronai_xiang_2024::ronai_xiang_2024::item::22,0.119047619,ronai_xiang_2024,ronai_xiang_2024,0.02,0.506,0.018,0.508,Ronai & Xiang (2024): Eweak,1
top_k,100.0,rnx_eweak,Eweak::23,ronai_xiang_2024::ronai_xiang_2024::item::23,0.6153846154,ronai_xiang_2024,ronai_xiang_2024,0.998,0.59,0.59,0.998,Ronai & Xiang (2024): Eweak,2
top_k,100.0,rnx_eweak,Eweak::24,ronai_xiang_2024::ronai_xiang_2024::item::24,0.1428571429,ronai_xiang_2024,ronai_xiang_2024,1.0,0.082,0.082,1.0,Ronai & Xiang (2024): Eweak,3
top_k,100.0,rnx_eweak,Eweak::25,ronai_xiang_2024::ronai_xiang_2024::item::25,0.6923076923,ronai_xiang_2024,ronai_xiang_2024,0.152,0.03,0.03,0.152,Ronai & Xiang (2024): Eweak,4
top_k,100.0,rnx_eweak,Eweak::26,ronai_xiang_2024::ronai_xiang_2024::item::26,0.7857142857,ronai_xiang_2024,ronai_xiang_2024,0.554,0.004,0.004,0.554,Ronai & Xiang (2024): Eweak,5
top_k,100.0,rnx_eweak,Eweak::27,ronai_xiang_2024::ronai_xiang_2024::item::27,0.1282051282,ronai_xiang_2024,ronai_xiang_2024,0.26,0.008,0.008,0.26,Ronai & Xiang (2024): Eweak,6
top_k,100.0,rnx_eweak,Eweak::28,ronai_xiang_2024::ronai_xiang_2024::item::28,0.7142857143,ronai_xiang_2024,ronai_xiang_2024,1.0,0.742,0.742,1.0,Ronai & Xiang (2024): Eweak,7
top_k,100.0,rnx_eweak,Eweak::29,ronai_xiang_2024::ronai_xiang_2024::item::29,0.2051282051,ronai_xiang_2024,ronai_xiang_2024,1.0,0.992,0.992,1.0,Ronai & Xiang (2024): Eweak,8
top_k,100.0,rnx_eweak,Eweak::30,ronai_xiang_2024::ronai_xiang_2024::item::30,0.1904761905,ronai_xiang_2024,ronai_xiang_2024,0.946,0.082,0.082,0.946,Ronai & Xiang (2024): Eweak,9
top_k,100.0,rnx_eweak,Eweak::31,ronai_xiang_2024::ronai_xiang_2024::item::31,0.3846153846,ronai_xiang_2024,ronai_xiang_2024,0.024,0.292,0.024,0.292,Ronai & Xiang (2024): Eweak,0
top_k,100.0,rnx_eweak,Eweak::32,ronai_xiang_2024::ronai_xiang_2024::item::32,0.5238095238,ronai_xiang_2024,ronai_xiang_2024,1.0,0.692,0.692,1.0,Ronai & Xiang (2024): Eweak,1
top_k,100.0,rnx_eweak,Eweak::33,ronai_xiang_2024::ronai_xiang_2024::item::33,0.8974358974,ronai_xiang_2024,ronai_xiang_2024,0.284,0.432,0.232,0.484,Ronai & Xiang (2024): Eweak,2
top_k,100.0,rnx_eweak,Eweak::34,ronai_xiang_2024::ronai_xiang_2024::item::34,0.619047619,ronai_xiang_2024,ronai_xiang_2024,0.196,0.004,0.004,0.196,Ronai & Xiang (2024): Eweak,3
top_k,100.0,rnx_eweak,Eweak::35,ronai_xiang_2024::ronai_xiang_2024::item::35,0.0769230769,ronai_xiang_2024,ronai_xiang_2024,0.26,0.012,0.012,0.26,Ronai & Xiang (2024): Eweak,4
top_k,100.0,rnx_eweak,Eweak::36,ronai_xiang_2024::ronai_xiang_2024::item::36,0.5476190476,ronai_xiang_2024,ronai_xiang_2024,0.076,0.02,0.02,0.076,Ronai & Xiang (2024): Eweak,5
top_k,100.0,rnx_eweak,Eweak::37,ronai_xiang_2024::ronai_xiang_2024::item::37,0.1025641026,ronai_xiang_2024,ronai_xiang_2024,1.0,0.308,0.308,1.0,Ronai & Xiang (2024): Eweak,6
top_k,100.0,rnx_eweak,Eweak::38,ronai_xiang_2024::ronai_xiang_2024::item::38,0.7380952381,ronai_xiang_2024,ronai_xiang_2024,0.206,0.028,0.028,0.206,Ronai & Xiang (2024): Eweak,7
top_k,100.0,rnx_eweak,Eweak::39,ronai_xiang_2024::ronai_xiang_2024::item::39,0.4615384615,ronai_xiang_2024,ronai_xiang_2024,0.242,0.0,0.0,0.242,Ronai & Xiang (2024): Eweak,8
top_k,100.0,rnx_eweak,Eweak::40,ronai_xiang_2024::ronai_xiang_2024::item::40,0.5476190476,ronai_xiang_2024,ronai_xiang_2024,0.04,0.0,0.0,0.04,Ronai & Xiang (2024): Eweak,9
top_k,100.0,rnx_eweak,Eweak::41,ronai_xiang_2024::ronai_xiang_2024::item::41,0.1282051282,ronai_xiang_2024,ronai_xiang_2024,0.158,0.016,0.016,0.158,Ronai & Xiang (2024): Eweak,0
top_k,100.0,rnx_eweak,Eweak::42,ronai_xiang_2024::ronai_xiang_2024::item::42,0.1428571429,ronai_xiang_2024,ronai_xiang_2024,0.994,0.144,0.144,0.994,Ronai & Xiang (2024): Eweak,1
top_k,100.0,rnx_eweak,Eweak::43,ronai_xiang_2024::ronai_xiang_2024::item::43,0.7435897436,ronai_xiang_2024,ronai_xiang_2024,1.0,0.104,0.104,1.0,Ronai & Xiang (2024): Eweak,2
top_k,100.0,rnx_eweak,Eweak::44,ronai_xiang_2024::ronai_xiang_2024::item::44,0.6428571429,ronai_xiang_2024,ronai_xiang_2024,1.0,0.204,0.204,1.0,Ronai & Xiang (2024): Eweak,3
top_k,100.0,rnx_eweak,Eweak::45,ronai_xiang_2024::ronai_xiang_2024::item::45,0.1282051282,ronai_xiang_2024,ronai_xiang_2024,0.046,0.01,0.01,0.046,Ronai & Xiang (2024): Eweak,4
top_k,100.0,rnx_eweak,Eweak::46,ronai_xiang_2024::ronai_xiang_2024::item::46,0.0952380952,ronai_xiang_2024,ronai_xiang_2024,0.972,0.496,0.496,0.972,Ronai & Xiang (2024): Eweak,5
top_k,100.0,rnx_eweak,Eweak::47,ronai_xiang_2024::ronai_xiang_2024::item::47,0.7948717949,ronai_xiang_2024,ronai_xiang_2024,1.0,0.382,0.382,1.0,Ronai & Xiang (2024): Eweak,6
top_k,100.0,rnx_eweak,Eweak::48,ronai_xiang_2024::ronai_xiang_2024::item::48,0.2142857143,ronai_xiang_2024,ronai_xiang_2024,1.0,0.094,0.094,1.0,Ronai & Xiang (2024): Eweak,7
top_k,100.0,rnx_eweak,Eweak::49,ronai_xiang_2024::ronai_xiang_2024::item::49,0.2820512821,ronai_xiang_2024,ronai_xiang_2024,0.032,0.0,0.0,0.032,Ronai & Xiang (2024): Eweak,8
top_k,100.0,rnx_eweak,Eweak::50,ronai_xiang_2024::ronai_xiang_2024::item::50,0.0714285714,ronai_xiang_2024,ronai_xiang_2024,0.994,0.056,0.056,0.994,Ronai & Xiang (2024): Eweak,9
top_k,100.0,rnx_eweak,Eweak::51,ronai_xiang_2024::ronai_xiang_2024::item::51,0.6923076923,ronai_xiang_2024,ronai_xiang_2024,0.086,0.0,0.0,0.086,Ronai & Xiang (2024): Eweak,0
top_k,100.0,rnx_eweak,Eweak::52,ronai_xiang_2024::ronai_xiang_2024::item::52,0.2857142857,ronai_xiang_2024,ronai_xiang_2024,0.262,0.008,0.008,0.262,Ronai & Xiang (2024): Eweak,1
top_k,100.0,rnx_eweak,Eweak::53,ronai_xiang_2024::ronai_xiang_2024::item::53,0.0256410256,ronai_xiang_2024,ronai_xiang_2024,0.826,0.02,0.02,0.826,Ronai & Xiang (2024): Eweak,2
top_k,100.0,rnx_eweak,Eweak::54,ronai_xiang_2024::ronai_xiang_2024::item::54,0.2380952381,ronai_xiang_2024,ronai_xiang_2024,0.016,0.0,0.0,0.016,Ronai & Xiang (2024): Eweak,3
top_k,100.0,rnx_eweak,Eweak::55,ronai_xiang_2024::ronai_xiang_2024::item::55,0.0256410256,ronai_xiang_2024,ronai_xiang_2024,0.99,0.456,0.456,0.99,Ronai & Xiang (2024): Eweak,4
top_k,100.0,rnx_eweak,Eweak::56,ronai_xiang_2024::ronai_xiang_2024::item::56,0.5952380952,ronai_xiang_2024,ronai_xiang_2024,1.0,0.564,0.564,1.0,Ronai & Xiang (2024): Eweak,5
top_k,100.0,rnx_eweak,Eweak::57,ronai_xiang_2024::ronai_xiang_2024::item::57,0.0769230769,ronai_xiang_2024,ronai_xiang_2024,1.0,0.15,0.15,1.0,Ronai & Xiang (2024): Eweak,6
top_k,100.0,rnx_eweak,Eweak::58,ronai_xiang_2024::ronai_xiang_2024::item::58,0.4523809524,ronai_xiang_2024,ronai_xiang_2024,0.944,0.132,0.132,0.944,Ronai & Xiang (2024): Eweak,7
top_k,100.0,rnx_eweak,Eweak::59,ronai_xiang_2024::ronai_xiang_2024::item::59,0.1282051282,ronai_xiang_2024,ronai_xiang_2024,0.352,0.0,0.0,0.352,Ronai & Xiang (2024): Eweak,8
top_k,100.0,rnx_eweak,Eweak::60,ronai_xiang_2024::ronai_xiang_2024::item::60,0.2380952381,ronai_xiang_2024,ronai_xiang_2024,0.354,0.006,0.006,0.354,Ronai & Xiang (2024): Eweak,9
top_p,0.6,hu_g18,g18::adequate/good,hu_2023_benchmark::g18::adequate/good,0.44,hu_2023_benchmark,g18,0.798,0.992,0.794,0.996,Hu: Gotzner et al. (2018),0
top_p,0.6,hu_g18,g18::ajar/open,hu_2023_benchmark::g18::ajar/open,0.11,hu_2023_benchmark,g18,0.1,1.0,0.1,1.0,Hu: Gotzner et al. (2018),1
top_p,0.6,hu_g18,g18::allowed/obligatory,hu_2023_benchmark::g18::allowed/obligatory,0.73,hu_2023_benchmark,g18,0.0,0.046,0.0,0.046,Hu: Gotzner et al. (2018),2
top_p,0.6,hu_g18,g18::annoyed/angry,hu_2023_benchmark::g18::annoyed/angry,0.51,hu_2023_benchmark,g18,0.028,0.966,0.028,0.966,Hu: Gotzner et al. (2018),3
top_p,0.6,hu_g18,g18::attractive/stunning,hu_2023_benchmark::g18::attractive/stunning,0.08,hu_2023_benchmark,g18,0.002,0.05,0.002,0.05,Hu: Gotzner et al. (2018),4
top_p,0.6,hu_g18,g18::bent/twisted,hu_2023_benchmark::g18::bent/twisted,0.46,hu_2023_benchmark,g18,0.0,0.334,0.0,0.334,Hu: Gotzner et al. (2018),5
top_p,0.6,hu_g18,g18::big/enormous,hu_2023_benchmark::g18::big/enormous,0.14,hu_2023_benchmark,g18,0.004,0.034,0.004,0.034,Hu: Gotzner et al. (2018),6
top_p,0.6,hu_g18,g18::calm/unflappable,hu_2023_benchmark::g18::calm/unflappable,0.25,hu_2023_benchmark,g18,0.0,0.158,0.0,0.158,Hu: Gotzner et al. (2018),7
top_p,0.6,hu_g18,g18::cheap/free,hu_2023_benchmark::g18::cheap/free,0.76,hu_2023_benchmark,g18,0.26,0.974,0.26,0.974,Hu: Gotzner et al. (2018),8
top_p,0.6,hu_g18,g18::chubby/fat,hu_2023_benchmark::g18::chubby/fat,0.32,hu_2023_benchmark,g18,0.004,0.988,0.004,0.988,Hu: Gotzner et al. (2018),9
top_p,0.6,hu_g18,g18::clean/spotless,hu_2023_benchmark::g18::clean/spotless,0.27,hu_2023_benchmark,g18,0.0,0.0,0.0,0.0,Hu: Gotzner et al. (2018),0
top_p,0.6,hu_g18,g18::cleanish/clean,hu_2023_benchmark::g18::cleanish/clean,0.55,hu_2023_benchmark,g18,0.05,1.0,0.05,1.0,Hu: Gotzner et al. (2018),1
top_p,0.6,hu_g18,g18::cold/freezing,hu_2023_benchmark::g18::cold/freezing,0.49,hu_2023_benchmark,g18,0.012,0.058,0.01,0.06,Hu: Gotzner et al. (2018),2
top_p,0.6,hu_g18,g18::content/happy,hu_2023_benchmark::g18::content/happy,0.22,hu_2023_benchmark,g18,0.096,0.904,0.096,0.904,Hu: Gotzner et al. (2018),3
top_p,0.6,hu_g18,g18::cool/cold,hu_2023_benchmark::g18::cool/cold,0.43,hu_2023_benchmark,g18,0.2,0.82,0.196,0.824,Hu: Gotzner et al. (2018),4
top_p,0.6,hu_g18,g18::damaged/broken,hu_2023_benchmark::g18::damaged/broken,0.16,hu_2023_benchmark,g18,0.022,0.904,0.022,0.904,Hu: Gotzner et al. (2018),5
top_p,0.6,hu_g18,g18::damp/wet,hu_2023_benchmark::g18::damp/wet,0.3,hu_2023_benchmark,g18,0.008,0.896,0.008,0.896,Hu: Gotzner et al. (2018),6
top_p,0.6,hu_g18,g18::dark/black,hu_2023_benchmark::g18::dark/black,0.37,hu_2023_benchmark,g18,0.016,0.654,0.016,0.654,Hu: Gotzner et al. (2018),7
top_p,0.6,hu_g18,g18::difficult/impossible,hu_2023_benchmark::g18::difficult/impossible,0.76,hu_2023_benchmark,g18,0.692,0.684,0.57,0.806,Hu: Gotzner et al. (2018),8
top_p,0.6,hu_g18,g18::dirty/filthy,hu_2023_benchmark::g18::dirty/filthy,0.14,hu_2023_benchmark,g18,0.0,0.012,0.0,0.012,Hu: Gotzner et al. (2018),9
top_p,0.6,hu_g18,g18::drunk/plastered,hu_2023_benchmark::g18::drunk/plastered,0.11,hu_2023_benchmark,g18,0.0,0.052,0.0,0.052,Hu: Gotzner et al. (2018),0
top_p,0.6,hu_g18,g18::dry/parched,hu_2023_benchmark::g18::dry/parched,0.22,hu_2023_benchmark,g18,0.002,0.004,0.002,0.004,Hu: Gotzner et al. (2018),1
top_p,0.6,hu_g18,g18::fat/obese,hu_2023_benchmark::g18::fat/obese,0.16,hu_2023_benchmark,g18,0.006,0.668,0.006,0.668,Hu: Gotzner et al. (2018),2
top_p,0.6,hu_g18,g18::faulty/non-functional,hu_2023_benchmark::g18::faulty/non-functional,0.39,hu_2023_benchmark,g18,0.0,0.03,0.0,0.03,Hu: Gotzner et al. (2018),3
top_p,0.6,hu_g18,g18::funny/hilarious,hu_2023_benchmark::g18::funny/hilarious,0.27,hu_2023_benchmark,g18,0.004,0.044,0.004,0.044,Hu: Gotzner et al. (2018),4
top_p,0.6,hu_g18,g18::good/excellent,hu_2023_benchmark::g18::good/excellent,0.65,hu_2023_benchmark,g18,0.03,0.016,0.016,0.03,Hu: Gotzner et al. (2018),5
top_p,0.6,hu_g18,g18::good/perfect,hu_2023_benchmark::g18::good/perfect,0.58,hu_2023_benchmark,g18,0.03,0.02,0.016,0.034,Hu: Gotzner et al. (2018),6
top_p,0.6,hu_g18,g18::happy/delighted,hu_2023_benchmark::g18::happy/delighted,0.19,hu_2023_benchmark,g18,0.006,0.046,0.006,0.046,Hu: Gotzner et al. (2018),7
top_p,0.6,hu_g18,g18::hard/unsolvable,hu_2023_benchmark::g18::hard/unsolvable,0.52,hu_2023_benchmark,g18,0.008,0.012,0.006,0.014,Hu: Gotzner et al. (2018),8
top_p,0.6,hu_g18,g18::hot/scalding,hu_2023_benchmark::g18::hot/scalding,0.35,hu_2023_benchmark,g18,0.0,0.0,0.0,0.0,Hu: Gotzner et al. (2018),9
top_p,0.6,hu_g18,g18::hungry/starving,hu_2023_benchmark::g18::hungry/starving,0.38,hu_2023_benchmark,g18,0.0,0.022,0.0,0.022,Hu: Gotzner et al. (2018),0
top_p,0.6,hu_g18,g18::intelligent/brilliant,hu_2023_benchmark::g18::intelligent/brilliant,0.19,hu_2023_benchmark,g18,0.024,0.668,0.024,0.668,Hu: Gotzner et al. (2018),1
top_p,0.6,hu_g18,g18::large/gigantic,hu_2023_benchmark::g18::large/gigantic,0.22,hu_2023_benchmark,g18,0.0,0.0,0.0,0.0,Hu: Gotzner et al. (2018),2
top_p,0.6,hu_g18,g18::light/white,hu_2023_benchmark::g18::light/white,0.27,hu_2023_benchmark,g18,0.032,0.466,0.032,0.466,Hu: Gotzner et al. (2018),3
top_p,0.6,hu_g18,g18::likely/certain,hu_2023_benchmark::g18::likely/certain,0.79,hu_2023_benchmark,g18,0.06,0.308,0.056,0.312,Hu: Gotzner et al. (2018),4
top_p,0.6,hu_g18,g18::loud/defeaning,hu_2023_benchmark::g18::loud/defeaning,0.34,hu_2023_benchmark,g18,0.0,0.0,0.0,0.0,Hu: Gotzner et al. (2018),5
top_p,0.6,hu_g18,g18::low/depleted,hu_2023_benchmark::g18::low/depleted,0.81,hu_2023_benchmark,g18,0.0,0.002,0.0,0.002,Hu: Gotzner et al. (2018),6
top_p,0.6,hu_g18,g18::mediocre/bad,hu_2023_benchmark::g18::mediocre/bad,0.7,hu_2023_benchmark,g18,0.646,1.0,0.646,1.0,Hu: Gotzner et al. (2018),7
top_p,0.6,hu_g18,g18::memorable/unforgettable,hu_2023_benchmark::g18::memorable/unforgettable,0.37,hu_2023_benchmark,g18,0.01,0.294,0.01,0.294,Hu: Gotzner et al. (2018),8
top_p,0.6,hu_g18,g18::old/ancient,hu_2023_benchmark::g18::old/ancient,0.32,hu_2023_benchmark,g18,0.002,0.082,0.002,0.082,Hu: Gotzner et al. (2018),9
top_p,0.6,hu_g18,g18::palatable/delicious,hu_2023_benchmark::g18::palatable/delicious,0.47,hu_2023_benchmark,g18,0.092,1.0,0.092,1.0,Hu: Gotzner et al. (2018),0
top_p,0.6,hu_g18,g18::poor/destitute,hu_2023_benchmark::g18::poor/destitute,0.31,hu_2023_benchmark,g18,0.0,0.102,0.0,0.102,Hu: Gotzner et al. (2018),1
top_p,0.6,hu_g18,g18::possible/certain,hu_2023_benchmark::g18::possible/certain,0.58,hu_2023_benchmark,g18,0.06,0.028,0.024,0.064,Hu: Gotzner et al. (2018),2
top_p,0.6,hu_g18,g18::pretty/gorgeous,hu_2023_benchmark::g18::pretty/gorgeous,0.19,hu_2023_benchmark,g18,0.0,0.014,0.0,0.014,Hu: Gotzner et al. (2018),3
top_p,0.6,hu_g18,g18::quiet/inaudible,hu_2023_benchmark::g18::quiet/inaudible,0.63,hu_2023_benchmark,g18,0.0,0.004,0.0,0.004,Hu: Gotzner et al. (2018),4
top_p,0.6,hu_g18,g18::rainy/pouring,hu_2023_benchmark::g18::rainy/pouring,0.29,hu_2023_benchmark,g18,0.004,0.258,0.004,0.258,Hu: Gotzner et al. (2018),5
top_p,0.6,hu_g18,g18::rare/extinct,hu_2023_benchmark::g18::rare/extinct,0.74,hu_2023_benchmark,g18,0.0,0.0,0.0,0.0,Hu: Gotzner et al. (2018),6
top_p,0.6,hu_g18,g18::satifisfactory/impeccable,hu_2023_benchmark::g18::satifisfactory/impeccable,0.79,hu_2023_benchmark,g18,0.0,0.996,0.0,0.996,Hu: Gotzner et al. (2018),7
top_p,0.6,hu_g18,g18::scarce/unavailable,hu_2023_benchmark::g18::scarce/unavailable,0.76,hu_2023_benchmark,g18,0.004,0.538,0.004,0.538,Hu: Gotzner et al. (2018),8
top_p,0.6,hu_g18,g18::scared/petrified,hu_2023_benchmark::g18::scared/petrified,0.32,hu_2023_benchmark,g18,0.002,0.67,0.002,0.67,Hu: Gotzner et al. (2018),9
top_p,0.6,hu_g18,g18::sickish/sick,hu_2023_benchmark::g18::sickish/sick,0.25,hu_2023_benchmark,g18,0.008,1.0,0.008,1.0,Hu: Gotzner et al. (2018),0
top_p,0.6,hu_g18,g18::silly/idiotic,hu_2023_benchmark::g18::silly/idiotic,0.32,hu_2023_benchmark,g18,0.0,0.152,0.0,0.152,Hu: Gotzner et al. (2018),1
top_p,0.6,hu_g18,g18::silly/ridiculous,hu_2023_benchmark::g18::silly/ridiculous,0.39,hu_2023_benchmark,g18,0.01,0.242,0.01,0.242,Hu: Gotzner et al. (2018),2
top_p,0.6,hu_g18,g18::sleepy/asleep,hu_2023_benchmark::g18::sleepy/asleep,0.81,hu_2023_benchmark,g18,0.002,0.432,0.002,0.432,Hu: Gotzner et al. (2018),3
top_p,0.6,hu_g18,g18::small/tiny,hu_2023_benchmark::g18::small/tiny,0.24,hu_2023_benchmark,g18,0.006,0.03,0.006,0.03,Hu: Gotzner et al. (2018),4
top_p,0.6,hu_g18,g18::snug/tight,hu_2023_benchmark::g18::snug/tight,0.18,hu_2023_benchmark,g18,0.026,0.958,0.026,0.958,Hu: Gotzner et al. (2018),5
top_p,0.6,hu_g18,g18::special/unique,hu_2023_benchmark::g18::special/unique,0.17,hu_2023_benchmark,g18,0.098,0.632,0.094,0.636,Hu: Gotzner et al. (2018),6
top_p,0.6,hu_g18,g18::tasty/delicious,hu_2023_benchmark::g18::tasty/delicious,0.16,hu_2023_benchmark,g18,0.04,0.884,0.04,0.884,Hu: Gotzner et al. (2018),7
top_p,0.6,hu_g18,g18::thin/skinny,hu_2023_benchmark::g18::thin/skinny,0.11,hu_2023_benchmark,g18,0.0,0.308,0.0,0.308,Hu: Gotzner et al. (2018),8
top_p,0.6,hu_g18,g18::tipsy/drunk,hu_2023_benchmark::g18::tipsy/drunk,0.38,hu_2023_benchmark,g18,0.004,0.838,0.004,0.838,Hu: Gotzner et al. (2018),9
top_p,0.6,hu_g18,g18::tired/exhausted,hu_2023_benchmark::g18::tired/exhausted,0.3,hu_2023_benchmark,g18,0.004,0.086,0.004,0.086,Hu: Gotzner et al. (2018),0
top_p,0.6,hu_g18,g18::ugly/hideous,hu_2023_benchmark::g18::ugly/hideous,0.21,hu_2023_benchmark,g18,0.0,0.068,0.0,0.068,Hu: Gotzner et al. (2018),1
top_p,0.6,hu_g18,g18::unhappy/miserable,hu_2023_benchmark::g18::unhappy/miserable,0.29,hu_2023_benchmark,g18,0.004,0.312,0.004,0.312,Hu: Gotzner et al. (2018),2
top_p,0.6,hu_g18,g18::unsettling/horrific,hu_2023_benchmark::g18::unsettling/horrific,0.62,hu_2023_benchmark,g18,0.006,0.96,0.006,0.96,Hu: Gotzner et al. (2018),3
top_p,0.6,hu_g18,g18::warm/hot,hu_2023_benchmark::g18::warm/hot,0.7,hu_2023_benchmark,g18,0.23,0.52,0.194,0.556,Hu: Gotzner et al. (2018),4
top_p,0.6,hu_g18,g18::wary/scared,hu_2023_benchmark::g18::wary/scared,0.45,hu_2023_benchmark,g18,0.006,0.866,0.006,0.866,Hu: Gotzner et al. (2018),5
top_p,0.6,hu_g18,g18::wet/soaked,hu_2023_benchmark::g18::wet/soaked,0.24,hu_2023_benchmark,g18,0.0,0.02,0.0,0.02,Hu: Gotzner et al. (2018),6
top_p,0.6,hu_pvt21,pvt21::amazing/miraculous,hu_2023_benchmark::pvt21::amazing/miraculous,0.363636364,hu_2023_benchmark,pvt21,0.008,0.02,0.004,0.024,Hu: Pankratz & van Tiel (2021),0
top_p,0.6,hu_pvt21,pvt21::angry/violent,hu_2023_benchmark::pvt21::angry/violent,0.176470588,hu_2023_benchmark,pvt21,0.0,0.108,0.0,0.108,Hu: Pankratz & van Tiel (2021),1
top_p,0.6,hu_pvt21,pvt21::big/huge,hu_2023_benchmark::pvt21::big/huge,0.210526316,hu_2023_benchmark,pvt21,0.132,0.346,0.12,0.358,Hu: Pankratz & van Tiel (2021),2
top_p,0.6,hu_pvt21,pvt21::bizarre/surreal,hu_2023_benchmark::pvt21::bizarre/surreal,0.260869565,hu_2023_benchmark,pvt21,0.0,0.078,0.0,0.078,Hu: Pankratz & van Tiel (2021),3
top_p,0.6,hu_pvt21,pvt21::bright/brilliant,hu_2023_benchmark::pvt21::bright/brilliant,0.125,hu_2023_benchmark,pvt21,0.124,0.87,0.122,0.872,Hu: Pankratz & van Tiel (2021),4
top_p,0.6,hu_pvt21,pvt21::busy/full,hu_2023_benchmark::pvt21::busy/full,0.2,hu_2023_benchmark,pvt21,1.0,0.584,0.584,1.0,Hu: Pankratz & van Tiel (2021),5
top_p,0.6,hu_pvt21,pvt21::calm/meditative,hu_2023_benchmark::pvt21::calm/meditative,0.057142857,hu_2023_benchmark,pvt21,0.014,0.25,0.014,0.25,Hu: Pankratz & van Tiel (2021),6
top_p,0.6,hu_pvt21,pvt21::casual/sloppy,hu_2023_benchmark::pvt21::casual/sloppy,0.517241379,hu_2023_benchmark,pvt21,0.0,0.098,0.0,0.098,Hu: Pankratz & van Tiel (2021),7
top_p,0.6,hu_pvt21,pvt21::cold/frosty,hu_2023_benchmark::pvt21::cold/frosty,0.235294118,hu_2023_benchmark,pvt21,0.03,0.028,0.014,0.044,Hu: Pankratz & van Tiel (2021),8
top_p,0.6,hu_pvt21,pvt21::comfortable/luxurious,hu_2023_benchmark::pvt21::comfortable/luxurious,0.5,hu_2023_benchmark,pvt21,0.372,0.05,0.05,0.372,Hu: Pankratz & van Tiel (2021),9
top_p,0.6,hu_pvt21,pvt21::cool/cold,hu_2023_benchmark::pvt21::cool/cold,0.357142857,hu_2023_benchmark,pvt21,1.0,0.754,0.754,1.0,Hu: Pankratz & van Tiel (2021),0
top_p,0.6,hu_pvt21,pvt21::cute/beautiful,hu_2023_benchmark::pvt21::cute/beautiful,0.135135135,hu_2023_benchmark,pvt21,0.428,0.94,0.422,0.946,Hu: Pankratz & van Tiel (2021),1
top_p,0.6,hu_pvt21,pvt21::damp/wet,hu_2023_benchmark::pvt21::damp/wet,0.111111111,hu_2023_benchmark,pvt21,0.878,0.836,0.772,0.942,Hu: Pankratz & van Tiel (2021),2
top_p,0.6,hu_pvt21,pvt21::dark/black,hu_2023_benchmark::pvt21::dark/black,0.227272727,hu_2023_benchmark,pvt21,0.714,0.086,0.086,0.714,Hu: Pankratz & van Tiel (2021),3
top_p,0.6,hu_pvt21,pvt21::decent/great,hu_2023_benchmark::pvt21::decent/great,0.5,hu_2023_benchmark,pvt21,0.2,0.984,0.2,0.984,Hu: Pankratz & van Tiel (2021),4
top_p,0.6,hu_pvt21,pvt21::dry/arid,hu_2023_benchmark::pvt21::dry/arid,0.137254902,hu_2023_benchmark,pvt21,0.24,0.06,0.06,0.24,Hu: Pankratz & van Tiel (2021),5
top_p,0.6,hu_pvt21,pvt21::elegant/ostentatious,hu_2023_benchmark::pvt21::elegant/ostentatious,0.552631579,hu_2023_benchmark,pvt21,0.006,0.0,0.0,0.006,Hu: Pankratz & van Tiel (2021),6
top_p,0.6,hu_pvt21,pvt21::emotional/sentimental,hu_2023_benchmark::pvt21::emotional/sentimental,0.058823529,hu_2023_benchmark,pvt21,0.01,0.338,0.01,0.338,Hu: Pankratz & van Tiel (2021),7
top_p,0.6,hu_pvt21,pvt21::enjoyable/great,hu_2023_benchmark::pvt21::enjoyable/great,0.135135135,hu_2023_benchmark,pvt21,0.656,0.984,0.65,0.99,Hu: Pankratz & van Tiel (2021),8
top_p,0.6,hu_pvt21,pvt21::evil/satanic,hu_2023_benchmark::pvt21::evil/satanic,0.25,hu_2023_benchmark,pvt21,0.028,0.248,0.028,0.248,Hu: Pankratz & van Tiel (2021),9
top_p,0.6,hu_pvt21,pvt21::fat/obese,hu_2023_benchmark::pvt21::fat/obese,0.107142857,hu_2023_benchmark,pvt21,0.044,0.882,0.044,0.882,Hu: Pankratz & van Tiel (2021),0
top_p,0.6,hu_pvt21,pvt21::funny/hilarious,hu_2023_benchmark::pvt21::funny/hilarious,0.229166667,hu_2023_benchmark,pvt21,0.016,0.104,0.014,0.106,Hu: Pankratz & van Tiel (2021),1
top_p,0.6,hu_pvt21,pvt21::grey/black,hu_2023_benchmark::pvt21::grey/black,0.934782609,hu_2023_benchmark,pvt21,0.384,0.884,0.372,0.896,Hu: Pankratz & van Tiel (2021),2
top_p,0.6,hu_pvt21,pvt21::happy/ecstatic,hu_2023_benchmark::pvt21::happy/ecstatic,0.243243243,hu_2023_benchmark,pvt21,0.004,0.028,0.004,0.028,Hu: Pankratz & van Tiel (2021),3
top_p,0.6,hu_pvt21,pvt21::honest/blunt,hu_2023_benchmark::pvt21::honest/blunt,0.191489362,hu_2023_benchmark,pvt21,0.022,0.176,0.022,0.176,Hu: Pankratz & van Tiel (2021),4
top_p,0.6,hu_pvt21,pvt21::hot/boiling,hu_2023_benchmark::pvt21::hot/boiling,0.553191489,hu_2023_benchmark,pvt21,0.04,0.028,0.022,0.046,Hu: Pankratz & van Tiel (2021),5
top_p,0.6,hu_pvt21,pvt21::mysterious/magical,hu_2023_benchmark::pvt21::mysterious/magical,0.511111111,hu_2023_benchmark,pvt21,0.02,0.512,0.02,0.512,Hu: Pankratz & van Tiel (2021),6
top_p,0.6,hu_pvt21,pvt21::nice/great,hu_2023_benchmark::pvt21::nice/great,0.205128205,hu_2023_benchmark,pvt21,0.998,0.666,0.666,0.998,Hu: Pankratz & van Tiel (2021),7
top_p,0.6,hu_pvt21,pvt21::odd/bizarre,hu_2023_benchmark::pvt21::odd/bizarre,0.2,hu_2023_benchmark,pvt21,0.0,0.038,0.0,0.038,Hu: Pankratz & van Tiel (2021),8
top_p,0.6,hu_pvt21,pvt21::okay/great,hu_2023_benchmark::pvt21::okay/great,0.717948718,hu_2023_benchmark,pvt21,0.128,0.924,0.128,0.924,Hu: Pankratz & van Tiel (2021),9
top_p,0.6,hu_pvt21,pvt21::painful/deadly,hu_2023_benchmark::pvt21::painful/deadly,0.76744186,hu_2023_benchmark,pvt21,0.008,0.018,0.008,0.018,Hu: Pankratz & van Tiel (2021),0
top_p,0.6,hu_pvt21,pvt21::pale/white,hu_2023_benchmark::pvt21::pale/white,0.486486486,hu_2023_benchmark,pvt21,0.878,0.998,0.876,1.0,Hu: Pankratz & van Tiel (2021),1
top_p,0.6,hu_pvt21,pvt21::polite/friendly,hu_2023_benchmark::pvt21::polite/friendly,0.166666667,hu_2023_benchmark,pvt21,1.0,0.896,0.896,1.0,Hu: Pankratz & van Tiel (2021),2
top_p,0.6,hu_pvt21,pvt21::pretty/beautiful,hu_2023_benchmark::pvt21::pretty/beautiful,0.097560976,hu_2023_benchmark,pvt21,0.234,0.502,0.192,0.544,Hu: Pankratz & van Tiel (2021),3
top_p,0.6,hu_pvt21,pvt21::quiet/silent,hu_2023_benchmark::pvt21::quiet/silent,0.378378378,hu_2023_benchmark,pvt21,0.138,0.538,0.126,0.55,Hu: Pankratz & van Tiel (2021),4
top_p,0.6,hu_pvt21,pvt21::red/scarlet,hu_2023_benchmark::pvt21::red/scarlet,0.23255814,hu_2023_benchmark,pvt21,0.03,0.058,0.026,0.062,Hu: Pankratz & van Tiel (2021),5
top_p,0.6,hu_pvt21,pvt21::rough/unfriendly,hu_2023_benchmark::pvt21::rough/unfriendly,0.5,hu_2023_benchmark,pvt21,0.004,0.026,0.004,0.026,Hu: Pankratz & van Tiel (2021),6
top_p,0.6,hu_pvt21,pvt21::sad/tragic,hu_2023_benchmark::pvt21::sad/tragic,0.261904762,hu_2023_benchmark,pvt21,0.064,0.272,0.062,0.274,Hu: Pankratz & van Tiel (2021),7
top_p,0.6,hu_pvt21,pvt21::smart/brilliant,hu_2023_benchmark::pvt21::smart/brilliant,0.068965517,hu_2023_benchmark,pvt21,0.026,0.28,0.026,0.28,Hu: Pankratz & van Tiel (2021),8
top_p,0.6,hu_pvt21,pvt21::soft/mushy,hu_2023_benchmark::pvt21::soft/mushy,0.3125,hu_2023_benchmark,pvt21,0.002,0.03,0.002,0.03,Hu: Pankratz & van Tiel (2021),9
top_p,0.6,hu_pvt21,pvt21::thick/impenetrable,hu_2023_benchmark::pvt21::thick/impenetrable,0.431372549,hu_2023_benchmark,pvt21,0.122,0.072,0.064,0.13,Hu: Pankratz & van Tiel (2021),0
top_p,0.6,hu_pvt21,pvt21::thin/invisible,hu_2023_benchmark::pvt21::thin/invisible,0.902439024,hu_2023_benchmark,pvt21,0.044,0.27,0.042,0.272,Hu: Pankratz & van Tiel (2021),1
top_p,0.6,hu_pvt21,pvt21::tiny/imperceptible,hu_2023_benchmark::pvt21::tiny/imperceptible,0.558823529,hu_2023_benchmark,pvt21,0.0,0.038,0.0,0.038,Hu: Pankratz & van Tiel (2021),2
top_p,0.6,hu_pvt21,pvt21::tough/impossible,hu_2023_benchmark::pvt21::tough/impossible,0.870967742,hu_2023_benchmark,pvt21,0.132,0.282,0.102,0.312,Hu: Pankratz & van Tiel (2021),3
top_p,0.6,hu_pvt21,pvt21::uncomfortable/painful,hu_2023_benchmark::pvt21::uncomfortable/painful,0.25,hu_2023_benchmark,pvt21,0.014,0.454,0.014,0.454,Hu: Pankratz & van Tiel (2021),4
top_p,0.6,hu_pvt21,pvt21::warm/hot,hu_2023_benchmark::pvt21::warm/hot,0.380952381,hu_2023_benchmark,pvt21,0.126,0.86,0.126,0.86,Hu: Pankratz & van Tiel (2021),5
top_p,0.6,hu_pvt21,pvt21::weird/alien,hu_2023_benchmark::pvt21::weird/alien,0.130434783,hu_2023_benchmark,pvt21,0.0,0.06,0.0,0.06,Hu: Pankratz & van Tiel (2021),6
top_p,0.6,hu_pvt21,pvt21::wet/sopping,hu_2023_benchmark::pvt21::wet/sopping,0.325,hu_2023_benchmark,pvt21,0.23,0.066,0.066,0.23,Hu: Pankratz & van Tiel (2021),7
top_p,0.6,hu_pvt21,pvt21::wonderful/perfect,hu_2023_benchmark::pvt21::wonderful/perfect,0.135135135,hu_2023_benchmark,pvt21,0.678,0.54,0.472,0.746,Hu: Pankratz & van Tiel (2021),8
top_p,0.6,hu_pvt21,pvt21::wrong/evil,hu_2023_benchmark::pvt21::wrong/evil,0.327586207,hu_2023_benchmark,pvt21,0.182,0.044,0.044,0.182,Hu: Pankratz & van Tiel (2021),9
top_p,0.6,hu_rx22,rx22::allowed/obligatory,hu_2023_benchmark::rx22::allowed/obligatory,0.825,hu_2023_benchmark,rx22,0.002,0.032,0.002,0.032,Hu: Ronai & Xiang (2022),0
top_p,0.6,hu_rx22,rx22::attractive/stunning,hu_2023_benchmark::rx22::attractive/stunning,0.05,hu_2023_benchmark,rx22,0.312,0.25,0.188,0.374,Hu: Ronai & Xiang (2022),1
top_p,0.6,hu_rx22,rx22::begin/complete,hu_2023_benchmark::rx22::begin/complete,0.2,hu_2023_benchmark,rx22,0.494,0.162,0.162,0.494,Hu: Ronai & Xiang (2022),2
top_p,0.6,hu_rx22,rx22::believe/know,hu_2023_benchmark::rx22::believe/know,0.625,hu_2023_benchmark,rx22,0.368,0.962,0.364,0.966,Hu: Ronai & Xiang (2022),3
top_p,0.6,hu_rx22,rx22::big/enormous,hu_2023_benchmark::rx22::big/enormous,0.05,hu_2023_benchmark,rx22,0.018,0.012,0.01,0.02,Hu: Ronai & Xiang (2022),4
top_p,0.6,hu_rx22,rx22::cool/cold,hu_2023_benchmark::rx22::cool/cold,0.425,hu_2023_benchmark,rx22,0.962,0.736,0.73,0.968,Hu: Ronai & Xiang (2022),5
top_p,0.6,hu_rx22,rx22::dark/black,hu_2023_benchmark::rx22::dark/black,0.275,hu_2023_benchmark,rx22,0.936,0.688,0.678,0.946,Hu: Ronai & Xiang (2022),6
top_p,0.6,hu_rx22,rx22::difficult/impossible,hu_2023_benchmark::rx22::difficult/impossible,0.7,hu_2023_benchmark,rx22,0.0,0.258,0.0,0.258,Hu: Ronai & Xiang (2022),7
top_p,0.6,hu_rx22,rx22::dirty/filthy,hu_2023_benchmark::rx22::dirty/filthy,0.075,hu_2023_benchmark,rx22,0.056,0.034,0.03,0.06,Hu: Ronai & Xiang (2022),8
top_p,0.6,hu_rx22,rx22::dislike/loathe,hu_2023_benchmark::rx22::dislike/loathe,0.225,hu_2023_benchmark,rx22,0.0,0.0,0.0,0.0,Hu: Ronai & Xiang (2022),9
top_p,0.6,hu_rx22,rx22::double/triple,hu_2023_benchmark::rx22::double/triple,0.525,hu_2023_benchmark,rx22,0.002,0.062,0.002,0.062,Hu: Ronai & Xiang (2022),0
top_p,0.6,hu_rx22,rx22::equally/more,hu_2023_benchmark::rx22::equally/more,0.675,hu_2023_benchmark,rx22,0.944,0.96,0.908,0.996,Hu: Ronai & Xiang (2022),1
top_p,0.6,hu_rx22,rx22::funny/hilarious,hu_2023_benchmark::rx22::funny/hilarious,0.05,hu_2023_benchmark,rx22,0.006,0.016,0.006,0.016,Hu: Ronai & Xiang (2022),2
top_p,0.6,hu_rx22,rx22::good/excellent,hu_2023_benchmark::rx22::good/excellent,0.3,hu_2023_benchmark,rx22,0.032,0.062,0.026,0.068,Hu: Ronai & Xiang (2022),3
top_p,0.6,hu_rx22,rx22::happy/ecstatic,hu_2023_benchmark::rx22::happy/ecstatic,0.05,hu_2023_benchmark,rx22,0.002,0.028,0.002,0.028,Hu: Ronai & Xiang (2022),4
top_p,0.6,hu_rx22,rx22::hard/unsolvable,hu_2023_benchmark::rx22::hard/unsolvable,0.575,hu_2023_benchmark,rx22,0.002,0.12,0.002,0.12,Hu: Ronai & Xiang (2022),5
top_p,0.6,hu_rx22,rx22::harmful/deadly,hu_2023_benchmark::rx22::harmful/deadly,0.2,hu_2023_benchmark,rx22,0.03,0.164,0.024,0.17,Hu: Ronai & Xiang (2022),6
top_p,0.6,hu_rx22,rx22::here/everywhere,hu_2023_benchmark::rx22::here/everywhere,0.5,hu_2023_benchmark,rx22,0.27,0.61,0.246,0.634,Hu: Ronai & Xiang (2022),7
top_p,0.6,hu_rx22,rx22::hungry/starving,hu_2023_benchmark::rx22::hungry/starving,0.2,hu_2023_benchmark,rx22,0.0,0.008,0.0,0.008,Hu: Ronai & Xiang (2022),8
top_p,0.6,hu_rx22,rx22::intelligent/brilliant,hu_2023_benchmark::rx22::intelligent/brilliant,0.05,hu_2023_benchmark,rx22,0.064,0.378,0.064,0.378,Hu: Ronai & Xiang (2022),9
top_p,0.6,hu_rx22,rx22::intimidating/terrifying,hu_2023_benchmark::rx22::intimidating/terrifying,0.175,hu_2023_benchmark,rx22,0.006,0.78,0.006,0.78,Hu: Ronai & Xiang (2022),0
top_p,0.6,hu_rx22,rx22::largely/totally,hu_2023_benchmark::rx22::largely/totally,0.7,hu_2023_benchmark,rx22,0.144,0.488,0.136,0.496,Hu: Ronai & Xiang (2022),1
top_p,0.6,hu_rx22,rx22::like/love,hu_2023_benchmark::rx22::like/love,0.1,hu_2023_benchmark,rx22,0.118,0.324,0.098,0.344,Hu: Ronai & Xiang (2022),2
top_p,0.6,hu_rx22,rx22::match/exceed,hu_2023_benchmark::rx22::match/exceed,0.875,hu_2023_benchmark,rx22,0.0,0.016,0.0,0.016,Hu: Ronai & Xiang (2022),3
top_p,0.6,hu_rx22,rx22::mostly/entirely,hu_2023_benchmark::rx22::mostly/entirely,0.875,hu_2023_benchmark,rx22,0.122,0.038,0.038,0.122,Hu: Ronai & Xiang (2022),4
top_p,0.6,hu_rx22,rx22::old/ancient,hu_2023_benchmark::rx22::old/ancient,0.325,hu_2023_benchmark,rx22,0.014,0.012,0.002,0.024,Hu: Ronai & Xiang (2022),5
top_p,0.6,hu_rx22,rx22::once/twice,hu_2023_benchmark::rx22::once/twice,0.7,hu_2023_benchmark,rx22,0.246,0.264,0.172,0.338,Hu: Ronai & Xiang (2022),6
top_p,0.6,hu_rx22,rx22::overweight/obese,hu_2023_benchmark::rx22::overweight/obese,0.1,hu_2023_benchmark,rx22,0.006,0.206,0.006,0.206,Hu: Ronai & Xiang (2022),7
top_p,0.6,hu_rx22,rx22::overwhelmingly/unanimously,hu_2023_benchmark::rx22::overwhelmingly/unanimously,0.6,hu_2023_benchmark,rx22,0.998,0.456,0.456,0.998,Hu: Ronai & Xiang (2022),8
top_p,0.6,hu_rx22,rx22::palatable/delicious,hu_2023_benchmark::rx22::palatable/delicious,0.475,hu_2023_benchmark,rx22,0.832,0.994,0.83,0.996,Hu: Ronai & Xiang (2022),9
top_p,0.6,hu_rx22,rx22::partially/completely,hu_2023_benchmark::rx22::partially/completely,0.95,hu_2023_benchmark,rx22,0.218,0.582,0.204,0.596,Hu: Ronai & Xiang (2022),0
top_p,0.6,hu_rx22,rx22::permit/require,hu_2023_benchmark::rx22::permit/require,0.65,hu_2023_benchmark,rx22,0.088,0.978,0.088,0.978,Hu: Ronai & Xiang (2022),1
top_p,0.6,hu_rx22,rx22::polished/impeccable,hu_2023_benchmark::rx22::polished/impeccable,0.05,hu_2023_benchmark,rx22,0.0,0.032,0.0,0.032,Hu: Ronai & Xiang (2022),2
top_p,0.6,hu_rx22,rx22::possible/certain,hu_2023_benchmark::rx22::possible/certain,0.825,hu_2023_benchmark,rx22,0.026,0.152,0.02,0.158,Hu: Ronai & Xiang (2022),3
top_p,0.6,hu_rx22,rx22::pretty/beautiful,hu_2023_benchmark::rx22::pretty/beautiful,0.075,hu_2023_benchmark,rx22,0.234,0.456,0.198,0.492,Hu: Ronai & Xiang (2022),4
top_p,0.6,hu_rx22,rx22::primarily/exclusively,hu_2023_benchmark::rx22::primarily/exclusively,0.775,hu_2023_benchmark,rx22,0.51,0.488,0.368,0.63,Hu: Ronai & Xiang (2022),5
top_p,0.6,hu_rx22,rx22::probably/necessarily,hu_2023_benchmark::rx22::probably/necessarily,0.55,hu_2023_benchmark,rx22,0.124,0.174,0.096,0.202,Hu: Ronai & Xiang (2022),6
top_p,0.6,hu_rx22,rx22::reduce/eliminate,hu_2023_benchmark::rx22::reduce/eliminate,0.8,hu_2023_benchmark,rx22,0.0,0.174,0.0,0.174,Hu: Ronai & Xiang (2022),7
top_p,0.6,hu_rx22,rx22::scared/petrified,hu_2023_benchmark::rx22::scared/petrified,0.025,hu_2023_benchmark,rx22,0.046,0.808,0.046,0.808,Hu: Ronai & Xiang (2022),8
top_p,0.6,hu_rx22,rx22::serious/life-threatening,hu_2023_benchmark::rx22::serious/life-threatening,0.075,hu_2023_benchmark,rx22,0.558,0.548,0.418,0.688,Hu: Ronai & Xiang (2022),9
top_p,0.6,hu_rx22,rx22::similar/identical,hu_2023_benchmark::rx22::similar/identical,0.725,hu_2023_benchmark,rx22,0.788,0.176,0.176,0.788,Hu: Ronai & Xiang (2022),0
top_p,0.6,hu_rx22,rx22::slow/stop,hu_2023_benchmark::rx22::slow/stop,0.825,hu_2023_benchmark,rx22,0.046,0.786,0.046,0.786,Hu: Ronai & Xiang (2022),1
top_p,0.6,hu_rx22,rx22::small/tiny,hu_2023_benchmark::rx22::small/tiny,0.175,hu_2023_benchmark,rx22,0.022,0.072,0.02,0.074,Hu: Ronai & Xiang (2022),2
top_p,0.6,hu_rx22,rx22::snug/tight,hu_2023_benchmark::rx22::snug/tight,0.1,hu_2023_benchmark,rx22,0.016,0.862,0.016,0.862,Hu: Ronai & Xiang (2022),3
top_p,0.6,hu_rx22,rx22::start/finish,hu_2023_benchmark::rx22::start/finish,0.275,hu_2023_benchmark,rx22,0.742,0.642,0.562,0.822,Hu: Ronai & Xiang (2022),4
top_p,0.6,hu_rx22,rx22::survive/thrive,hu_2023_benchmark::rx22::survive/thrive,0.25,hu_2023_benchmark,rx22,0.006,0.036,0.006,0.036,Hu: Ronai & Xiang (2022),5
top_p,0.6,hu_rx22,rx22::tired/exhausted,hu_2023_benchmark::rx22::tired/exhausted,0.025,hu_2023_benchmark,rx22,0.022,0.524,0.022,0.524,Hu: Ronai & Xiang (2022),6
top_p,0.6,hu_rx22,rx22::tolerate/encourage,hu_2023_benchmark::rx22::tolerate/encourage,0.65,hu_2023_benchmark,rx22,0.01,0.996,0.01,0.996,Hu: Ronai & Xiang (2022),7
top_p,0.6,hu_rx22,rx22::try/succeed,hu_2023_benchmark::rx22::try/succeed,0.775,hu_2023_benchmark,rx22,0.004,0.636,0.004,0.636,Hu: Ronai & Xiang (2022),8
top_p,0.6,hu_rx22,rx22::ugly/hideous,hu_2023_benchmark::rx22::ugly/hideous,0.05,hu_2023_benchmark,rx22,0.006,0.348,0.006,0.348,Hu: Ronai & Xiang (2022),9
top_p,0.6,hu_rx22,rx22::understandable/articulate,hu_2023_benchmark::rx22::understandable/articulate,0.1,hu_2023_benchmark,rx22,0.0,0.322,0.0,0.322,Hu: Ronai & Xiang (2022),0
top_p,0.6,hu_rx22,rx22::unpleasant/disgusting,hu_2023_benchmark::rx22::unpleasant/disgusting,0.05,hu_2023_benchmark,rx22,0.016,0.482,0.016,0.482,Hu: Ronai & Xiang (2022),1
top_p,0.6,hu_rx22,rx22::usually/always,hu_2023_benchmark::rx22::usually/always,0.65,hu_2023_benchmark,rx22,0.124,0.208,0.096,0.236,Hu: Ronai & Xiang (2022),2
top_p,0.6,hu_rx22,rx22::want/need,hu_2023_benchmark::rx22::want/need,0.15,hu_2023_benchmark,rx22,0.07,0.524,0.068,0.526,Hu: Ronai & Xiang (2022),3
top_p,0.6,hu_rx22,rx22::warm/hot,hu_2023_benchmark::rx22::warm/hot,0.4,hu_2023_benchmark,rx22,1.0,0.69,0.69,1.0,Hu: Ronai & Xiang (2022),4
top_p,0.6,hu_rx22,rx22::well/superbly,hu_2023_benchmark::rx22::well/superbly,0.125,hu_2023_benchmark,rx22,0.02,0.002,0.002,0.02,Hu: Ronai & Xiang (2022),5
top_p,0.6,hu_rx22,rx22::willing/eager,hu_2023_benchmark::rx22::willing/eager,0.075,hu_2023_benchmark,rx22,0.014,0.032,0.014,0.032,Hu: Ronai & Xiang (2022),6
top_p,0.6,hu_vt16,vt16::adequate/good,hu_2023_benchmark::vt16::adequate/good,0.32,hu_2023_benchmark,vt16,0.6913333333333332,0.9986666666666668,0.6913333333333332,0.9986666666666668,Hu: van Tiel et al. (2016),0
top_p,0.6,hu_vt16,vt16::allowed/obligatory,hu_2023_benchmark::vt16::allowed/obligatory,0.82,hu_2023_benchmark,vt16,0.0073333333333333,0.0313333333333333,0.0013333333333333,0.0373333333333333,Hu: van Tiel et al. (2016),1
top_p,0.6,hu_vt16,vt16::attractive/stunning,hu_2023_benchmark::vt16::attractive/stunning,0.21,hu_2023_benchmark,vt16,0.0266666666666666,0.102,0.026,0.1026666666666666,Hu: van Tiel et al. (2016),2
top_p,0.6,hu_vt16,vt16::believe/know,hu_2023_benchmark::vt16::believe/know,0.61,hu_2023_benchmark,vt16,0.4606666666666667,0.9406666666666668,0.4446666666666667,0.9566666666666668,Hu: van Tiel et al. (2016),3
top_p,0.6,hu_vt16,vt16::big/enormous,hu_2023_benchmark::vt16::big/enormous,0.21,hu_2023_benchmark,vt16,0.0906666666666666,0.032,0.028,0.0946666666666666,Hu: van Tiel et al. (2016),4
top_p,0.6,hu_vt16,vt16::cheap/free,hu_2023_benchmark::vt16::cheap/free,0.93,hu_2023_benchmark,vt16,0.7993333333333333,0.6746666666666666,0.6353333333333333,0.8386666666666667,Hu: van Tiel et al. (2016),5
top_p,0.6,hu_vt16,vt16::content/happy,hu_2023_benchmark::vt16::content/happy,0.04,hu_2023_benchmark,vt16,0.3186666666666666,0.9,0.3126666666666666,0.906,Hu: van Tiel et al. (2016),6
top_p,0.6,hu_vt16,vt16::cool/cold,hu_2023_benchmark::vt16::cool/cold,0.46,hu_2023_benchmark,vt16,0.566,0.522,0.3573333333333333,0.7306666666666667,Hu: van Tiel et al. (2016),7
top_p,0.6,hu_vt16,vt16::dark/black,hu_2023_benchmark::vt16::dark/black,0.29,hu_2023_benchmark,vt16,0.5646666666666667,0.656,0.4353333333333333,0.7853333333333333,Hu: van Tiel et al. (2016),8
top_p,0.6,hu_vt16,vt16::difficult/impossible,hu_2023_benchmark::vt16::difficult/impossible,0.96,hu_2023_benchmark,vt16,0.0133333333333333,0.4293333333333333,0.0133333333333333,0.4293333333333333,Hu: van Tiel et al. (2016),9
top_p,0.6,hu_vt16,vt16::dislike/loathe,hu_2023_benchmark::vt16::dislike/loathe,0.18,hu_2023_benchmark,vt16,0.0,0.0,0.0,0.0,Hu: van Tiel et al. (2016),0
top_p,0.6,hu_vt16,vt16::funny/hilarious,hu_2023_benchmark::vt16::funny/hilarious,0.29,hu_2023_benchmark,vt16,0.1633333333333333,0.0586666666666666,0.042,0.18,Hu: van Tiel et al. (2016),1
top_p,0.6,hu_vt16,vt16::good/excellent,hu_2023_benchmark::vt16::good/excellent,0.32,hu_2023_benchmark,vt16,0.4926666666666666,0.0786666666666666,0.078,0.4933333333333333,Hu: van Tiel et al. (2016),2
top_p,0.6,hu_vt16,vt16::good/perfect,hu_2023_benchmark::vt16::good/perfect,0.3899999999999999,hu_2023_benchmark,vt16,0.28,0.132,0.1166666666666666,0.2953333333333333,Hu: van Tiel et al. (2016),3
top_p,0.6,hu_vt16,vt16::hard/unsolvable,hu_2023_benchmark::vt16::hard/unsolvable,0.71,hu_2023_benchmark,vt16,0.0613333333333333,0.2613333333333333,0.036,0.2866666666666667,Hu: van Tiel et al. (2016),4
top_p,0.6,hu_vt16,vt16::hungry/starving,hu_2023_benchmark::vt16::hungry/starving,0.25,hu_2023_benchmark,vt16,0.0,0.0406666666666666,0.0,0.0406666666666666,Hu: van Tiel et al. (2016),5
top_p,0.6,hu_vt16,vt16::intelligent/brilliant,hu_2023_benchmark::vt16::intelligent/brilliant,0.07,hu_2023_benchmark,vt16,0.2046666666666666,0.7553333333333333,0.1826666666666666,0.7773333333333333,Hu: van Tiel et al. (2016),6
top_p,0.6,hu_vt16,vt16::like/love,hu_2023_benchmark::vt16::like/love,0.25,hu_2023_benchmark,vt16,0.086,0.3093333333333333,0.0786666666666666,0.3166666666666666,Hu: van Tiel et al. (2016),7
top_p,0.6,hu_vt16,vt16::low/depleted,hu_2023_benchmark::vt16::low/depleted,0.79,hu_2023_benchmark,vt16,0.0153333333333333,0.0139999999999999,0.01,0.0193333333333333,Hu: van Tiel et al. (2016),8
top_p,0.6,hu_vt16,vt16::may/will,hu_2023_benchmark::vt16::may/will,0.89,hu_2023_benchmark,vt16,0.9986666666666668,0.738,0.738,0.9986666666666668,Hu: van Tiel et al. (2016),9
top_p,0.6,hu_vt16,vt16::memorable/unforgettable,hu_2023_benchmark::vt16::memorable/unforgettable,0.54,hu_2023_benchmark,vt16,0.0506666666666666,0.61,0.0499999999999999,0.6106666666666667,Hu: van Tiel et al. (2016),0
top_p,0.6,hu_vt16,vt16::old/ancient,hu_2023_benchmark::vt16::old/ancient,0.36,hu_2023_benchmark,vt16,0.042,0.0186666666666666,0.016,0.0446666666666666,Hu: van Tiel et al. (2016),1
top_p,0.6,hu_vt16,vt16::palatable/delicious,hu_2023_benchmark::vt16::palatable/delicious,0.61,hu_2023_benchmark,vt16,0.966,1.0,0.966,1.0,Hu: van Tiel et al. (2016),2
top_p,0.6,hu_vt16,vt16::participate/win,hu_2023_benchmark::vt16::participate/win,0.18,hu_2023_benchmark,vt16,0.154,0.8766666666666666,0.152,0.8786666666666667,Hu: van Tiel et al. (2016),3
top_p,0.6,hu_vt16,vt16::possible/certain,hu_2023_benchmark::vt16::possible/certain,0.93,hu_2023_benchmark,vt16,0.108,0.2486666666666666,0.0913333333333333,0.2653333333333333,Hu: van Tiel et al. (2016),4
top_p,0.6,hu_vt16,vt16::pretty/beautiful,hu_2023_benchmark::vt16::pretty/beautiful,0.11,hu_2023_benchmark,vt16,0.3813333333333333,0.3666666666666667,0.2606666666666666,0.4873333333333334,Hu: van Tiel et al. (2016),5
top_p,0.6,hu_vt16,vt16::rare/extinct,hu_2023_benchmark::vt16::rare/extinct,0.79,hu_2023_benchmark,vt16,0.012,0.0119999999999999,0.006,0.018,Hu: van Tiel et al. (2016),6
top_p,0.6,hu_vt16,vt16::scarce/unavailable,hu_2023_benchmark::vt16::scarce/unavailable,0.57,hu_2023_benchmark,vt16,0.076,0.9106666666666668,0.0753333333333333,0.9113333333333332,Hu: van Tiel et al. (2016),7
top_p,0.6,hu_vt16,vt16::silly/ridiculous,hu_2023_benchmark::vt16::silly/ridiculous,0.14,hu_2023_benchmark,vt16,0.072,0.474,0.068,0.478,Hu: van Tiel et al. (2016),8
top_p,0.6,hu_vt16,vt16::small/tiny,hu_2023_benchmark::vt16::small/tiny,0.25,hu_2023_benchmark,vt16,0.0413333333333333,0.0413333333333333,0.022,0.0606666666666666,Hu: van Tiel et al. (2016),9
top_p,0.6,hu_vt16,vt16::snug/tight,hu_2023_benchmark::vt16::snug/tight,0.21,hu_2023_benchmark,vt16,0.01,0.7953333333333333,0.01,0.7953333333333333,Hu: van Tiel et al. (2016),0
top_p,0.6,hu_vt16,vt16::sometimes/always,hu_2023_benchmark::vt16::sometimes/always,0.86,hu_2023_benchmark,vt16,0.4113333333333333,0.4233333333333333,0.308,0.5266666666666667,Hu: van Tiel et al. (2016),1
top_p,0.6,hu_vt16,vt16::special/unique,hu_2023_benchmark::vt16::special/unique,0.14,hu_2023_benchmark,vt16,0.3133333333333333,0.4146666666666667,0.252,0.476,Hu: van Tiel et al. (2016),2
top_p,0.6,hu_vt16,vt16::start/finish,hu_2023_benchmark::vt16::start/finish,0.21,hu_2023_benchmark,vt16,0.3466666666666667,0.4553333333333333,0.3033333333333333,0.4986666666666666,Hu: van Tiel et al. (2016),3
top_p,0.6,hu_vt16,vt16::tired/exhausted,hu_2023_benchmark::vt16::tired/exhausted,0.14,hu_2023_benchmark,vt16,0.02,0.2666666666666666,0.0193333333333333,0.2673333333333333,Hu: van Tiel et al. (2016),4
top_p,0.6,hu_vt16,vt16::try/succeed,hu_2023_benchmark::vt16::try/succeed,0.3899999999999999,hu_2023_benchmark,vt16,0.0166666666666666,0.2506666666666666,0.016,0.2513333333333333,Hu: van Tiel et al. (2016),5
top_p,0.6,hu_vt16,vt16::ugly/hideous,hu_2023_benchmark::vt16::ugly/hideous,0.18,hu_2023_benchmark,vt16,0.01,0.2386666666666667,0.01,0.2386666666666667,Hu: van Tiel et al. (2016),6
top_p,0.6,hu_vt16,vt16::warm/hot,hu_2023_benchmark::vt16::warm/hot,0.64,hu_2023_benchmark,vt16,0.718,0.842,0.6293333333333333,0.9306666666666666,Hu: van Tiel et al. (2016),7
top_p,0.6,hu_vt16,vt16::wary/scared,hu_2023_benchmark::vt16::wary/scared,0.14,hu_2023_benchmark,vt16,0.0226666666666666,0.936,0.0226666666666666,0.936,Hu: van Tiel et al. (2016),8
top_p,0.6,novel_focus,bag::cash::chalk,novel_focus::focus_alternative_study::bag,1.0,novel_focus,focus_alternative_study,0.04,0.99,0.04,0.99,Novel focus alternatives,0
top_p,0.6,novel_focus,bag::cash::crayons,novel_focus::focus_alternative_study::bag,1.0,novel_focus,focus_alternative_study,0.094,0.996,0.094,0.996,Novel focus alternatives,0
top_p,0.6,novel_focus,bag::cash::headphones,novel_focus::focus_alternative_study::bag,0.0,novel_focus,focus_alternative_study,0.0,0.496,0.0,0.496,Novel focus alternatives,0
top_p,0.6,novel_focus,bag::cash::makeup,novel_focus::focus_alternative_study::bag,0.1052631578947368,novel_focus,focus_alternative_study,0.002,0.944,0.002,0.944,Novel focus alternatives,0
top_p,0.6,novel_focus,bag::cash::pen,novel_focus::focus_alternative_study::bag,1.0,novel_focus,focus_alternative_study,0.432,0.998,0.432,0.998,Novel focus alternatives,0
top_p,0.6,novel_focus,bag::chalk::cash,novel_focus::focus_alternative_study::bag,0.0,novel_focus,focus_alternative_study,0.002,0.01,0.002,0.01,Novel focus alternatives,0
top_p,0.6,novel_focus,bag::chalk::crayons,novel_focus::focus_alternative_study::bag,1.0,novel_focus,focus_alternative_study,0.094,0.698,0.09,0.702,Novel focus alternatives,0
top_p,0.6,novel_focus,bag::chalk::headphones,novel_focus::focus_alternative_study::bag,0.2,novel_focus,focus_alternative_study,0.0,0.004,0.0,0.004,Novel focus alternatives,0
top_p,0.6,novel_focus,bag::chalk::makeup,novel_focus::focus_alternative_study::bag,0.2,novel_focus,focus_alternative_study,0.002,0.136,0.002,0.136,Novel focus alternatives,0
top_p,0.6,novel_focus,bag::chalk::pen,novel_focus::focus_alternative_study::bag,1.0,novel_focus,focus_alternative_study,0.432,0.936,0.424,0.944,Novel focus alternatives,0
top_p,0.6,novel_focus,bag::crayons::cash,novel_focus::focus_alternative_study::bag,0.0,novel_focus,focus_alternative_study,0.002,0.004,0.002,0.004,Novel focus alternatives,0
top_p,0.6,novel_focus,bag::crayons::chalk,novel_focus::focus_alternative_study::bag,0.8888888888888888,novel_focus,focus_alternative_study,0.04,0.302,0.04,0.302,Novel focus alternatives,0
top_p,0.6,novel_focus,bag::crayons::headphones,novel_focus::focus_alternative_study::bag,0.25,novel_focus,focus_alternative_study,0.0,0.004,0.0,0.004,Novel focus alternatives,0
top_p,0.6,novel_focus,bag::crayons::makeup,novel_focus::focus_alternative_study::bag,0.0,novel_focus,focus_alternative_study,0.002,0.054,0.002,0.054,Novel focus alternatives,0
top_p,0.6,novel_focus,bag::crayons::pen,novel_focus::focus_alternative_study::bag,1.0,novel_focus,focus_alternative_study,0.432,0.86,0.414,0.878,Novel focus alternatives,0
top_p,0.6,novel_focus,bag::headphones::cash,novel_focus::focus_alternative_study::bag,0.1428571428571428,novel_focus,focus_alternative_study,0.002,0.504,0.002,0.504,Novel focus alternatives,0
top_p,0.6,novel_focus,bag::headphones::chalk,novel_focus::focus_alternative_study::bag,0.4,novel_focus,focus_alternative_study,0.04,0.996,0.04,0.996,Novel focus alternatives,0
top_p,0.6,novel_focus,bag::headphones::crayons,novel_focus::focus_alternative_study::bag,1.0,novel_focus,focus_alternative_study,0.094,0.996,0.094,0.996,Novel focus alternatives,0
top_p,0.6,novel_focus,bag::headphones::makeup,novel_focus::focus_alternative_study::bag,0.2105263157894736,novel_focus,focus_alternative_study,0.002,0.948,0.002,0.948,Novel focus alternatives,0
top_p,0.6,novel_focus,bag::headphones::pen,novel_focus::focus_alternative_study::bag,1.0,novel_focus,focus_alternative_study,0.432,1.0,0.432,1.0,Novel focus alternatives,0
top_p,0.6,novel_focus,bag::makeup::cash,novel_focus::focus_alternative_study::bag,0.2,novel_focus,focus_alternative_study,0.002,0.056,0.002,0.056,Novel focus alternatives,0
top_p,0.6,novel_focus,bag::makeup::chalk,novel_focus::focus_alternative_study::bag,1.0,novel_focus,focus_alternative_study,0.04,0.864,0.04,0.864,Novel focus alternatives,0
top_p,0.6,novel_focus,bag::makeup::crayons,novel_focus::focus_alternative_study::bag,1.0,novel_focus,focus_alternative_study,0.094,0.946,0.094,0.946,Novel focus alternatives,0
top_p,0.6,novel_focus,bag::makeup::headphones,novel_focus::focus_alternative_study::bag,0.0,novel_focus,focus_alternative_study,0.0,0.052,0.0,0.052,Novel focus alternatives,0
top_p,0.6,novel_focus,bag::makeup::pen,novel_focus::focus_alternative_study::bag,1.0,novel_focus,focus_alternative_study,0.432,0.992,0.432,0.992,Novel focus alternatives,0
top_p,0.6,novel_focus,bag::pen::cash,novel_focus::focus_alternative_study::bag,0.0,novel_focus,focus_alternative_study,0.002,0.002,0.0,0.004,Novel focus alternatives,0
top_p,0.6,novel_focus,bag::pen::chalk,novel_focus::focus_alternative_study::bag,0.8571428571428571,novel_focus,focus_alternative_study,0.04,0.064,0.032,0.072,Novel focus alternatives,0
top_p,0.6,novel_focus,bag::pen::crayons,novel_focus::focus_alternative_study::bag,0.8823529411764706,novel_focus,focus_alternative_study,0.094,0.14,0.076,0.158,Novel focus alternatives,0
top_p,0.6,novel_focus,bag::pen::headphones,novel_focus::focus_alternative_study::bag,0.0,novel_focus,focus_alternative_study,0.0,0.0,0.0,0.0,Novel focus alternatives,0
top_p,0.6,novel_focus,bag::pen::makeup,novel_focus::focus_alternative_study::bag,0.1666666666666666,novel_focus,focus_alternative_study,0.002,0.008,0.002,0.008,Novel focus alternatives,0
top_p,0.6,novel_focus,bakery::cakes::ice cream,novel_focus::focus_alternative_study::bakery,0.8421052631578947,novel_focus,focus_alternative_study,0.802,0.362,0.358,0.806,Novel focus alternatives,1
top_p,0.6,novel_focus,bakery::cakes::muffins,novel_focus::focus_alternative_study::bakery,0.8888888888888888,novel_focus,focus_alternative_study,0.096,0.034,0.032,0.098,Novel focus alternatives,1
top_p,0.6,novel_focus,bakery::cakes::pretzels,novel_focus::focus_alternative_study::bakery,0.5,novel_focus,focus_alternative_study,0.078,0.026,0.026,0.078,Novel focus alternatives,1
top_p,0.6,novel_focus,bakery::cakes::sandwiches,novel_focus::focus_alternative_study::bakery,0.4,novel_focus,focus_alternative_study,0.024,0.01,0.01,0.024,Novel focus alternatives,1
top_p,0.6,novel_focus,bakery::cakes::water,novel_focus::focus_alternative_study::bakery,0.0,novel_focus,focus_alternative_study,0.048,0.016,0.016,0.048,Novel focus alternatives,1
top_p,0.6,novel_focus,bakery::ice cream::cakes,novel_focus::focus_alternative_study::bakery,1.0,novel_focus,focus_alternative_study,0.964,0.638,0.636,0.966,Novel focus alternatives,1
top_p,0.6,novel_focus,bakery::ice cream::muffins,novel_focus::focus_alternative_study::bakery,0.5882352941176471,novel_focus,focus_alternative_study,0.096,0.044,0.04,0.1,Novel focus alternatives,1
top_p,0.6,novel_focus,bakery::ice cream::pretzels,novel_focus::focus_alternative_study::bakery,0.5,novel_focus,focus_alternative_study,0.078,0.056,0.044,0.09,Novel focus alternatives,1
top_p,0.6,novel_focus,bakery::ice cream::sandwiches,novel_focus::focus_alternative_study::bakery,0.25,novel_focus,focus_alternative_study,0.024,0.01,0.01,0.024,Novel focus alternatives,1
top_p,0.6,novel_focus,bakery::ice cream::water,novel_focus::focus_alternative_study::bakery,0.1666666666666666,novel_focus,focus_alternative_study,0.048,0.03,0.024,0.054,Novel focus alternatives,1
top_p,0.6,novel_focus,bakery::muffins::cakes,novel_focus::focus_alternative_study::bakery,1.0,novel_focus,focus_alternative_study,0.964,0.966,0.938,0.992,Novel focus alternatives,1
top_p,0.6,novel_focus,bakery::muffins::ice cream,novel_focus::focus_alternative_study::bakery,1.0,novel_focus,focus_alternative_study,0.802,0.956,0.78,0.978,Novel focus alternatives,1
top_p,0.6,novel_focus,bakery::muffins::pretzels,novel_focus::focus_alternative_study::bakery,0.4,novel_focus,focus_alternative_study,0.078,0.486,0.076,0.488,Novel focus alternatives,1
top_p,0.6,novel_focus,bakery::muffins::sandwiches,novel_focus::focus_alternative_study::bakery,0.0,novel_focus,focus_alternative_study,0.024,0.168,0.024,0.168,Novel focus alternatives,1
top_p,0.6,novel_focus,bakery::muffins::water,novel_focus::focus_alternative_study::bakery,0.0,novel_focus,focus_alternative_study,0.048,0.348,0.048,0.348,Novel focus alternatives,1
top_p,0.6,novel_focus,bakery::pretzels::cakes,novel_focus::focus_alternative_study::bakery,1.0,novel_focus,focus_alternative_study,0.964,0.974,0.94,0.998,Novel focus alternatives,1
top_p,0.6,novel_focus,bakery::pretzels::ice cream,novel_focus::focus_alternative_study::bakery,1.0,novel_focus,focus_alternative_study,0.802,0.944,0.77,0.976,Novel focus alternatives,1
top_p,0.6,novel_focus,bakery::pretzels::muffins,novel_focus::focus_alternative_study::bakery,1.0,novel_focus,focus_alternative_study,0.096,0.514,0.096,0.514,Novel focus alternatives,1
top_p,0.6,novel_focus,bakery::pretzels::sandwiches,novel_focus::focus_alternative_study::bakery,0.4,novel_focus,focus_alternative_study,0.024,0.18,0.024,0.18,Novel focus alternatives,1
top_p,0.6,novel_focus,bakery::pretzels::water,novel_focus::focus_alternative_study::bakery,0.0,novel_focus,focus_alternative_study,0.048,0.354,0.048,0.354,Novel focus alternatives,1
top_p,0.6,novel_focus,bakery::sandwiches::cakes,novel_focus::focus_alternative_study::bakery,1.0,novel_focus,focus_alternative_study,0.964,0.99,0.954,1.0,Novel focus alternatives,1
top_p,0.6,novel_focus,bakery::sandwiches::ice cream,novel_focus::focus_alternative_study::bakery,1.0,novel_focus,focus_alternative_study,0.802,0.99,0.8,0.992,Novel focus alternatives,1
top_p,0.6,novel_focus,bakery::sandwiches::muffins,novel_focus::focus_alternative_study::bakery,0.6666666666666666,novel_focus,focus_alternative_study,0.096,0.832,0.096,0.832,Novel focus alternatives,1
top_p,0.6,novel_focus,bakery::sandwiches::pretzels,novel_focus::focus_alternative_study::bakery,0.55,novel_focus,focus_alternative_study,0.078,0.82,0.078,0.82,Novel focus alternatives,1
top_p,0.6,novel_focus,bakery::sandwiches::water,novel_focus::focus_alternative_study::bakery,0.0,novel_focus,focus_alternative_study,0.048,0.696,0.048,0.696,Novel focus alternatives,1
top_p,0.6,novel_focus,bakery::water::cakes,novel_focus::focus_alternative_study::bakery,0.6666666666666666,novel_focus,focus_alternative_study,0.964,0.984,0.95,0.998,Novel focus alternatives,1
top_p,0.6,novel_focus,bakery::water::ice cream,novel_focus::focus_alternative_study::bakery,0.6666666666666666,novel_focus,focus_alternative_study,0.802,0.97,0.784,0.988,Novel focus alternatives,1
top_p,0.6,novel_focus,bakery::water::muffins,novel_focus::focus_alternative_study::bakery,0.5,novel_focus,focus_alternative_study,0.096,0.652,0.092,0.656,Novel focus alternatives,1
top_p,0.6,novel_focus,bakery::water::pretzels,novel_focus::focus_alternative_study::bakery,0.5384615384615384,novel_focus,focus_alternative_study,0.078,0.646,0.076,0.648,Novel focus alternatives,1
top_p,0.6,novel_focus,bakery::water::sandwiches,novel_focus::focus_alternative_study::bakery,0.4285714285714285,novel_focus,focus_alternative_study,0.024,0.304,0.022,0.306,Novel focus alternatives,1
top_p,0.6,novel_focus,beach::bikini::coat,novel_focus::focus_alternative_study::beach,0.3333333333333333,novel_focus,focus_alternative_study,0.094,0.058,0.048,0.104,Novel focus alternatives,2
top_p,0.6,novel_focus,beach::bikini::jacket,novel_focus::focus_alternative_study::beach,0.25,novel_focus,focus_alternative_study,0.218,0.162,0.13,0.25,Novel focus alternatives,2
top_p,0.6,novel_focus,beach::bikini::jeans,novel_focus::focus_alternative_study::beach,0.5,novel_focus,focus_alternative_study,0.816,0.542,0.514,0.844,Novel focus alternatives,2
top_p,0.6,novel_focus,beach::bikini::shorts,novel_focus::focus_alternative_study::beach,0.7,novel_focus,focus_alternative_study,1.0,0.918,0.918,1.0,Novel focus alternatives,2
top_p,0.6,novel_focus,beach::bikini::sunglasses,novel_focus::focus_alternative_study::beach,0.1666666666666666,novel_focus,focus_alternative_study,0.582,0.38,0.34,0.622,Novel focus alternatives,2
top_p,0.6,novel_focus,beach::coat::bikini,novel_focus::focus_alternative_study::beach,1.0,novel_focus,focus_alternative_study,0.748,0.942,0.72,0.97,Novel focus alternatives,2
top_p,0.6,novel_focus,beach::coat::jacket,novel_focus::focus_alternative_study::beach,0.5454545454545454,novel_focus,focus_alternative_study,0.218,0.748,0.206,0.76,Novel focus alternatives,2
top_p,0.6,novel_focus,beach::coat::jeans,novel_focus::focus_alternative_study::beach,0.5,novel_focus,focus_alternative_study,0.816,0.938,0.792,0.962,Novel focus alternatives,2
top_p,0.6,novel_focus,beach::coat::shorts,novel_focus::focus_alternative_study::beach,1.0,novel_focus,focus_alternative_study,1.0,0.992,0.992,1.0,Novel focus alternatives,2
top_p,0.6,novel_focus,beach::coat::sunglasses,novel_focus::focus_alternative_study::beach,0.0,novel_focus,focus_alternative_study,0.582,0.894,0.548,0.928,Novel focus alternatives,2
top_p,0.6,novel_focus,beach::jacket::bikini,novel_focus::focus_alternative_study::beach,1.0,novel_focus,focus_alternative_study,0.748,0.838,0.662,0.924,Novel focus alternatives,2
top_p,0.6,novel_focus,beach::jacket::coat,novel_focus::focus_alternative_study::beach,1.0,novel_focus,focus_alternative_study,0.094,0.252,0.088,0.258,Novel focus alternatives,2
top_p,0.6,novel_focus,beach::jacket::jeans,novel_focus::focus_alternative_study::beach,0.45,novel_focus,focus_alternative_study,0.816,0.838,0.72,0.934,Novel focus alternatives,2
top_p,0.6,novel_focus,beach::jacket::shorts,novel_focus::focus_alternative_study::beach,0.6,novel_focus,focus_alternative_study,1.0,0.98,0.98,1.0,Novel focus alternatives,2
top_p,0.6,novel_focus,beach::jacket::sunglasses,novel_focus::focus_alternative_study::beach,0.5,novel_focus,focus_alternative_study,0.582,0.754,0.504,0.832,Novel focus alternatives,2
top_p,0.6,novel_focus,beach::jeans::bikini,novel_focus::focus_alternative_study::beach,1.0,novel_focus,focus_alternative_study,0.748,0.458,0.446,0.76,Novel focus alternatives,2
top_p,0.6,novel_focus,beach::jeans::coat,novel_focus::focus_alternative_study::beach,0.6,novel_focus,focus_alternative_study,0.094,0.062,0.058,0.098,Novel focus alternatives,2
top_p,0.6,novel_focus,beach::jeans::jacket,novel_focus::focus_alternative_study::beach,0.0,novel_focus,focus_alternative_study,0.218,0.162,0.136,0.244,Novel focus alternatives,2
top_p,0.6,novel_focus,beach::jeans::shorts,novel_focus::focus_alternative_study::beach,1.0,novel_focus,focus_alternative_study,1.0,0.884,0.884,1.0,Novel focus alternatives,2
top_p,0.6,novel_focus,beach::jeans::sunglasses,novel_focus::focus_alternative_study::beach,0.25,novel_focus,focus_alternative_study,0.582,0.34,0.302,0.62,Novel focus alternatives,2
top_p,0.6,novel_focus,beach::shorts::bikini,novel_focus::focus_alternative_study::beach,0.75,novel_focus,focus_alternative_study,0.748,0.082,0.082,0.748,Novel focus alternatives,2
top_p,0.6,novel_focus,beach::shorts::coat,novel_focus::focus_alternative_study::beach,0.75,novel_focus,focus_alternative_study,0.094,0.008,0.008,0.094,Novel focus alternatives,2
top_p,0.6,novel_focus,beach::shorts::jacket,novel_focus::focus_alternative_study::beach,0.25,novel_focus,focus_alternative_study,0.218,0.02,0.02,0.218,Novel focus alternatives,2
top_p,0.6,novel_focus,beach::shorts::jeans,novel_focus::focus_alternative_study::beach,0.6,novel_focus,focus_alternative_study,0.816,0.116,0.116,0.816,Novel focus alternatives,2
top_p,0.6,novel_focus,beach::shorts::sunglasses,novel_focus::focus_alternative_study::beach,0.15,novel_focus,focus_alternative_study,0.582,0.052,0.052,0.582,Novel focus alternatives,2
top_p,0.6,novel_focus,beach::sunglasses::bikini,novel_focus::focus_alternative_study::beach,1.0,novel_focus,focus_alternative_study,0.748,0.62,0.56,0.808,Novel focus alternatives,2
top_p,0.6,novel_focus,beach::sunglasses::coat,novel_focus::focus_alternative_study::beach,0.0,novel_focus,focus_alternative_study,0.094,0.106,0.076,0.124,Novel focus alternatives,2
top_p,0.6,novel_focus,beach::sunglasses::jacket,novel_focus::focus_alternative_study::beach,0.8,novel_focus,focus_alternative_study,0.218,0.246,0.176,0.288,Novel focus alternatives,2
top_p,0.6,novel_focus,beach::sunglasses::jeans,novel_focus::focus_alternative_study::beach,0.5,novel_focus,focus_alternative_study,0.816,0.66,0.616,0.86,Novel focus alternatives,2
top_p,0.6,novel_focus,beach::sunglasses::shorts,novel_focus::focus_alternative_study::beach,0.5,novel_focus,focus_alternative_study,1.0,0.948,0.948,1.0,Novel focus alternatives,2
top_p,0.6,novel_focus,cold::blankets::fridge,novel_focus::focus_alternative_study::cold,0.0,novel_focus,focus_alternative_study,0.028,0.914,0.028,0.914,Novel focus alternatives,3
top_p,0.6,novel_focus,cold::blankets::heater,novel_focus::focus_alternative_study::cold,1.0,novel_focus,focus_alternative_study,1.0,1.0,1.0,1.0,Novel focus alternatives,3
top_p,0.6,novel_focus,cold::blankets::microwave,novel_focus::focus_alternative_study::cold,0.0,novel_focus,focus_alternative_study,0.174,0.996,0.174,0.996,Novel focus alternatives,3
top_p,0.6,novel_focus,cold::blankets::sink,novel_focus::focus_alternative_study::cold,0.0,novel_focus,focus_alternative_study,0.012,0.852,0.012,0.852,Novel focus alternatives,3
top_p,0.6,novel_focus,cold::blankets::tea,novel_focus::focus_alternative_study::cold,0.2,novel_focus,focus_alternative_study,0.004,0.634,0.004,0.634,Novel focus alternatives,3
top_p,0.6,novel_focus,cold::fridge::blankets,novel_focus::focus_alternative_study::cold,0.3333333333333333,novel_focus,focus_alternative_study,0.004,0.086,0.004,0.086,Novel focus alternatives,3
top_p,0.6,novel_focus,cold::fridge::heater,novel_focus::focus_alternative_study::cold,0.8,novel_focus,focus_alternative_study,1.0,0.998,0.998,1.0,Novel focus alternatives,3
top_p,0.6,novel_focus,cold::fridge::microwave,novel_focus::focus_alternative_study::cold,0.6923076923076923,novel_focus,focus_alternative_study,0.174,0.862,0.174,0.862,Novel focus alternatives,3
top_p,0.6,novel_focus,cold::fridge::sink,novel_focus::focus_alternative_study::cold,0.238095238095238,novel_focus,focus_alternative_study,0.012,0.334,0.012,0.334,Novel focus alternatives,3
top_p,0.6,novel_focus,cold::fridge::tea,novel_focus::focus_alternative_study::cold,0.5,novel_focus,focus_alternative_study,0.004,0.09,0.004,0.09,Novel focus alternatives,3
top_p,0.6,novel_focus,cold::heater::blankets,novel_focus::focus_alternative_study::cold,0.8333333333333334,novel_focus,focus_alternative_study,0.004,0.0,0.0,0.004,Novel focus alternatives,3
top_p,0.6,novel_focus,cold::heater::fridge,novel_focus::focus_alternative_study::cold,0.0,novel_focus,focus_alternative_study,0.028,0.002,0.002,0.028,Novel focus alternatives,3
top_p,0.6,novel_focus,cold::heater::microwave,novel_focus::focus_alternative_study::cold,0.2,novel_focus,focus_alternative_study,0.174,0.014,0.014,0.174,Novel focus alternatives,3
top_p,0.6,novel_focus,cold::heater::sink,novel_focus::focus_alternative_study::cold,0.0,novel_focus,focus_alternative_study,0.012,0.0,0.0,0.012,Novel focus alternatives,3
top_p,0.6,novel_focus,cold::heater::tea,novel_focus::focus_alternative_study::cold,0.125,novel_focus,focus_alternative_study,0.004,0.002,0.002,0.004,Novel focus alternatives,3
top_p,0.6,novel_focus,cold::microwave::blankets,novel_focus::focus_alternative_study::cold,0.6,novel_focus,focus_alternative_study,0.004,0.004,0.002,0.006,Novel focus alternatives,3
top_p,0.6,novel_focus,cold::microwave::fridge,novel_focus::focus_alternative_study::cold,0.5,novel_focus,focus_alternative_study,0.028,0.138,0.028,0.138,Novel focus alternatives,3
top_p,0.6,novel_focus,cold::microwave::heater,novel_focus::focus_alternative_study::cold,1.0,novel_focus,focus_alternative_study,1.0,0.986,0.986,1.0,Novel focus alternatives,3
top_p,0.6,novel_focus,cold::microwave::sink,novel_focus::focus_alternative_study::cold,0.0,novel_focus,focus_alternative_study,0.012,0.066,0.01,0.068,Novel focus alternatives,3
top_p,0.6,novel_focus,cold::microwave::tea,novel_focus::focus_alternative_study::cold,0.2,novel_focus,focus_alternative_study,0.004,0.018,0.004,0.018,Novel focus alternatives,3
top_p,0.6,novel_focus,cold::sink::blankets,novel_focus::focus_alternative_study::cold,0.3333333333333333,novel_focus,focus_alternative_study,0.004,0.148,0.004,0.148,Novel focus alternatives,3
top_p,0.6,novel_focus,cold::sink::fridge,novel_focus::focus_alternative_study::cold,0.25,novel_focus,focus_alternative_study,0.028,0.666,0.028,0.666,Novel focus alternatives,3
top_p,0.6,novel_focus,cold::sink::heater,novel_focus::focus_alternative_study::cold,1.0,novel_focus,focus_alternative_study,1.0,1.0,1.0,1.0,Novel focus alternatives,3
top_p,0.6,novel_focus,cold::sink::microwave,novel_focus::focus_alternative_study::cold,0.5294117647058824,novel_focus,focus_alternative_study,0.174,0.934,0.172,0.936,Novel focus alternatives,3
top_p,0.6,novel_focus,cold::sink::tea,novel_focus::focus_alternative_study::cold,0.0,novel_focus,focus_alternative_study,0.004,0.162,0.004,0.162,Novel focus alternatives,3
top_p,0.6,novel_focus,cold::tea::blankets,novel_focus::focus_alternative_study::cold,0.6,novel_focus,focus_alternative_study,0.004,0.366,0.004,0.366,Novel focus alternatives,3
top_p,0.6,novel_focus,cold::tea::fridge,novel_focus::focus_alternative_study::cold,0.0,novel_focus,focus_alternative_study,0.028,0.91,0.028,0.91,Novel focus alternatives,3
top_p,0.6,novel_focus,cold::tea::heater,novel_focus::focus_alternative_study::cold,0.5,novel_focus,focus_alternative_study,1.0,0.998,0.998,1.0,Novel focus alternatives,3
top_p,0.6,novel_focus,cold::tea::microwave,novel_focus::focus_alternative_study::cold,0.0,novel_focus,focus_alternative_study,0.174,0.982,0.174,0.982,Novel focus alternatives,3
top_p,0.6,novel_focus,cold::tea::sink,novel_focus::focus_alternative_study::cold,0.0,novel_focus,focus_alternative_study,0.012,0.838,0.012,0.838,Novel focus alternatives,3
top_p,0.6,novel_focus,cut::batteries::keys,novel_focus::focus_alternative_study::cut,0.1666666666666666,novel_focus,focus_alternative_study,0.282,0.942,0.282,0.942,Novel focus alternatives,4
top_p,0.6,novel_focus,cut::batteries::nail clippers,novel_focus::focus_alternative_study::cut,0.8,novel_focus,focus_alternative_study,0.552,0.972,0.544,0.98,Novel focus alternatives,4
top_p,0.6,novel_focus,cut::batteries::scissors,novel_focus::focus_alternative_study::cut,0.8,novel_focus,focus_alternative_study,1.0,1.0,1.0,1.0,Novel focus alternatives,4
top_p,0.6,novel_focus,cut::batteries::stapler,novel_focus::focus_alternative_study::cut,0.4444444444444444,novel_focus,focus_alternative_study,0.152,0.902,0.148,0.906,Novel focus alternatives,4
top_p,0.6,novel_focus,cut::batteries::thumb tacks,novel_focus::focus_alternative_study::cut,0.3809523809523809,novel_focus,focus_alternative_study,0.0,0.026,0.0,0.026,Novel focus alternatives,4
top_p,0.6,novel_focus,cut::keys::batteries,novel_focus::focus_alternative_study::cut,0.25,novel_focus,focus_alternative_study,0.02,0.058,0.018,0.06,Novel focus alternatives,4
top_p,0.6,novel_focus,cut::keys::nail clippers,novel_focus::focus_alternative_study::cut,0.8,novel_focus,focus_alternative_study,0.552,0.654,0.47,0.736,Novel focus alternatives,4
top_p,0.6,novel_focus,cut::keys::scissors,novel_focus::focus_alternative_study::cut,1.0,novel_focus,focus_alternative_study,1.0,0.988,0.988,1.0,Novel focus alternatives,4
top_p,0.6,novel_focus,cut::keys::stapler,novel_focus::focus_alternative_study::cut,0.2,novel_focus,focus_alternative_study,0.152,0.352,0.13,0.374,Novel focus alternatives,4
top_p,0.6,novel_focus,cut::keys::thumb tacks,novel_focus::focus_alternative_study::cut,0.2,novel_focus,focus_alternative_study,0.0,0.0,0.0,0.0,Novel focus alternatives,4
top_p,0.6,novel_focus,cut::nail clippers::batteries,novel_focus::focus_alternative_study::cut,0.0,novel_focus,focus_alternative_study,0.02,0.028,0.014,0.034,Novel focus alternatives,4
top_p,0.6,novel_focus,cut::nail clippers::keys,novel_focus::focus_alternative_study::cut,0.3125,novel_focus,focus_alternative_study,0.282,0.346,0.234,0.394,Novel focus alternatives,4
top_p,0.6,novel_focus,cut::nail clippers::scissors,novel_focus::focus_alternative_study::cut,1.0,novel_focus,focus_alternative_study,1.0,0.98,0.98,1.0,Novel focus alternatives,4
top_p,0.6,novel_focus,cut::nail clippers::stapler,novel_focus::focus_alternative_study::cut,0.5,novel_focus,focus_alternative_study,0.152,0.154,0.102,0.204,Novel focus alternatives,4
top_p,0.6,novel_focus,cut::nail clippers::thumb tacks,novel_focus::focus_alternative_study::cut,0.6666666666666666,novel_focus,focus_alternative_study,0.0,0.002,0.0,0.002,Novel focus alternatives,4
top_p,0.6,novel_focus,cut::scissors::batteries,novel_focus::focus_alternative_study::cut,0.0,novel_focus,focus_alternative_study,0.02,0.0,0.0,0.02,Novel focus alternatives,4
top_p,0.6,novel_focus,cut::scissors::keys,novel_focus::focus_alternative_study::cut,0.15,novel_focus,focus_alternative_study,0.282,0.012,0.012,0.282,Novel focus alternatives,4
top_p,0.6,novel_focus,cut::scissors::nail clippers,novel_focus::focus_alternative_study::cut,0.6363636363636364,novel_focus,focus_alternative_study,0.552,0.02,0.02,0.552,Novel focus alternatives,4
top_p,0.6,novel_focus,cut::scissors::stapler,novel_focus::focus_alternative_study::cut,0.1666666666666666,novel_focus,focus_alternative_study,0.152,0.004,0.004,0.152,Novel focus alternatives,4
top_p,0.6,novel_focus,cut::scissors::thumb tacks,novel_focus::focus_alternative_study::cut,0.0,novel_focus,focus_alternative_study,0.0,0.0,0.0,0.0,Novel focus alternatives,4
top_p,0.6,novel_focus,cut::stapler::batteries,novel_focus::focus_alternative_study::cut,0.0,novel_focus,focus_alternative_study,0.02,0.098,0.016,0.102,Novel focus alternatives,4
top_p,0.6,novel_focus,cut::stapler::keys,novel_focus::focus_alternative_study::cut,0.2,novel_focus,focus_alternative_study,0.282,0.648,0.256,0.674,Novel focus alternatives,4
top_p,0.6,novel_focus,cut::stapler::nail clippers,novel_focus::focus_alternative_study::cut,0.6666666666666666,novel_focus,focus_alternative_study,0.552,0.846,0.51,0.888,Novel focus alternatives,4
top_p,0.6,novel_focus,cut::stapler::scissors,novel_focus::focus_alternative_study::cut,1.0,novel_focus,focus_alternative_study,1.0,0.996,0.996,1.0,Novel focus alternatives,4
top_p,0.6,novel_focus,cut::stapler::thumb tacks,novel_focus::focus_alternative_study::cut,0.1176470588235294,novel_focus,focus_alternative_study,0.0,0.0,0.0,0.0,Novel focus alternatives,4
top_p,0.6,novel_focus,cut::thumb tacks::batteries,novel_focus::focus_alternative_study::cut,0.0,novel_focus,focus_alternative_study,0.02,0.974,0.02,0.974,Novel focus alternatives,4
top_p,0.6,novel_focus,cut::thumb tacks::keys,novel_focus::focus_alternative_study::cut,0.3333333333333333,novel_focus,focus_alternative_study,0.282,1.0,0.282,1.0,Novel focus alternatives,4
top_p,0.6,novel_focus,cut::thumb tacks::nail clippers,novel_focus::focus_alternative_study::cut,0.6,novel_focus,focus_alternative_study,0.552,0.998,0.552,0.998,Novel focus alternatives,4
top_p,0.6,novel_focus,cut::thumb tacks::scissors,novel_focus::focus_alternative_study::cut,0.8,novel_focus,focus_alternative_study,1.0,1.0,1.0,1.0,Novel focus alternatives,4
top_p,0.6,novel_focus,cut::thumb tacks::stapler,novel_focus::focus_alternative_study::cut,0.0,novel_focus,focus_alternative_study,0.152,1.0,0.152,1.0,Novel focus alternatives,4
top_p,0.6,novel_focus,fridge::juice::ketchup,novel_focus::focus_alternative_study::fridge,0.3333333333333333,novel_focus,focus_alternative_study,0.0,0.004,0.0,0.004,Novel focus alternatives,5
top_p,0.6,novel_focus,fridge::juice::meat,novel_focus::focus_alternative_study::fridge,0.0,novel_focus,focus_alternative_study,0.0,0.01,0.0,0.01,Novel focus alternatives,5
top_p,0.6,novel_focus,fridge::juice::milk,novel_focus::focus_alternative_study::fridge,1.0,novel_focus,focus_alternative_study,0.202,0.64,0.188,0.654,Novel focus alternatives,5
top_p,0.6,novel_focus,fridge::juice::water,novel_focus::focus_alternative_study::fridge,1.0,novel_focus,focus_alternative_study,1.0,0.974,0.974,1.0,Novel focus alternatives,5
top_p,0.6,novel_focus,fridge::juice::yogurt,novel_focus::focus_alternative_study::fridge,0.0,novel_focus,focus_alternative_study,0.002,0.03,0.002,0.03,Novel focus alternatives,5
top_p,0.6,novel_focus,fridge::ketchup::juice,novel_focus::focus_alternative_study::fridge,1.0,novel_focus,focus_alternative_study,0.114,0.996,0.114,0.996,Novel focus alternatives,5
top_p,0.6,novel_focus,fridge::ketchup::meat,novel_focus::focus_alternative_study::fridge,0.0,novel_focus,focus_alternative_study,0.0,0.746,0.0,0.746,Novel focus alternatives,5
top_p,0.6,novel_focus,fridge::ketchup::milk,novel_focus::focus_alternative_study::fridge,1.0,novel_focus,focus_alternative_study,0.202,0.996,0.202,0.996,Novel focus alternatives,5
top_p,0.6,novel_focus,fridge::ketchup::water,novel_focus::focus_alternative_study::fridge,1.0,novel_focus,focus_alternative_study,1.0,1.0,1.0,1.0,Novel focus alternatives,5
top_p,0.6,novel_focus,fridge::ketchup::yogurt,novel_focus::focus_alternative_study::fridge,0.2222222222222222,novel_focus,focus_alternative_study,0.002,0.852,0.002,0.852,Novel focus alternatives,5
top_p,0.6,novel_focus,fridge::meat::juice,novel_focus::focus_alternative_study::fridge,1.0,novel_focus,focus_alternative_study,0.114,0.99,0.114,0.99,Novel focus alternatives,5
top_p,0.6,novel_focus,fridge::meat::ketchup,novel_focus::focus_alternative_study::fridge,0.1666666666666666,novel_focus,focus_alternative_study,0.0,0.254,0.0,0.254,Novel focus alternatives,5
top_p,0.6,novel_focus,fridge::meat::milk,novel_focus::focus_alternative_study::fridge,0.6666666666666666,novel_focus,focus_alternative_study,0.202,0.998,0.202,0.998,Novel focus alternatives,5
top_p,0.6,novel_focus,fridge::meat::water,novel_focus::focus_alternative_study::fridge,1.0,novel_focus,focus_alternative_study,1.0,1.0,1.0,1.0,Novel focus alternatives,5
top_p,0.6,novel_focus,fridge::meat::yogurt,novel_focus::focus_alternative_study::fridge,0.625,novel_focus,focus_alternative_study,0.002,0.706,0.002,0.706,Novel focus alternatives,5
top_p,0.6,novel_focus,fridge::milk::juice,novel_focus::focus_alternative_study::fridge,1.0,novel_focus,focus_alternative_study,0.114,0.36,0.1,0.374,Novel focus alternatives,5
top_p,0.6,novel_focus,fridge::milk::ketchup,novel_focus::focus_alternative_study::fridge,0.0,novel_focus,focus_alternative_study,0.0,0.004,0.0,0.004,Novel focus alternatives,5
top_p,0.6,novel_focus,fridge::milk::meat,novel_focus::focus_alternative_study::fridge,0.0,novel_focus,focus_alternative_study,0.0,0.002,0.0,0.002,Novel focus alternatives,5
top_p,0.6,novel_focus,fridge::milk::water,novel_focus::focus_alternative_study::fridge,0.8333333333333334,novel_focus,focus_alternative_study,1.0,0.968,0.968,1.0,Novel focus alternatives,5
top_p,0.6,novel_focus,fridge::milk::yogurt,novel_focus::focus_alternative_study::fridge,0.2,novel_focus,focus_alternative_study,0.002,0.016,0.002,0.016,Novel focus alternatives,5
top_p,0.6,novel_focus,fridge::water::juice,novel_focus::focus_alternative_study::fridge,1.0,novel_focus,focus_alternative_study,0.114,0.026,0.026,0.114,Novel focus alternatives,5
top_p,0.6,novel_focus,fridge::water::ketchup,novel_focus::focus_alternative_study::fridge,0.0,novel_focus,focus_alternative_study,0.0,0.0,0.0,0.0,Novel focus alternatives,5
top_p,0.6,novel_focus,fridge::water::meat,novel_focus::focus_alternative_study::fridge,0.0,novel_focus,focus_alternative_study,0.0,0.0,0.0,0.0,Novel focus alternatives,5
top_p,0.6,novel_focus,fridge::water::milk,novel_focus::focus_alternative_study::fridge,0.9444444444444444,novel_focus,focus_alternative_study,0.202,0.032,0.032,0.202,Novel focus alternatives,5
top_p,0.6,novel_focus,fridge::water::yogurt,novel_focus::focus_alternative_study::fridge,0.0,novel_focus,focus_alternative_study,0.002,0.0,0.0,0.002,Novel focus alternatives,5
top_p,0.6,novel_focus,fridge::yogurt::juice,novel_focus::focus_alternative_study::fridge,1.0,novel_focus,focus_alternative_study,0.114,0.97,0.114,0.97,Novel focus alternatives,5
top_p,0.6,novel_focus,fridge::yogurt::ketchup,novel_focus::focus_alternative_study::fridge,0.2,novel_focus,focus_alternative_study,0.0,0.148,0.0,0.148,Novel focus alternatives,5
top_p,0.6,novel_focus,fridge::yogurt::meat,novel_focus::focus_alternative_study::fridge,0.4,novel_focus,focus_alternative_study,0.0,0.294,0.0,0.294,Novel focus alternatives,5
top_p,0.6,novel_focus,fridge::yogurt::milk,novel_focus::focus_alternative_study::fridge,0.75,novel_focus,focus_alternative_study,0.202,0.984,0.202,0.984,Novel focus alternatives,5
top_p,0.6,novel_focus,fridge::yogurt::water,novel_focus::focus_alternative_study::fridge,1.0,novel_focus,focus_alternative_study,1.0,1.0,1.0,1.0,Novel focus alternatives,5
top_p,0.6,novel_focus,gym::basketball::lacrosse,novel_focus::focus_alternative_study::gym,0.9333333333333332,novel_focus,focus_alternative_study,0.054,0.008,0.008,0.054,Novel focus alternatives,6
top_p,0.6,novel_focus,gym::basketball::meditation,novel_focus::focus_alternative_study::gym,0.0,novel_focus,focus_alternative_study,0.0,0.0,0.0,0.0,Novel focus alternatives,6
top_p,0.6,novel_focus,gym::basketball::softball,novel_focus::focus_alternative_study::gym,0.9,novel_focus,focus_alternative_study,0.96,0.234,0.234,0.96,Novel focus alternatives,6
top_p,0.6,novel_focus,gym::basketball::swimming,novel_focus::focus_alternative_study::gym,0.4,novel_focus,focus_alternative_study,0.118,0.01,0.01,0.118,Novel focus alternatives,6
top_p,0.6,novel_focus,gym::basketball::weightlifting,novel_focus::focus_alternative_study::gym,0.8,novel_focus,focus_alternative_study,0.122,0.016,0.016,0.122,Novel focus alternatives,6
top_p,0.6,novel_focus,gym::lacrosse::basketball,novel_focus::focus_alternative_study::gym,1.0,novel_focus,focus_alternative_study,1.0,0.992,0.992,1.0,Novel focus alternatives,6
top_p,0.6,novel_focus,gym::lacrosse::meditation,novel_focus::focus_alternative_study::gym,0.0,novel_focus,focus_alternative_study,0.0,0.02,0.0,0.02,Novel focus alternatives,6
top_p,0.6,novel_focus,gym::lacrosse::softball,novel_focus::focus_alternative_study::gym,1.0,novel_focus,focus_alternative_study,0.96,0.976,0.938,0.998,Novel focus alternatives,6
top_p,0.6,novel_focus,gym::lacrosse::swimming,novel_focus::focus_alternative_study::gym,0.3333333333333333,novel_focus,focus_alternative_study,0.118,0.676,0.112,0.682,Novel focus alternatives,6
top_p,0.6,novel_focus,gym::lacrosse::weightlifting,novel_focus::focus_alternative_study::gym,0.6666666666666666,novel_focus,focus_alternative_study,0.122,0.706,0.122,0.706,Novel focus alternatives,6
top_p,0.6,novel_focus,gym::meditation::basketball,novel_focus::focus_alternative_study::gym,0.75,novel_focus,focus_alternative_study,1.0,1.0,1.0,1.0,Novel focus alternatives,6
top_p,0.6,novel_focus,gym::meditation::lacrosse,novel_focus::focus_alternative_study::gym,1.0,novel_focus,focus_alternative_study,0.054,0.98,0.054,0.98,Novel focus alternatives,6
top_p,0.6,novel_focus,gym::meditation::softball,novel_focus::focus_alternative_study::gym,1.0,novel_focus,focus_alternative_study,0.96,1.0,0.96,1.0,Novel focus alternatives,6
top_p,0.6,novel_focus,gym::meditation::swimming,novel_focus::focus_alternative_study::gym,0.7894736842105263,novel_focus,focus_alternative_study,0.118,0.992,0.118,0.992,Novel focus alternatives,6
top_p,0.6,novel_focus,gym::meditation::weightlifting,novel_focus::focus_alternative_study::gym,0.55,novel_focus,focus_alternative_study,0.122,0.988,0.122,0.988,Novel focus alternatives,6
top_p,0.6,novel_focus,gym::softball::basketball,novel_focus::focus_alternative_study::gym,1.0,novel_focus,focus_alternative_study,1.0,0.766,0.766,1.0,Novel focus alternatives,6
top_p,0.6,novel_focus,gym::softball::lacrosse,novel_focus::focus_alternative_study::gym,0.9473684210526316,novel_focus,focus_alternative_study,0.054,0.024,0.024,0.054,Novel focus alternatives,6
top_p,0.6,novel_focus,gym::softball::meditation,novel_focus::focus_alternative_study::gym,0.6,novel_focus,focus_alternative_study,0.0,0.0,0.0,0.0,Novel focus alternatives,6
top_p,0.6,novel_focus,gym::softball::swimming,novel_focus::focus_alternative_study::gym,0.8,novel_focus,focus_alternative_study,0.118,0.038,0.036,0.12,Novel focus alternatives,6
top_p,0.6,novel_focus,gym::softball::weightlifting,novel_focus::focus_alternative_study::gym,0.3333333333333333,novel_focus,focus_alternative_study,0.122,0.058,0.058,0.122,Novel focus alternatives,6
top_p,0.6,novel_focus,gym::swimming::basketball,novel_focus::focus_alternative_study::gym,1.0,novel_focus,focus_alternative_study,1.0,0.99,0.99,1.0,Novel focus alternatives,6
top_p,0.6,novel_focus,gym::swimming::lacrosse,novel_focus::focus_alternative_study::gym,1.0,novel_focus,focus_alternative_study,0.054,0.324,0.05,0.328,Novel focus alternatives,6
top_p,0.6,novel_focus,gym::swimming::meditation,novel_focus::focus_alternative_study::gym,0.0,novel_focus,focus_alternative_study,0.0,0.008,0.0,0.008,Novel focus alternatives,6
top_p,0.6,novel_focus,gym::swimming::softball,novel_focus::focus_alternative_study::gym,0.75,novel_focus,focus_alternative_study,0.96,0.962,0.926,0.996,Novel focus alternatives,6
top_p,0.6,novel_focus,gym::swimming::weightlifting,novel_focus::focus_alternative_study::gym,0.4,novel_focus,focus_alternative_study,0.122,0.518,0.112,0.528,Novel focus alternatives,6
top_p,0.6,novel_focus,gym::weightlifting::basketball,novel_focus::focus_alternative_study::gym,1.0,novel_focus,focus_alternative_study,1.0,0.984,0.984,1.0,Novel focus alternatives,6
top_p,0.6,novel_focus,gym::weightlifting::lacrosse,novel_focus::focus_alternative_study::gym,1.0,novel_focus,focus_alternative_study,0.054,0.294,0.048,0.3,Novel focus alternatives,6
top_p,0.6,novel_focus,gym::weightlifting::meditation,novel_focus::focus_alternative_study::gym,1.0,novel_focus,focus_alternative_study,0.0,0.012,0.0,0.012,Novel focus alternatives,6
top_p,0.6,novel_focus,gym::weightlifting::softball,novel_focus::focus_alternative_study::gym,0.8333333333333334,novel_focus,focus_alternative_study,0.96,0.942,0.906,0.996,Novel focus alternatives,6
top_p,0.6,novel_focus,gym::weightlifting::swimming,novel_focus::focus_alternative_study::gym,0.85,novel_focus,focus_alternative_study,0.118,0.482,0.11,0.49,Novel focus alternatives,6
top_p,0.6,novel_focus,hot::blankets::couch,novel_focus::focus_alternative_study::hot,0.0,novel_focus,focus_alternative_study,0.002,0.856,0.002,0.856,Novel focus alternatives,7
top_p,0.6,novel_focus,hot::blankets::fan,novel_focus::focus_alternative_study::hot,0.2,novel_focus,focus_alternative_study,0.318,1.0,0.318,1.0,Novel focus alternatives,7
top_p,0.6,novel_focus,hot::blankets::heater,novel_focus::focus_alternative_study::hot,0.75,novel_focus,focus_alternative_study,0.116,0.998,0.116,0.998,Novel focus alternatives,7
top_p,0.6,novel_focus,hot::blankets::pool,novel_focus::focus_alternative_study::hot,0.0,novel_focus,focus_alternative_study,0.006,0.966,0.006,0.966,Novel focus alternatives,7
top_p,0.6,novel_focus,hot::blankets::shower,novel_focus::focus_alternative_study::hot,0.2,novel_focus,focus_alternative_study,0.002,0.966,0.002,0.966,Novel focus alternatives,7
top_p,0.6,novel_focus,hot::couch::blankets,novel_focus::focus_alternative_study::hot,0.2,novel_focus,focus_alternative_study,0.0,0.144,0.0,0.144,Novel focus alternatives,7
top_p,0.6,novel_focus,hot::couch::fan,novel_focus::focus_alternative_study::hot,0.0,novel_focus,focus_alternative_study,0.318,0.998,0.318,0.998,Novel focus alternatives,7
top_p,0.6,novel_focus,hot::couch::heater,novel_focus::focus_alternative_study::hot,0.0,novel_focus,focus_alternative_study,0.116,0.986,0.116,0.986,Novel focus alternatives,7
top_p,0.6,novel_focus,hot::couch::pool,novel_focus::focus_alternative_study::hot,0.5,novel_focus,focus_alternative_study,0.006,0.872,0.006,0.872,Novel focus alternatives,7
top_p,0.6,novel_focus,hot::couch::shower,novel_focus::focus_alternative_study::hot,1.0,novel_focus,focus_alternative_study,0.002,0.84,0.002,0.84,Novel focus alternatives,7
top_p,0.6,novel_focus,hot::fan::blankets,novel_focus::focus_alternative_study::hot,0.0,novel_focus,focus_alternative_study,0.0,0.0,0.0,0.0,Novel focus alternatives,7
top_p,0.6,novel_focus,hot::fan::couch,novel_focus::focus_alternative_study::hot,0.0,novel_focus,focus_alternative_study,0.002,0.002,0.002,0.002,Novel focus alternatives,7
top_p,0.6,novel_focus,hot::fan::heater,novel_focus::focus_alternative_study::hot,0.1666666666666666,novel_focus,focus_alternative_study,0.116,0.224,0.094,0.246,Novel focus alternatives,7
top_p,0.6,novel_focus,hot::fan::pool,novel_focus::focus_alternative_study::hot,0.55,novel_focus,focus_alternative_study,0.006,0.01,0.006,0.01,Novel focus alternatives,7
top_p,0.6,novel_focus,hot::fan::shower,novel_focus::focus_alternative_study::hot,0.05,novel_focus,focus_alternative_study,0.002,0.004,0.0,0.006,Novel focus alternatives,7
top_p,0.6,novel_focus,hot::heater::blankets,novel_focus::focus_alternative_study::hot,0.2307692307692307,novel_focus,focus_alternative_study,0.0,0.002,0.0,0.002,Novel focus alternatives,7
top_p,0.6,novel_focus,hot::heater::couch,novel_focus::focus_alternative_study::hot,0.0,novel_focus,focus_alternative_study,0.002,0.014,0.002,0.014,Novel focus alternatives,7
top_p,0.6,novel_focus,hot::heater::fan,novel_focus::focus_alternative_study::hot,1.0,novel_focus,focus_alternative_study,0.318,0.776,0.29,0.804,Novel focus alternatives,7
top_p,0.6,novel_focus,hot::heater::pool,novel_focus::focus_alternative_study::hot,0.25,novel_focus,focus_alternative_study,0.006,0.038,0.006,0.038,Novel focus alternatives,7
top_p,0.6,novel_focus,hot::heater::shower,novel_focus::focus_alternative_study::hot,0.0,novel_focus,focus_alternative_study,0.002,0.02,0.002,0.02,Novel focus alternatives,7
top_p,0.6,novel_focus,hot::pool::blankets,novel_focus::focus_alternative_study::hot,0.4,novel_focus,focus_alternative_study,0.0,0.034,0.0,0.034,Novel focus alternatives,7
top_p,0.6,novel_focus,hot::pool::couch,novel_focus::focus_alternative_study::hot,0.0,novel_focus,focus_alternative_study,0.002,0.128,0.002,0.128,Novel focus alternatives,7
top_p,0.6,novel_focus,hot::pool::fan,novel_focus::focus_alternative_study::hot,0.25,novel_focus,focus_alternative_study,0.318,0.99,0.314,0.994,Novel focus alternatives,7
top_p,0.6,novel_focus,hot::pool::heater,novel_focus::focus_alternative_study::hot,0.0,novel_focus,focus_alternative_study,0.116,0.962,0.114,0.964,Novel focus alternatives,7
top_p,0.6,novel_focus,hot::pool::shower,novel_focus::focus_alternative_study::hot,0.2631578947368421,novel_focus,focus_alternative_study,0.002,0.41,0.002,0.41,Novel focus alternatives,7
top_p,0.6,novel_focus,hot::shower::blankets,novel_focus::focus_alternative_study::hot,0.0,novel_focus,focus_alternative_study,0.0,0.034,0.0,0.034,Novel focus alternatives,7
top_p,0.6,novel_focus,hot::shower::couch,novel_focus::focus_alternative_study::hot,0.0,novel_focus,focus_alternative_study,0.002,0.16,0.002,0.16,Novel focus alternatives,7
top_p,0.6,novel_focus,hot::shower::fan,novel_focus::focus_alternative_study::hot,0.8,novel_focus,focus_alternative_study,0.318,0.996,0.318,0.996,Novel focus alternatives,7
top_p,0.6,novel_focus,hot::shower::heater,novel_focus::focus_alternative_study::hot,0.3333333333333333,novel_focus,focus_alternative_study,0.116,0.98,0.116,0.98,Novel focus alternatives,7
top_p,0.6,novel_focus,hot::shower::pool,novel_focus::focus_alternative_study::hot,1.0,novel_focus,focus_alternative_study,0.006,0.59,0.006,0.59,Novel focus alternatives,7
top_p,0.6,novel_focus,mall::burger joint::coffee shop,novel_focus::focus_alternative_study::mall,0.625,novel_focus,focus_alternative_study,0.11,0.744,0.108,0.746,Novel focus alternatives,8
top_p,0.6,novel_focus,mall::burger joint::electronics store,novel_focus::focus_alternative_study::mall,0.0,novel_focus,focus_alternative_study,0.0,0.0,0.0,0.0,Novel focus alternatives,8
top_p,0.6,novel_focus,mall::burger joint::gift shop,novel_focus::focus_alternative_study::mall,0.1666666666666666,novel_focus,focus_alternative_study,0.0,0.0,0.0,0.0,Novel focus alternatives,8
top_p,0.6,novel_focus,mall::burger joint::grocery store,novel_focus::focus_alternative_study::mall,0.8,novel_focus,focus_alternative_study,0.058,0.478,0.056,0.48,Novel focus alternatives,8
top_p,0.6,novel_focus,mall::burger joint::pretzel stand,novel_focus::focus_alternative_study::mall,0.8421052631578947,novel_focus,focus_alternative_study,0.0,0.0,0.0,0.0,Novel focus alternatives,8
top_p,0.6,novel_focus,mall::coffee shop::burger joint,novel_focus::focus_alternative_study::mall,0.5,novel_focus,focus_alternative_study,0.06,0.256,0.054,0.262,Novel focus alternatives,8
top_p,0.6,novel_focus,mall::coffee shop::electronics store,novel_focus::focus_alternative_study::mall,0.4,novel_focus,focus_alternative_study,0.0,0.0,0.0,0.0,Novel focus alternatives,8
top_p,0.6,novel_focus,mall::coffee shop::gift shop,novel_focus::focus_alternative_study::mall,0.0,novel_focus,focus_alternative_study,0.0,0.0,0.0,0.0,Novel focus alternatives,8
top_p,0.6,novel_focus,mall::coffee shop::grocery store,novel_focus::focus_alternative_study::mall,0.6,novel_focus,focus_alternative_study,0.058,0.236,0.052,0.242,Novel focus alternatives,8
top_p,0.6,novel_focus,mall::coffee shop::pretzel stand,novel_focus::focus_alternative_study::mall,1.0,novel_focus,focus_alternative_study,0.0,0.0,0.0,0.0,Novel focus alternatives,8
top_p,0.6,novel_focus,mall::electronics store::burger joint,novel_focus::focus_alternative_study::mall,1.0,novel_focus,focus_alternative_study,0.06,1.0,0.06,1.0,Novel focus alternatives,8
top_p,0.6,novel_focus,mall::electronics store::coffee shop,novel_focus::focus_alternative_study::mall,0.8,novel_focus,focus_alternative_study,0.11,1.0,0.11,1.0,Novel focus alternatives,8
top_p,0.6,novel_focus,mall::electronics store::gift shop,novel_focus::focus_alternative_study::mall,0.6,novel_focus,focus_alternative_study,0.0,0.978,0.0,0.978,Novel focus alternatives,8
top_p,0.6,novel_focus,mall::electronics store::grocery store,novel_focus::focus_alternative_study::mall,0.8421052631578947,novel_focus,focus_alternative_study,0.058,1.0,0.058,1.0,Novel focus alternatives,8
top_p,0.6,novel_focus,mall::electronics store::pretzel stand,novel_focus::focus_alternative_study::mall,0.6666666666666666,novel_focus,focus_alternative_study,0.0,0.798,0.0,0.798,Novel focus alternatives,8
top_p,0.6,novel_focus,mall::gift shop::burger joint,novel_focus::focus_alternative_study::mall,1.0,novel_focus,focus_alternative_study,0.06,1.0,0.06,1.0,Novel focus alternatives,8
top_p,0.6,novel_focus,mall::gift shop::coffee shop,novel_focus::focus_alternative_study::mall,0.5,novel_focus,focus_alternative_study,0.11,1.0,0.11,1.0,Novel focus alternatives,8
top_p,0.6,novel_focus,mall::gift shop::electronics store,novel_focus::focus_alternative_study::mall,0.5,novel_focus,focus_alternative_study,0.0,0.022,0.0,0.022,Novel focus alternatives,8
top_p,0.6,novel_focus,mall::gift shop::grocery store,novel_focus::focus_alternative_study::mall,0.8666666666666667,novel_focus,focus_alternative_study,0.058,0.998,0.058,0.998,Novel focus alternatives,8
top_p,0.6,novel_focus,mall::gift shop::pretzel stand,novel_focus::focus_alternative_study::mall,1.0,novel_focus,focus_alternative_study,0.0,0.05,0.0,0.05,Novel focus alternatives,8
top_p,0.6,novel_focus,mall::grocery store::burger joint,novel_focus::focus_alternative_study::mall,1.0,novel_focus,focus_alternative_study,0.06,0.522,0.056,0.526,Novel focus alternatives,8
top_p,0.6,novel_focus,mall::grocery store::coffee shop,novel_focus::focus_alternative_study::mall,0.8,novel_focus,focus_alternative_study,0.11,0.764,0.104,0.77,Novel focus alternatives,8
top_p,0.6,novel_focus,mall::grocery store::electronics store,novel_focus::focus_alternative_study::mall,0.0,novel_focus,focus_alternative_study,0.0,0.0,0.0,0.0,Novel focus alternatives,8
top_p,0.6,novel_focus,mall::grocery store::gift shop,novel_focus::focus_alternative_study::mall,0.2,novel_focus,focus_alternative_study,0.0,0.002,0.0,0.002,Novel focus alternatives,8
top_p,0.6,novel_focus,mall::grocery store::pretzel stand,novel_focus::focus_alternative_study::mall,0.8,novel_focus,focus_alternative_study,0.0,0.0,0.0,0.0,Novel focus alternatives,8
top_p,0.6,novel_focus,mall::pretzel stand::burger joint,novel_focus::focus_alternative_study::mall,1.0,novel_focus,focus_alternative_study,0.06,1.0,0.06,1.0,Novel focus alternatives,8
top_p,0.6,novel_focus,mall::pretzel stand::coffee shop,novel_focus::focus_alternative_study::mall,0.8,novel_focus,focus_alternative_study,0.11,1.0,0.11,1.0,Novel focus alternatives,8
top_p,0.6,novel_focus,mall::pretzel stand::electronics store,novel_focus::focus_alternative_study::mall,0.0,novel_focus,focus_alternative_study,0.0,0.202,0.0,0.202,Novel focus alternatives,8
top_p,0.6,novel_focus,mall::pretzel stand::gift shop,novel_focus::focus_alternative_study::mall,0.0,novel_focus,focus_alternative_study,0.0,0.95,0.0,0.95,Novel focus alternatives,8
top_p,0.6,novel_focus,mall::pretzel stand::grocery store,novel_focus::focus_alternative_study::mall,0.6,novel_focus,focus_alternative_study,0.058,1.0,0.058,1.0,Novel focus alternatives,8
top_p,0.6,novel_focus,mask::bandana::candy,novel_focus::focus_alternative_study::mask,0.0,novel_focus,focus_alternative_study,0.0,0.04,0.0,0.04,Novel focus alternatives,9
top_p,0.6,novel_focus,mask::bandana::gloves,novel_focus::focus_alternative_study::mask,0.5,novel_focus,focus_alternative_study,0.0,0.168,0.0,0.168,Novel focus alternatives,9
top_p,0.6,novel_focus,mask::bandana::handkerchief,novel_focus::focus_alternative_study::mask,0.6153846153846154,novel_focus,focus_alternative_study,0.0,0.358,0.0,0.358,Novel focus alternatives,9
top_p,0.6,novel_focus,mask::bandana::napkins,novel_focus::focus_alternative_study::mask,0.1666666666666666,novel_focus,focus_alternative_study,0.0,0.004,0.0,0.004,Novel focus alternatives,9
top_p,0.6,novel_focus,mask::bandana::wallet,novel_focus::focus_alternative_study::mask,0.4,novel_focus,focus_alternative_study,0.0,0.154,0.0,0.154,Novel focus alternatives,9
top_p,0.6,novel_focus,mask::candy::bandana,novel_focus::focus_alternative_study::mask,0.8,novel_focus,focus_alternative_study,0.0,0.96,0.0,0.96,Novel focus alternatives,9
top_p,0.6,novel_focus,mask::candy::gloves,novel_focus::focus_alternative_study::mask,0.0625,novel_focus,focus_alternative_study,0.0,0.842,0.0,0.842,Novel focus alternatives,9
top_p,0.6,novel_focus,mask::candy::handkerchief,novel_focus::focus_alternative_study::mask,0.6666666666666666,novel_focus,focus_alternative_study,0.0,0.938,0.0,0.938,Novel focus alternatives,9
top_p,0.6,novel_focus,mask::candy::napkins,novel_focus::focus_alternative_study::mask,0.5,novel_focus,focus_alternative_study,0.0,0.074,0.0,0.074,Novel focus alternatives,9
top_p,0.6,novel_focus,mask::candy::wallet,novel_focus::focus_alternative_study::mask,0.2,novel_focus,focus_alternative_study,0.0,0.802,0.0,0.802,Novel focus alternatives,9
top_p,0.6,novel_focus,mask::gloves::bandana,novel_focus::focus_alternative_study::mask,0.5,novel_focus,focus_alternative_study,0.0,0.832,0.0,0.832,Novel focus alternatives,9
top_p,0.6,novel_focus,mask::gloves::candy,novel_focus::focus_alternative_study::mask,0.2,novel_focus,focus_alternative_study,0.0,0.158,0.0,0.158,Novel focus alternatives,9
top_p,0.6,novel_focus,mask::gloves::handkerchief,novel_focus::focus_alternative_study::mask,0.4,novel_focus,focus_alternative_study,0.0,0.722,0.0,0.722,Novel focus alternatives,9
top_p,0.6,novel_focus,mask::gloves::napkins,novel_focus::focus_alternative_study::mask,0.5,novel_focus,focus_alternative_study,0.0,0.014,0.0,0.014,Novel focus alternatives,9
top_p,0.6,novel_focus,mask::gloves::wallet,novel_focus::focus_alternative_study::mask,0.0,novel_focus,focus_alternative_study,0.0,0.448,0.0,0.448,Novel focus alternatives,9
top_p,0.6,novel_focus,mask::handkerchief::bandana,novel_focus::focus_alternative_study::mask,1.0,novel_focus,focus_alternative_study,0.0,0.642,0.0,0.642,Novel focus alternatives,9
top_p,0.6,novel_focus,mask::handkerchief::candy,novel_focus::focus_alternative_study::mask,0.0,novel_focus,focus_alternative_study,0.0,0.062,0.0,0.062,Novel focus alternatives,9
top_p,0.6,novel_focus,mask::handkerchief::gloves,novel_focus::focus_alternative_study::mask,0.4,novel_focus,focus_alternative_study,0.0,0.278,0.0,0.278,Novel focus alternatives,9
top_p,0.6,novel_focus,mask::handkerchief::napkins,novel_focus::focus_alternative_study::mask,0.3,novel_focus,focus_alternative_study,0.0,0.006,0.0,0.006,Novel focus alternatives,9
top_p,0.6,novel_focus,mask::handkerchief::wallet,novel_focus::focus_alternative_study::mask,0.0,novel_focus,focus_alternative_study,0.0,0.214,0.0,0.214,Novel focus alternatives,9
top_p,0.6,novel_focus,mask::napkins::bandana,novel_focus::focus_alternative_study::mask,1.0,novel_focus,focus_alternative_study,0.0,0.996,0.0,0.996,Novel focus alternatives,9
top_p,0.6,novel_focus,mask::napkins::candy,novel_focus::focus_alternative_study::mask,0.2,novel_focus,focus_alternative_study,0.0,0.926,0.0,0.926,Novel focus alternatives,9
top_p,0.6,novel_focus,mask::napkins::gloves,novel_focus::focus_alternative_study::mask,0.2,novel_focus,focus_alternative_study,0.0,0.986,0.0,0.986,Novel focus alternatives,9
top_p,0.6,novel_focus,mask::napkins::handkerchief,novel_focus::focus_alternative_study::mask,0.6,novel_focus,focus_alternative_study,0.0,0.994,0.0,0.994,Novel focus alternatives,9
top_p,0.6,novel_focus,mask::napkins::wallet,novel_focus::focus_alternative_study::mask,0.0,novel_focus,focus_alternative_study,0.0,0.988,0.0,0.988,Novel focus alternatives,9
top_p,0.6,novel_focus,mask::wallet::bandana,novel_focus::focus_alternative_study::mask,0.8,novel_focus,focus_alternative_study,0.0,0.846,0.0,0.846,Novel focus alternatives,9
top_p,0.6,novel_focus,mask::wallet::candy,novel_focus::focus_alternative_study::mask,0.2,novel_focus,focus_alternative_study,0.0,0.198,0.0,0.198,Novel focus alternatives,9
top_p,0.6,novel_focus,mask::wallet::gloves,novel_focus::focus_alternative_study::mask,0.631578947368421,novel_focus,focus_alternative_study,0.0,0.552,0.0,0.552,Novel focus alternatives,9
top_p,0.6,novel_focus,mask::wallet::handkerchief,novel_focus::focus_alternative_study::mask,0.6,novel_focus,focus_alternative_study,0.0,0.786,0.0,0.786,Novel focus alternatives,9
top_p,0.6,novel_focus,mask::wallet::napkins,novel_focus::focus_alternative_study::mask,0.5,novel_focus,focus_alternative_study,0.0,0.012,0.0,0.012,Novel focus alternatives,9
top_p,0.6,novel_focus,meat::chicken::crab,novel_focus::focus_alternative_study::meat,0.7647058823529411,novel_focus,focus_alternative_study,0.05,0.0,0.0,0.05,Novel focus alternatives,0
top_p,0.6,novel_focus,meat::chicken::mushrooms,novel_focus::focus_alternative_study::meat,0.2,novel_focus,focus_alternative_study,0.028,0.0,0.0,0.028,Novel focus alternatives,0
top_p,0.6,novel_focus,meat::chicken::rice,novel_focus::focus_alternative_study::meat,0.5,novel_focus,focus_alternative_study,0.4,0.024,0.024,0.4,Novel focus alternatives,0
top_p,0.6,novel_focus,meat::chicken::tofu,novel_focus::focus_alternative_study::meat,0.0,novel_focus,focus_alternative_study,0.352,0.022,0.022,0.352,Novel focus alternatives,0
top_p,0.6,novel_focus,meat::chicken::turkey,novel_focus::focus_alternative_study::meat,0.9523809523809524,novel_focus,focus_alternative_study,0.128,0.01,0.01,0.128,Novel focus alternatives,0
top_p,0.6,novel_focus,meat::crab::chicken,novel_focus::focus_alternative_study::meat,1.0,novel_focus,focus_alternative_study,1.0,1.0,1.0,1.0,Novel focus alternatives,0
top_p,0.6,novel_focus,meat::crab::mushrooms,novel_focus::focus_alternative_study::meat,0.0,novel_focus,focus_alternative_study,0.028,0.406,0.028,0.406,Novel focus alternatives,0
top_p,0.6,novel_focus,meat::crab::rice,novel_focus::focus_alternative_study::meat,0.0,novel_focus,focus_alternative_study,0.4,0.912,0.394,0.918,Novel focus alternatives,0
top_p,0.6,novel_focus,meat::crab::tofu,novel_focus::focus_alternative_study::meat,0.6666666666666666,novel_focus,focus_alternative_study,0.352,0.898,0.342,0.908,Novel focus alternatives,0
top_p,0.6,novel_focus,meat::crab::turkey,novel_focus::focus_alternative_study::meat,1.0,novel_focus,focus_alternative_study,0.128,0.734,0.128,0.734,Novel focus alternatives,0
top_p,0.6,novel_focus,meat::mushrooms::chicken,novel_focus::focus_alternative_study::meat,1.0,novel_focus,focus_alternative_study,1.0,1.0,1.0,1.0,Novel focus alternatives,0
top_p,0.6,novel_focus,meat::mushrooms::crab,novel_focus::focus_alternative_study::meat,1.0,novel_focus,focus_alternative_study,0.05,0.594,0.05,0.594,Novel focus alternatives,0
top_p,0.6,novel_focus,meat::mushrooms::rice,novel_focus::focus_alternative_study::meat,0.0,novel_focus,focus_alternative_study,0.4,0.938,0.394,0.944,Novel focus alternatives,0
top_p,0.6,novel_focus,meat::mushrooms::tofu,novel_focus::focus_alternative_study::meat,0.5263157894736842,novel_focus,focus_alternative_study,0.352,0.932,0.35,0.934,Novel focus alternatives,0
top_p,0.6,novel_focus,meat::mushrooms::turkey,novel_focus::focus_alternative_study::meat,1.0,novel_focus,focus_alternative_study,0.128,0.804,0.128,0.804,Novel focus alternatives,0
top_p,0.6,novel_focus,meat::rice::chicken,novel_focus::focus_alternative_study::meat,1.0,novel_focus,focus_alternative_study,1.0,0.976,0.976,1.0,Novel focus alternatives,0
top_p,0.6,novel_focus,meat::rice::crab,novel_focus::focus_alternative_study::meat,0.5,novel_focus,focus_alternative_study,0.05,0.088,0.038,0.1,Novel focus alternatives,0
top_p,0.6,novel_focus,meat::rice::mushrooms,novel_focus::focus_alternative_study::meat,0.2352941176470588,novel_focus,focus_alternative_study,0.028,0.062,0.024,0.066,Novel focus alternatives,0
top_p,0.6,novel_focus,meat::rice::tofu,novel_focus::focus_alternative_study::meat,0.3888888888888889,novel_focus,focus_alternative_study,0.352,0.464,0.296,0.52,Novel focus alternatives,0
top_p,0.6,novel_focus,meat::rice::turkey,novel_focus::focus_alternative_study::meat,1.0,novel_focus,focus_alternative_study,0.128,0.234,0.112,0.25,Novel focus alternatives,0
top_p,0.6,novel_focus,meat::tofu::chicken,novel_focus::focus_alternative_study::meat,1.0,novel_focus,focus_alternative_study,1.0,0.978,0.978,1.0,Novel focus alternatives,0
top_p,0.6,novel_focus,meat::tofu::crab,novel_focus::focus_alternative_study::meat,0.8,novel_focus,focus_alternative_study,0.05,0.102,0.032,0.12,Novel focus alternatives,0
top_p,0.6,novel_focus,meat::tofu::mushrooms,novel_focus::focus_alternative_study::meat,0.0,novel_focus,focus_alternative_study,0.028,0.068,0.02,0.076,Novel focus alternatives,0
top_p,0.6,novel_focus,meat::tofu::rice,novel_focus::focus_alternative_study::meat,0.0,novel_focus,focus_alternative_study,0.4,0.536,0.322,0.614,Novel focus alternatives,0
top_p,0.6,novel_focus,meat::tofu::turkey,novel_focus::focus_alternative_study::meat,1.0,novel_focus,focus_alternative_study,0.128,0.236,0.1,0.264,Novel focus alternatives,0
top_p,0.6,novel_focus,meat::turkey::chicken,novel_focus::focus_alternative_study::meat,1.0,novel_focus,focus_alternative_study,1.0,0.99,0.99,1.0,Novel focus alternatives,0
top_p,0.6,novel_focus,meat::turkey::crab,novel_focus::focus_alternative_study::meat,0.7692307692307693,novel_focus,focus_alternative_study,0.05,0.266,0.048,0.268,Novel focus alternatives,0
top_p,0.6,novel_focus,meat::turkey::mushrooms,novel_focus::focus_alternative_study::meat,0.0,novel_focus,focus_alternative_study,0.028,0.196,0.026,0.198,Novel focus alternatives,0
top_p,0.6,novel_focus,meat::turkey::rice,novel_focus::focus_alternative_study::meat,0.0,novel_focus,focus_alternative_study,0.4,0.766,0.378,0.788,Novel focus alternatives,0
top_p,0.6,novel_focus,meat::turkey::tofu,novel_focus::focus_alternative_study::meat,0.1666666666666666,novel_focus,focus_alternative_study,0.352,0.764,0.334,0.782,Novel focus alternatives,0
top_p,0.6,novel_focus,restaurant::cake::cocktails,novel_focus::focus_alternative_study::restaurant,1.0,novel_focus,focus_alternative_study,0.216,0.83,0.212,0.834,Novel focus alternatives,1
top_p,0.6,novel_focus,restaurant::cake::salad,novel_focus::focus_alternative_study::restaurant,0.6,novel_focus,focus_alternative_study,0.032,0.392,0.03,0.394,Novel focus alternatives,1
top_p,0.6,novel_focus,restaurant::cake::soda,novel_focus::focus_alternative_study::restaurant,0.8,novel_focus,focus_alternative_study,0.61,0.952,0.604,0.958,Novel focus alternatives,1
top_p,0.6,novel_focus,restaurant::cake::soup,novel_focus::focus_alternative_study::restaurant,0.3888888888888889,novel_focus,focus_alternative_study,0.038,0.446,0.038,0.446,Novel focus alternatives,1
top_p,0.6,novel_focus,restaurant::cake::vodka,novel_focus::focus_alternative_study::restaurant,1.0,novel_focus,focus_alternative_study,0.44,0.916,0.43,0.926,Novel focus alternatives,1
top_p,0.6,novel_focus,restaurant::cocktails::cake,novel_focus::focus_alternative_study::restaurant,0.6,novel_focus,focus_alternative_study,0.042,0.17,0.036,0.176,Novel focus alternatives,1
top_p,0.6,novel_focus,restaurant::cocktails::salad,novel_focus::focus_alternative_study::restaurant,0.0,novel_focus,focus_alternative_study,0.032,0.132,0.032,0.132,Novel focus alternatives,1
top_p,0.6,novel_focus,restaurant::cocktails::soda,novel_focus::focus_alternative_study::restaurant,0.4210526315789473,novel_focus,focus_alternative_study,0.61,0.794,0.546,0.858,Novel focus alternatives,1
top_p,0.6,novel_focus,restaurant::cocktails::soup,novel_focus::focus_alternative_study::restaurant,0.0,novel_focus,focus_alternative_study,0.038,0.156,0.03,0.164,Novel focus alternatives,1
top_p,0.6,novel_focus,restaurant::cocktails::vodka,novel_focus::focus_alternative_study::restaurant,0.5,novel_focus,focus_alternative_study,0.44,0.688,0.406,0.722,Novel focus alternatives,1
top_p,0.6,novel_focus,restaurant::salad::cake,novel_focus::focus_alternative_study::restaurant,0.55,novel_focus,focus_alternative_study,0.042,0.608,0.042,0.608,Novel focus alternatives,1
top_p,0.6,novel_focus,restaurant::salad::cocktails,novel_focus::focus_alternative_study::restaurant,0.75,novel_focus,focus_alternative_study,0.216,0.868,0.214,0.87,Novel focus alternatives,1
top_p,0.6,novel_focus,restaurant::salad::soda,novel_focus::focus_alternative_study::restaurant,0.6,novel_focus,focus_alternative_study,0.61,0.956,0.6,0.966,Novel focus alternatives,1
top_p,0.6,novel_focus,restaurant::salad::soup,novel_focus::focus_alternative_study::restaurant,0.7,novel_focus,focus_alternative_study,0.038,0.572,0.038,0.572,Novel focus alternatives,1
top_p,0.6,novel_focus,restaurant::salad::vodka,novel_focus::focus_alternative_study::restaurant,1.0,novel_focus,focus_alternative_study,0.44,0.942,0.436,0.946,Novel focus alternatives,1
top_p,0.6,novel_focus,restaurant::soda::cake,novel_focus::focus_alternative_study::restaurant,0.0,novel_focus,focus_alternative_study,0.042,0.048,0.024,0.066,Novel focus alternatives,1
top_p,0.6,novel_focus,restaurant::soda::cocktails,novel_focus::focus_alternative_study::restaurant,1.0,novel_focus,focus_alternative_study,0.216,0.206,0.146,0.276,Novel focus alternatives,1
top_p,0.6,novel_focus,restaurant::soda::salad,novel_focus::focus_alternative_study::restaurant,0.0,novel_focus,focus_alternative_study,0.032,0.044,0.022,0.054,Novel focus alternatives,1
top_p,0.6,novel_focus,restaurant::soda::soup,novel_focus::focus_alternative_study::restaurant,0.0,novel_focus,focus_alternative_study,0.038,0.042,0.024,0.056,Novel focus alternatives,1
top_p,0.6,novel_focus,restaurant::soda::vodka,novel_focus::focus_alternative_study::restaurant,1.0,novel_focus,focus_alternative_study,0.44,0.384,0.306,0.518,Novel focus alternatives,1
top_p,0.6,novel_focus,restaurant::soup::cake,novel_focus::focus_alternative_study::restaurant,0.3333333333333333,novel_focus,focus_alternative_study,0.042,0.554,0.042,0.554,Novel focus alternatives,1
top_p,0.6,novel_focus,restaurant::soup::cocktails,novel_focus::focus_alternative_study::restaurant,1.0,novel_focus,focus_alternative_study,0.216,0.844,0.212,0.848,Novel focus alternatives,1
top_p,0.6,novel_focus,restaurant::soup::salad,novel_focus::focus_alternative_study::restaurant,0.5,novel_focus,focus_alternative_study,0.032,0.428,0.032,0.428,Novel focus alternatives,1
top_p,0.6,novel_focus,restaurant::soup::soda,novel_focus::focus_alternative_study::restaurant,0.8333333333333334,novel_focus,focus_alternative_study,0.61,0.958,0.596,0.972,Novel focus alternatives,1
top_p,0.6,novel_focus,restaurant::soup::vodka,novel_focus::focus_alternative_study::restaurant,1.0,novel_focus,focus_alternative_study,0.44,0.932,0.438,0.934,Novel focus alternatives,1
top_p,0.6,novel_focus,restaurant::vodka::cake,novel_focus::focus_alternative_study::restaurant,0.0,novel_focus,focus_alternative_study,0.042,0.084,0.028,0.098,Novel focus alternatives,1
top_p,0.6,novel_focus,restaurant::vodka::cocktails,novel_focus::focus_alternative_study::restaurant,1.0,novel_focus,focus_alternative_study,0.216,0.312,0.182,0.346,Novel focus alternatives,1
top_p,0.6,novel_focus,restaurant::vodka::salad,novel_focus::focus_alternative_study::restaurant,0.0,novel_focus,focus_alternative_study,0.032,0.058,0.018,0.072,Novel focus alternatives,1
top_p,0.6,novel_focus,restaurant::vodka::soda,novel_focus::focus_alternative_study::restaurant,0.3157894736842105,novel_focus,focus_alternative_study,0.61,0.616,0.468,0.758,Novel focus alternatives,1
top_p,0.6,novel_focus,restaurant::vodka::soup,novel_focus::focus_alternative_study::restaurant,0.0,novel_focus,focus_alternative_study,0.038,0.068,0.034,0.072,Novel focus alternatives,1
top_p,0.6,novel_focus,salad::chips::cigarettes,novel_focus::focus_alternative_study::salad,0.1666666666666666,novel_focus,focus_alternative_study,0.002,0.052,0.002,0.052,Novel focus alternatives,2
top_p,0.6,novel_focus,salad::chips::dressing,novel_focus::focus_alternative_study::salad,0.4,novel_focus,focus_alternative_study,0.01,0.254,0.01,0.254,Novel focus alternatives,2
top_p,0.6,novel_focus,salad::chips::lettuce,novel_focus::focus_alternative_study::salad,1.0,novel_focus,focus_alternative_study,1.0,0.998,0.998,1.0,Novel focus alternatives,2
top_p,0.6,novel_focus,salad::chips::meat,novel_focus::focus_alternative_study::salad,0.2857142857142857,novel_focus,focus_alternative_study,0.072,0.706,0.072,0.706,Novel focus alternatives,2
top_p,0.6,novel_focus,salad::chips::tuna,novel_focus::focus_alternative_study::salad,0.2,novel_focus,focus_alternative_study,0.016,0.3,0.016,0.3,Novel focus alternatives,2
top_p,0.6,novel_focus,salad::cigarettes::chips,novel_focus::focus_alternative_study::salad,0.4375,novel_focus,focus_alternative_study,0.018,0.948,0.018,0.948,Novel focus alternatives,2
top_p,0.6,novel_focus,salad::cigarettes::dressing,novel_focus::focus_alternative_study::salad,1.0,novel_focus,focus_alternative_study,0.01,0.86,0.01,0.86,Novel focus alternatives,2
top_p,0.6,novel_focus,salad::cigarettes::lettuce,novel_focus::focus_alternative_study::salad,0.75,novel_focus,focus_alternative_study,1.0,1.0,1.0,1.0,Novel focus alternatives,2
top_p,0.6,novel_focus,salad::cigarettes::meat,novel_focus::focus_alternative_study::salad,0.5789473684210527,novel_focus,focus_alternative_study,0.072,0.984,0.072,0.984,Novel focus alternatives,2
top_p,0.6,novel_focus,salad::cigarettes::tuna,novel_focus::focus_alternative_study::salad,0.3333333333333333,novel_focus,focus_alternative_study,0.016,0.918,0.016,0.918,Novel focus alternatives,2
top_p,0.6,novel_focus,salad::dressing::chips,novel_focus::focus_alternative_study::salad,0.0,novel_focus,focus_alternative_study,0.018,0.746,0.018,0.746,Novel focus alternatives,2
top_p,0.6,novel_focus,salad::dressing::cigarettes,novel_focus::focus_alternative_study::salad,0.0,novel_focus,focus_alternative_study,0.002,0.14,0.002,0.14,Novel focus alternatives,2
top_p,0.6,novel_focus,salad::dressing::lettuce,novel_focus::focus_alternative_study::salad,1.0,novel_focus,focus_alternative_study,1.0,0.996,0.996,1.0,Novel focus alternatives,2
top_p,0.6,novel_focus,salad::dressing::meat,novel_focus::focus_alternative_study::salad,0.3333333333333333,novel_focus,focus_alternative_study,0.072,0.904,0.07,0.906,Novel focus alternatives,2
top_p,0.6,novel_focus,salad::dressing::tuna,novel_focus::focus_alternative_study::salad,0.4375,novel_focus,focus_alternative_study,0.016,0.578,0.016,0.578,Novel focus alternatives,2
top_p,0.6,novel_focus,salad::lettuce::chips,novel_focus::focus_alternative_study::salad,0.0,novel_focus,focus_alternative_study,0.018,0.002,0.002,0.018,Novel focus alternatives,2
top_p,0.6,novel_focus,salad::lettuce::cigarettes,novel_focus::focus_alternative_study::salad,0.0,novel_focus,focus_alternative_study,0.002,0.0,0.0,0.002,Novel focus alternatives,2
top_p,0.6,novel_focus,salad::lettuce::dressing,novel_focus::focus_alternative_study::salad,0.6111111111111112,novel_focus,focus_alternative_study,0.01,0.004,0.004,0.01,Novel focus alternatives,2
top_p,0.6,novel_focus,salad::lettuce::meat,novel_focus::focus_alternative_study::salad,0.75,novel_focus,focus_alternative_study,0.072,0.006,0.006,0.072,Novel focus alternatives,2
top_p,0.6,novel_focus,salad::lettuce::tuna,novel_focus::focus_alternative_study::salad,0.3888888888888889,novel_focus,focus_alternative_study,0.016,0.004,0.004,0.016,Novel focus alternatives,2
top_p,0.6,novel_focus,salad::meat::chips,novel_focus::focus_alternative_study::salad,0.0,novel_focus,focus_alternative_study,0.018,0.294,0.018,0.294,Novel focus alternatives,2
top_p,0.6,novel_focus,salad::meat::cigarettes,novel_focus::focus_alternative_study::salad,0.0,novel_focus,focus_alternative_study,0.002,0.016,0.0,0.018,Novel focus alternatives,2
top_p,0.6,novel_focus,salad::meat::dressing,novel_focus::focus_alternative_study::salad,0.0,novel_focus,focus_alternative_study,0.01,0.096,0.008,0.098,Novel focus alternatives,2
top_p,0.6,novel_focus,salad::meat::lettuce,novel_focus::focus_alternative_study::salad,1.0,novel_focus,focus_alternative_study,1.0,0.994,0.994,1.0,Novel focus alternatives,2
top_p,0.6,novel_focus,salad::meat::tuna,novel_focus::focus_alternative_study::salad,0.3333333333333333,novel_focus,focus_alternative_study,0.016,0.148,0.016,0.148,Novel focus alternatives,2
top_p,0.6,novel_focus,salad::tuna::chips,novel_focus::focus_alternative_study::salad,0.0,novel_focus,focus_alternative_study,0.018,0.7,0.018,0.7,Novel focus alternatives,2
top_p,0.6,novel_focus,salad::tuna::cigarettes,novel_focus::focus_alternative_study::salad,0.0,novel_focus,focus_alternative_study,0.002,0.082,0.002,0.082,Novel focus alternatives,2
top_p,0.6,novel_focus,salad::tuna::dressing,novel_focus::focus_alternative_study::salad,0.6,novel_focus,focus_alternative_study,0.01,0.422,0.01,0.422,Novel focus alternatives,2
top_p,0.6,novel_focus,salad::tuna::lettuce,novel_focus::focus_alternative_study::salad,1.0,novel_focus,focus_alternative_study,1.0,0.996,0.996,1.0,Novel focus alternatives,2
top_p,0.6,novel_focus,salad::tuna::meat,novel_focus::focus_alternative_study::salad,0.8,novel_focus,focus_alternative_study,0.072,0.852,0.07,0.854,Novel focus alternatives,2
top_p,0.6,novel_focus,science::art::geology,novel_focus::focus_alternative_study::science,1.0,novel_focus,focus_alternative_study,0.266,0.986,0.264,0.988,Novel focus alternatives,3
top_p,0.6,novel_focus,science::art::math,novel_focus::focus_alternative_study::science,0.7,novel_focus,focus_alternative_study,0.134,0.98,0.134,0.98,Novel focus alternatives,3
top_p,0.6,novel_focus,science::art::philosophy,novel_focus::focus_alternative_study::science,0.6111111111111112,novel_focus,focus_alternative_study,0.004,0.626,0.004,0.626,Novel focus alternatives,3
top_p,0.6,novel_focus,science::art::physics,novel_focus::focus_alternative_study::science,1.0,novel_focus,focus_alternative_study,1.0,0.996,0.996,1.0,Novel focus alternatives,3
top_p,0.6,novel_focus,science::art::zoology,novel_focus::focus_alternative_study::science,0.8,novel_focus,focus_alternative_study,0.044,0.904,0.044,0.904,Novel focus alternatives,3
top_p,0.6,novel_focus,science::geology::art,novel_focus::focus_alternative_study::science,0.6,novel_focus,focus_alternative_study,0.006,0.014,0.006,0.014,Novel focus alternatives,3
top_p,0.6,novel_focus,science::geology::math,novel_focus::focus_alternative_study::science,0.8333333333333334,novel_focus,focus_alternative_study,0.134,0.306,0.122,0.318,Novel focus alternatives,3
top_p,0.6,novel_focus,science::geology::philosophy,novel_focus::focus_alternative_study::science,0.6666666666666666,novel_focus,focus_alternative_study,0.004,0.012,0.004,0.012,Novel focus alternatives,3
top_p,0.6,novel_focus,science::geology::physics,novel_focus::focus_alternative_study::science,1.0,novel_focus,focus_alternative_study,1.0,0.958,0.958,1.0,Novel focus alternatives,3
top_p,0.6,novel_focus,science::geology::zoology,novel_focus::focus_alternative_study::science,1.0,novel_focus,focus_alternative_study,0.044,0.106,0.036,0.114,Novel focus alternatives,3
top_p,0.6,novel_focus,science::math::art,novel_focus::focus_alternative_study::science,0.5,novel_focus,focus_alternative_study,0.006,0.02,0.006,0.02,Novel focus alternatives,3
top_p,0.6,novel_focus,science::math::geology,novel_focus::focus_alternative_study::science,0.75,novel_focus,focus_alternative_study,0.266,0.694,0.252,0.708,Novel focus alternatives,3
top_p,0.6,novel_focus,science::math::philosophy,novel_focus::focus_alternative_study::science,0.4,novel_focus,focus_alternative_study,0.004,0.036,0.002,0.038,Novel focus alternatives,3
top_p,0.6,novel_focus,science::math::physics,novel_focus::focus_alternative_study::science,0.5,novel_focus,focus_alternative_study,1.0,0.978,0.978,1.0,Novel focus alternatives,3
top_p,0.6,novel_focus,science::math::zoology,novel_focus::focus_alternative_study::science,0.8,novel_focus,focus_alternative_study,0.044,0.188,0.04,0.192,Novel focus alternatives,3
top_p,0.6,novel_focus,science::philosophy::art,novel_focus::focus_alternative_study::science,1.0,novel_focus,focus_alternative_study,0.006,0.374,0.006,0.374,Novel focus alternatives,3
top_p,0.6,novel_focus,science::philosophy::geology,novel_focus::focus_alternative_study::science,0.8,novel_focus,focus_alternative_study,0.266,0.988,0.266,0.988,Novel focus alternatives,3
top_p,0.6,novel_focus,science::philosophy::math,novel_focus::focus_alternative_study::science,0.6875,novel_focus,focus_alternative_study,0.134,0.964,0.134,0.964,Novel focus alternatives,3
top_p,0.6,novel_focus,science::philosophy::physics,novel_focus::focus_alternative_study::science,1.0,novel_focus,focus_alternative_study,1.0,1.0,1.0,1.0,Novel focus alternatives,3
top_p,0.6,novel_focus,science::philosophy::zoology,novel_focus::focus_alternative_study::science,0.8333333333333334,novel_focus,focus_alternative_study,0.044,0.888,0.044,0.888,Novel focus alternatives,3
top_p,0.6,novel_focus,science::physics::art,novel_focus::focus_alternative_study::science,0.4,novel_focus,focus_alternative_study,0.006,0.004,0.004,0.006,Novel focus alternatives,3
top_p,0.6,novel_focus,science::physics::geology,novel_focus::focus_alternative_study::science,0.8571428571428571,novel_focus,focus_alternative_study,0.266,0.042,0.042,0.266,Novel focus alternatives,3
top_p,0.6,novel_focus,science::physics::math,novel_focus::focus_alternative_study::science,0.3333333333333333,novel_focus,focus_alternative_study,0.134,0.022,0.022,0.134,Novel focus alternatives,3
top_p,0.6,novel_focus,science::physics::philosophy,novel_focus::focus_alternative_study::science,0.3333333333333333,novel_focus,focus_alternative_study,0.004,0.0,0.0,0.004,Novel focus alternatives,3
top_p,0.6,novel_focus,science::physics::zoology,novel_focus::focus_alternative_study::science,0.65,novel_focus,focus_alternative_study,0.044,0.006,0.006,0.044,Novel focus alternatives,3
top_p,0.6,novel_focus,science::zoology::art,novel_focus::focus_alternative_study::science,0.6666666666666666,novel_focus,focus_alternative_study,0.006,0.096,0.006,0.096,Novel focus alternatives,3
top_p,0.6,novel_focus,science::zoology::geology,novel_focus::focus_alternative_study::science,0.75,novel_focus,focus_alternative_study,0.266,0.894,0.264,0.896,Novel focus alternatives,3
top_p,0.6,novel_focus,science::zoology::math,novel_focus::focus_alternative_study::science,0.4,novel_focus,focus_alternative_study,0.134,0.812,0.126,0.82,Novel focus alternatives,3
top_p,0.6,novel_focus,science::zoology::philosophy,novel_focus::focus_alternative_study::science,0.6666666666666666,novel_focus,focus_alternative_study,0.004,0.112,0.004,0.112,Novel focus alternatives,3
top_p,0.6,novel_focus,science::zoology::physics,novel_focus::focus_alternative_study::science,1.0,novel_focus,focus_alternative_study,1.0,0.994,0.994,1.0,Novel focus alternatives,3
top_p,0.6,novel_focus,throw::beach ball::boomerang,novel_focus::focus_alternative_study::throw,0.631578947368421,novel_focus,focus_alternative_study,0.002,0.044,0.002,0.044,Novel focus alternatives,4
top_p,0.6,novel_focus,throw::beach ball::football,novel_focus::focus_alternative_study::throw,1.0,novel_focus,focus_alternative_study,0.932,0.994,0.928,0.998,Novel focus alternatives,4
top_p,0.6,novel_focus,throw::beach ball::lawnmower,novel_focus::focus_alternative_study::throw,0.0,novel_focus,focus_alternative_study,0.002,0.024,0.002,0.024,Novel focus alternatives,4
top_p,0.6,novel_focus,throw::beach ball::shovel,novel_focus::focus_alternative_study::throw,0.0,novel_focus,focus_alternative_study,0.0,0.006,0.0,0.006,Novel focus alternatives,4
top_p,0.6,novel_focus,throw::beach ball::tires,novel_focus::focus_alternative_study::throw,0.0,novel_focus,focus_alternative_study,0.0,0.0,0.0,0.0,Novel focus alternatives,4
top_p,0.6,novel_focus,throw::boomerang::beach ball,novel_focus::focus_alternative_study::throw,0.75,novel_focus,focus_alternative_study,0.01,0.956,0.01,0.956,Novel focus alternatives,4
top_p,0.6,novel_focus,throw::boomerang::football,novel_focus::focus_alternative_study::throw,1.0,novel_focus,focus_alternative_study,0.932,1.0,0.932,1.0,Novel focus alternatives,4
top_p,0.6,novel_focus,throw::boomerang::lawnmower,novel_focus::focus_alternative_study::throw,0.0,novel_focus,focus_alternative_study,0.002,0.388,0.002,0.388,Novel focus alternatives,4
top_p,0.6,novel_focus,throw::boomerang::shovel,novel_focus::focus_alternative_study::throw,0.0,novel_focus,focus_alternative_study,0.0,0.142,0.0,0.142,Novel focus alternatives,4
top_p,0.6,novel_focus,throw::boomerang::tires,novel_focus::focus_alternative_study::throw,0.0,novel_focus,focus_alternative_study,0.0,0.014,0.0,0.014,Novel focus alternatives,4
top_p,0.6,novel_focus,throw::football::beach ball,novel_focus::focus_alternative_study::throw,0.875,novel_focus,focus_alternative_study,0.01,0.006,0.006,0.01,Novel focus alternatives,4
top_p,0.6,novel_focus,throw::football::boomerang,novel_focus::focus_alternative_study::throw,0.6190476190476191,novel_focus,focus_alternative_study,0.002,0.0,0.0,0.002,Novel focus alternatives,4
top_p,0.6,novel_focus,throw::football::lawnmower,novel_focus::focus_alternative_study::throw,0.0,novel_focus,focus_alternative_study,0.002,0.002,0.002,0.002,Novel focus alternatives,4
top_p,0.6,novel_focus,throw::football::shovel,novel_focus::focus_alternative_study::throw,0.0,novel_focus,focus_alternative_study,0.0,0.0,0.0,0.0,Novel focus alternatives,4
top_p,0.6,novel_focus,throw::football::tires,novel_focus::focus_alternative_study::throw,0.0,novel_focus,focus_alternative_study,0.0,0.0,0.0,0.0,Novel focus alternatives,4
top_p,0.6,novel_focus,throw::lawnmower::beach ball,novel_focus::focus_alternative_study::throw,1.0,novel_focus,focus_alternative_study,0.01,0.976,0.01,0.976,Novel focus alternatives,4
top_p,0.6,novel_focus,throw::lawnmower::boomerang,novel_focus::focus_alternative_study::throw,0.8,novel_focus,focus_alternative_study,0.002,0.612,0.002,0.612,Novel focus alternatives,4
top_p,0.6,novel_focus,throw::lawnmower::football,novel_focus::focus_alternative_study::throw,1.0,novel_focus,focus_alternative_study,0.932,0.998,0.93,1.0,Novel focus alternatives,4
top_p,0.6,novel_focus,throw::lawnmower::shovel,novel_focus::focus_alternative_study::throw,0.3333333333333333,novel_focus,focus_alternative_study,0.0,0.18,0.0,0.18,Novel focus alternatives,4
top_p,0.6,novel_focus,throw::lawnmower::tires,novel_focus::focus_alternative_study::throw,0.0769230769230769,novel_focus,focus_alternative_study,0.0,0.018,0.0,0.018,Novel focus alternatives,4
top_p,0.6,novel_focus,throw::shovel::beach ball,novel_focus::focus_alternative_study::throw,0.75,novel_focus,focus_alternative_study,0.01,0.994,0.01,0.994,Novel focus alternatives,4
top_p,0.6,novel_focus,throw::shovel::boomerang,novel_focus::focus_alternative_study::throw,0.6,novel_focus,focus_alternative_study,0.002,0.858,0.002,0.858,Novel focus alternatives,4
top_p,0.6,novel_focus,throw::shovel::football,novel_focus::focus_alternative_study::throw,1.0,novel_focus,focus_alternative_study,0.932,1.0,0.932,1.0,Novel focus alternatives,4
top_p,0.6,novel_focus,throw::shovel::lawnmower,novel_focus::focus_alternative_study::throw,0.0,novel_focus,focus_alternative_study,0.002,0.82,0.002,0.82,Novel focus alternatives,4
top_p,0.6,novel_focus,throw::shovel::tires,novel_focus::focus_alternative_study::throw,0.125,novel_focus,focus_alternative_study,0.0,0.12,0.0,0.12,Novel focus alternatives,4
top_p,0.6,novel_focus,throw::tires::beach ball,novel_focus::focus_alternative_study::throw,0.6,novel_focus,focus_alternative_study,0.01,1.0,0.01,1.0,Novel focus alternatives,4
top_p,0.6,novel_focus,throw::tires::boomerang,novel_focus::focus_alternative_study::throw,1.0,novel_focus,focus_alternative_study,0.002,0.986,0.002,0.986,Novel focus alternatives,4
top_p,0.6,novel_focus,throw::tires::football,novel_focus::focus_alternative_study::throw,0.8,novel_focus,focus_alternative_study,0.932,1.0,0.932,1.0,Novel focus alternatives,4
top_p,0.6,novel_focus,throw::tires::lawnmower,novel_focus::focus_alternative_study::throw,0.8,novel_focus,focus_alternative_study,0.002,0.982,0.002,0.982,Novel focus alternatives,4
top_p,0.6,novel_focus,throw::tires::shovel,novel_focus::focus_alternative_study::throw,0.3333333333333333,novel_focus,focus_alternative_study,0.0,0.88,0.0,0.88,Novel focus alternatives,4
top_p,0.6,novel_focus,transport::car::chairs,novel_focus::focus_alternative_study::transport,0.0,novel_focus,focus_alternative_study,0.0,0.0,0.0,0.0,Novel focus alternatives,5
top_p,0.6,novel_focus,transport::car::hammer,novel_focus::focus_alternative_study::transport,0.2,novel_focus,focus_alternative_study,0.002,0.0,0.0,0.002,Novel focus alternatives,5
top_p,0.6,novel_focus,transport::car::lawnmower,novel_focus::focus_alternative_study::transport,0.25,novel_focus,focus_alternative_study,0.042,0.004,0.004,0.042,Novel focus alternatives,5
top_p,0.6,novel_focus,transport::car::motorcycle,novel_focus::focus_alternative_study::transport,0.9047619047619048,novel_focus,focus_alternative_study,0.846,0.128,0.128,0.846,Novel focus alternatives,5
top_p,0.6,novel_focus,transport::car::roller blades,novel_focus::focus_alternative_study::transport,0.5625,novel_focus,focus_alternative_study,0.004,0.0,0.0,0.004,Novel focus alternatives,5
top_p,0.6,novel_focus,transport::chairs::car,novel_focus::focus_alternative_study::transport,1.0,novel_focus,focus_alternative_study,1.0,1.0,1.0,1.0,Novel focus alternatives,5
top_p,0.6,novel_focus,transport::chairs::hammer,novel_focus::focus_alternative_study::transport,0.0,novel_focus,focus_alternative_study,0.002,0.948,0.002,0.948,Novel focus alternatives,5
top_p,0.6,novel_focus,transport::chairs::lawnmower,novel_focus::focus_alternative_study::transport,0.0909090909090909,novel_focus,focus_alternative_study,0.042,0.994,0.042,0.994,Novel focus alternatives,5
top_p,0.6,novel_focus,transport::chairs::motorcycle,novel_focus::focus_alternative_study::transport,0.6,novel_focus,focus_alternative_study,0.846,1.0,0.846,1.0,Novel focus alternatives,5
top_p,0.6,novel_focus,transport::chairs::roller blades,novel_focus::focus_alternative_study::transport,0.6666666666666666,novel_focus,focus_alternative_study,0.004,0.972,0.004,0.972,Novel focus alternatives,5
top_p,0.6,novel_focus,transport::hammer::car,novel_focus::focus_alternative_study::transport,0.6,novel_focus,focus_alternative_study,1.0,1.0,1.0,1.0,Novel focus alternatives,5
top_p,0.6,novel_focus,transport::hammer::chairs,novel_focus::focus_alternative_study::transport,0.0666666666666666,novel_focus,focus_alternative_study,0.0,0.052,0.0,0.052,Novel focus alternatives,5
top_p,0.6,novel_focus,transport::hammer::lawnmower,novel_focus::focus_alternative_study::transport,0.5555555555555556,novel_focus,focus_alternative_study,0.042,0.964,0.042,0.964,Novel focus alternatives,5
top_p,0.6,novel_focus,transport::hammer::motorcycle,novel_focus::focus_alternative_study::transport,0.5,novel_focus,focus_alternative_study,0.846,0.998,0.846,0.998,Novel focus alternatives,5
top_p,0.6,novel_focus,transport::hammer::roller blades,novel_focus::focus_alternative_study::transport,0.8,novel_focus,focus_alternative_study,0.004,0.74,0.004,0.74,Novel focus alternatives,5
top_p,0.6,novel_focus,transport::lawnmower::car,novel_focus::focus_alternative_study::transport,1.0,novel_focus,focus_alternative_study,1.0,0.996,0.996,1.0,Novel focus alternatives,5
top_p,0.6,novel_focus,transport::lawnmower::chairs,novel_focus::focus_alternative_study::transport,0.2,novel_focus,focus_alternative_study,0.0,0.006,0.0,0.006,Novel focus alternatives,5
top_p,0.6,novel_focus,transport::lawnmower::hammer,novel_focus::focus_alternative_study::transport,0.25,novel_focus,focus_alternative_study,0.002,0.036,0.002,0.036,Novel focus alternatives,5
top_p,0.6,novel_focus,transport::lawnmower::motorcycle,novel_focus::focus_alternative_study::transport,1.0,novel_focus,focus_alternative_study,0.846,0.968,0.826,0.988,Novel focus alternatives,5
top_p,0.6,novel_focus,transport::lawnmower::roller blades,novel_focus::focus_alternative_study::transport,0.5,novel_focus,focus_alternative_study,0.004,0.098,0.004,0.098,Novel focus alternatives,5
top_p,0.6,novel_focus,transport::motorcycle::car,novel_focus::focus_alternative_study::transport,0.8,novel_focus,focus_alternative_study,1.0,0.872,0.872,1.0,Novel focus alternatives,5
top_p,0.6,novel_focus,transport::motorcycle::chairs,novel_focus::focus_alternative_study::transport,0.0,novel_focus,focus_alternative_study,0.0,0.0,0.0,0.0,Novel focus alternatives,5
top_p,0.6,novel_focus,transport::motorcycle::hammer,novel_focus::focus_alternative_study::transport,0.0,novel_focus,focus_alternative_study,0.002,0.002,0.002,0.002,Novel focus alternatives,5
top_p,0.6,novel_focus,transport::motorcycle::lawnmower,novel_focus::focus_alternative_study::transport,0.0,novel_focus,focus_alternative_study,0.042,0.032,0.028,0.046,Novel focus alternatives,5
top_p,0.6,novel_focus,transport::motorcycle::roller blades,novel_focus::focus_alternative_study::transport,0.5384615384615384,novel_focus,focus_alternative_study,0.004,0.002,0.002,0.004,Novel focus alternatives,5
top_p,0.6,novel_focus,transport::roller blades::car,novel_focus::focus_alternative_study::transport,1.0,novel_focus,focus_alternative_study,1.0,1.0,1.0,1.0,Novel focus alternatives,5
top_p,0.6,novel_focus,transport::roller blades::chairs,novel_focus::focus_alternative_study::transport,0.5,novel_focus,focus_alternative_study,0.0,0.028,0.0,0.028,Novel focus alternatives,5
top_p,0.6,novel_focus,transport::roller blades::hammer,novel_focus::focus_alternative_study::transport,0.2,novel_focus,focus_alternative_study,0.002,0.26,0.002,0.26,Novel focus alternatives,5
top_p,0.6,novel_focus,transport::roller blades::lawnmower,novel_focus::focus_alternative_study::transport,0.0,novel_focus,focus_alternative_study,0.042,0.902,0.042,0.902,Novel focus alternatives,5
top_p,0.6,novel_focus,transport::roller blades::motorcycle,novel_focus::focus_alternative_study::transport,1.0,novel_focus,focus_alternative_study,0.846,0.998,0.844,1.0,Novel focus alternatives,5
top_p,0.6,rnx_eonly,Eonly::01,ronai_xiang_2024::ronai_xiang_2024::item::01,0.625,ronai_xiang_2024,ronai_xiang_2024,0.002,0.032,0.002,0.032,Ronai & Xiang (2024): Eonly,0
top_p,0.6,rnx_eonly,Eonly::02,ronai_xiang_2024::ronai_xiang_2024::item::02,0.5,ronai_xiang_2024,ronai_xiang_2024,0.312,0.25,0.188,0.374,Ronai & Xiang (2024): Eonly,1
top_p,0.6,rnx_eonly,Eonly::03,ronai_xiang_2024::ronai_xiang_2024::item::03,0.625,ronai_xiang_2024,ronai_xiang_2024,0.494,0.162,0.162,0.494,Ronai & Xiang (2024): Eonly,2
top_p,0.6,rnx_eonly,Eonly::04,ronai_xiang_2024::ronai_xiang_2024::item::04,0.725,ronai_xiang_2024,ronai_xiang_2024,0.368,0.962,0.364,0.966,Ronai & Xiang (2024): Eonly,3
top_p,0.6,rnx_eonly,Eonly::05,ronai_xiang_2024::ronai_xiang_2024::item::05,0.575,ronai_xiang_2024,ronai_xiang_2024,0.018,0.012,0.01,0.02,Ronai & Xiang (2024): Eonly,4
top_p,0.6,rnx_eonly,Eonly::06,ronai_xiang_2024::ronai_xiang_2024::item::06,0.725,ronai_xiang_2024,ronai_xiang_2024,0.962,0.736,0.73,0.968,Ronai & Xiang (2024): Eonly,5
top_p,0.6,rnx_eonly,Eonly::07,ronai_xiang_2024::ronai_xiang_2024::item::07,0.65,ronai_xiang_2024,ronai_xiang_2024,0.048,0.468,0.048,0.468,Ronai & Xiang (2024): Eonly,6
top_p,0.6,rnx_eonly,Eonly::08,ronai_xiang_2024::ronai_xiang_2024::item::08,0.5,ronai_xiang_2024,ronai_xiang_2024,0.936,0.688,0.678,0.946,Ronai & Xiang (2024): Eonly,7
top_p,0.6,rnx_eonly,Eonly::09,ronai_xiang_2024::ronai_xiang_2024::item::09,0.95,ronai_xiang_2024,ronai_xiang_2024,0.0,0.258,0.0,0.258,Ronai & Xiang (2024): Eonly,8
top_p,0.6,rnx_eonly,Eonly::10,ronai_xiang_2024::ronai_xiang_2024::item::10,0.425,ronai_xiang_2024,ronai_xiang_2024,0.056,0.034,0.03,0.06,Ronai & Xiang (2024): Eonly,9
top_p,0.6,rnx_eonly,Eonly::11,ronai_xiang_2024::ronai_xiang_2024::item::11,0.55,ronai_xiang_2024,ronai_xiang_2024,0.0,0.0,0.0,0.0,Ronai & Xiang (2024): Eonly,0
top_p,0.6,rnx_eonly,Eonly::12,ronai_xiang_2024::ronai_xiang_2024::item::12,0.85,ronai_xiang_2024,ronai_xiang_2024,0.002,0.062,0.002,0.062,Ronai & Xiang (2024): Eonly,1
top_p,0.6,rnx_eonly,Eonly::13,ronai_xiang_2024::ronai_xiang_2024::item::13,0.875,ronai_xiang_2024,ronai_xiang_2024,0.944,0.96,0.908,0.996,Ronai & Xiang (2024): Eonly,2
top_p,0.6,rnx_eonly,Eonly::14,ronai_xiang_2024::ronai_xiang_2024::item::14,0.475,ronai_xiang_2024,ronai_xiang_2024,0.006,0.016,0.006,0.016,Ronai & Xiang (2024): Eonly,3
top_p,0.6,rnx_eonly,Eonly::15,ronai_xiang_2024::ronai_xiang_2024::item::15,0.85,ronai_xiang_2024,ronai_xiang_2024,0.032,0.062,0.026,0.068,Ronai & Xiang (2024): Eonly,4
top_p,0.6,rnx_eonly,Eonly::16,ronai_xiang_2024::ronai_xiang_2024::item::16,0.625,ronai_xiang_2024,ronai_xiang_2024,0.002,0.028,0.002,0.028,Ronai & Xiang (2024): Eonly,5
top_p,0.6,rnx_eonly,Eonly::17,ronai_xiang_2024::ronai_xiang_2024::item::17,0.8,ronai_xiang_2024,ronai_xiang_2024,0.002,0.12,0.002,0.12,Ronai & Xiang (2024): Eonly,6
top_p,0.6,rnx_eonly,Eonly::18,ronai_xiang_2024::ronai_xiang_2024::item::18,0.75,ronai_xiang_2024,ronai_xiang_2024,0.03,0.164,0.024,0.17,Ronai & Xiang (2024): Eonly,7
top_p,0.6,rnx_eonly,Eonly::19,ronai_xiang_2024::ronai_xiang_2024::item::19,0.875,ronai_xiang_2024,ronai_xiang_2024,0.27,0.61,0.246,0.634,Ronai & Xiang (2024): Eonly,8
top_p,0.6,rnx_eonly,Eonly::20,ronai_xiang_2024::ronai_xiang_2024::item::20,0.5,ronai_xiang_2024,ronai_xiang_2024,0.0,0.008,0.0,0.008,Ronai & Xiang (2024): Eonly,9
top_p,0.6,rnx_eonly,Eonly::21,ronai_xiang_2024::ronai_xiang_2024::item::21,0.425,ronai_xiang_2024,ronai_xiang_2024,0.064,0.378,0.064,0.378,Ronai & Xiang (2024): Eonly,0
top_p,0.6,rnx_eonly,Eonly::22,ronai_xiang_2024::ronai_xiang_2024::item::22,0.6,ronai_xiang_2024,ronai_xiang_2024,0.006,0.78,0.006,0.78,Ronai & Xiang (2024): Eonly,1
top_p,0.6,rnx_eonly,Eonly::23,ronai_xiang_2024::ronai_xiang_2024::item::23,0.8,ronai_xiang_2024,ronai_xiang_2024,0.144,0.488,0.136,0.496,Ronai & Xiang (2024): Eonly,2
top_p,0.6,rnx_eonly,Eonly::24,ronai_xiang_2024::ronai_xiang_2024::item::24,0.325,ronai_xiang_2024,ronai_xiang_2024,0.118,0.324,0.098,0.344,Ronai & Xiang (2024): Eonly,3
top_p,0.6,rnx_eonly,Eonly::25,ronai_xiang_2024::ronai_xiang_2024::item::25,0.85,ronai_xiang_2024,ronai_xiang_2024,0.0,0.016,0.0,0.016,Ronai & Xiang (2024): Eonly,4
top_p,0.6,rnx_eonly,Eonly::26,ronai_xiang_2024::ronai_xiang_2024::item::26,0.95,ronai_xiang_2024,ronai_xiang_2024,0.122,0.038,0.038,0.122,Ronai & Xiang (2024): Eonly,5
top_p,0.6,rnx_eonly,Eonly::27,ronai_xiang_2024::ronai_xiang_2024::item::27,0.475,ronai_xiang_2024,ronai_xiang_2024,0.014,0.012,0.002,0.024,Ronai & Xiang (2024): Eonly,6
top_p,0.6,rnx_eonly,Eonly::28,ronai_xiang_2024::ronai_xiang_2024::item::28,0.875,ronai_xiang_2024,ronai_xiang_2024,0.246,0.264,0.172,0.338,Ronai & Xiang (2024): Eonly,7
top_p,0.6,rnx_eonly,Eonly::29,ronai_xiang_2024::ronai_xiang_2024::item::29,0.475,ronai_xiang_2024,ronai_xiang_2024,1.0,1.0,1.0,1.0,Ronai & Xiang (2024): Eonly,8
top_p,0.6,rnx_eonly,Eonly::30,ronai_xiang_2024::ronai_xiang_2024::item::30,0.6,ronai_xiang_2024,ronai_xiang_2024,0.006,0.206,0.006,0.206,Ronai & Xiang (2024): Eonly,9
top_p,0.6,rnx_eonly,Eonly::31,ronai_xiang_2024::ronai_xiang_2024::item::31,0.725,ronai_xiang_2024,ronai_xiang_2024,0.998,0.456,0.456,0.998,Ronai & Xiang (2024): Eonly,0
top_p,0.6,rnx_eonly,Eonly::32,ronai_xiang_2024::ronai_xiang_2024::item::32,0.925,ronai_xiang_2024,ronai_xiang_2024,0.832,0.994,0.83,0.996,Ronai & Xiang (2024): Eonly,1
top_p,0.6,rnx_eonly,Eonly::33,ronai_xiang_2024::ronai_xiang_2024::item::33,1.0,ronai_xiang_2024,ronai_xiang_2024,0.218,0.582,0.204,0.596,Ronai & Xiang (2024): Eonly,2
top_p,0.6,rnx_eonly,Eonly::34,ronai_xiang_2024::ronai_xiang_2024::item::34,0.575,ronai_xiang_2024,ronai_xiang_2024,0.088,0.978,0.088,0.978,Ronai & Xiang (2024): Eonly,3
top_p,0.6,rnx_eonly,Eonly::35,ronai_xiang_2024::ronai_xiang_2024::item::35,0.6,ronai_xiang_2024,ronai_xiang_2024,0.0,0.032,0.0,0.032,Ronai & Xiang (2024): Eonly,4
top_p,0.6,rnx_eonly,Eonly::36,ronai_xiang_2024::ronai_xiang_2024::item::36,0.725,ronai_xiang_2024,ronai_xiang_2024,0.026,0.152,0.02,0.158,Ronai & Xiang (2024): Eonly,5
top_p,0.6,rnx_eonly,Eonly::37,ronai_xiang_2024::ronai_xiang_2024::item::37,0.625,ronai_xiang_2024,ronai_xiang_2024,0.234,0.456,0.198,0.492,Ronai & Xiang (2024): Eonly,6
top_p,0.6,rnx_eonly,Eonly::38,ronai_xiang_2024::ronai_xiang_2024::item::38,0.825,ronai_xiang_2024,ronai_xiang_2024,0.51,0.488,0.368,0.63,Ronai & Xiang (2024): Eonly,7
top_p,0.6,rnx_eonly,Eonly::39,ronai_xiang_2024::ronai_xiang_2024::item::39,0.775,ronai_xiang_2024,ronai_xiang_2024,0.124,0.174,0.096,0.202,Ronai & Xiang (2024): Eonly,8
top_p,0.6,rnx_eonly,Eonly::40,ronai_xiang_2024::ronai_xiang_2024::item::40,0.9,ronai_xiang_2024,ronai_xiang_2024,0.0,0.174,0.0,0.174,Ronai & Xiang (2024): Eonly,9
top_p,0.6,rnx_eonly,Eonly::41,ronai_xiang_2024::ronai_xiang_2024::item::41,0.675,ronai_xiang_2024,ronai_xiang_2024,0.046,0.808,0.046,0.808,Ronai & Xiang (2024): Eonly,0
top_p,0.6,rnx_eonly,Eonly::42,ronai_xiang_2024::ronai_xiang_2024::item::42,0.375,ronai_xiang_2024,ronai_xiang_2024,0.558,0.548,0.418,0.688,Ronai & Xiang (2024): Eonly,1
top_p,0.6,rnx_eonly,Eonly::43,ronai_xiang_2024::ronai_xiang_2024::item::43,0.925,ronai_xiang_2024,ronai_xiang_2024,0.788,0.176,0.176,0.788,Ronai & Xiang (2024): Eonly,2
top_p,0.6,rnx_eonly,Eonly::44,ronai_xiang_2024::ronai_xiang_2024::item::44,0.875,ronai_xiang_2024,ronai_xiang_2024,0.046,0.786,0.046,0.786,Ronai & Xiang (2024): Eonly,3
top_p,0.6,rnx_eonly,Eonly::45,ronai_xiang_2024::ronai_xiang_2024::item::45,0.475,ronai_xiang_2024,ronai_xiang_2024,0.022,0.072,0.02,0.074,Ronai & Xiang (2024): Eonly,4
top_p,0.6,rnx_eonly,Eonly::46,ronai_xiang_2024::ronai_xiang_2024::item::46,0.475,ronai_xiang_2024,ronai_xiang_2024,0.016,0.862,0.016,0.862,Ronai & Xiang (2024): Eonly,5
top_p,0.6,rnx_eonly,Eonly::47,ronai_xiang_2024::ronai_xiang_2024::item::47,0.9,ronai_xiang_2024,ronai_xiang_2024,0.216,0.548,0.188,0.576,Ronai & Xiang (2024): Eonly,6
top_p,0.6,rnx_eonly,Eonly::48,ronai_xiang_2024::ronai_xiang_2024::item::48,0.725,ronai_xiang_2024,ronai_xiang_2024,0.742,0.642,0.562,0.822,Ronai & Xiang (2024): Eonly,7
top_p,0.6,rnx_eonly,Eonly::49,ronai_xiang_2024::ronai_xiang_2024::item::49,0.75,ronai_xiang_2024,ronai_xiang_2024,0.006,0.036,0.006,0.036,Ronai & Xiang (2024): Eonly,8
top_p,0.6,rnx_eonly,Eonly::50,ronai_xiang_2024::ronai_xiang_2024::item::50,0.55,ronai_xiang_2024,ronai_xiang_2024,0.022,0.524,0.022,0.524,Ronai & Xiang (2024): Eonly,9
top_p,0.6,rnx_eonly,Eonly::51,ronai_xiang_2024::ronai_xiang_2024::item::51,0.8,ronai_xiang_2024,ronai_xiang_2024,0.01,0.996,0.01,0.996,Ronai & Xiang (2024): Eonly,0
top_p,0.6,rnx_eonly,Eonly::52,ronai_xiang_2024::ronai_xiang_2024::item::52,0.825,ronai_xiang_2024,ronai_xiang_2024,0.004,0.636,0.004,0.636,Ronai & Xiang (2024): Eonly,1
top_p,0.6,rnx_eonly,Eonly::53,ronai_xiang_2024::ronai_xiang_2024::item::53,0.4,ronai_xiang_2024,ronai_xiang_2024,0.006,0.348,0.006,0.348,Ronai & Xiang (2024): Eonly,2
top_p,0.6,rnx_eonly,Eonly::54,ronai_xiang_2024::ronai_xiang_2024::item::54,0.675,ronai_xiang_2024,ronai_xiang_2024,0.0,0.322,0.0,0.322,Ronai & Xiang (2024): Eonly,3
top_p,0.6,rnx_eonly,Eonly::55,ronai_xiang_2024::ronai_xiang_2024::item::55,0.6,ronai_xiang_2024,ronai_xiang_2024,0.016,0.482,0.016,0.482,Ronai & Xiang (2024): Eonly,4
top_p,0.6,rnx_eonly,Eonly::56,ronai_xiang_2024::ronai_xiang_2024::item::56,0.725,ronai_xiang_2024,ronai_xiang_2024,0.124,0.208,0.096,0.236,Ronai & Xiang (2024): Eonly,5
top_p,0.6,rnx_eonly,Eonly::57,ronai_xiang_2024::ronai_xiang_2024::item::57,0.475,ronai_xiang_2024,ronai_xiang_2024,0.07,0.524,0.068,0.526,Ronai & Xiang (2024): Eonly,6
top_p,0.6,rnx_eonly,Eonly::58,ronai_xiang_2024::ronai_xiang_2024::item::58,0.825,ronai_xiang_2024,ronai_xiang_2024,1.0,0.69,0.69,1.0,Ronai & Xiang (2024): Eonly,7
top_p,0.6,rnx_eonly,Eonly::59,ronai_xiang_2024::ronai_xiang_2024::item::59,0.825,ronai_xiang_2024,ronai_xiang_2024,0.02,0.002,0.002,0.02,Ronai & Xiang (2024): Eonly,8
top_p,0.6,rnx_eonly,Eonly::60,ronai_xiang_2024::ronai_xiang_2024::item::60,0.675,ronai_xiang_2024,ronai_xiang_2024,0.014,0.032,0.014,0.032,Ronai & Xiang (2024): Eonly,9
top_p,0.6,rnx_eonlystrong,Eonlystrong::01,ronai_xiang_2024::ronai_xiang_2024::item::01,0.825,ronai_xiang_2024,ronai_xiang_2024,1.0,0.994,0.994,1.0,Ronai & Xiang (2024): Eonlystrong,0
top_p,0.6,rnx_eonlystrong,Eonlystrong::02,ronai_xiang_2024::ronai_xiang_2024::item::02,0.85,ronai_xiang_2024,ronai_xiang_2024,0.92,0.816,0.782,0.954,Ronai & Xiang (2024): Eonlystrong,1
top_p,0.6,rnx_eonlystrong,Eonlystrong::03,ronai_xiang_2024::ronai_xiang_2024::item::03,0.975,ronai_xiang_2024,ronai_xiang_2024,0.86,1.0,0.86,1.0,Ronai & Xiang (2024): Eonlystrong,2
top_p,0.6,rnx_eonlystrong,Eonlystrong::04,ronai_xiang_2024::ronai_xiang_2024::item::04,0.7,ronai_xiang_2024,ronai_xiang_2024,1.0,0.978,0.978,1.0,Ronai & Xiang (2024): Eonlystrong,3
top_p,0.6,rnx_eonlystrong,Eonlystrong::05,ronai_xiang_2024::ronai_xiang_2024::item::05,0.925,ronai_xiang_2024,ronai_xiang_2024,0.988,0.336,0.336,0.988,Ronai & Xiang (2024): Eonlystrong,4
top_p,0.6,rnx_eonlystrong,Eonlystrong::06,ronai_xiang_2024::ronai_xiang_2024::item::06,0.925,ronai_xiang_2024,ronai_xiang_2024,1.0,0.87,0.87,1.0,Ronai & Xiang (2024): Eonlystrong,5
top_p,0.6,rnx_eonlystrong,Eonlystrong::07,ronai_xiang_2024::ronai_xiang_2024::item::07,0.925,ronai_xiang_2024,ronai_xiang_2024,1.0,0.996,0.996,1.0,Ronai & Xiang (2024): Eonlystrong,6
top_p,0.6,rnx_eonlystrong,Eonlystrong::08,ronai_xiang_2024::ronai_xiang_2024::item::08,0.825,ronai_xiang_2024,ronai_xiang_2024,1.0,0.836,0.836,1.0,Ronai & Xiang (2024): Eonlystrong,7
top_p,0.6,rnx_eonlystrong,Eonlystrong::09,ronai_xiang_2024::ronai_xiang_2024::item::09,0.95,ronai_xiang_2024,ronai_xiang_2024,1.0,0.948,0.948,1.0,Ronai & Xiang (2024): Eonlystrong,8
top_p,0.6,rnx_eonlystrong,Eonlystrong::10,ronai_xiang_2024::ronai_xiang_2024::item::10,0.85,ronai_xiang_2024,ronai_xiang_2024,1.0,0.564,0.564,1.0,Ronai & Xiang (2024): Eonlystrong,9
top_p,0.6,rnx_eonlystrong,Eonlystrong::11,ronai_xiang_2024::ronai_xiang_2024::item::11,0.85,ronai_xiang_2024,ronai_xiang_2024,0.978,0.926,0.914,0.99,Ronai & Xiang (2024): Eonlystrong,0
top_p,0.6,rnx_eonlystrong,Eonlystrong::12,ronai_xiang_2024::ronai_xiang_2024::item::12,0.975,ronai_xiang_2024,ronai_xiang_2024,0.984,0.366,0.366,0.984,Ronai & Xiang (2024): Eonlystrong,1
top_p,0.6,rnx_eonlystrong,Eonlystrong::13,ronai_xiang_2024::ronai_xiang_2024::item::13,1.0,ronai_xiang_2024,ronai_xiang_2024,1.0,1.0,1.0,1.0,Ronai & Xiang (2024): Eonlystrong,2
top_p,0.6,rnx_eonlystrong,Eonlystrong::14,ronai_xiang_2024::ronai_xiang_2024::item::14,0.875,ronai_xiang_2024,ronai_xiang_2024,1.0,0.574,0.574,1.0,Ronai & Xiang (2024): Eonlystrong,3
top_p,0.6,rnx_eonlystrong,Eonlystrong::15,ronai_xiang_2024::ronai_xiang_2024::item::15,1.0,ronai_xiang_2024,ronai_xiang_2024,1.0,0.69,0.69,1.0,Ronai & Xiang (2024): Eonlystrong,4
top_p,0.6,rnx_eonlystrong,Eonlystrong::16,ronai_xiang_2024::ronai_xiang_2024::item::16,0.875,ronai_xiang_2024,ronai_xiang_2024,1.0,0.77,0.77,1.0,Ronai & Xiang (2024): Eonlystrong,5
top_p,0.6,rnx_eonlystrong,Eonlystrong::17,ronai_xiang_2024::ronai_xiang_2024::item::17,0.825,ronai_xiang_2024,ronai_xiang_2024,1.0,0.956,0.956,1.0,Ronai & Xiang (2024): Eonlystrong,6
top_p,0.6,rnx_eonlystrong,Eonlystrong::18,ronai_xiang_2024::ronai_xiang_2024::item::18,0.875,ronai_xiang_2024,ronai_xiang_2024,1.0,0.892,0.892,1.0,Ronai & Xiang (2024): Eonlystrong,7
top_p,0.6,rnx_eonlystrong,Eonlystrong::19,ronai_xiang_2024::ronai_xiang_2024::item::19,0.9,ronai_xiang_2024,ronai_xiang_2024,1.0,0.91,0.91,1.0,Ronai & Xiang (2024): Eonlystrong,8
top_p,0.6,rnx_eonlystrong,Eonlystrong::20,ronai_xiang_2024::ronai_xiang_2024::item::20,0.875,ronai_xiang_2024,ronai_xiang_2024,1.0,0.56,0.56,1.0,Ronai & Xiang (2024): Eonlystrong,9
top_p,0.6,rnx_eonlystrong,Eonlystrong::21,ronai_xiang_2024::ronai_xiang_2024::item::21,0.8,ronai_xiang_2024,ronai_xiang_2024,1.0,0.982,0.982,1.0,Ronai & Xiang (2024): Eonlystrong,0
top_p,0.6,rnx_eonlystrong,Eonlystrong::22,ronai_xiang_2024::ronai_xiang_2024::item::22,0.925,ronai_xiang_2024,ronai_xiang_2024,0.496,0.934,0.486,0.944,Ronai & Xiang (2024): Eonlystrong,1
top_p,0.6,rnx_eonlystrong,Eonlystrong::23,ronai_xiang_2024::ronai_xiang_2024::item::23,0.875,ronai_xiang_2024,ronai_xiang_2024,1.0,0.998,0.998,1.0,Ronai & Xiang (2024): Eonlystrong,2
top_p,0.6,rnx_eonlystrong,Eonlystrong::24,ronai_xiang_2024::ronai_xiang_2024::item::24,0.925,ronai_xiang_2024,ronai_xiang_2024,1.0,0.764,0.764,1.0,Ronai & Xiang (2024): Eonlystrong,3
top_p,0.6,rnx_eonlystrong,Eonlystrong::25,ronai_xiang_2024::ronai_xiang_2024::item::25,0.95,ronai_xiang_2024,ronai_xiang_2024,0.004,0.892,0.004,0.892,Ronai & Xiang (2024): Eonlystrong,4
top_p,0.6,rnx_eonlystrong,Eonlystrong::26,ronai_xiang_2024::ronai_xiang_2024::item::26,0.925,ronai_xiang_2024,ronai_xiang_2024,0.998,0.522,0.522,0.998,Ronai & Xiang (2024): Eonlystrong,5
top_p,0.6,rnx_eonlystrong,Eonlystrong::27,ronai_xiang_2024::ronai_xiang_2024::item::27,0.875,ronai_xiang_2024,ronai_xiang_2024,1.0,0.158,0.158,1.0,Ronai & Xiang (2024): Eonlystrong,6
top_p,0.6,rnx_eonlystrong,Eonlystrong::28,ronai_xiang_2024::ronai_xiang_2024::item::28,0.975,ronai_xiang_2024,ronai_xiang_2024,1.0,0.984,0.984,1.0,Ronai & Xiang (2024): Eonlystrong,7
top_p,0.6,rnx_eonlystrong,Eonlystrong::29,ronai_xiang_2024::ronai_xiang_2024::item::29,0.675,ronai_xiang_2024,ronai_xiang_2024,1.0,0.996,0.996,1.0,Ronai & Xiang (2024): Eonlystrong,8
top_p,0.6,rnx_eonlystrong,Eonlystrong::30,ronai_xiang_2024::ronai_xiang_2024::item::30,0.925,ronai_xiang_2024,ronai_xiang_2024,1.0,0.534,0.534,1.0,Ronai & Xiang (2024): Eonlystrong,9
top_p,0.6,rnx_eonlystrong,Eonlystrong::31,ronai_xiang_2024::ronai_xiang_2024::item::31,0.8,ronai_xiang_2024,ronai_xiang_2024,1.0,0.852,0.852,1.0,Ronai & Xiang (2024): Eonlystrong,0
top_p,0.6,rnx_eonlystrong,Eonlystrong::32,ronai_xiang_2024::ronai_xiang_2024::item::32,0.9,ronai_xiang_2024,ronai_xiang_2024,1.0,1.0,1.0,1.0,Ronai & Xiang (2024): Eonlystrong,1
top_p,0.6,rnx_eonlystrong,Eonlystrong::33,ronai_xiang_2024::ronai_xiang_2024::item::33,1.0,ronai_xiang_2024,ronai_xiang_2024,0.19,0.822,0.188,0.824,Ronai & Xiang (2024): Eonlystrong,2
top_p,0.6,rnx_eonlystrong,Eonlystrong::34,ronai_xiang_2024::ronai_xiang_2024::item::34,0.875,ronai_xiang_2024,ronai_xiang_2024,1.0,1.0,1.0,1.0,Ronai & Xiang (2024): Eonlystrong,3
top_p,0.6,rnx_eonlystrong,Eonlystrong::35,ronai_xiang_2024::ronai_xiang_2024::item::35,0.825,ronai_xiang_2024,ronai_xiang_2024,1.0,1.0,1.0,1.0,Ronai & Xiang (2024): Eonlystrong,4
top_p,0.6,rnx_eonlystrong,Eonlystrong::36,ronai_xiang_2024::ronai_xiang_2024::item::36,0.875,ronai_xiang_2024,ronai_xiang_2024,0.346,0.494,0.27,0.57,Ronai & Xiang (2024): Eonlystrong,5
top_p,0.6,rnx_eonlystrong,Eonlystrong::37,ronai_xiang_2024::ronai_xiang_2024::item::37,0.875,ronai_xiang_2024,ronai_xiang_2024,1.0,0.784,0.784,1.0,Ronai & Xiang (2024): Eonlystrong,6
top_p,0.6,rnx_eonlystrong,Eonlystrong::38,ronai_xiang_2024::ronai_xiang_2024::item::38,0.975,ronai_xiang_2024,ronai_xiang_2024,0.744,0.542,0.512,0.774,Ronai & Xiang (2024): Eonlystrong,7
top_p,0.6,rnx_eonlystrong,Eonlystrong::39,ronai_xiang_2024::ronai_xiang_2024::item::39,0.8,ronai_xiang_2024,ronai_xiang_2024,0.482,0.274,0.26,0.496,Ronai & Xiang (2024): Eonlystrong,8
top_p,0.6,rnx_eonlystrong,Eonlystrong::40,ronai_xiang_2024::ronai_xiang_2024::item::40,0.975,ronai_xiang_2024,ronai_xiang_2024,1.0,0.962,0.962,1.0,Ronai & Xiang (2024): Eonlystrong,9
top_p,0.6,rnx_eonlystrong,Eonlystrong::41,ronai_xiang_2024::ronai_xiang_2024::item::41,0.825,ronai_xiang_2024,ronai_xiang_2024,1.0,0.9,0.9,1.0,Ronai & Xiang (2024): Eonlystrong,0
top_p,0.6,rnx_eonlystrong,Eonlystrong::42,ronai_xiang_2024::ronai_xiang_2024::item::42,0.8,ronai_xiang_2024,ronai_xiang_2024,1.0,0.882,0.882,1.0,Ronai & Xiang (2024): Eonlystrong,1
top_p,0.6,rnx_eonlystrong,Eonlystrong::43,ronai_xiang_2024::ronai_xiang_2024::item::43,1.0,ronai_xiang_2024,ronai_xiang_2024,0.996,0.682,0.682,0.996,Ronai & Xiang (2024): Eonlystrong,2
top_p,0.6,rnx_eonlystrong,Eonlystrong::44,ronai_xiang_2024::ronai_xiang_2024::item::44,1.0,ronai_xiang_2024,ronai_xiang_2024,1.0,0.998,0.998,1.0,Ronai & Xiang (2024): Eonlystrong,3
top_p,0.6,rnx_eonlystrong,Eonlystrong::45,ronai_xiang_2024::ronai_xiang_2024::item::45,0.725,ronai_xiang_2024,ronai_xiang_2024,0.998,0.538,0.538,0.998,Ronai & Xiang (2024): Eonlystrong,4
top_p,0.6,rnx_eonlystrong,Eonlystrong::46,ronai_xiang_2024::ronai_xiang_2024::item::46,0.725,ronai_xiang_2024,ronai_xiang_2024,0.996,0.992,0.988,1.0,Ronai & Xiang (2024): Eonlystrong,5
top_p,0.6,rnx_eonlystrong,Eonlystrong::47,ronai_xiang_2024::ronai_xiang_2024::item::47,0.975,ronai_xiang_2024,ronai_xiang_2024,0.976,0.746,0.746,0.976,Ronai & Xiang (2024): Eonlystrong,6
top_p,0.6,rnx_eonlystrong,Eonlystrong::48,ronai_xiang_2024::ronai_xiang_2024::item::48,0.95,ronai_xiang_2024,ronai_xiang_2024,1.0,0.998,0.998,1.0,Ronai & Xiang (2024): Eonlystrong,7
top_p,0.6,rnx_eonlystrong,Eonlystrong::49,ronai_xiang_2024::ronai_xiang_2024::item::49,0.975,ronai_xiang_2024,ronai_xiang_2024,1.0,0.902,0.902,1.0,Ronai & Xiang (2024): Eonlystrong,8
top_p,0.6,rnx_eonlystrong,Eonlystrong::50,ronai_xiang_2024::ronai_xiang_2024::item::50,0.775,ronai_xiang_2024,ronai_xiang_2024,1.0,0.844,0.844,1.0,Ronai & Xiang (2024): Eonlystrong,9
top_p,0.6,rnx_eonlystrong,Eonlystrong::51,ronai_xiang_2024::ronai_xiang_2024::item::51,1.0,ronai_xiang_2024,ronai_xiang_2024,0.992,0.996,0.988,1.0,Ronai & Xiang (2024): Eonlystrong,0
top_p,0.6,rnx_eonlystrong,Eonlystrong::52,ronai_xiang_2024::ronai_xiang_2024::item::52,0.925,ronai_xiang_2024,ronai_xiang_2024,1.0,0.976,0.976,1.0,Ronai & Xiang (2024): Eonlystrong,1
top_p,0.6,rnx_eonlystrong,Eonlystrong::53,ronai_xiang_2024::ronai_xiang_2024::item::53,0.775,ronai_xiang_2024,ronai_xiang_2024,1.0,0.906,0.906,1.0,Ronai & Xiang (2024): Eonlystrong,2
top_p,0.6,rnx_eonlystrong,Eonlystrong::54,ronai_xiang_2024::ronai_xiang_2024::item::54,0.875,ronai_xiang_2024,ronai_xiang_2024,1.0,1.0,1.0,1.0,Ronai & Xiang (2024): Eonlystrong,3
top_p,0.6,rnx_eonlystrong,Eonlystrong::55,ronai_xiang_2024::ronai_xiang_2024::item::55,0.825,ronai_xiang_2024,ronai_xiang_2024,1.0,1.0,1.0,1.0,Ronai & Xiang (2024): Eonlystrong,4
top_p,0.6,rnx_eonlystrong,Eonlystrong::56,ronai_xiang_2024::ronai_xiang_2024::item::56,0.85,ronai_xiang_2024,ronai_xiang_2024,1.0,0.89,0.89,1.0,Ronai & Xiang (2024): Eonlystrong,5
top_p,0.6,rnx_eonlystrong,Eonlystrong::57,ronai_xiang_2024::ronai_xiang_2024::item::57,0.85,ronai_xiang_2024,ronai_xiang_2024,0.874,0.768,0.712,0.93,Ronai & Xiang (2024): Eonlystrong,6
top_p,0.6,rnx_eonlystrong,Eonlystrong::58,ronai_xiang_2024::ronai_xiang_2024::item::58,1.0,ronai_xiang_2024,ronai_xiang_2024,1.0,0.75,0.75,1.0,Ronai & Xiang (2024): Eonlystrong,7
top_p,0.6,rnx_eonlystrong,Eonlystrong::59,ronai_xiang_2024::ronai_xiang_2024::item::59,0.9,ronai_xiang_2024,ronai_xiang_2024,1.0,0.638,0.638,1.0,Ronai & Xiang (2024): Eonlystrong,8
top_p,0.6,rnx_eonlystrong,Eonlystrong::60,ronai_xiang_2024::ronai_xiang_2024::item::60,0.875,ronai_xiang_2024,ronai_xiang_2024,1.0,0.984,0.984,1.0,Ronai & Xiang (2024): Eonlystrong,9
top_p,0.6,rnx_esi,ESI::01,ronai_xiang_2024::ronai_xiang_2024::item::01,0.825,ronai_xiang_2024,ronai_xiang_2024,0.002,0.032,0.002,0.032,Ronai & Xiang (2024): ESI,0
top_p,0.6,rnx_esi,ESI::02,ronai_xiang_2024::ronai_xiang_2024::item::02,0.05,ronai_xiang_2024,ronai_xiang_2024,0.312,0.25,0.188,0.374,Ronai & Xiang (2024): ESI,1
top_p,0.6,rnx_esi,ESI::03,ronai_xiang_2024::ronai_xiang_2024::item::03,0.2,ronai_xiang_2024,ronai_xiang_2024,0.494,0.162,0.162,0.494,Ronai & Xiang (2024): ESI,2
top_p,0.6,rnx_esi,ESI::04,ronai_xiang_2024::ronai_xiang_2024::item::04,0.625,ronai_xiang_2024,ronai_xiang_2024,0.368,0.962,0.364,0.966,Ronai & Xiang (2024): ESI,3
top_p,0.6,rnx_esi,ESI::05,ronai_xiang_2024::ronai_xiang_2024::item::05,0.05,ronai_xiang_2024,ronai_xiang_2024,0.018,0.012,0.01,0.02,Ronai & Xiang (2024): ESI,4
top_p,0.6,rnx_esi,ESI::06,ronai_xiang_2024::ronai_xiang_2024::item::06,0.425,ronai_xiang_2024,ronai_xiang_2024,0.962,0.736,0.73,0.968,Ronai & Xiang (2024): ESI,5
top_p,0.6,rnx_esi,ESI::07,ronai_xiang_2024::ronai_xiang_2024::item::07,0.375,ronai_xiang_2024,ronai_xiang_2024,0.048,0.468,0.048,0.468,Ronai & Xiang (2024): ESI,6
top_p,0.6,rnx_esi,ESI::08,ronai_xiang_2024::ronai_xiang_2024::item::08,0.275,ronai_xiang_2024,ronai_xiang_2024,0.936,0.688,0.678,0.946,Ronai & Xiang (2024): ESI,7
top_p,0.6,rnx_esi,ESI::09,ronai_xiang_2024::ronai_xiang_2024::item::09,0.7,ronai_xiang_2024,ronai_xiang_2024,0.0,0.258,0.0,0.258,Ronai & Xiang (2024): ESI,8
top_p,0.6,rnx_esi,ESI::10,ronai_xiang_2024::ronai_xiang_2024::item::10,0.075,ronai_xiang_2024,ronai_xiang_2024,0.056,0.034,0.03,0.06,Ronai & Xiang (2024): ESI,9
top_p,0.6,rnx_esi,ESI::11,ronai_xiang_2024::ronai_xiang_2024::item::11,0.225,ronai_xiang_2024,ronai_xiang_2024,0.0,0.0,0.0,0.0,Ronai & Xiang (2024): ESI,0
top_p,0.6,rnx_esi,ESI::12,ronai_xiang_2024::ronai_xiang_2024::item::12,0.525,ronai_xiang_2024,ronai_xiang_2024,0.002,0.062,0.002,0.062,Ronai & Xiang (2024): ESI,1
top_p,0.6,rnx_esi,ESI::13,ronai_xiang_2024::ronai_xiang_2024::item::13,0.675,ronai_xiang_2024,ronai_xiang_2024,0.944,0.96,0.908,0.996,Ronai & Xiang (2024): ESI,2
top_p,0.6,rnx_esi,ESI::14,ronai_xiang_2024::ronai_xiang_2024::item::14,0.05,ronai_xiang_2024,ronai_xiang_2024,0.006,0.016,0.006,0.016,Ronai & Xiang (2024): ESI,3
top_p,0.6,rnx_esi,ESI::15,ronai_xiang_2024::ronai_xiang_2024::item::15,0.3,ronai_xiang_2024,ronai_xiang_2024,0.032,0.062,0.026,0.068,Ronai & Xiang (2024): ESI,4
top_p,0.6,rnx_esi,ESI::16,ronai_xiang_2024::ronai_xiang_2024::item::16,0.05,ronai_xiang_2024,ronai_xiang_2024,0.002,0.028,0.002,0.028,Ronai & Xiang (2024): ESI,5
top_p,0.6,rnx_esi,ESI::17,ronai_xiang_2024::ronai_xiang_2024::item::17,0.575,ronai_xiang_2024,ronai_xiang_2024,0.002,0.12,0.002,0.12,Ronai & Xiang (2024): ESI,6
top_p,0.6,rnx_esi,ESI::18,ronai_xiang_2024::ronai_xiang_2024::item::18,0.2,ronai_xiang_2024,ronai_xiang_2024,0.03,0.164,0.024,0.17,Ronai & Xiang (2024): ESI,7
top_p,0.6,rnx_esi,ESI::19,ronai_xiang_2024::ronai_xiang_2024::item::19,0.5,ronai_xiang_2024,ronai_xiang_2024,0.27,0.61,0.246,0.634,Ronai & Xiang (2024): ESI,8
top_p,0.6,rnx_esi,ESI::20,ronai_xiang_2024::ronai_xiang_2024::item::20,0.2,ronai_xiang_2024,ronai_xiang_2024,0.0,0.008,0.0,0.008,Ronai & Xiang (2024): ESI,9
top_p,0.6,rnx_esi,ESI::21,ronai_xiang_2024::ronai_xiang_2024::item::21,0.05,ronai_xiang_2024,ronai_xiang_2024,0.064,0.378,0.064,0.378,Ronai & Xiang (2024): ESI,0
top_p,0.6,rnx_esi,ESI::22,ronai_xiang_2024::ronai_xiang_2024::item::22,0.175,ronai_xiang_2024,ronai_xiang_2024,0.006,0.78,0.006,0.78,Ronai & Xiang (2024): ESI,1
top_p,0.6,rnx_esi,ESI::23,ronai_xiang_2024::ronai_xiang_2024::item::23,0.7,ronai_xiang_2024,ronai_xiang_2024,0.144,0.488,0.136,0.496,Ronai & Xiang (2024): ESI,2
top_p,0.6,rnx_esi,ESI::24,ronai_xiang_2024::ronai_xiang_2024::item::24,0.1,ronai_xiang_2024,ronai_xiang_2024,0.118,0.324,0.098,0.344,Ronai & Xiang (2024): ESI,3
top_p,0.6,rnx_esi,ESI::25,ronai_xiang_2024::ronai_xiang_2024::item::25,0.875,ronai_xiang_2024,ronai_xiang_2024,0.0,0.016,0.0,0.016,Ronai & Xiang (2024): ESI,4
top_p,0.6,rnx_esi,ESI::26,ronai_xiang_2024::ronai_xiang_2024::item::26,0.875,ronai_xiang_2024,ronai_xiang_2024,0.122,0.038,0.038,0.122,Ronai & Xiang (2024): ESI,5
top_p,0.6,rnx_esi,ESI::27,ronai_xiang_2024::ronai_xiang_2024::item::27,0.325,ronai_xiang_2024,ronai_xiang_2024,0.014,0.012,0.002,0.024,Ronai & Xiang (2024): ESI,6
top_p,0.6,rnx_esi,ESI::28,ronai_xiang_2024::ronai_xiang_2024::item::28,0.7,ronai_xiang_2024,ronai_xiang_2024,0.246,0.264,0.172,0.338,Ronai & Xiang (2024): ESI,7
top_p,0.6,rnx_esi,ESI::29,ronai_xiang_2024::ronai_xiang_2024::item::29,0.25,ronai_xiang_2024,ronai_xiang_2024,1.0,1.0,1.0,1.0,Ronai & Xiang (2024): ESI,8
top_p,0.6,rnx_esi,ESI::30,ronai_xiang_2024::ronai_xiang_2024::item::30,0.1,ronai_xiang_2024,ronai_xiang_2024,0.006,0.206,0.006,0.206,Ronai & Xiang (2024): ESI,9
top_p,0.6,rnx_esi,ESI::31,ronai_xiang_2024::ronai_xiang_2024::item::31,0.6,ronai_xiang_2024,ronai_xiang_2024,0.998,0.456,0.456,0.998,Ronai & Xiang (2024): ESI,0
top_p,0.6,rnx_esi,ESI::32,ronai_xiang_2024::ronai_xiang_2024::item::32,0.475,ronai_xiang_2024,ronai_xiang_2024,0.832,0.994,0.83,0.996,Ronai & Xiang (2024): ESI,1
top_p,0.6,rnx_esi,ESI::33,ronai_xiang_2024::ronai_xiang_2024::item::33,0.95,ronai_xiang_2024,ronai_xiang_2024,0.218,0.582,0.204,0.596,Ronai & Xiang (2024): ESI,2
top_p,0.6,rnx_esi,ESI::34,ronai_xiang_2024::ronai_xiang_2024::item::34,0.65,ronai_xiang_2024,ronai_xiang_2024,0.088,0.978,0.088,0.978,Ronai & Xiang (2024): ESI,3
top_p,0.6,rnx_esi,ESI::35,ronai_xiang_2024::ronai_xiang_2024::item::35,0.05,ronai_xiang_2024,ronai_xiang_2024,0.0,0.032,0.0,0.032,Ronai & Xiang (2024): ESI,4
top_p,0.6,rnx_esi,ESI::36,ronai_xiang_2024::ronai_xiang_2024::item::36,0.825,ronai_xiang_2024,ronai_xiang_2024,0.026,0.152,0.02,0.158,Ronai & Xiang (2024): ESI,5
top_p,0.6,rnx_esi,ESI::37,ronai_xiang_2024::ronai_xiang_2024::item::37,0.075,ronai_xiang_2024,ronai_xiang_2024,0.234,0.456,0.198,0.492,Ronai & Xiang (2024): ESI,6
top_p,0.6,rnx_esi,ESI::38,ronai_xiang_2024::ronai_xiang_2024::item::38,0.775,ronai_xiang_2024,ronai_xiang_2024,0.51,0.488,0.368,0.63,Ronai & Xiang (2024): ESI,7
top_p,0.6,rnx_esi,ESI::39,ronai_xiang_2024::ronai_xiang_2024::item::39,0.55,ronai_xiang_2024,ronai_xiang_2024,0.124,0.174,0.096,0.202,Ronai & Xiang (2024): ESI,8
top_p,0.6,rnx_esi,ESI::40,ronai_xiang_2024::ronai_xiang_2024::item::40,0.8,ronai_xiang_2024,ronai_xiang_2024,0.0,0.174,0.0,0.174,Ronai & Xiang (2024): ESI,9
top_p,0.6,rnx_esi,ESI::41,ronai_xiang_2024::ronai_xiang_2024::item::41,0.025,ronai_xiang_2024,ronai_xiang_2024,0.046,0.808,0.046,0.808,Ronai & Xiang (2024): ESI,0
top_p,0.6,rnx_esi,ESI::42,ronai_xiang_2024::ronai_xiang_2024::item::42,0.075,ronai_xiang_2024,ronai_xiang_2024,0.558,0.548,0.418,0.688,Ronai & Xiang (2024): ESI,1
top_p,0.6,rnx_esi,ESI::43,ronai_xiang_2024::ronai_xiang_2024::item::43,0.725,ronai_xiang_2024,ronai_xiang_2024,0.788,0.176,0.176,0.788,Ronai & Xiang (2024): ESI,2
top_p,0.6,rnx_esi,ESI::44,ronai_xiang_2024::ronai_xiang_2024::item::44,0.825,ronai_xiang_2024,ronai_xiang_2024,0.046,0.786,0.046,0.786,Ronai & Xiang (2024): ESI,3
top_p,0.6,rnx_esi,ESI::45,ronai_xiang_2024::ronai_xiang_2024::item::45,0.175,ronai_xiang_2024,ronai_xiang_2024,0.022,0.072,0.02,0.074,Ronai & Xiang (2024): ESI,4
top_p,0.6,rnx_esi,ESI::46,ronai_xiang_2024::ronai_xiang_2024::item::46,0.1,ronai_xiang_2024,ronai_xiang_2024,0.016,0.862,0.016,0.862,Ronai & Xiang (2024): ESI,5
top_p,0.6,rnx_esi,ESI::47,ronai_xiang_2024::ronai_xiang_2024::item::47,0.925,ronai_xiang_2024,ronai_xiang_2024,0.216,0.548,0.188,0.576,Ronai & Xiang (2024): ESI,6
top_p,0.6,rnx_esi,ESI::48,ronai_xiang_2024::ronai_xiang_2024::item::48,0.275,ronai_xiang_2024,ronai_xiang_2024,0.742,0.642,0.562,0.822,Ronai & Xiang (2024): ESI,7
top_p,0.6,rnx_esi,ESI::49,ronai_xiang_2024::ronai_xiang_2024::item::49,0.25,ronai_xiang_2024,ronai_xiang_2024,0.006,0.036,0.006,0.036,Ronai & Xiang (2024): ESI,8
top_p,0.6,rnx_esi,ESI::50,ronai_xiang_2024::ronai_xiang_2024::item::50,0.025,ronai_xiang_2024,ronai_xiang_2024,0.022,0.524,0.022,0.524,Ronai & Xiang (2024): ESI,9
top_p,0.6,rnx_esi,ESI::51,ronai_xiang_2024::ronai_xiang_2024::item::51,0.65,ronai_xiang_2024,ronai_xiang_2024,0.01,0.996,0.01,0.996,Ronai & Xiang (2024): ESI,0
top_p,0.6,rnx_esi,ESI::52,ronai_xiang_2024::ronai_xiang_2024::item::52,0.775,ronai_xiang_2024,ronai_xiang_2024,0.004,0.636,0.004,0.636,Ronai & Xiang (2024): ESI,1
top_p,0.6,rnx_esi,ESI::53,ronai_xiang_2024::ronai_xiang_2024::item::53,0.05,ronai_xiang_2024,ronai_xiang_2024,0.006,0.348,0.006,0.348,Ronai & Xiang (2024): ESI,2
top_p,0.6,rnx_esi,ESI::54,ronai_xiang_2024::ronai_xiang_2024::item::54,0.1,ronai_xiang_2024,ronai_xiang_2024,0.0,0.322,0.0,0.322,Ronai & Xiang (2024): ESI,3
top_p,0.6,rnx_esi,ESI::55,ronai_xiang_2024::ronai_xiang_2024::item::55,0.05,ronai_xiang_2024,ronai_xiang_2024,0.016,0.482,0.016,0.482,Ronai & Xiang (2024): ESI,4
top_p,0.6,rnx_esi,ESI::56,ronai_xiang_2024::ronai_xiang_2024::item::56,0.65,ronai_xiang_2024,ronai_xiang_2024,0.124,0.208,0.096,0.236,Ronai & Xiang (2024): ESI,5
top_p,0.6,rnx_esi,ESI::57,ronai_xiang_2024::ronai_xiang_2024::item::57,0.15,ronai_xiang_2024,ronai_xiang_2024,0.07,0.524,0.068,0.526,Ronai & Xiang (2024): ESI,6
top_p,0.6,rnx_esi,ESI::58,ronai_xiang_2024::ronai_xiang_2024::item::58,0.4,ronai_xiang_2024,ronai_xiang_2024,1.0,0.69,0.69,1.0,Ronai & Xiang (2024): ESI,7
top_p,0.6,rnx_esi,ESI::59,ronai_xiang_2024::ronai_xiang_2024::item::59,0.125,ronai_xiang_2024,ronai_xiang_2024,0.02,0.002,0.002,0.02,Ronai & Xiang (2024): ESI,8
top_p,0.6,rnx_esi,ESI::60,ronai_xiang_2024::ronai_xiang_2024::item::60,0.075,ronai_xiang_2024,ronai_xiang_2024,0.014,0.032,0.014,0.032,Ronai & Xiang (2024): ESI,9
top_p,0.6,rnx_estrong,Estrong::01,ronai_xiang_2024::ronai_xiang_2024::item::01,0.7857142857,ronai_xiang_2024,ronai_xiang_2024,1.0,0.994,0.994,1.0,Ronai & Xiang (2024): Estrong,0
top_p,0.6,rnx_estrong,Estrong::02,ronai_xiang_2024::ronai_xiang_2024::item::02,0.5128205128,ronai_xiang_2024,ronai_xiang_2024,0.92,0.816,0.782,0.954,Ronai & Xiang (2024): Estrong,1
top_p,0.6,rnx_estrong,Estrong::03,ronai_xiang_2024::ronai_xiang_2024::item::03,0.6904761905,ronai_xiang_2024,ronai_xiang_2024,0.86,1.0,0.86,1.0,Ronai & Xiang (2024): Estrong,2
top_p,0.6,rnx_estrong,Estrong::04,ronai_xiang_2024::ronai_xiang_2024::item::04,0.6153846154,ronai_xiang_2024,ronai_xiang_2024,1.0,0.978,0.978,1.0,Ronai & Xiang (2024): Estrong,3
top_p,0.6,rnx_estrong,Estrong::05,ronai_xiang_2024::ronai_xiang_2024::item::05,0.3095238095,ronai_xiang_2024,ronai_xiang_2024,0.988,0.336,0.336,0.988,Ronai & Xiang (2024): Estrong,4
top_p,0.6,rnx_estrong,Estrong::06,ronai_xiang_2024::ronai_xiang_2024::item::06,0.4871794872,ronai_xiang_2024,ronai_xiang_2024,1.0,0.87,0.87,1.0,Ronai & Xiang (2024): Estrong,5
top_p,0.6,rnx_estrong,Estrong::07,ronai_xiang_2024::ronai_xiang_2024::item::07,0.7619047619,ronai_xiang_2024,ronai_xiang_2024,1.0,0.996,0.996,1.0,Ronai & Xiang (2024): Estrong,6
top_p,0.6,rnx_estrong,Estrong::08,ronai_xiang_2024::ronai_xiang_2024::item::08,0.6153846154,ronai_xiang_2024,ronai_xiang_2024,1.0,0.836,0.836,1.0,Ronai & Xiang (2024): Estrong,7
top_p,0.6,rnx_estrong,Estrong::09,ronai_xiang_2024::ronai_xiang_2024::item::09,0.880952381,ronai_xiang_2024,ronai_xiang_2024,1.0,0.948,0.948,1.0,Ronai & Xiang (2024): Estrong,8
top_p,0.6,rnx_estrong,Estrong::10,ronai_xiang_2024::ronai_xiang_2024::item::10,0.3333333333,ronai_xiang_2024,ronai_xiang_2024,1.0,0.564,0.564,1.0,Ronai & Xiang (2024): Estrong,9
top_p,0.6,rnx_estrong,Estrong::11,ronai_xiang_2024::ronai_xiang_2024::item::11,0.4761904762,ronai_xiang_2024,ronai_xiang_2024,0.978,0.926,0.914,0.99,Ronai & Xiang (2024): Estrong,0
top_p,0.6,rnx_estrong,Estrong::12,ronai_xiang_2024::ronai_xiang_2024::item::12,0.9487179487,ronai_xiang_2024,ronai_xiang_2024,0.984,0.366,0.366,0.984,Ronai & Xiang (2024): Estrong,1
top_p,0.6,rnx_estrong,Estrong::13,ronai_xiang_2024::ronai_xiang_2024::item::13,0.880952381,ronai_xiang_2024,ronai_xiang_2024,1.0,1.0,1.0,1.0,Ronai & Xiang (2024): Estrong,2
top_p,0.6,rnx_estrong,Estrong::14,ronai_xiang_2024::ronai_xiang_2024::item::14,0.358974359,ronai_xiang_2024,ronai_xiang_2024,1.0,0.574,0.574,1.0,Ronai & Xiang (2024): Estrong,3
top_p,0.6,rnx_estrong,Estrong::15,ronai_xiang_2024::ronai_xiang_2024::item::15,0.7142857143,ronai_xiang_2024,ronai_xiang_2024,1.0,0.69,0.69,1.0,Ronai & Xiang (2024): Estrong,4
top_p,0.6,rnx_estrong,Estrong::16,ronai_xiang_2024::ronai_xiang_2024::item::16,0.4871794872,ronai_xiang_2024,ronai_xiang_2024,1.0,0.77,0.77,1.0,Ronai & Xiang (2024): Estrong,5
top_p,0.6,rnx_estrong,Estrong::17,ronai_xiang_2024::ronai_xiang_2024::item::17,0.7619047619,ronai_xiang_2024,ronai_xiang_2024,1.0,0.956,0.956,1.0,Ronai & Xiang (2024): Estrong,6
top_p,0.6,rnx_estrong,Estrong::18,ronai_xiang_2024::ronai_xiang_2024::item::18,0.6153846154,ronai_xiang_2024,ronai_xiang_2024,1.0,0.892,0.892,1.0,Ronai & Xiang (2024): Estrong,7
top_p,0.6,rnx_estrong,Estrong::19,ronai_xiang_2024::ronai_xiang_2024::item::19,0.5714285714,ronai_xiang_2024,ronai_xiang_2024,1.0,0.91,0.91,1.0,Ronai & Xiang (2024): Estrong,8
top_p,0.6,rnx_estrong,Estrong::20,ronai_xiang_2024::ronai_xiang_2024::item::20,0.4358974359,ronai_xiang_2024,ronai_xiang_2024,1.0,0.56,0.56,1.0,Ronai & Xiang (2024): Estrong,9
top_p,0.6,rnx_estrong,Estrong::21,ronai_xiang_2024::ronai_xiang_2024::item::21,0.3333333333,ronai_xiang_2024,ronai_xiang_2024,1.0,0.982,0.982,1.0,Ronai & Xiang (2024): Estrong,0
top_p,0.6,rnx_estrong,Estrong::22,ronai_xiang_2024::ronai_xiang_2024::item::22,0.4615384615,ronai_xiang_2024,ronai_xiang_2024,0.496,0.934,0.486,0.944,Ronai & Xiang (2024): Estrong,1
top_p,0.6,rnx_estrong,Estrong::23,ronai_xiang_2024::ronai_xiang_2024::item::23,0.7142857143,ronai_xiang_2024,ronai_xiang_2024,1.0,0.998,0.998,1.0,Ronai & Xiang (2024): Estrong,2
top_p,0.6,rnx_estrong,Estrong::24,ronai_xiang_2024::ronai_xiang_2024::item::24,0.6153846154,ronai_xiang_2024,ronai_xiang_2024,1.0,0.764,0.764,1.0,Ronai & Xiang (2024): Estrong,3
top_p,0.6,rnx_estrong,Estrong::25,ronai_xiang_2024::ronai_xiang_2024::item::25,0.8333333333,ronai_xiang_2024,ronai_xiang_2024,0.004,0.892,0.004,0.892,Ronai & Xiang (2024): Estrong,4
top_p,0.6,rnx_estrong,Estrong::26,ronai_xiang_2024::ronai_xiang_2024::item::26,0.9743589744,ronai_xiang_2024,ronai_xiang_2024,0.998,0.522,0.522,0.998,Ronai & Xiang (2024): Estrong,5
top_p,0.6,rnx_estrong,Estrong::27,ronai_xiang_2024::ronai_xiang_2024::item::27,0.3571428571,ronai_xiang_2024,ronai_xiang_2024,1.0,0.158,0.158,1.0,Ronai & Xiang (2024): Estrong,6
top_p,0.6,rnx_estrong,Estrong::28,ronai_xiang_2024::ronai_xiang_2024::item::28,0.9487179487,ronai_xiang_2024,ronai_xiang_2024,1.0,0.984,0.984,1.0,Ronai & Xiang (2024): Estrong,7
top_p,0.6,rnx_estrong,Estrong::29,ronai_xiang_2024::ronai_xiang_2024::item::29,0.4761904762,ronai_xiang_2024,ronai_xiang_2024,1.0,0.996,0.996,1.0,Ronai & Xiang (2024): Estrong,8
top_p,0.6,rnx_estrong,Estrong::30,ronai_xiang_2024::ronai_xiang_2024::item::30,0.3846153846,ronai_xiang_2024,ronai_xiang_2024,1.0,0.534,0.534,1.0,Ronai & Xiang (2024): Estrong,9
top_p,0.6,rnx_estrong,Estrong::31,ronai_xiang_2024::ronai_xiang_2024::item::31,0.7142857143,ronai_xiang_2024,ronai_xiang_2024,1.0,0.852,0.852,1.0,Ronai & Xiang (2024): Estrong,0
top_p,0.6,rnx_estrong,Estrong::32,ronai_xiang_2024::ronai_xiang_2024::item::32,0.7948717949,ronai_xiang_2024,ronai_xiang_2024,1.0,1.0,1.0,1.0,Ronai & Xiang (2024): Estrong,1
top_p,0.6,rnx_estrong,Estrong::33,ronai_xiang_2024::ronai_xiang_2024::item::33,0.9761904762,ronai_xiang_2024,ronai_xiang_2024,0.19,0.822,0.188,0.824,Ronai & Xiang (2024): Estrong,2
top_p,0.6,rnx_estrong,Estrong::34,ronai_xiang_2024::ronai_xiang_2024::item::34,0.7692307692,ronai_xiang_2024,ronai_xiang_2024,1.0,1.0,1.0,1.0,Ronai & Xiang (2024): Estrong,3
top_p,0.6,rnx_estrong,Estrong::35,ronai_xiang_2024::ronai_xiang_2024::item::35,0.3333333333,ronai_xiang_2024,ronai_xiang_2024,1.0,1.0,1.0,1.0,Ronai & Xiang (2024): Estrong,4
top_p,0.6,rnx_estrong,Estrong::36,ronai_xiang_2024::ronai_xiang_2024::item::36,0.8461538462,ronai_xiang_2024,ronai_xiang_2024,0.346,0.494,0.27,0.57,Ronai & Xiang (2024): Estrong,5
top_p,0.6,rnx_estrong,Estrong::37,ronai_xiang_2024::ronai_xiang_2024::item::37,0.3095238095,ronai_xiang_2024,ronai_xiang_2024,1.0,0.784,0.784,1.0,Ronai & Xiang (2024): Estrong,6
top_p,0.6,rnx_estrong,Estrong::38,ronai_xiang_2024::ronai_xiang_2024::item::38,0.8461538462,ronai_xiang_2024,ronai_xiang_2024,0.744,0.542,0.512,0.774,Ronai & Xiang (2024): Estrong,7
top_p,0.6,rnx_estrong,Estrong::39,ronai_xiang_2024::ronai_xiang_2024::item::39,0.6428571429,ronai_xiang_2024,ronai_xiang_2024,0.482,0.274,0.26,0.496,Ronai & Xiang (2024): Estrong,8
top_p,0.6,rnx_estrong,Estrong::40,ronai_xiang_2024::ronai_xiang_2024::item::40,0.8461538462,ronai_xiang_2024,ronai_xiang_2024,1.0,0.962,0.962,1.0,Ronai & Xiang (2024): Estrong,9
top_p,0.6,rnx_estrong,Estrong::41,ronai_xiang_2024::ronai_xiang_2024::item::41,0.2619047619,ronai_xiang_2024,ronai_xiang_2024,1.0,0.9,0.9,1.0,Ronai & Xiang (2024): Estrong,0
top_p,0.6,rnx_estrong,Estrong::42,ronai_xiang_2024::ronai_xiang_2024::item::42,0.5128205128,ronai_xiang_2024,ronai_xiang_2024,1.0,0.882,0.882,1.0,Ronai & Xiang (2024): Estrong,1
top_p,0.6,rnx_estrong,Estrong::43,ronai_xiang_2024::ronai_xiang_2024::item::43,0.9047619048,ronai_xiang_2024,ronai_xiang_2024,0.996,0.682,0.682,0.996,Ronai & Xiang (2024): Estrong,2
top_p,0.6,rnx_estrong,Estrong::44,ronai_xiang_2024::ronai_xiang_2024::item::44,0.9230769231,ronai_xiang_2024,ronai_xiang_2024,1.0,0.998,0.998,1.0,Ronai & Xiang (2024): Estrong,3
top_p,0.6,rnx_estrong,Estrong::45,ronai_xiang_2024::ronai_xiang_2024::item::45,0.2142857143,ronai_xiang_2024,ronai_xiang_2024,0.998,0.538,0.538,0.998,Ronai & Xiang (2024): Estrong,4
top_p,0.6,rnx_estrong,Estrong::46,ronai_xiang_2024::ronai_xiang_2024::item::46,0.0512820513,ronai_xiang_2024,ronai_xiang_2024,0.996,0.992,0.988,1.0,Ronai & Xiang (2024): Estrong,5
top_p,0.6,rnx_estrong,Estrong::47,ronai_xiang_2024::ronai_xiang_2024::item::47,0.8571428571,ronai_xiang_2024,ronai_xiang_2024,0.976,0.746,0.746,0.976,Ronai & Xiang (2024): Estrong,6
top_p,0.6,rnx_estrong,Estrong::48,ronai_xiang_2024::ronai_xiang_2024::item::48,0.7692307692,ronai_xiang_2024,ronai_xiang_2024,1.0,0.998,0.998,1.0,Ronai & Xiang (2024): Estrong,7
top_p,0.6,rnx_estrong,Estrong::49,ronai_xiang_2024::ronai_xiang_2024::item::49,0.6904761905,ronai_xiang_2024,ronai_xiang_2024,1.0,0.902,0.902,1.0,Ronai & Xiang (2024): Estrong,8
top_p,0.6,rnx_estrong,Estrong::50,ronai_xiang_2024::ronai_xiang_2024::item::50,0.2820512821,ronai_xiang_2024,ronai_xiang_2024,1.0,0.844,0.844,1.0,Ronai & Xiang (2024): Estrong,9
top_p,0.6,rnx_estrong,Estrong::51,ronai_xiang_2024::ronai_xiang_2024::item::51,0.8095238095,ronai_xiang_2024,ronai_xiang_2024,0.992,0.996,0.988,1.0,Ronai & Xiang (2024): Estrong,0
top_p,0.6,rnx_estrong,Estrong::52,ronai_xiang_2024::ronai_xiang_2024::item::52,0.9230769231,ronai_xiang_2024,ronai_xiang_2024,1.0,0.976,0.976,1.0,Ronai & Xiang (2024): Estrong,1
top_p,0.6,rnx_estrong,Estrong::53,ronai_xiang_2024::ronai_xiang_2024::item::53,0.1428571429,ronai_xiang_2024,ronai_xiang_2024,1.0,0.906,0.906,1.0,Ronai & Xiang (2024): Estrong,2
top_p,0.6,rnx_estrong,Estrong::54,ronai_xiang_2024::ronai_xiang_2024::item::54,0.5897435897,ronai_xiang_2024,ronai_xiang_2024,1.0,1.0,1.0,1.0,Ronai & Xiang (2024): Estrong,3
top_p,0.6,rnx_estrong,Estrong::55,ronai_xiang_2024::ronai_xiang_2024::item::55,0.1666666667,ronai_xiang_2024,ronai_xiang_2024,1.0,1.0,1.0,1.0,Ronai & Xiang (2024): Estrong,4
top_p,0.6,rnx_estrong,Estrong::56,ronai_xiang_2024::ronai_xiang_2024::item::56,0.8461538462,ronai_xiang_2024,ronai_xiang_2024,1.0,0.89,0.89,1.0,Ronai & Xiang (2024): Estrong,5
top_p,0.6,rnx_estrong,Estrong::57,ronai_xiang_2024::ronai_xiang_2024::item::57,0.5952380952,ronai_xiang_2024,ronai_xiang_2024,0.874,0.768,0.712,0.93,Ronai & Xiang (2024): Estrong,6
top_p,0.6,rnx_estrong,Estrong::58,ronai_xiang_2024::ronai_xiang_2024::item::58,0.7179487179,ronai_xiang_2024,ronai_xiang_2024,1.0,0.75,0.75,1.0,Ronai & Xiang (2024): Estrong,7
top_p,0.6,rnx_estrong,Estrong::59,ronai_xiang_2024::ronai_xiang_2024::item::59,0.5476190476,ronai_xiang_2024,ronai_xiang_2024,1.0,0.638,0.638,1.0,Ronai & Xiang (2024): Estrong,8
top_p,0.6,rnx_estrong,Estrong::60,ronai_xiang_2024::ronai_xiang_2024::item::60,0.5641025641,ronai_xiang_2024,ronai_xiang_2024,1.0,0.984,0.984,1.0,Ronai & Xiang (2024): Estrong,9
top_p,0.6,rnx_eweak,Eweak::01,ronai_xiang_2024::ronai_xiang_2024::item::01,0.7179487179,ronai_xiang_2024,ronai_xiang_2024,0.002,0.0,0.0,0.002,Ronai & Xiang (2024): Eweak,0
top_p,0.6,rnx_eweak,Eweak::02,ronai_xiang_2024::ronai_xiang_2024::item::02,0.119047619,ronai_xiang_2024,ronai_xiang_2024,0.086,0.0,0.0,0.086,Ronai & Xiang (2024): Eweak,1
top_p,0.6,rnx_eweak,Eweak::03,ronai_xiang_2024::ronai_xiang_2024::item::03,0.1538461538,ronai_xiang_2024,ronai_xiang_2024,0.118,0.132,0.096,0.154,Ronai & Xiang (2024): Eweak,2
top_p,0.6,rnx_eweak,Eweak::04,ronai_xiang_2024::ronai_xiang_2024::item::04,0.3333333333,ronai_xiang_2024,ronai_xiang_2024,0.272,0.04,0.04,0.272,Ronai & Xiang (2024): Eweak,3
top_p,0.6,rnx_eweak,Eweak::05,ronai_xiang_2024::ronai_xiang_2024::item::05,0.1282051282,ronai_xiang_2024,ronai_xiang_2024,0.336,0.02,0.02,0.336,Ronai & Xiang (2024): Eweak,4
top_p,0.6,rnx_eweak,Eweak::06,ronai_xiang_2024::ronai_xiang_2024::item::06,0.4285714286,ronai_xiang_2024,ronai_xiang_2024,0.438,0.084,0.084,0.438,Ronai & Xiang (2024): Eweak,5
top_p,0.6,rnx_eweak,Eweak::07,ronai_xiang_2024::ronai_xiang_2024::item::07,0.2564102564,ronai_xiang_2024,ronai_xiang_2024,0.168,0.03,0.03,0.168,Ronai & Xiang (2024): Eweak,6
top_p,0.6,rnx_eweak,Eweak::08,ronai_xiang_2024::ronai_xiang_2024::item::08,0.1666666667,ronai_xiang_2024,ronai_xiang_2024,0.702,0.074,0.074,0.702,Ronai & Xiang (2024): Eweak,7
top_p,0.6,rnx_eweak,Eweak::09,ronai_xiang_2024::ronai_xiang_2024::item::09,0.6923076923,ronai_xiang_2024,ronai_xiang_2024,0.55,0.094,0.094,0.55,Ronai & Xiang (2024): Eweak,8
top_p,0.6,rnx_eweak,Eweak::10,ronai_xiang_2024::ronai_xiang_2024::item::10,0.0476190476,ronai_xiang_2024,ronai_xiang_2024,0.42,0.028,0.028,0.42,Ronai & Xiang (2024): Eweak,9
top_p,0.6,rnx_eweak,Eweak::11,ronai_xiang_2024::ronai_xiang_2024::item::11,0.2564102564,ronai_xiang_2024,ronai_xiang_2024,0.0,0.0,0.0,0.0,Ronai & Xiang (2024): Eweak,0
top_p,0.6,rnx_eweak,Eweak::12,ronai_xiang_2024::ronai_xiang_2024::item::12,0.4047619048,ronai_xiang_2024,ronai_xiang_2024,0.202,0.038,0.038,0.202,Ronai & Xiang (2024): Eweak,1
top_p,0.6,rnx_eweak,Eweak::13,ronai_xiang_2024::ronai_xiang_2024::item::13,0.6153846154,ronai_xiang_2024,ronai_xiang_2024,1.0,0.902,0.902,1.0,Ronai & Xiang (2024): Eweak,2
top_p,0.6,rnx_eweak,Eweak::14,ronai_xiang_2024::ronai_xiang_2024::item::14,0.119047619,ronai_xiang_2024,ronai_xiang_2024,0.472,0.056,0.056,0.472,Ronai & Xiang (2024): Eweak,3
top_p,0.6,rnx_eweak,Eweak::15,ronai_xiang_2024::ronai_xiang_2024::item::15,0.2564102564,ronai_xiang_2024,ronai_xiang_2024,0.428,0.074,0.074,0.428,Ronai & Xiang (2024): Eweak,4
top_p,0.6,rnx_eweak,Eweak::16,ronai_xiang_2024::ronai_xiang_2024::item::16,0.0952380952,ronai_xiang_2024,ronai_xiang_2024,0.044,0.004,0.004,0.044,Ronai & Xiang (2024): Eweak,5
top_p,0.6,rnx_eweak,Eweak::17,ronai_xiang_2024::ronai_xiang_2024::item::17,0.6153846154,ronai_xiang_2024,ronai_xiang_2024,0.088,0.024,0.024,0.088,Ronai & Xiang (2024): Eweak,6
top_p,0.6,rnx_eweak,Eweak::18,ronai_xiang_2024::ronai_xiang_2024::item::18,0.1666666667,ronai_xiang_2024,ronai_xiang_2024,0.196,0.006,0.006,0.196,Ronai & Xiang (2024): Eweak,7
top_p,0.6,rnx_eweak,Eweak::19,ronai_xiang_2024::ronai_xiang_2024::item::19,0.3076923077,ronai_xiang_2024,ronai_xiang_2024,0.536,0.216,0.216,0.536,Ronai & Xiang (2024): Eweak,8
top_p,0.6,rnx_eweak,Eweak::20,ronai_xiang_2024::ronai_xiang_2024::item::20,0.2619047619,ronai_xiang_2024,ronai_xiang_2024,0.58,0.026,0.026,0.58,Ronai & Xiang (2024): Eweak,9
top_p,0.6,rnx_eweak,Eweak::21,ronai_xiang_2024::ronai_xiang_2024::item::21,0.1025641026,ronai_xiang_2024,ronai_xiang_2024,0.334,0.038,0.038,0.334,Ronai & Xiang (2024): Eweak,0
top_p,0.6,rnx_eweak,Eweak::22,ronai_xiang_2024::ronai_xiang_2024::item::22,0.119047619,ronai_xiang_2024,ronai_xiang_2024,0.016,0.506,0.014,0.508,Ronai & Xiang (2024): Eweak,1
top_p,0.6,rnx_eweak,Eweak::23,ronai_xiang_2024::ronai_xiang_2024::item::23,0.6153846154,ronai_xiang_2024,ronai_xiang_2024,0.762,0.59,0.546,0.806,Ronai & Xiang (2024): Eweak,2
top_p,0.6,rnx_eweak,Eweak::24,ronai_xiang_2024::ronai_xiang_2024::item::24,0.1428571429,ronai_xiang_2024,ronai_xiang_2024,0.726,0.082,0.082,0.726,Ronai & Xiang (2024): Eweak,3
top_p,0.6,rnx_eweak,Eweak::25,ronai_xiang_2024::ronai_xiang_2024::item::25,0.6923076923,ronai_xiang_2024,ronai_xiang_2024,0.0,0.03,0.0,0.03,Ronai & Xiang (2024): Eweak,4
top_p,0.6,rnx_eweak,Eweak::26,ronai_xiang_2024::ronai_xiang_2024::item::26,0.7857142857,ronai_xiang_2024,ronai_xiang_2024,0.054,0.004,0.004,0.054,Ronai & Xiang (2024): Eweak,5
top_p,0.6,rnx_eweak,Eweak::27,ronai_xiang_2024::ronai_xiang_2024::item::27,0.1282051282,ronai_xiang_2024,ronai_xiang_2024,0.304,0.008,0.008,0.304,Ronai & Xiang (2024): Eweak,6
top_p,0.6,rnx_eweak,Eweak::28,ronai_xiang_2024::ronai_xiang_2024::item::28,0.7142857143,ronai_xiang_2024,ronai_xiang_2024,1.0,0.742,0.742,1.0,Ronai & Xiang (2024): Eweak,7
top_p,0.6,rnx_eweak,Eweak::29,ronai_xiang_2024::ronai_xiang_2024::item::29,0.2051282051,ronai_xiang_2024,ronai_xiang_2024,1.0,0.992,0.992,1.0,Ronai & Xiang (2024): Eweak,8
top_p,0.6,rnx_eweak,Eweak::30,ronai_xiang_2024::ronai_xiang_2024::item::30,0.1904761905,ronai_xiang_2024,ronai_xiang_2024,0.756,0.082,0.082,0.756,Ronai & Xiang (2024): Eweak,9
top_p,0.6,rnx_eweak,Eweak::31,ronai_xiang_2024::ronai_xiang_2024::item::31,0.3846153846,ronai_xiang_2024,ronai_xiang_2024,0.896,0.292,0.292,0.896,Ronai & Xiang (2024): Eweak,0
top_p,0.6,rnx_eweak,Eweak::32,ronai_xiang_2024::ronai_xiang_2024::item::32,0.5238095238,ronai_xiang_2024,ronai_xiang_2024,1.0,0.692,0.692,1.0,Ronai & Xiang (2024): Eweak,1
top_p,0.6,rnx_eweak,Eweak::33,ronai_xiang_2024::ronai_xiang_2024::item::33,0.8974358974,ronai_xiang_2024,ronai_xiang_2024,0.05,0.432,0.05,0.432,Ronai & Xiang (2024): Eweak,2
top_p,0.6,rnx_eweak,Eweak::34,ronai_xiang_2024::ronai_xiang_2024::item::34,0.619047619,ronai_xiang_2024,ronai_xiang_2024,0.02,0.004,0.004,0.02,Ronai & Xiang (2024): Eweak,3
top_p,0.6,rnx_eweak,Eweak::35,ronai_xiang_2024::ronai_xiang_2024::item::35,0.0769230769,ronai_xiang_2024,ronai_xiang_2024,0.148,0.012,0.012,0.148,Ronai & Xiang (2024): Eweak,4
top_p,0.6,rnx_eweak,Eweak::36,ronai_xiang_2024::ronai_xiang_2024::item::36,0.5476190476,ronai_xiang_2024,ronai_xiang_2024,0.106,0.02,0.02,0.106,Ronai & Xiang (2024): Eweak,5
top_p,0.6,rnx_eweak,Eweak::37,ronai_xiang_2024::ronai_xiang_2024::item::37,0.1025641026,ronai_xiang_2024,ronai_xiang_2024,1.0,0.308,0.308,1.0,Ronai & Xiang (2024): Eweak,6
top_p,0.6,rnx_eweak,Eweak::38,ronai_xiang_2024::ronai_xiang_2024::item::38,0.7380952381,ronai_xiang_2024,ronai_xiang_2024,0.092,0.028,0.026,0.094,Ronai & Xiang (2024): Eweak,7
top_p,0.6,rnx_eweak,Eweak::39,ronai_xiang_2024::ronai_xiang_2024::item::39,0.4615384615,ronai_xiang_2024,ronai_xiang_2024,0.0,0.0,0.0,0.0,Ronai & Xiang (2024): Eweak,8
top_p,0.6,rnx_eweak,Eweak::40,ronai_xiang_2024::ronai_xiang_2024::item::40,0.5476190476,ronai_xiang_2024,ronai_xiang_2024,0.024,0.0,0.0,0.024,Ronai & Xiang (2024): Eweak,9
top_p,0.6,rnx_eweak,Eweak::41,ronai_xiang_2024::ronai_xiang_2024::item::41,0.1282051282,ronai_xiang_2024,ronai_xiang_2024,0.138,0.016,0.016,0.138,Ronai & Xiang (2024): Eweak,0
top_p,0.6,rnx_eweak,Eweak::42,ronai_xiang_2024::ronai_xiang_2024::item::42,0.1428571429,ronai_xiang_2024,ronai_xiang_2024,0.872,0.144,0.144,0.872,Ronai & Xiang (2024): Eweak,1
top_p,0.6,rnx_eweak,Eweak::43,ronai_xiang_2024::ronai_xiang_2024::item::43,0.7435897436,ronai_xiang_2024,ronai_xiang_2024,0.71,0.104,0.104,0.71,Ronai & Xiang (2024): Eweak,2
top_p,0.6,rnx_eweak,Eweak::44,ronai_xiang_2024::ronai_xiang_2024::item::44,0.6428571429,ronai_xiang_2024,ronai_xiang_2024,0.892,0.204,0.204,0.892,Ronai & Xiang (2024): Eweak,3
top_p,0.6,rnx_eweak,Eweak::45,ronai_xiang_2024::ronai_xiang_2024::item::45,0.1282051282,ronai_xiang_2024,ronai_xiang_2024,0.016,0.01,0.01,0.016,Ronai & Xiang (2024): Eweak,4
top_p,0.6,rnx_eweak,Eweak::46,ronai_xiang_2024::ronai_xiang_2024::item::46,0.0952380952,ronai_xiang_2024,ronai_xiang_2024,0.704,0.496,0.466,0.734,Ronai & Xiang (2024): Eweak,5
top_p,0.6,rnx_eweak,Eweak::47,ronai_xiang_2024::ronai_xiang_2024::item::47,0.7948717949,ronai_xiang_2024,ronai_xiang_2024,0.708,0.382,0.372,0.718,Ronai & Xiang (2024): Eweak,6
top_p,0.6,rnx_eweak,Eweak::48,ronai_xiang_2024::ronai_xiang_2024::item::48,0.2142857143,ronai_xiang_2024,ronai_xiang_2024,0.308,0.094,0.094,0.308,Ronai & Xiang (2024): Eweak,7
top_p,0.6,rnx_eweak,Eweak::49,ronai_xiang_2024::ronai_xiang_2024::item::49,0.2820512821,ronai_xiang_2024,ronai_xiang_2024,0.002,0.0,0.0,0.002,Ronai & Xiang (2024): Eweak,8
top_p,0.6,rnx_eweak,Eweak::50,ronai_xiang_2024::ronai_xiang_2024::item::50,0.0714285714,ronai_xiang_2024,ronai_xiang_2024,0.672,0.056,0.056,0.672,Ronai & Xiang (2024): Eweak,9
top_p,0.6,rnx_eweak,Eweak::51,ronai_xiang_2024::ronai_xiang_2024::item::51,0.6923076923,ronai_xiang_2024,ronai_xiang_2024,0.004,0.0,0.0,0.004,Ronai & Xiang (2024): Eweak,0
top_p,0.6,rnx_eweak,Eweak::52,ronai_xiang_2024::ronai_xiang_2024::item::52,0.2857142857,ronai_xiang_2024,ronai_xiang_2024,0.12,0.008,0.008,0.12,Ronai & Xiang (2024): Eweak,1
top_p,0.6,rnx_eweak,Eweak::53,ronai_xiang_2024::ronai_xiang_2024::item::53,0.0256410256,ronai_xiang_2024,ronai_xiang_2024,0.326,0.02,0.02,0.326,Ronai & Xiang (2024): Eweak,2
top_p,0.6,rnx_eweak,Eweak::54,ronai_xiang_2024::ronai_xiang_2024::item::54,0.2380952381,ronai_xiang_2024,ronai_xiang_2024,0.006,0.0,0.0,0.006,Ronai & Xiang (2024): Eweak,3
top_p,0.6,rnx_eweak,Eweak::55,ronai_xiang_2024::ronai_xiang_2024::item::55,0.0256410256,ronai_xiang_2024,ronai_xiang_2024,0.976,0.456,0.456,0.976,Ronai & Xiang (2024): Eweak,4
top_p,0.6,rnx_eweak,Eweak::56,ronai_xiang_2024::ronai_xiang_2024::item::56,0.5952380952,ronai_xiang_2024,ronai_xiang_2024,1.0,0.564,0.564,1.0,Ronai & Xiang (2024): Eweak,5
top_p,0.6,rnx_eweak,Eweak::57,ronai_xiang_2024::ronai_xiang_2024::item::57,0.0769230769,ronai_xiang_2024,ronai_xiang_2024,0.65,0.15,0.15,0.65,Ronai & Xiang (2024): Eweak,6
top_p,0.6,rnx_eweak,Eweak::58,ronai_xiang_2024::ronai_xiang_2024::item::58,0.4523809524,ronai_xiang_2024,ronai_xiang_2024,0.926,0.132,0.132,0.926,Ronai & Xiang (2024): Eweak,7
top_p,0.6,rnx_eweak,Eweak::59,ronai_xiang_2024::ronai_xiang_2024::item::59,0.1282051282,ronai_xiang_2024,ronai_xiang_2024,0.018,0.0,0.0,0.018,Ronai & Xiang (2024): Eweak,8
top_p,0.6,rnx_eweak,Eweak::60,ronai_xiang_2024::ronai_xiang_2024::item::60,0.2380952381,ronai_xiang_2024,ronai_xiang_2024,0.078,0.006,0.006,0.078,Ronai & Xiang (2024): Eweak,9
