context,token,count,supported_by_frequency_model,sampler_probability,context_probability,human_query_trials,human_trigger_trials
bag,pen,8561184,True,0.014043580366358839,0.24729527865947984,22,54
bag,chalk,2472767,True,0.004056273301891426,0.07142745726817296,51,27
bag,makeup,1730387,True,0.0028384892673025803,0.0499833358743068,54,16
bag,headphones,210580,True,0.00034543086021137314,0.006082738062879301,21,46
bag,cash,21314502,True,0.03496384633316095,0.6156830307090748,35,34
bag,crayons,329858,True,0.0005410919018311479,0.00952815942608624,30,36
