vocab_index_zero_based,candidate,vocabulary_source,vocabulary_path,source_line_one_based,saved_log_score,unnormalized_continuation_probability,normalized_sampling_probability,rank_one_based,descending_cumulative_probability
5908,mask,1gram,/users/ljohnst7/data/ljohnst7/ngrams/set_variant_qwen_support/vocab_1gram.txt,5909,-4.400766372680664,0.012267934489661783,0.6522432897840695,1,0.6522432897840695
11044,masks,1gram,/users/ljohnst7/data/ljohnst7/ngrams/set_variant_qwen_support/vocab_1gram.txt,11045,-7.275766372680664,0.0006921095035919608,0.03679704842686075,2,0.6890403382109302
82753,bandana,1gram,/users/ljohnst7/data/ljohnst7/ngrams/set_variant_qwen_support/vocab_1gram.txt,82754,-12.081671714782715,5.662349109819195e-06,0.0003010473535220344,134,0.8873058086332447
12192,handkerchief,1gram,/users/ljohnst7/data/ljohnst7/ngrams/set_variant_qwen_support/vocab_1gram.txt,12193,-12.645214080810547,3.2229480273537823e-06,0.00017135290589754876,220,0.9069631247575053
9948,gloves,1gram,/users/ljohnst7/data/ljohnst7/ngrams/set_variant_qwen_support/vocab_1gram.txt,9949,-13.588266372680664,1.2551363163410367e-06,6.673122038494893e-05,486,0.9341334299842291
19646,wallet,1gram,/users/ljohnst7/data/ljohnst7/ngrams/set_variant_qwen_support/vocab_1gram.txt,19647,-13.822641372680664,9.928945492185545e-07,5.2788740250995155e-05,594,0.9404895572635975
107555,handkerchief mask,2gram,/users/ljohnst7/data/ljohnst7/ngrams/set_variant_qwen_support/vocab_2gram.txt,9047,-14.26223087310791,6.397228040369767e-07,3.401183032128099e-05,841,0.9505933131042921
98883,bandana in,2gram,/users/ljohnst7/data/ljohnst7/ngrams/set_variant_qwen_support/vocab_2gram.txt,375,-14.573702812194824,4.6851261362955015e-07,2.4909181629278097e-05,1067,0.9571136136528864
98929,bandana with,2gram,/users/ljohnst7/data/ljohnst7/ngrams/set_variant_qwen_support/vocab_2gram.txt,421,-14.823702812194824,3.648779903735242e-07,1.9399290158549638e-05,1294,0.9620625624232352
10717,candy,1gram,/users/ljohnst7/data/ljohnst7/ngrams/set_variant_qwen_support/vocab_1gram.txt,10718,-15.307016372680664,2.2503354146361631e-07,1.1964248547274026e-05,1862,0.9706752423624904
107527,handkerchief here,2gram,/users/ljohnst7/data/ljohnst7/ngrams/set_variant_qwen_support/vocab_2gram.txt,9019,-15.32473087310791,2.210822852877912e-07,1.1754174037251856e-05,1887,0.9709706149081176
107678,handkerchief with,2gram,/users/ljohnst7/data/ljohnst7/ngrams/set_variant_qwen_support/vocab_2gram.txt,9170,-15.38723087310791,2.0768758675600656e-07,1.1042024633177404e-05,1976,0.9719773819863926
98893,bandana mask,2gram,/users/ljohnst7/data/ljohnst7/ngrams/set_variant_qwen_support/vocab_2gram.txt,385,-15.511202812194824,1.83472175666385e-07,9.754575681939661e-06,2171,0.9739867444042124
98897,bandana on,2gram,/users/ljohnst7/data/ljohnst7/ngrams/set_variant_qwen_support/vocab_2gram.txt,389,-15.511202812194824,1.83472175666385e-07,9.754575681939661e-06,2172,0.9739964989798944
106812,gloves in,2gram,/users/ljohnst7/data/ljohnst7/ngrams/set_variant_qwen_support/vocab_2gram.txt,8304,-15.541895866394043,1.779263980275218e-07,9.459726026960554e-06,2238,0.9746260908460904
107533,handkerchief in,2gram,/users/ljohnst7/data/ljohnst7/ngrams/set_variant_qwen_support/vocab_2gram.txt,9025,-15.57473087310791,1.7217905690534753e-07,9.154159944569322e-06,2282,0.9750326894999185
98913,bandana that,2gram,/users/ljohnst7/data/ljohnst7/ngrams/set_variant_qwen_support/vocab_2gram.txt,405,-15.636202812194824,1.619136267360415e-07,8.608382825338766e-06,2391,0.9759931589107949
120135,wallet and,2gram,/users/ljohnst7/data/ljohnst7/ngrams/set_variant_qwen_support/vocab_2gram.txt,21627,-15.69558048248291,1.5257943634022145e-07,8.112116476967648e-06,2466,0.9766185603776715
106724,gloves and,2gram,/users/ljohnst7/data/ljohnst7/ngrams/set_variant_qwen_support/vocab_2gram.txt,8216,-15.979395866394043,1.1487791669909207e-07,6.107658169718659e-06,3007,0.980434129390867
107628,handkerchief that,2gram,/users/ljohnst7/data/ljohnst7/ngrams/set_variant_qwen_support/vocab_2gram.txt,9120,-16.012231826782227,1.1116704835547239e-07,5.91036424233115e-06,3076,0.9808478793859918
101261,candy bar,2gram,/users/ljohnst7/data/ljohnst7/ngrams/set_variant_qwen_support/vocab_2gram.txt,2753,-16.201387405395508,9.200826698557876e-08,4.891758657219515e-06,3462,0.9829162220950759
106805,gloves here,2gram,/users/ljohnst7/data/ljohnst7/ngrams/set_variant_qwen_support/vocab_2gram.txt,8297,-16.29189682006836,8.40463991249557e-08,4.4684539117780504e-06,3673,0.9838972594146255
120222,wallet here,2gram,/users/ljohnst7/data/ljohnst7/ngrams/set_variant_qwen_support/vocab_2gram.txt,21714,-16.445579528808594,7.207349109780208e-08,3.831896150037992e-06,4019,0.9853279922679935
98848,bandana and,2gram,/users/ljohnst7/data/ljohnst7/ngrams/set_variant_qwen_support/vocab_2gram.txt,340,-16.57370376586914,6.340622679656202e-08,3.3710879360690654e-06,4291,0.9863025221317486
106934,gloves with,2gram,/users/ljohnst7/data/ljohnst7/ngrams/set_variant_qwen_support/vocab_2gram.txt,8426,-16.60439682006836,6.148965915650495e-08,3.26919071908458e-06,4367,0.9865537710705176
120358,wallet with,2gram,/users/ljohnst7/data/ljohnst7/ngrams/set_variant_qwen_support/vocab_2gram.txt,21850,-16.633079528808594,5.975102276899381e-08,3.1767534862248676e-06,4440,0.9867886786558195
107570,handkerchief on,2gram,/users/ljohnst7/data/ljohnst7/ngrams/set_variant_qwen_support/vocab_2gram.txt,9062,-16.637231826782227,5.9503433106989826e-08,3.1635900074177308e-06,4465,0.9868679228692631
107418,handkerchief and,2gram,/users/ljohnst7/data/ljohnst7/ngrams/set_variant_qwen_support/vocab_2gram.txt,8910,-16.762231826782227,5.251159541006818e-08,2.7918583825937247e-06,4827,0.9879424455973173
106851,gloves on,2gram,/users/ljohnst7/data/ljohnst7/ngrams/set_variant_qwen_support/vocab_2gram.txt,8343,-16.79189682006836,5.097671790773068e-08,2.710254299006238e-06,4905,0.9881568067253742
120233,wallet in,2gram,/users/ljohnst7/data/ljohnst7/ngrams/set_variant_qwen_support/vocab_2gram.txt,21725,-16.820579528808594,4.953533771655596e-08,2.633621141361514e-06,4977,0.9883493344076807
107595,handkerchief right,2gram,/users/ljohnst7/data/ljohnst7/ngrams/set_variant_qwen_support/vocab_2gram.txt,9087,-16.887231826782227,4.634132029916062e-08,2.4638063750938004e-06,5208,0.9889379967102192
98851,bandana at,2gram,/users/ljohnst7/data/ljohnst7/ngrams/set_variant_qwen_support/vocab_2gram.txt,343,-17.07370376586914,3.845782056880762e-08,2.04466818981327e-06,5819,0.9903087966820061
120163,wallet but,2gram,/users/ljohnst7/data/ljohnst7/ngrams/set_variant_qwen_support/vocab_2gram.txt,21655,-17.195579528808594,3.404510653387898e-08,1.8100595748550126e-06,6264,0.9911664553004276
98907,bandana scarf,2gram,/users/ljohnst7/data/ljohnst7/ngrams/set_variant_qwen_support/vocab_2gram.txt,399,-17.26120376586914,3.1882653073298645e-08,1.6950894663724105e-06,6505,0.9915882111014829
98849,bandana around,2gram,/users/ljohnst7/data/ljohnst7/ngrams/set_variant_qwen_support/vocab_2gram.txt,341,-17.32370376586914,2.9950980774206955e-08,1.5923891873477666e-06,6719,0.9919393298339433
98933,bandana wrapped,2gram,/users/ljohnst7/data/ljohnst7/ngrams/set_variant_qwen_support/vocab_2gram.txt,425,-17.38620376586914,2.8136342583365283e-08,1.4959112036774271e-06,6932,0.9922676175464709
106893,gloves that,2gram,/users/ljohnst7/data/ljohnst7/ngrams/set_variant_qwen_support/vocab_2gram.txt,8385,-17.60439682006836,2.2620781448317503e-08,1.2026680548197012e-06,7811,0.9934459777322614
98870,bandana from,2gram,/users/ljohnst7/data/ljohnst7/ngrams/set_variant_qwen_support/vocab_2gram.txt,362,-17.63620376586914,2.19126056366902e-08,1.165016816829268e-06,7951,0.9936115069029784
101263,candy bars,2gram,/users/ljohnst7/data/ljohnst7/ngrams/set_variant_qwen_support/vocab_2gram.txt,2755,-17.638887405395508,2.185387893796827e-08,1.1618945230800776e-06,7960,0.9936219766533116
98915,bandana tied,2gram,/users/ljohnst7/data/ljohnst7/ngrams/set_variant_qwen_support/vocab_2gram.txt,407,-17.82370376586914,1.8166188128020145e-08,9.65832864321305e-07,8707,0.9944118339353409
98926,bandana which,2gram,/users/ljohnst7/data/ljohnst7/ngrams/set_variant_qwen_support/vocab_2gram.txt,418,-17.82370376586914,1.8166188128020145e-08,9.65832864321305e-07,8708,0.9944127997682053
107452,handkerchief but,2gram,/users/ljohnst7/data/ljohnst7/ngrams/set_variant_qwen_support/vocab_2gram.txt,8944,-18.074731826782227,1.4133304170564023e-08,7.51418489844066e-07,9851,0.9953867154041693
33223,napkins,1gram,/users/ljohnst7/data/ljohnst7/ngrams/set_variant_qwen_support/vocab_1gram.txt,33224,-18.094371795654297,1.3858434567182165e-08,7.368046316984664e-07,9968,0.9954736955358273
106731,gloves at,2gram,/users/ljohnst7/data/ljohnst7/ngrams/set_variant_qwen_support/vocab_2gram.txt,8223,-18.10439682006836,1.3720197495063315e-08,7.294550487051028e-07,10012,0.9955059163854523
98875,bandana hanging,2gram,/users/ljohnst7/data/ljohnst7/ngrams/set_variant_qwen_support/vocab_2gram.txt,367,-18.13620376586914,1.3290667152844476e-08,7.066184184877682e-07,10156,0.9956093486693631
120267,wallet on,2gram,/users/ljohnst7/data/ljohnst7/ngrams/set_variant_qwen_support/vocab_2gram.txt,21759,-18.195579528808594,1.252449476630562e-08,6.658837048846804e-07,10426,0.9957946072572499
107422,handkerchief around,2gram,/users/ljohnst7/data/ljohnst7/ngrams/set_variant_qwen_support/vocab_2gram.txt,8914,-18.199731826782227,1.2472597153808694e-08,6.631244898321824e-07,10452,0.9958118836944534
106876,gloves right,2gram,/users/ljohnst7/data/ljohnst7/ngrams/set_variant_qwen_support/vocab_2gram.txt,8368,-18.29189682006836,1.1374443230593279e-08,6.047394757802324e-07,10929,0.9961137952965793
120290,wallet right,2gram,/users/ljohnst7/data/ljohnst7/ngrams/set_variant_qwen_support/vocab_2gram.txt,21782,-18.320579528808594,1.1052827837701687e-08,5.876403070422852e-07,11069,0.9961971454060294
98917,bandana to,2gram,/users/ljohnst7/data/ljohnst7/ngrams/set_variant_qwen_support/vocab_2gram.txt,409,-18.38620376586914,1.0350781986176677e-08,5.503149776509514e-07,11459,0.9964187468294227
107672,handkerchief which,2gram,/users/ljohnst7/data/ljohnst7/ngrams/set_variant_qwen_support/vocab_2gram.txt,9164,-18.387231826782227,1.0340146219841393e-08,5.497495110494021e-07,11464,0.9964214967475792
98850,bandana as,2gram,/users/ljohnst7/data/ljohnst7/ngrams/set_variant_qwen_support/vocab_2gram.txt,342,-18.44870376586914,9.723659808148784e-09,5.169730786672098e-07,11760,0.9965788808227742
98868,bandana folded,2gram,/users/ljohnst7/data/ljohnst7/ngrams/set_variant_qwen_support/vocab_2gram.txt,360,-18.44870376586914,9.723659808148784e-09,5.169730786672098e-07,11761,0.9965793977958529
107425,handkerchief at,2gram,/users/ljohnst7/data/ljohnst7/ngrams/set_variant_qwen_support/vocab_2gram.txt,8917,-18.449731826782227,9.713668430320387e-09,5.164418719551295e-07,11765,0.9965814645566585
107613,handkerchief so,2gram,/users/ljohnst7/data/ljohnst7/ngrams/set_variant_qwen_support/vocab_2gram.txt,9105,-18.449731826782227,9.713668430320387e-09,5.164418719551295e-07,11766,0.9965819809985305
107642,handkerchief to,2gram,/users/ljohnst7/data/ljohnst7/ngrams/set_variant_qwen_support/vocab_2gram.txt,9134,-18.449731826782227,9.713668430320387e-09,5.164418719551295e-07,11767,0.9965824974404024
107686,handkerchief you,2gram,/users/ljohnst7/data/ljohnst7/ngrams/set_variant_qwen_support/vocab_2gram.txt,9178,-18.449731826782227,9.713668430320387e-09,5.164418719551295e-07,11768,0.9965830138822743
106750,gloves but,2gram,/users/ljohnst7/data/ljohnst7/ngrams/set_variant_qwen_support/vocab_2gram.txt,8242,-18.47939682006836,9.429744641251769e-09,5.013466343349636e-07,11942,0.9966716183466089
98869,bandana for,2gram,/users/ljohnst7/data/ljohnst7/ngrams/set_variant_qwen_support/vocab_2gram.txt,361,-18.51120376586914,9.134533042129343e-09,4.856512632228755e-07,12154,0.9967762172158426
98853,bandana back,2gram,/users/ljohnst7/data/ljohnst7/ngrams/set_variant_qwen_support/vocab_2gram.txt,345,-18.57370376586914,8.581099662477623e-09,4.5622714064343514e-07,12443,0.9969122848878081
107506,handkerchief from,2gram,/users/ljohnst7/data/ljohnst7/ngrams/set_variant_qwen_support/vocab_2gram.txt,8998,-18.637231826782227,8.052913973085303e-09,4.281453496983963e-07,12794,0.997067180530815
107577,handkerchief over,2gram,/users/ljohnst7/data/ljohnst7/ngrams/set_variant_qwen_support/vocab_2gram.txt,9069,-18.762231826782227,7.106671638027988e-09,3.7783694496483313e-07,13512,0.9973568558432314
107638,handkerchief tied,2gram,/users/ljohnst7/data/ljohnst7/ngrams/set_variant_qwen_support/vocab_2gram.txt,9130,-18.762231826782227,7.106671638027988e-09,3.7783694496483313e-07,13513,0.9973572336801764
98910,bandana so,2gram,/users/ljohnst7/data/ljohnst7/ngrams/set_variant_qwen_support/vocab_2gram.txt,402,-18.82370376586914,6.6829671367513414e-09,3.5531005439153516e-07,13859,0.9974838034407715
107423,handkerchief as,2gram,/users/ljohnst7/data/ljohnst7/ngrams/set_variant_qwen_support/vocab_2gram.txt,8915,-18.824731826782227,6.676100169889533e-09,3.549449617135006e-07,13862,0.9974848684875993
107685,handkerchief wrapped,2gram,/users/ljohnst7/data/ljohnst7/ngrams/set_variant_qwen_support/vocab_2gram.txt,9177,-18.824731826782227,6.676100169889533e-09,3.549449617135006e-07,13863,0.9974852234325611
106904,gloves to,2gram,/users/ljohnst7/data/ljohnst7/ngrams/set_variant_qwen_support/vocab_2gram.txt,8396,-18.97939682006836,5.719429238180105e-09,3.040821048678939e-07,14791,0.9977899809610319
107514,handkerchief handy,2gram,/users/ljohnst7/data/ljohnst7/ngrams/set_variant_qwen_support/vocab_2gram.txt,9006,-19.012231826782227,5.534681436727541e-09,2.9425970861191935e-07,14983,0.9978472908931203
98900,bandana over,2gram,/users/ljohnst7/data/ljohnst7/ngrams/set_variant_qwen_support/vocab_2gram.txt,392,-19.07370376586914,5.2047000393424086e-09,2.767157485932711e-07,15350,0.9979519882018184
101294,candy cane,2gram,/users/ljohnst7/data/ljohnst7/ngrams/set_variant_qwen_support/vocab_2gram.txt,2786,-19.076387405395508,5.190751225759203e-09,2.7597413882450667e-07,15367,0.9979566858610152
107503,handkerchief folded,2gram,/users/ljohnst7/data/ljohnst7/ngrams/set_variant_qwen_support/vocab_2gram.txt,8995,-19.137231826782227,4.884339224704513e-09,2.596832814054644e-07,15761,0.9980622493331869
101625,candy wrapper,2gram,/users/ljohnst7/data/ljohnst7/ngrams/set_variant_qwen_support/vocab_2gram.txt,3117,-19.201387405395508,4.580821878819689e-09,2.435463227060783e-07,16199,0.998172403617788
106886,gloves so,2gram,/users/ljohnst7/data/ljohnst7/ngrams/set_variant_qwen_support/vocab_2gram.txt,8378,-19.22939682006836,4.454295969416155e-09,2.368193813891168e-07,16382,0.9982163086732032
107651,handkerchief tucked,2gram,/users/ljohnst7/data/ljohnst7/ngrams/set_variant_qwen_support/vocab_2gram.txt,9143,-19.262231826782227,4.310414236974177e-09,2.2916969149332623e-07,16565,0.9982588817977447
106939,gloves you,2gram,/users/ljohnst7/data/ljohnst7/ngrams/set_variant_qwen_support/vocab_2gram.txt,8431,-19.29189682006836,4.1844238193069504e-09,2.224712204043429e-07,16773,0.9983057800739346
107504,handkerchief for,2gram,/users/ljohnst7/data/ljohnst7/ngrams/set_variant_qwen_support/vocab_2gram.txt,8996,-19.387231826782227,3.803927212986254e-09,2.022415429091277e-07,17399,0.9984383005089351
106789,gloves from,2gram,/users/ljohnst7/data/ljohnst7/ngrams/set_variant_qwen_support/vocab_2gram.txt,8281,-19.41689682006836,3.6927410596395862e-09,1.9633016292104742e-07,17608,0.9984798815653018
106813,gloves inside,2gram,/users/ljohnst7/data/ljohnst7/ngrams/set_variant_qwen_support/vocab_2gram.txt,8305,-19.41689682006836,3.6927410596395862e-09,1.9633016292104742e-07,17609,0.9984800778954647
107532,handkerchief if,2gram,/users/ljohnst7/data/ljohnst7/ngrams/set_variant_qwen_support/vocab_2gram.txt,9024,-19.449731826782227,3.5734589138709452e-09,1.899883472523866e-07,17821,0.9985210032525983
106786,gloves for,2gram,/users/ljohnst7/data/ljohnst7/ngrams/set_variant_qwen_support/vocab_2gram.txt,8278,-19.60439682006836,3.0613898643415634e-09,1.6276342183865026e-07,18861,0.9987040710536621
106930,gloves which,2gram,/users/ljohnst7/data/ljohnst7/ngrams/set_variant_qwen_support/vocab_2gram.txt,8422,-19.60439682006836,3.0613898643415634e-09,1.6276342183865026e-07,18862,0.998704233817084
107428,handkerchief back,2gram,/users/ljohnst7/data/ljohnst7/ngrams/set_variant_qwen_support/vocab_2gram.txt,8920,-19.637231826782227,2.9625014922203206e-09,1.5750587198719775e-07,19086,0.9987400941539321
120140,wallet as,2gram,/users/ljohnst7/data/ljohnst7/ngrams/set_variant_qwen_support/vocab_2gram.txt,21632,-19.695579528808594,2.7945925229839445e-09,1.4857873771114856e-07,19472,0.9987991675495348
120309,wallet so,2gram,/users/ljohnst7/data/ljohnst7/ngrams/set_variant_qwen_support/vocab_2gram.txt,21801,-19.758079528808594,2.625276721331986e-09,1.3957680706219013e-07,19897,0.9988603757800204
98920,bandana under,2gram,/users/ljohnst7/data/ljohnst7/ngrams/set_variant_qwen_support/vocab_2gram.txt,412,-19.76120376586914,2.6170875336479617e-09,1.3914141651456467e-07,19935,0.9988656690737179
107644,handkerchief too,2gram,/users/ljohnst7/data/ljohnst7/ngrams/set_variant_qwen_support/vocab_2gram.txt,9136,-19.762231826782227,2.614398390786675e-09,1.3899844416758783e-07,19940,0.9988663643128234
106824,gloves left,2gram,/users/ljohnst7/data/ljohnst7/ngrams/set_variant_qwen_support/vocab_2gram.txt,8316,-19.79189682006836,2.5379813396415013e-09,1.3493561607892075e-07,20151,0.9988952215128482
106906,gloves too,2gram,/users/ljohnst7/data/ljohnst7/ngrams/set_variant_qwen_support/vocab_2gram.txt,8398,-19.79189682006836,2.5379813396415013e-09,1.3493561607892075e-07,20152,0.9988953564484643
106729,gloves as,2gram,/users/ljohnst7/data/ljohnst7/ngrams/set_variant_qwen_support/vocab_2gram.txt,8221,-19.85439682006836,2.3842128236360715e-09,1.2676028038332223e-07,20599,0.9989535376981462
101553,candy store,2gram,/users/ljohnst7/data/ljohnst7/ngrams/set_variant_qwen_support/vocab_2gram.txt,3045,-19.888887405395508,2.3033818937307147e-09,1.2246278175531733e-07,20835,0.9989828834811496
120142,wallet at,2gram,/users/ljohnst7/data/ljohnst7/ngrams/set_variant_qwen_support/vocab_2gram.txt,21634,-20.008079528808594,2.044567566352481e-09,1.0870252663864006e-07,21657,0.9990779638301566
107515,handkerchief hanging,2gram,/users/ljohnst7/data/ljohnst7/ngrams/set_variant_qwen_support/vocab_2gram.txt,9007,-20.012231826782227,2.0360955140052835e-09,1.0825209716342436e-07,21728,0.9990856650757857
107534,handkerchief inside,2gram,/users/ljohnst7/data/ljohnst7/ngrams/set_variant_qwen_support/vocab_2gram.txt,9026,-20.012231826782227,2.0360955140052835e-09,1.0825209716342436e-07,21729,0.9990857733278828
107631,handkerchief there,2gram,/users/ljohnst7/data/ljohnst7/ngrams/set_variant_qwen_support/vocab_2gram.txt,9123,-20.012231826782227,2.0360955140052835e-09,1.0825209716342436e-07,21730,0.99908588157998
101242,candy and,2gram,/users/ljohnst7/data/ljohnst7/ngrams/set_variant_qwen_support/vocab_2gram.txt,2734,-20.013887405395508,2.0327273866867955e-09,1.0807302558096086e-07,21737,0.999086638643284
113328,napkins in,2gram,/users/ljohnst7/data/ljohnst7/ngrams/set_variant_qwen_support/vocab_2gram.txt,14820,-20.03873634338379,1.982838677663859e-09,1.0542061691969669e-07,21914,0.9991055390151675
106814,gloves instead,2gram,/users/ljohnst7/data/ljohnst7/ngrams/set_variant_qwen_support/vocab_2gram.txt,8306,-20.04189682006836,1.9765818547334145e-09,1.0508796346648593e-07,21987,0.9991132156229011
120234,wallet inside,2gram,/users/ljohnst7/data/ljohnst7/ngrams/set_variant_qwen_support/vocab_2gram.txt,21726,-20.320579528808594,1.495837585980875e-09,7.952846739481774e-08,23973,0.9992944756512459
98866,bandana down,2gram,/users/ljohnst7/data/ljohnst7/ngrams/set_variant_qwen_support/vocab_2gram.txt,358,-20.32370376586914,1.4911715274900202e-09,7.928038933873057e-08,24030,0.9992989998155712
113463,napkins with,2gram,/users/ljohnst7/data/ljohnst7/ngrams/set_variant_qwen_support/vocab_2gram.txt,14955,-20.35123634338379,1.4506757662587717e-09,7.71273709516469e-08,24202,0.9993124386470864
106733,gloves available,2gram,/users/ljohnst7/data/ljohnst7/ngrams/set_variant_qwen_support/vocab_2gram.txt,8225,-20.35439682006836,1.4460981768153068e-09,7.688399648625483e-08,24279,0.9993183623530141
98898,bandana or,2gram,/users/ljohnst7/data/ljohnst7/ngrams/set_variant_qwen_support/vocab_2gram.txt,390,-20.35495376586914,1.4452930027481829e-09,7.684118818932168e-08,24283,0.9993186697673108
107551,handkerchief lying,2gram,/users/ljohnst7/data/ljohnst7/ngrams/set_variant_qwen_support/vocab_2gram.txt,9043,-20.355981826782227,1.4438079170141988e-09,7.676223136039817e-08,24289,0.9993191305605386
101401,candy in,2gram,/users/ljohnst7/data/ljohnst7/ngrams/set_variant_qwen_support/vocab_2gram.txt,2893,-20.388887405395508,1.3970717395746254e-09,7.427743180829689e-08,24564,0.9993398615526687
106897,gloves there,2gram,/users/ljohnst7/data/ljohnst7/ngrams/set_variant_qwen_support/vocab_2gram.txt,8389,-20.41689682006836,1.3584835174110508e-09,7.222583062049316e-08,24770,0.9993549187531954
107535,handkerchief instead,2gram,/users/ljohnst7/data/ljohnst7/ngrams/set_variant_qwen_support/vocab_2gram.txt,9027,-20.418481826782227,1.3563320174366534e-09,7.211144287066828e-08,24775,0.9993552795936301
107575,handkerchief or,2gram,/users/ljohnst7/data/ljohnst7/ngrams/set_variant_qwen_support/vocab_2gram.txt,9067,-20.418481826782227,1.3563320174366534e-09,7.211144287066828e-08,24776,0.999355351705073
120322,wallet that,2gram,/users/ljohnst7/data/ljohnst7/ngrams/set_variant_qwen_support/vocab_2gram.txt,21814,-20.445579528808594,1.3200720363977409e-09,7.018362614322664e-08,24988,0.9993704386552015
112275,motorcycle gloves,2gram,/users/ljohnst7/data/ljohnst7/ngrams/set_variant_qwen_support/vocab_2gram.txt,13767,-20.481586456298828,1.2733858552109488e-09,6.770148471751319e-08,25328,0.9993939055343212
98861,bandana can,2gram,/users/ljohnst7/data/ljohnst7/ngrams/set_variant_qwen_support/vocab_2gram.txt,353,-20.57370376586914,1.1613255533030108e-09,6.174362929920922e-08,26062,0.9994413123315139
98892,bandana made,2gram,/users/ljohnst7/data/ljohnst7/ngrams/set_variant_qwen_support/vocab_2gram.txt,384,-20.57370376586914,1.1613255533030108e-09,6.174362929920922e-08,26063,0.9994413740751432
107412,handkerchief along,2gram,/users/ljohnst7/data/ljohnst7/ngrams/set_variant_qwen_support/vocab_2gram.txt,8904,-20.605981826782227,1.124438736375352e-09,5.978248589378645e-08,26337,0.9994579811700715
107654,handkerchief under,2gram,/users/ljohnst7/data/ljohnst7/ngrams/set_variant_qwen_support/vocab_2gram.txt,9146,-20.637231826782227,1.0898433934275755e-09,5.7943172167871044e-08,26583,0.999472442206063
106912,gloves under,2gram,/users/ljohnst7/data/ljohnst7/ngrams/set_variant_qwen_support/vocab_2gram.txt,8404,-20.66689682006836,1.057988027149323e-09,5.624953344522273e-08,26818,0.9994858139112108
107477,handkerchief down,2gram,/users/ljohnst7/data/ljohnst7/ngrams/set_variant_qwen_support/vocab_2gram.txt,8969,-20.668479919433594,1.0563144520424884e-09,5.616055529374154e-08,26825,0.9994862074451877
120206,wallet for,2gram,/users/ljohnst7/data/ljohnst7/ngrams/set_variant_qwen_support/vocab_2gram.txt,21698,-20.695579528808594,1.0280731356572245e-09,5.465906299913562e-08,27010,0.9994964622309783
101257,candy bag,2gram,/users/ljohnst7/data/ljohnst7/ngrams/set_variant_qwen_support/vocab_2gram.txt,2749,-20.701387405395508,1.0221195194324686e-09,5.434252998896842e-08,27078,0.9995001697694571
98873,bandana handkerchief,2gram,/users/ljohnst7/data/ljohnst7/ngrams/set_variant_qwen_support/vocab_2gram.txt,365,-20.756189346313477,9.676125700563612e-10,5.144458559522182e-08,27501,0.9995225461649464
107552,handkerchief made,2gram,/users/ljohnst7/data/ljohnst7/ngrams/set_variant_qwen_support/vocab_2gram.txt,9044,-20.762229919433594,9.61785253460159e-10,5.113476749580799e-08,27564,0.9995257749420664
107572,handkerchief one,2gram,/users/ljohnst7/data/ljohnst7/ngrams/set_variant_qwen_support/vocab_2gram.txt,9064,-20.762229919433594,9.61785253460159e-10,5.113476749580799e-08,27565,0.9995258260768339
101474,candy on,2gram,/users/ljohnst7/data/ljohnst7/ngrams/set_variant_qwen_support/vocab_2gram.txt,2966,-20.763887405395508,9.601924283114932e-10,5.1050082537969984e-08,27577,0.9995264393753783
113323,napkins here,2gram,/users/ljohnst7/data/ljohnst7/ngrams/set_variant_qwen_support/vocab_2gram.txt,14815,-20.78873634338379,9.36626670809629e-10,4.9797173402188215e-08,27769,0.9995361213893781
106856,gloves or,2gram,/users/ljohnst7/data/ljohnst7/ngrams/set_variant_qwen_support/vocab_2gram.txt,8348,-20.79189682006836,9.336711569308641e-10,4.9640039037237655e-08,27824,0.9995388540985455
101618,candy with,2gram,/users/ljohnst7/data/ljohnst7/ngrams/set_variant_qwen_support/vocab_2gram.txt,3110,-20.826387405395508,9.020173099704086e-10,4.7957114393875125e-08,28070,0.9995508366564673
106929,gloves where,2gram,/users/ljohnst7/data/ljohnst7/ngrams/set_variant_qwen_support/vocab_2gram.txt,8421,-20.85439682006836,8.771028811930245e-10,4.6632501110151924e-08,28328,0.9995630211509995
120354,wallet which,2gram,/users/ljohnst7/data/ljohnst7/ngrams/set_variant_qwen_support/vocab_2gram.txt,21846,-20.883079528808594,8.52302565078868e-10,4.531395479874035e-08,28543,0.9995729006059991
106839,gloves my,2gram,/users/ljohnst7/data/ljohnst7/ngrams/set_variant_qwen_support/vocab_2gram.txt,8331,-20.91689682006836,8.239619040240633e-10,4.3807180694540634e-08,28840,0.9995861335785029
120898,weightlifting gloves,2gram,/users/ljohnst7/data/ljohnst7/ngrams/set_variant_qwen_support/vocab_2gram.txt,22390,-20.969680786132812,7.81597834241895e-10,4.1554830857928063e-08,29242,0.999603286661046
106735,gloves back,2gram,/users/ljohnst7/data/ljohnst7/ngrams/set_variant_qwen_support/vocab_2gram.txt,8227,-20.97939682006836,7.740405759008685e-10,4.115303778948178e-08,29348,0.9996076617912839
106794,gloves gloves,2gram,/users/ljohnst7/data/ljohnst7/ngrams/set_variant_qwen_support/vocab_2gram.txt,8286,-20.97939682006836,7.740405759008685e-10,4.115303778948178e-08,29349,0.9996077029443217
120332,wallet to,2gram,/users/ljohnst7/data/ljohnst7/ngrams/set_variant_qwen_support/vocab_2gram.txt,21824,-21.008079528808594,7.521543737470065e-10,3.998942475374673e-08,29572,0.9996167543801138
107540,handkerchief just,2gram,/users/ljohnst7/data/ljohnst7/ngrams/set_variant_qwen_support/vocab_2gram.txt,9032,-21.012229919433594,7.490391085413013e-10,3.982379696790948e-08,29651,0.9996199068658546
101320,candy corn,2gram,/users/ljohnst7/data/ljohnst7/ngrams/set_variant_qwen_support/vocab_2gram.txt,2812,-21.013887405395508,7.477986150682247e-10,3.9757844256430875e-08,29663,0.9996203843316276
106858,gloves over,2gram,/users/ljohnst7/data/ljohnst7/ngrams/set_variant_qwen_support/vocab_2gram.txt,8350,-21.04189682006836,7.271438281489416e-10,3.86597012738958e-08,29888,0.9996291921516164
120360,wallet without,2gram,/users/ljohnst7/data/ljohnst7/ngrams/set_variant_qwen_support/vocab_2gram.txt,21852,-21.070579528808594,7.065836439502272e-10,3.756658798806624e-08,30108,0.9996375762008937
101292,candy can,2gram,/users/ljohnst7/data/ljohnst7/ngrams/set_variant_qwen_support/vocab_2gram.txt,2784,-21.076387405395508,7.024917873489164e-10,3.734903824379489e-08,30178,0.9996401989123254
106857,gloves out,2gram,/users/ljohnst7/data/ljohnst7/ngrams/set_variant_qwen_support/vocab_2gram.txt,8349,-21.10439682006836,6.83088410707313e-10,3.631742838116448e-08,30421,0.9996491316120193
98925,bandana when,2gram,/users/ljohnst7/data/ljohnst7/ngrams/set_variant_qwen_support/vocab_2gram.txt,417,-21.10495376586914,6.827080734088691e-10,3.6297207173513456e-08,30424,0.9996492405191509
98930,bandana worn,2gram,/users/ljohnst7/data/ljohnst7/ngrams/set_variant_qwen_support/vocab_2gram.txt,422,-21.10495376586914,6.827080734088691e-10,3.6297207173513456e-08,30425,0.9996492768163581
98867,bandana draped,2gram,/users/ljohnst7/data/ljohnst7/ngrams/set_variant_qwen_support/vocab_2gram.txt,359,-21.13620376586914,6.617033541931916e-10,3.5180459511242404e-08,30704,0.999659233955392
107568,handkerchief of,2gram,/users/ljohnst7/data/ljohnst7/ngrams/set_variant_qwen_support/vocab_2gram.txt,9060,-21.137229919433594,6.61024693202425e-10,3.5144377473337924e-08,30715,0.9996596207601431
101244,candy apple,2gram,/users/ljohnst7/data/ljohnst7/ngrams/set_variant_qwen_support/vocab_2gram.txt,2736,-21.138887405395508,6.599299615547585e-10,3.5086174409740995e-08,30724,0.9996599367285489
106797,gloves hanging,2gram,/users/ljohnst7/data/ljohnst7/ngrams/set_variant_qwen_support/vocab_2gram.txt,8289,-21.16689682006836,6.417021760749463e-10,3.4117066629058774e-08,30990,0.9996691181149694
120264,wallet now,2gram,/users/ljohnst7/data/ljohnst7/ngrams/set_variant_qwen_support/vocab_2gram.txt,21756,-21.258079528808594,5.857784152647508e-10,3.114379531279298e-08,31737,0.9996934275107205
106719,gloves along,2gram,/users/ljohnst7/data/ljohnst7/ngrams/set_variant_qwen_support/vocab_2gram.txt,8211,-21.26064682006836,5.842764802363536e-10,3.106394266565101e-08,31797,0.9996952926903466
98896,bandana off,2gram,/users/ljohnst7/data/ljohnst7/ngrams/set_variant_qwen_support/vocab_2gram.txt,388,-21.26120376586914,5.839511605053289e-10,3.1046646550174197e-08,31803,0.9996954790086643
107656,handkerchief up,2gram,/users/ljohnst7/data/ljohnst7/ngrams/set_variant_qwen_support/vocab_2gram.txt,9148,-21.262229919433594,5.833522442830725e-10,3.101480426348454e-08,31815,0.9996958513444832
107671,handkerchief where,2gram,/users/ljohnst7/data/ljohnst7/ngrams/set_variant_qwen_support/vocab_2gram.txt,9163,-21.262229919433594,5.833522442830725e-10,3.101480426348454e-08,31816,0.9996958823592875
107538,handkerchief it,2gram,/users/ljohnst7/data/ljohnst7/ngrams/set_variant_qwen_support/vocab_2gram.txt,9030,-21.324729919433594,5.48008718501076e-10,2.9135712265720467e-08,32429,0.9997142971526506
98878,bandana head,2gram,/users/ljohnst7/data/ljohnst7/ngrams/set_variant_qwen_support/vocab_2gram.txt,370,-21.35495376586914,5.316935821799974e-10,2.8268293370037298e-08,32705,0.9997222084660866
120129,wallet along,2gram,/users/ljohnst7/data/ljohnst7/ngrams/set_variant_qwen_support/vocab_2gram.txt,21621,-21.383079528808594,5.169476370720555e-10,2.748430289826844e-08,32937,0.9997286762007936
120209,wallet from,2gram,/users/ljohnst7/data/ljohnst7/ngrams/set_variant_qwen_support/vocab_2gram.txt,21701,-21.383079528808594,5.169476370720555e-10,2.748430289826844e-08,32938,0.9997287036850966
98899,bandana out,2gram,/users/ljohnst7/data/ljohnst7/ngrams/set_variant_qwen_support/vocab_2gram.txt,391,-21.38620376586914,5.153350904066327e-10,2.739856941616744e-08,33004,0.9997305143748167
98928,bandana will,2gram,/users/ljohnst7/data/ljohnst7/ngrams/set_variant_qwen_support/vocab_2gram.txt,420,-21.38620376586914,5.153350904066327e-10,2.739856941616744e-08,33005,0.9997305417733862
107426,handkerchief attached,2gram,/users/ljohnst7/data/ljohnst7/ngrams/set_variant_qwen_support/vocab_2gram.txt,8918,-21.387229919433594,5.148065486955838e-10,2.7370468696792616e-08,33012,0.9997307334262978
106810,gloves if,2gram,/users/ljohnst7/data/ljohnst7/ngrams/set_variant_qwen_support/vocab_2gram.txt,8302,-21.41689682006836,4.997581572257927e-10,2.6570398206810268e-08,33295,0.9997383474062904
98921,bandana up,2gram,/users/ljohnst7/data/ljohnst7/ngrams/set_variant_qwen_support/vocab_2gram.txt,413,-21.41745376586914,4.994798965139798e-10,2.6555604055256607e-08,33303,0.9997385599071025
107664,handkerchief we,2gram,/users/ljohnst7/data/ljohnst7/ngrams/set_variant_qwen_support/vocab_2gram.txt,9156,-21.418479919433594,4.989676163218241e-10,2.6528367904125832e-08,33309,0.9997387191534856
120353,wallet where,2gram,/users/ljohnst7/data/ljohnst7/ngrams/set_variant_qwen_support/vocab_2gram.txt,21845,-21.445579528808594,4.856273630560488e-10,2.5819113164955644e-08,33528,0.9997444521418564
106818,gloves just,2gram,/users/ljohnst7/data/ljohnst7/ngrams/set_variant_qwen_support/vocab_2gram.txt,8310,-21.44814682006836,4.843822151838924e-10,2.575291299531117e-08,33577,0.9997457148950584
107453,handkerchief by,2gram,/users/ljohnst7/data/ljohnst7/ngrams/set_variant_qwen_support/vocab_2gram.txt,8945,-21.480979919433594,4.687366966936241e-10,2.4921095344257555e-08,33864,0.9997529826388883
107669,handkerchief when,2gram,/users/ljohnst7/data/ljohnst7/ngrams/set_variant_qwen_support/vocab_2gram.txt,9161,-21.480979919433594,4.687366966936241e-10,2.4921095344257555e-08,33865,0.9997530075599836
120275,wallet out,2gram,/users/ljohnst7/data/ljohnst7/ngrams/set_variant_qwen_support/vocab_2gram.txt,21767,-21.508079528808594,4.5620468851451456e-10,2.4254812177418718e-08,34102,0.9997588317594605
98843,bandana a,2gram,/users/ljohnst7/data/ljohnst7/ngrams/set_variant_qwen_support/vocab_2gram.txt,335,-21.51120376586914,4.547816210770059e-10,2.4179152645016794e-08,34144,0.9997598485530916
101295,candy canes,2gram,/users/ljohnst7/data/ljohnst7/ngrams/set_variant_qwen_support/vocab_2gram.txt,2787,-21.549192428588867,4.3782911565356963e-10,2.32778470571216e-08,34459,0.999767316195728
101389,candy here,2gram,/users/ljohnst7/data/ljohnst7/ngrams/set_variant_qwen_support/vocab_2gram.txt,2881,-21.576387405395508,4.2608280722344523e-10,2.2653336805641288e-08,34734,0.9997736316853784
101626,candy wrappers,2gram,/users/ljohnst7/data/ljohnst7/ngrams/set_variant_qwen_support/vocab_2gram.txt,3118,-21.576387405395508,4.2608280722344523e-10,2.2653336805641288e-08,34735,0.9997736543387151
98879,bandana headband,2gram,/users/ljohnst7/data/ljohnst7/ngrams/set_variant_qwen_support/vocab_2gram.txt,371,-21.590930938720703,4.199309013754759e-10,2.2326261427785074e-08,34867,0.9997766195632808
98854,bandana because,2gram,/users/ljohnst7/data/ljohnst7/ngrams/set_variant_qwen_support/vocab_2gram.txt,346,-21.60495376586914,4.140833781558223e-10,2.201536901267725e-08,35001,0.9997795883763169
98895,bandana of,2gram,/users/ljohnst7/data/ljohnst7/ngrams/set_variant_qwen_support/vocab_2gram.txt,387,-21.60495376586914,4.140833781558223e-10,2.201536901267725e-08,35002,0.9997796103916858
120274,wallet or,2gram,/users/ljohnst7/data/ljohnst7/ngrams/set_variant_qwen_support/vocab_2gram.txt,21766,-21.633079528808594,4.025992245586292e-10,2.1404796619343142e-08,35234,0.999784646718825
107545,handkerchief left,2gram,/users/ljohnst7/data/ljohnst7/ngrams/set_variant_qwen_support/vocab_2gram.txt,9037,-21.637229919433594,4.0093174325440794e-10,2.1316142454093466e-08,35293,0.999785907033112
106847,gloves of,2gram,/users/ljohnst7/data/ljohnst7/ngrams/set_variant_qwen_support/vocab_2gram.txt,8339,-21.66689682006836,3.892120441937696e-10,2.0693046929982887e-08,35557,0.9997914423450519
107567,handkerchief now,2gram,/users/ljohnst7/data/ljohnst7/ngrams/set_variant_qwen_support/vocab_2gram.txt,9059,-21.668479919433594,3.8859637031870896e-10,2.0660313697339523e-08,35567,0.9997916491372911
120235,wallet instead,2gram,/users/ljohnst7/data/ljohnst7/ngrams/set_variant_qwen_support/vocab_2gram.txt,21727,-21.695579528808594,3.782069706289522e-10,2.0107945551076674e-08,35777,0.9997959326404461
107624,handkerchief stuffed,2gram,/users/ljohnst7/data/ljohnst7/ngrams/set_variant_qwen_support/vocab_2gram.txt,9116,-21.699729919433594,3.7664051690976944e-10,2.0024662670168303e-08,35832,0.9997970359822312
101369,candy for,2gram,/users/ljohnst7/data/ljohnst7/ngrams/set_variant_qwen_support/vocab_2gram.txt,2861,-21.701387405395508,3.760167576192397e-10,1.999149956418405e-08,35842,0.999797236034838
106771,gloves down,2gram,/users/ljohnst7/data/ljohnst7/ngrams/set_variant_qwen_support/vocab_2gram.txt,8263,-21.72939682006836,3.65630878519963e-10,1.943931859543822e-08,36122,0.9998027493401361
106829,gloves lying,2gram,/users/ljohnst7/data/ljohnst7/ngrams/set_variant_qwen_support/vocab_2gram.txt,8321,-21.72939682006836,3.65630878519963e-10,1.943931859543822e-08,36123,0.9998027687794547
120145,wallet back,2gram,/users/ljohnst7/data/ljohnst7/ngrams/set_variant_qwen_support/vocab_2gram.txt,21637,-21.758079528808594,3.5529256865595025e-10,1.8889666717023546e-08,36391,0.9998079042484648
120325,wallet there,2gram,/users/ljohnst7/data/ljohnst7/ngrams/set_variant_qwen_support/vocab_2gram.txt,21817,-21.758079528808594,3.5529256865595025e-10,1.8889666717023546e-08,36392,0.9998079231381315
120335,wallet too,2gram,/users/ljohnst7/data/ljohnst7/ngrams/set_variant_qwen_support/vocab_2gram.txt,21827,-21.758079528808594,3.5529256865595025e-10,1.8889666717023546e-08,36393,0.9998079420277982
106738,gloves because,2gram,/users/ljohnst7/data/ljohnst7/ngrams/set_variant_qwen_support/vocab_2gram.txt,8230,-21.76064682006836,3.54381599012331e-10,1.8841233638272725e-08,36441,0.9998088471667365
107576,handkerchief out,2gram,/users/ljohnst7/data/ljohnst7/ngrams/set_variant_qwen_support/vocab_2gram.txt,9068,-21.762229919433594,3.5382102156985725e-10,1.8811429690789478e-08,36452,0.9998090541960889
106753,gloves can,2gram,/users/ljohnst7/data/ljohnst7/ngrams/set_variant_qwen_support/vocab_2gram.txt,8245,-21.79189682006836,3.434784234496204e-10,1.826154982074757e-08,36704,0.9998137232719597
106830,gloves made,2gram,/users/ljohnst7/data/ljohnst7/ngrams/set_variant_qwen_support/vocab_2gram.txt,8322,-21.85439682006836,3.226681177831518e-10,1.7155138448829353e-08,37245,0.9998232917493182
98880,bandana held,2gram,/users/ljohnst7/data/ljohnst7/ngrams/set_variant_qwen_support/vocab_2gram.txt,372,-21.85495376586914,3.224884591646071e-10,1.714558662667898e-08,37256,0.9998234803910349
107435,handkerchief because,2gram,/users/ljohnst7/data/ljohnst7/ngrams/set_variant_qwen_support/vocab_2gram.txt,8927,-21.855979919433594,3.2215770621342357e-10,1.712800164583583e-08,37268,0.9998236860090756
107584,handkerchief pocket,2gram,/users/ljohnst7/data/ljohnst7/ngrams/set_variant_qwen_support/vocab_2gram.txt,9076,-21.855979919433594,3.2215770621342357e-10,1.712800164583583e-08,37269,0.9998237031370772
101581,candy to,2gram,/users/ljohnst7/data/ljohnst7/ngrams/set_variant_qwen_support/vocab_2gram.txt,3073,-21.951387405395508,2.928421452818345e-10,1.5569395515358187e-08,38143,0.9998380005846155
106910,gloves tucked,2gram,/users/ljohnst7/data/ljohnst7/ngrams/set_variant_qwen_support/vocab_2gram.txt,8402,-21.97939682006836,2.847536145064329e-10,1.5139356544501804e-08,38395,0.9998418716278477
98890,bandana like,2gram,/users/ljohnst7/data/ljohnst7/ngrams/set_variant_qwen_support/vocab_2gram.txt,382,-21.97995376586914,2.8459506633204453e-10,1.5130927091040062e-08,38401,0.9998419624190963
106728,gloves around,2gram,/users/ljohnst7/data/ljohnst7/ngrams/set_variant_qwen_support/vocab_2gram.txt,8220,-22.01064682006836,2.7599266681689997e-10,1.4673567511518094e-08,38678,0.9998460913046447
106872,gloves ready,2gram,/users/ljohnst7/data/ljohnst7/ngrams/set_variant_qwen_support/vocab_2gram.txt,8364,-22.01064682006836,2.7599266681689997e-10,1.4673567511518094e-08,38679,0.9998461059782122
101464,candy necklace,2gram,/users/ljohnst7/data/ljohnst7/ngrams/set_variant_qwen_support/vocab_2gram.txt,2956,-22.013887405395508,2.75099736620077e-10,1.4626093527237029e-08,38705,0.9998464868950788
113425,napkins that,2gram,/users/ljohnst7/data/ljohnst7/ngrams/set_variant_qwen_support/vocab_2gram.txt,14917,-22.03873634338379,2.683480340541489e-10,1.4267129049805598e-08,38943,0.9998499242790586
106889,gloves still,2gram,/users/ljohnst7/data/ljohnst7/ngrams/set_variant_qwen_support/vocab_2gram.txt,8381,-22.04189682006836,2.675012651506959e-10,1.4222109300495683e-08,38966,0.999850251917829
107444,handkerchief between,2gram,/users/ljohnst7/data/ljohnst7/ngrams/set_variant_qwen_support/vocab_2gram.txt,8936,-22.043479919433594,2.67078119097135e-10,1.4199612100639727e-08,38981,0.9998504650639136
107594,handkerchief ready,2gram,/users/ljohnst7/data/ljohnst7/ngrams/set_variant_qwen_support/vocab_2gram.txt,9086,-22.043479919433594,2.67078119097135e-10,1.4199612100639727e-08,38982,0.9998504792635258
120342,wallet under,2gram,/users/ljohnst7/data/ljohnst7/ngrams/set_variant_qwen_support/vocab_2gram.txt,21834,-22.070579528808594,2.5993759607729095e-10,1.3819975395767627e-08,39281,0.9998546679232744
98885,bandana is,2gram,/users/ljohnst7/data/ljohnst7/ngrams/set_variant_qwen_support/vocab_2gram.txt,377,-22.07370376586914,2.591267566929647e-10,1.3776865893677837e-08,39309,0.999855054258988
98931,bandana would,2gram,/users/ljohnst7/data/ljohnst7/ngrams/set_variant_qwen_support/vocab_2gram.txt,423,-22.10495376586914,2.5115426452888676e-10,1.3352996291076198e-08,39621,0.9998592846790405
107488,handkerchief even,2gram,/users/ljohnst7/data/ljohnst7/ngrams/set_variant_qwen_support/vocab_2gram.txt,8980,-22.105979919433594,2.5089667387150185e-10,1.3339301094225256e-08,39627,0.9998593647526675
120231,wallet if,2gram,/users/ljohnst7/data/ljohnst7/ngrams/set_variant_qwen_support/vocab_2gram.txt,21723,-22.133079528808594,2.4418877327134e-10,1.2982665414544942e-08,39892,0.999862851688559
107522,handkerchief head,2gram,/users/ljohnst7/data/ljohnst7/ngrams/set_variant_qwen_support/vocab_2gram.txt,9014,-22.137229919433594,2.431773947358322e-10,1.292889394520978e-08,39930,0.999863344044719
101372,candy from,2gram,/users/ljohnst7/data/ljohnst7/ngrams/set_variant_qwen_support/vocab_2gram.txt,2864,-22.138887405395508,2.4277466546905595e-10,1.2907482234699278e-08,39944,0.9998635249446008
98888,bandana knotted,2gram,/users/ljohnst7/data/ljohnst7/ngrams/set_variant_qwen_support/vocab_2gram.txt,380,-22.162660598754883,2.370711998139563e-10,1.2604248857867378e-08,40190,0.9998666608198679
106853,gloves one,2gram,/users/ljohnst7/data/ljohnst7/ngrams/set_variant_qwen_support/vocab_2gram.txt,8345,-22.16689682006836,2.360690379329497e-10,1.2550967405907005e-08,40229,0.9998671512661603
120244,wallet left,2gram,/users/ljohnst7/data/ljohnst7/ngrams/set_variant_qwen_support/vocab_2gram.txt,21736,-22.195579528808594,2.2939412340349496e-10,1.2196085480560248e-08,40488,0.9998703555645193
98881,bandana hung,2gram,/users/ljohnst7/data/ljohnst7/ngrams/set_variant_qwen_support/vocab_2gram.txt,373,-22.19870376586914,2.286785601583334e-10,1.2158041478494044e-08,40525,0.9998708060489234
107438,handkerchief behind,2gram,/users/ljohnst7/data/ljohnst7/ngrams/set_variant_qwen_support/vocab_2gram.txt,8930,-22.199729919433594,2.2844402119578975e-10,1.2145571859860124e-08,40537,0.9998709518515395
107596,handkerchief rolled,2gram,/users/ljohnst7/data/ljohnst7/ngrams/set_variant_qwen_support/vocab_2gram.txt,9088,-22.199729919433594,2.2844402119578975e-10,1.2145571859860124e-08,40538,0.9998709639971114
107621,handkerchief still,2gram,/users/ljohnst7/data/ljohnst7/ngrams/set_variant_qwen_support/vocab_2gram.txt,9113,-22.199729919433594,2.2844402119578975e-10,1.2145571859860124e-08,40539,0.9998709761426833
101253,candy at,2gram,/users/ljohnst7/data/ljohnst7/ngrams/set_variant_qwen_support/vocab_2gram.txt,2745,-22.201387405395508,2.2806569206180284e-10,1.2125457419309375e-08,40560,0.9998712309542575
113240,napkins and,2gram,/users/ljohnst7/data/ljohnst7/ngrams/set_variant_qwen_support/vocab_2gram.txt,14732,-22.22623634338379,2.2246833403735513e-10,1.1827865415126306e-08,40839,0.9998745730211315
106742,gloves behind,2gram,/users/ljohnst7/data/ljohnst7/ngrams/set_variant_qwen_support/vocab_2gram.txt,8234,-22.22939682006836,2.217663379600229e-10,1.1790542732055205e-08,40862,0.9998748446984271
106846,gloves now,2gram,/users/ljohnst7/data/ljohnst7/ngrams/set_variant_qwen_support/vocab_2gram.txt,8338,-22.22939682006836,2.217663379600229e-10,1.1790542732055205e-08,40863,0.9998748564889699
98844,bandana about,2gram,/users/ljohnst7/data/ljohnst7/ngrams/set_variant_qwen_support/vocab_2gram.txt,336,-22.22995376586914,2.2164286051765471e-10,1.1783977867098336e-08,40867,0.9998749036378527
98882,bandana i,2gram,/users/ljohnst7/data/ljohnst7/ngrams/set_variant_qwen_support/vocab_2gram.txt,374,-22.22995376586914,2.2164286051765471e-10,1.1783977867098336e-08,40868,0.9998749154218306
107531,handkerchief i,2gram,/users/ljohnst7/data/ljohnst7/ngrams/set_variant_qwen_support/vocab_2gram.txt,9023,-22.230979919433594,2.214155375603778e-10,1.1771891898297091e-08,40878,0.9998750332159966
107569,handkerchief off,2gram,/users/ljohnst7/data/ljohnst7/ngrams/set_variant_qwen_support/vocab_2gram.txt,9061,-22.230979919433594,2.214155375603778e-10,1.1771891898297091e-08,40879,0.9998750449878885
120223,wallet hidden,2gram,/users/ljohnst7/data/ljohnst7/ngrams/set_variant_qwen_support/vocab_2gram.txt,21715,-22.258079528808594,2.154958360578896e-10,1.1457162015628064e-08,41177,0.99987850697796
120365,wallet you,2gram,/users/ljohnst7/data/ljohnst7/ngrams/set_variant_qwen_support/vocab_2gram.txt,21857,-22.258079528808594,2.154958360578896e-10,1.1457162015628064e-08,41178,0.999878518435122
98862,bandana could,2gram,/users/ljohnst7/data/ljohnst7/ngrams/set_variant_qwen_support/vocab_2gram.txt,354,-22.29245376586914,2.0821419844963e-10,1.1070022740257055e-08,41504,0.9998821890796131
120241,wallet just,2gram,/users/ljohnst7/data/ljohnst7/ngrams/set_variant_qwen_support/vocab_2gram.txt,21733,-22.320579528808594,2.0243960337469272e-10,1.0763007660251375e-08,41771,0.9998851020402166
120287,wallet ready,2gram,/users/ljohnst7/data/ljohnst7/ngrams/set_variant_qwen_support/vocab_2gram.txt,21779,-22.320579528808594,2.0243960337469272e-10,1.0763007660251375e-08,41772,0.9998851128032243
106751,gloves by,2gram,/users/ljohnst7/data/ljohnst7/ngrams/set_variant_qwen_support/vocab_2gram.txt,8243,-22.32314682006836,2.019205485179072e-10,1.073541132383032e-08,41805,0.9998854676023115
101385,candy heart,2gram,/users/ljohnst7/data/ljohnst7/ngrams/set_variant_qwen_support/vocab_2gram.txt,2877,-22.326387405395508,2.0126726683035314e-10,1.0700678614961925e-08,41840,0.9998858427899259
120259,wallet my,2gram,/users/ljohnst7/data/ljohnst7/ngrams/set_variant_qwen_support/vocab_2gram.txt,21751,-22.383079528808594,1.9017440784096534e-10,1.0110909991201647e-08,42418,0.9998918597115692
98863,bandana covered,2gram,/users/ljohnst7/data/ljohnst7/ngrams/set_variant_qwen_support/vocab_2gram.txt,355,-22.38620376586914,1.8958118507482677e-10,1.0079370405716648e-08,42448,0.9998921625007415
106848,gloves off,2gram,/users/ljohnst7/data/ljohnst7/ngrams/set_variant_qwen_support/vocab_2gram.txt,8340,-22.41689682006836,1.838507516010944e-10,9.774703244024054e-09,42728,0.9998949388209626
98919,bandana twisted,2gram,/users/ljohnst7/data/ljohnst7/ngrams/set_variant_qwen_support/vocab_2gram.txt,411,-22.41745376586914,1.8374838520593274e-10,9.769260779817888e-09,42734,0.9998949974436832
120333,wallet today,2gram,/users/ljohnst7/data/ljohnst7/ngrams/set_variant_qwen_support/vocab_2gram.txt,21825,-22.445579528808594,1.7865232293862036e-10,9.498320922666113e-09,43051,0.999898052136444
107455,handkerchief can,2gram,/users/ljohnst7/data/ljohnst7/ngrams/set_variant_qwen_support/vocab_2gram.txt,8947,-22.449729919433594,1.7791238259526166e-10,9.458980875309083e-09,43095,0.9998984691040207
113311,napkins from,2gram,/users/ljohnst7/data/ljohnst7/ngrams/set_variant_qwen_support/vocab_2gram.txt,14803,-22.47623634338379,1.7325851275688305e-10,9.211550847363555e-09,43345,0.9999008026616629
120314,wallet still,2gram,/users/ljohnst7/data/ljohnst7/ngrams/set_variant_qwen_support/vocab_2gram.txt,21806,-22.508079528808594,1.6782832587051153e-10,8.922846749547092e-09,43702,0.9999040400126206
98906,bandana round,2gram,/users/ljohnst7/data/ljohnst7/ngrams/set_variant_qwen_support/vocab_2gram.txt,398,-22.51120376586914,1.6730480861685155e-10,8.89501316304778e-09,43735,0.9999043340473772
107410,handkerchief all,2gram,/users/ljohnst7/data/ljohnst7/ngrams/set_variant_qwen_support/vocab_2gram.txt,8902,-22.512229919433594,1.6713321624625768e-10,8.885890195168199e-09,43742,0.9999043962682912
107562,handkerchief near,2gram,/users/ljohnst7/data/ljohnst7/ngrams/set_variant_qwen_support/vocab_2gram.txt,9054,-22.512229919433594,1.6713321624625768e-10,8.885890195168199e-09,43743,0.9999044051541814
101533,candy shop,2gram,/users/ljohnst7/data/ljohnst7/ngrams/set_variant_qwen_support/vocab_2gram.txt,3025,-22.513887405395508,1.6685642473894702e-10,8.871174156093752e-09,43753,0.999904493953742
101628,candy you,2gram,/users/ljohnst7/data/ljohnst7/ngrams/set_variant_qwen_support/vocab_2gram.txt,3120,-22.513887405395508,1.6685642473894702e-10,8.871174156093752e-09,43754,0.9999045028249162
113369,napkins on,2gram,/users/ljohnst7/data/ljohnst7/ngrams/set_variant_qwen_support/vocab_2gram.txt,14861,-22.53873634338379,1.6276131012745114e-10,8.653451194783865e-09,44000,0.9999066562582495
107413,handkerchief already,2gram,/users/ljohnst7/data/ljohnst7/ngrams/set_variant_qwen_support/vocab_2gram.txt,8905,-22.543479919433594,1.6199106777079458e-10,8.612500095064505e-09,44044,0.9999070361823131
120338,wallet tucked,2gram,/users/ljohnst7/data/ljohnst7/ngrams/set_variant_qwen_support/vocab_2gram.txt,21830,-22.570579528808594,1.576601216328753e-10,8.3822387940073e-09,44302,0.9999092271770526
106727,gloves are,2gram,/users/ljohnst7/data/ljohnst7/ngrams/set_variant_qwen_support/vocab_2gram.txt,8219,-22.57314682006836,1.5725588130395375e-10,8.36074674559268e-09,44323,0.9999094030317113
106913,gloves underneath,2gram,/users/ljohnst7/data/ljohnst7/ngrams/set_variant_qwen_support/vocab_2gram.txt,8405,-22.57314682006836,1.5725588130395375e-10,8.36074674559268e-09,44324,0.999909411392458
107487,handkerchief embroidered,2gram,/users/ljohnst7/data/ljohnst7/ngrams/set_variant_qwen_support/vocab_2gram.txt,8979,-22.574729919433594,1.570071265717639e-10,8.34752132406719e-09,44343,0.9999095701045484
107633,handkerchief this,2gram,/users/ljohnst7/data/ljohnst7/ngrams/set_variant_qwen_support/vocab_2gram.txt,9125,-22.574729919433594,1.570071265717639e-10,8.34752132406719e-09,44344,0.9999095784520697
101570,candy that,2gram,/users/ljohnst7/data/ljohnst7/ngrams/set_variant_qwen_support/vocab_2gram.txt,3062,-22.576387405395508,1.5674710501412042e-10,8.333696884727782e-09,44367,0.9999097702853829
98845,bandana across,2gram,/users/ljohnst7/data/ljohnst7/ngrams/set_variant_qwen_support/vocab_2gram.txt,337,-22.60495376586914,1.5233276175434694e-10,8.099001649566794e-09,44669,0.9999122495684116
106842,gloves next,2gram,/users/ljohnst7/data/ljohnst7/ngrams/set_variant_qwen_support/vocab_2gram.txt,8334,-22.63564682006836,1.477282291011796e-10,7.85419470768502e-09,45003,0.9999149117124438
107573,handkerchief only,2gram,/users/ljohnst7/data/ljohnst7/ngrams/set_variant_qwen_support/vocab_2gram.txt,9065,-22.637229919433594,1.4749454565632377e-10,7.84177057394276e-09,45022,0.9999150608090074
106717,gloves all,2gram,/users/ljohnst7/data/ljohnst7/ngrams/set_variant_qwen_support/vocab_2gram.txt,8209,-22.66689682006836,1.4318310931519867e-10,7.612546540736535e-09,45309,0.9999172771190956
98864,bandana covering,2gram,/users/ljohnst7/data/ljohnst7/ngrams/set_variant_qwen_support/vocab_2gram.txt,356,-22.66745376586914,1.4310338628648657e-10,7.608307945350935e-09,45314,0.9999173151678342
98909,bandana silk,2gram,/users/ljohnst7/data/ljohnst7/ngrams/set_variant_qwen_support/vocab_2gram.txt,401,-22.66745376586914,1.4310338628648657e-10,7.608307945350935e-09,45315,0.9999173227761422
120139,wallet around,2gram,/users/ljohnst7/data/ljohnst7/ngrams/set_variant_qwen_support/vocab_2gram.txt,21631,-22.695579528808594,1.3913456900212302e-10,7.397299772435877e-09,45596,0.9999194324109936
120276,wallet over,2gram,/users/ljohnst7/data/ljohnst7/ngrams/set_variant_qwen_support/vocab_2gram.txt,21768,-22.695579528808594,1.3913456900212302e-10,7.397299772435877e-09,45597,0.9999194398082933
107547,handkerchief like,2gram,/users/ljohnst7/data/ljohnst7/ngrams/set_variant_qwen_support/vocab_2gram.txt,9039,-22.699729919433594,1.3855830288328915e-10,7.366661712748157e-09,45653,0.9999198532573585
120312,wallet somewhere,2gram,/users/ljohnst7/data/ljohnst7/ngrams/set_variant_qwen_support/vocab_2gram.txt,21804,-22.758079528808594,1.307048316095173e-10,6.949120035773415e-09,46279,0.999924331065803
106935,gloves without,2gram,/users/ljohnst7/data/ljohnst7/ngrams/set_variant_qwen_support/vocab_2gram.txt,8427,-22.76064682006836,1.303697046060985e-10,6.931302501828352e-09,46306,0.9999245184424239
107403,handkerchief a,2gram,/users/ljohnst7/data/ljohnst7/ngrams/set_variant_qwen_support/vocab_2gram.txt,8895,-22.762229919433594,1.3016347968982794e-10,6.920338242283511e-09,46323,0.9999246361753751
107524,handkerchief held,2gram,/users/ljohnst7/data/ljohnst7/ngrams/set_variant_qwen_support/vocab_2gram.txt,9016,-22.762229919433594,1.3016347968982794e-10,6.920338242283511e-09,46324,0.9999246430957133
107675,handkerchief will,2gram,/users/ljohnst7/data/ljohnst7/ngrams/set_variant_qwen_support/vocab_2gram.txt,9167,-22.762229919433594,1.3016347968982794e-10,6.920338242283511e-09,46325,0.9999246500160515
101512,candy right,2gram,/users/ljohnst7/data/ljohnst7/ngrams/set_variant_qwen_support/vocab_2gram.txt,3004,-22.763887405395508,1.2994791424718687e-10,6.908877379528624e-09,46337,0.9999247329858273
106709,gloves a,2gram,/users/ljohnst7/data/ljohnst7/ngrams/set_variant_qwen_support/vocab_2gram.txt,8201,-22.79189682006836,1.2635865047309434e-10,6.718048742981068e-09,46632,0.9999267421361698
101284,candy but,2gram,/users/ljohnst7/data/ljohnst7/ngrams/set_variant_qwen_support/vocab_2gram.txt,2776,-22.795137405395508,1.259498372392555e-10,6.696313569160976e-09,46671,0.9999270036895715
120149,wallet because,2gram,/users/ljohnst7/data/ljohnst7/ngrams/set_variant_qwen_support/vocab_2gram.txt,21641,-22.820579528808594,1.227858261868162e-10,6.5280941366643935e-09,46939,0.9999287762583555
120261,wallet next,2gram,/users/ljohnst7/data/ljohnst7/ngrams/set_variant_qwen_support/vocab_2gram.txt,21753,-22.820579528808594,1.227858261868162e-10,6.5280941366643935e-09,46940,0.9999287827864497
107415,handkerchief always,2gram,/users/ljohnst7/data/ljohnst7/ngrams/set_variant_qwen_support/vocab_2gram.txt,8907,-22.824729919433594,1.222772731218809e-10,6.501056143888778e-09,46983,0.9999290628009047
101554,candy stores,2gram,/users/ljohnst7/data/ljohnst7/ngrams/set_variant_qwen_support/vocab_2gram.txt,3046,-22.826387405395508,1.2207476812917272e-10,6.490289659705725e-09,46994,0.9999291342572755
107632,handkerchief they,2gram,/users/ljohnst7/data/ljohnst7/ngrams/set_variant_qwen_support/vocab_2gram.txt,9124,-22.855979919433594,1.1851519693086795e-10,6.301039673853629e-09,47310,0.9999311565498195
101279,candy box,2gram,/users/ljohnst7/data/ljohnst7/ngrams/set_variant_qwen_support/vocab_2gram.txt,2771,-22.857637405395508,1.183189223617878e-10,6.29060443956495e-09,47325,0.9999312509943185
120265,wallet of,2gram,/users/ljohnst7/data/ljohnst7/ngrams/set_variant_qwen_support/vocab_2gram.txt,21757,-22.883079528808594,1.1534660904824012e-10,6.132576907258591e-09,47594,0.9999329222251818
101245,candy apples,2gram,/users/ljohnst7/data/ljohnst7/ngrams/set_variant_qwen_support/vocab_2gram.txt,2737,-22.888887405395508,1.1467863182047103e-10,6.097062887770787e-09,47652,0.9999332770003344
113393,napkins right,2gram,/users/ljohnst7/data/ljohnst7/ngrams/set_variant_qwen_support/vocab_2gram.txt,14885,-22.91373634338379,1.1186410345256968e-10,5.9474242307158795e-09,47933,0.9999349689410506
106817,gloves it,2gram,/users/ljohnst7/data/ljohnst7/ngrams/set_variant_qwen_support/vocab_2gram.txt,8309,-22.91689682006836,1.115111176572753e-10,5.928657207093128e-09,47972,0.9999352005349212
98908,bandana she,2gram,/users/ljohnst7/data/ljohnst7/ngrams/set_variant_qwen_support/vocab_2gram.txt,400,-22.91745376586914,1.1144902930008548e-10,5.925356185687699e-09,47980,0.9999352479429701
120130,wallet already,2gram,/users/ljohnst7/data/ljohnst7/ngrams/set_variant_qwen_support/vocab_2gram.txt,21622,-22.945579528808594,1.0835811129115583e-10,5.7610228553869866e-09,48341,0.99993735720867
120239,wallet it,2gram,/users/ljohnst7/data/ljohnst7/ngrams/set_variant_qwen_support/vocab_2gram.txt,21731,-22.945579528808594,1.0835811129115583e-10,5.7610228553869866e-09,48342,0.9999373629696929
120272,wallet open,2gram,/users/ljohnst7/data/ljohnst7/ngrams/set_variant_qwen_support/vocab_2gram.txt,21764,-22.945579528808594,1.0835811129115583e-10,5.7610228553869866e-09,48343,0.9999373687307158
98902,bandana pocket,2gram,/users/ljohnst7/data/ljohnst7/ngrams/set_variant_qwen_support/vocab_2gram.txt,394,-22.94870376586914,1.0802010314777069e-10,5.743052141278501e-09,48371,0.9999375297863393
98914,bandana the,2gram,/users/ljohnst7/data/ljohnst7/ngrams/set_variant_qwen_support/vocab_2gram.txt,406,-22.94870376586914,1.0802010314777069e-10,5.743052141278501e-09,48372,0.9999375355293915
101541,candy so,2gram,/users/ljohnst7/data/ljohnst7/ngrams/set_variant_qwen_support/vocab_2gram.txt,3033,-22.951387405395508,1.077306047577276e-10,5.727660521567129e-09,48403,0.9999377133872367
107668,handkerchief wet,2gram,/users/ljohnst7/data/ljohnst7/ngrams/set_variant_qwen_support/vocab_2gram.txt,9160,-22.980979919433594,1.0458929420069432e-10,5.560647995238477e-09,48745,0.999939642561273
106764,gloves covered,2gram,/users/ljohnst7/data/ljohnst7/ngrams/set_variant_qwen_support/vocab_2gram.txt,8256,-23.01064682006836,1.0153202803601723e-10,5.398103816128708e-09,49058,0.9999413576700453
106777,gloves even,2gram,/users/ljohnst7/data/ljohnst7/ngrams/set_variant_qwen_support/vocab_2gram.txt,8269,-23.01064682006836,1.0153202803601723e-10,5.398103816128708e-09,49059,0.9999413630681492
98891,bandana loosely,2gram,/users/ljohnst7/data/ljohnst7/ngrams/set_variant_qwen_support/vocab_2gram.txt,383,-23.01120376586914,1.0147549594347484e-10,5.395098201935928e-09,49065,0.9999413954453354
107443,handkerchief beside,2gram,/users/ljohnst7/data/ljohnst7/ngrams/set_variant_qwen_support/vocab_2gram.txt,8935,-23.012229919433594,1.0137141990973689e-10,5.389564842209388e-09,49076,0.9999414547625404
107496,handkerchief filled,2gram,/users/ljohnst7/data/ljohnst7/ngrams/set_variant_qwen_support/vocab_2gram.txt,8988,-23.012229919433594,1.0137141990973689e-10,5.389564842209388e-09,49077,0.9999414601521052
106923,gloves we,2gram,/users/ljohnst7/data/ljohnst7/ngrams/set_variant_qwen_support/vocab_2gram.txt,8415,-23.04189682006836,9.840821593629182e-11,5.232021621745523e-09,49411,0.9999432332291751
107643,handkerchief together,2gram,/users/ljohnst7/data/ljohnst7/ngrams/set_variant_qwen_support/vocab_2gram.txt,9135,-23.043479919433594,9.825254920257395e-11,5.223745364434591e-09,49427,0.9999433168778763
107681,handkerchief worn,2gram,/users/ljohnst7/data/ljohnst7/ngrams/set_variant_qwen_support/vocab_2gram.txt,9173,-23.074729919433594,9.52296360591569e-11,5.063027615651749e-09,49800,0.9999452346158606
98847,bandana against,2gram,/users/ljohnst7/data/ljohnst7/ngrams/set_variant_qwen_support/vocab_2gram.txt,339,-23.10495376586914,9.239449048271147e-11,4.912292813525454e-09,50140,0.9999469293041148
98855,bandana before,2gram,/users/ljohnst7/data/ljohnst7/ngrams/set_variant_qwen_support/vocab_2gram.txt,347,-23.10495376586914,9.239449048271147e-11,4.912292813525454e-09,50141,0.9999469342164076
107542,handkerchief knotted,2gram,/users/ljohnst7/data/ljohnst7/ngrams/set_variant_qwen_support/vocab_2gram.txt,9034,-23.106882095336914,9.221649513604542e-11,4.902829421739856e-09,50166,0.9999470568957527
120269,wallet one,2gram,/users/ljohnst7/data/ljohnst7/ngrams/set_variant_qwen_support/vocab_2gram.txt,21761,-23.133079528808594,8.983202945140059e-11,4.776055697618605e-09,50447,0.9999484174235345
120304,wallet sitting,2gram,/users/ljohnst7/data/ljohnst7/ngrams/set_variant_qwen_support/vocab_2gram.txt,21796,-23.133079528808594,8.983202945140059e-11,4.776055697618605e-09,50448,0.9999484221995901
107582,handkerchief pinned,2gram,/users/ljohnst7/data/ljohnst7/ngrams/set_variant_qwen_support/vocab_2gram.txt,9074,-23.137229919433594,8.945996408094519e-11,4.7562742795286185e-09,50499,0.9999486653098554
101574,candy thermometer,2gram,/users/ljohnst7/data/ljohnst7/ngrams/set_variant_qwen_support/vocab_2gram.txt,3066,-23.138887405395508,8.931180826334016e-11,4.7483973514314905e-09,50516,0.9999487460821127
106899,gloves they,2gram,/users/ljohnst7/data/ljohnst7/ngrams/set_variant_qwen_support/vocab_2gram.txt,8391,-23.16689682006836,8.684494575265356e-11,4.6172428754460565e-09,50844,0.9999502826897865
106937,gloves worn,2gram,/users/ljohnst7/data/ljohnst7/ngrams/set_variant_qwen_support/vocab_2gram.txt,8429,-23.16689682006836,8.684494575265356e-11,4.6172428754460565e-09,50845,0.9999502873070294
107478,handkerchief draped,2gram,/users/ljohnst7/data/ljohnst7/ngrams/set_variant_qwen_support/vocab_2gram.txt,8970,-23.168479919433594,8.670757034231207e-11,4.6099391040041655e-09,50857,0.9999503426581599
98904,bandana pulled,2gram,/users/ljohnst7/data/ljohnst7/ngrams/set_variant_qwen_support/vocab_2gram.txt,396,-23.19870376586914,8.412614091893775e-11,4.472693504847606e-09,51183,0.9999518224104564
107449,handkerchief brought,2gram,/users/ljohnst7/data/ljohnst7/ngrams/set_variant_qwen_support/vocab_2gram.txt,8941,-23.199729919433594,8.403985885646426e-11,4.468106188512938e-09,51195,0.9999518760475335
101256,candy back,2gram,/users/ljohnst7/data/ljohnst7/ngrams/set_variant_qwen_support/vocab_2gram.txt,2748,-23.201387405395508,8.390067934607429e-11,4.460706499363652e-09,51208,0.9999519340878575
101301,candy cigarettes,2gram,/users/ljohnst7/data/ljohnst7/ngrams/set_variant_qwen_support/vocab_2gram.txt,2793,-23.232637405395508,8.131932681735816e-11,4.3234649884278824e-09,51532,0.9999533569084014
101411,candy jar,2gram,/users/ljohnst7/data/ljohnst7/ngrams/set_variant_qwen_support/vocab_2gram.txt,2903,-23.232637405395508,8.131932681735816e-11,4.3234649884278824e-09,51533,0.9999533612318664
101476,candy one,2gram,/users/ljohnst7/data/ljohnst7/ngrams/set_variant_qwen_support/vocab_2gram.txt,2968,-23.232637405395508,8.131932681735816e-11,4.3234649884278824e-09,51534,0.9999533655553314
120122,wallet a,2gram,/users/ljohnst7/data/ljohnst7/ngrams/set_variant_qwen_support/vocab_2gram.txt,21614,-23.258079528808594,7.927648774374918e-11,4.214854359719927e-09,51817,0.9999545734464553
120164,wallet by,2gram,/users/ljohnst7/data/ljohnst7/ngrams/set_variant_qwen_support/vocab_2gram.txt,21656,-23.258079528808594,7.927648774374918e-11,4.214854359719927e-09,51818,0.9999545776613097
120251,wallet lying,2gram,/users/ljohnst7/data/ljohnst7/ngrams/set_variant_qwen_support/vocab_2gram.txt,21743,-23.258079528808594,7.927648774374918e-11,4.214854359719927e-09,51819,0.999954581876164
106765,gloves covering,2gram,/users/ljohnst7/data/ljohnst7/ngrams/set_variant_qwen_support/vocab_2gram.txt,8257,-23.26064682006836,7.907322294127805e-11,4.204047479101776e-09,51853,0.999954725025347
106905,gloves together,2gram,/users/ljohnst7/data/ljohnst7/ngrams/set_variant_qwen_support/vocab_2gram.txt,8397,-23.26064682006836,7.907322294127805e-11,4.204047479101776e-09,51854,0.9999547292293944
107673,handkerchief while,2gram,/users/ljohnst7/data/ljohnst7/ngrams/set_variant_qwen_support/vocab_2gram.txt,9165,-23.262229919433594,7.894814120676328e-11,4.197397319526784e-09,51873,0.9999548090351067
107680,handkerchief without,2gram,/users/ljohnst7/data/ljohnst7/ngrams/set_variant_qwen_support/vocab_2gram.txt,9172,-23.262229919433594,7.894814120676328e-11,4.197397319526784e-09,51874,0.999954813232504
101585,candy too,2gram,/users/ljohnst7/data/ljohnst7/ngrams/set_variant_qwen_support/vocab_2gram.txt,3077,-23.263887405395508,7.881739415662696e-11,4.190445954879186e-09,51888,0.9999548719500182
113247,napkins at,2gram,/users/ljohnst7/data/ljohnst7/ngrams/set_variant_qwen_support/vocab_2gram.txt,14739,-23.28873634338379,7.688299898451531e-11,4.087600910192669e-09,52179,0.9999560764361807
101594,candy under,2gram,/users/ljohnst7/data/ljohnst7/ngrams/set_variant_qwen_support/vocab_2gram.txt,3086,-23.295137405395508,7.639243787142445e-11,4.061519486745866e-09,52253,0.9999563780225108
120352,wallet when,2gram,/users/ljohnst7/data/ljohnst7/ngrams/set_variant_qwen_support/vocab_2gram.txt,21844,-23.320579528808594,7.447336816045039e-11,3.9594892433772286e-09,52532,0.9999574973185041
98927,bandana who,2gram,/users/ljohnst7/data/ljohnst7/ngrams/set_variant_qwen_support/vocab_2gram.txt,419,-23.32370376586914,7.424105878735774e-11,3.94713816423825e-09,52569,0.9999576435764368
107404,handkerchief about,2gram,/users/ljohnst7/data/ljohnst7/ngrams/set_variant_qwen_support/vocab_2gram.txt,8896,-23.324729919433594,7.416491513447628e-11,3.94308987178173e-09,52582,0.9999576948586852
98886,bandana kerchief,2gram,/users/ljohnst7/data/ljohnst7/ngrams/set_variant_qwen_support/vocab_2gram.txt,378,-23.32525634765625,7.412588290475366e-11,3.941014664260581e-09,52587,0.9999577145692545
106854,gloves only,2gram,/users/ljohnst7/data/ljohnst7/ngrams/set_variant_qwen_support/vocab_2gram.txt,8346,-23.35439682006836,7.199698879574708e-11,3.8278287894557795e-09,52891,0.9999588952364104
107407,handkerchief after,2gram,/users/ljohnst7/data/ljohnst7/ngrams/set_variant_qwen_support/vocab_2gram.txt,8899,-23.355979919433594,7.1883100580452e-11,3.821773750257918e-09,52902,0.9999589373056325
107605,handkerchief she,2gram,/users/ljohnst7/data/ljohnst7/ngrams/set_variant_qwen_support/vocab_2gram.txt,9097,-23.355979919433594,7.1883100580452e-11,3.821773750257918e-09,52903,0.9999589411274062
107670,handkerchief whenever,2gram,/users/ljohnst7/data/ljohnst7/ngrams/set_variant_qwen_support/vocab_2gram.txt,9162,-23.355979919433594,7.1883100580452e-11,3.821773750257918e-09,52904,0.99995894494918
101405,candy instead,2gram,/users/ljohnst7/data/ljohnst7/ngrams/set_variant_qwen_support/vocab_2gram.txt,2897,-23.357637405395508,7.1764054036583e-11,3.815444460720549e-09,52919,0.9999590022274322
98894,bandana neckerchief,2gram,/users/ljohnst7/data/ljohnst7/ngrams/set_variant_qwen_support/vocab_2gram.txt,386,-23.36137580871582,7.149627190935957e-11,3.801207418963213e-09,52952,0.9999591278720731
120355,wallet while,2gram,/users/ljohnst7/data/ljohnst7/ngrams/set_variant_qwen_support/vocab_2gram.txt,21847,-23.383079528808594,6.996125488164429e-11,3.7195959172980144e-09,53182,0.999959993376761
106785,gloves folded,2gram,/users/ljohnst7/data/ljohnst7/ngrams/set_variant_qwen_support/vocab_2gram.txt,8277,-23.38564682006836,6.978187432305905e-11,3.710058878625894e-09,53226,0.9999601568187589
106927,gloves when,2gram,/users/ljohnst7/data/ljohnst7/ngrams/set_variant_qwen_support/vocab_2gram.txt,8419,-23.38564682006836,6.978187432305905e-11,3.710058878625894e-09,53227,0.9999601605288179
101417,candy just,2gram,/users/ljohnst7/data/ljohnst7/ngrams/set_variant_qwen_support/vocab_2gram.txt,2909,-23.420137405395508,6.741608980241822e-11,3.5842783668402022e-09,53616,0.9999615785965488
106722,gloves among,2gram,/users/ljohnst7/data/ljohnst7/ngrams/set_variant_qwen_support/vocab_2gram.txt,8214,-23.44814682006836,6.555400428668995e-11,3.485277774388281e-09,53882,0.9999625183162848
106746,gloves between,2gram,/users/ljohnst7/data/ljohnst7/ngrams/set_variant_qwen_support/vocab_2gram.txt,8238,-23.44814682006836,6.555400428668995e-11,3.485277774388281e-09,53883,0.9999625218015625
106763,gloves could,2gram,/users/ljohnst7/data/ljohnst7/ngrams/set_variant_qwen_support/vocab_2gram.txt,8255,-23.44814682006836,6.555400428668995e-11,3.485277774388281e-09,53884,0.9999625252868403
107684,handkerchief wound,2gram,/users/ljohnst7/data/ljohnst7/ngrams/set_variant_qwen_support/vocab_2gram.txt,9176,-23.449729919433594,6.54503078866247e-11,3.479764598460066e-09,53903,0.9999625914486453
101556,candy stripe,2gram,/users/ljohnst7/data/ljohnst7/ngrams/set_variant_qwen_support/vocab_2gram.txt,3048,-23.451387405395508,6.534191477494549e-11,3.4740017147561175e-09,53923,0.9999626609947382
101565,candy supply,2gram,/users/ljohnst7/data/ljohnst7/ngrams/set_variant_qwen_support/vocab_2gram.txt,3057,-23.451387405395508,6.534191477494549e-11,3.4740017147561175e-09,53924,0.9999626644687399
106732,gloves attached,2gram,/users/ljohnst7/data/ljohnst7/ngrams/set_variant_qwen_support/vocab_2gram.txt,8224,-23.47939682006836,6.353711960766463e-11,3.378047050318867e-09,54243,0.999963757273091
106911,gloves two,2gram,/users/ljohnst7/data/ljohnst7/ngrams/set_variant_qwen_support/vocab_2gram.txt,8403,-23.47939682006836,6.353711960766463e-11,3.378047050318867e-09,54244,0.999963760651138
106931,gloves while,2gram,/users/ljohnst7/data/ljohnst7/ngrams/set_variant_qwen_support/vocab_2gram.txt,8423,-23.47939682006836,6.353711960766463e-11,3.378047050318867e-09,54245,0.9999637640291851
107467,handkerchief covered,2gram,/users/ljohnst7/data/ljohnst7/ngrams/set_variant_qwen_support/vocab_2gram.txt,8959,-23.480979919433594,6.343661361042582e-11,3.372703496981726e-09,54261,0.9999638180322299
107679,handkerchief within,2gram,/users/ljohnst7/data/ljohnst7/ngrams/set_variant_qwen_support/vocab_2gram.txt,9171,-23.480979919433594,6.343661361042582e-11,3.372703496981726e-09,54262,0.9999638214049333
101249,candy as,2gram,/users/ljohnst7/data/ljohnst7/ngrams/set_variant_qwen_support/vocab_2gram.txt,2741,-23.482637405395508,6.333155540419803e-11,3.3671179185694375e-09,54279,0.9999638786870674
120359,wallet within,2gram,/users/ljohnst7/data/ljohnst7/ngrams/set_variant_qwen_support/vocab_2gram.txt,21851,-23.508079528808594,6.174059073398249e-11,3.2825318758818047e-09,54557,0.9999648034255794
106745,gloves beside,2gram,/users/ljohnst7/data/ljohnst7/ngrams/set_variant_qwen_support/vocab_2gram.txt,8237,-23.51064682006836,6.158228794664712e-11,3.2741154687938294e-09,54590,0.9999649116002687
106884,gloves since,2gram,/users/ljohnst7/data/ljohnst7/ngrams/set_variant_qwen_support/vocab_2gram.txt,8376,-23.51064682006836,6.158228794664712e-11,3.2741154687938294e-09,54591,0.9999649148743841
106916,gloves up,2gram,/users/ljohnst7/data/ljohnst7/ngrams/set_variant_qwen_support/vocab_2gram.txt,8408,-23.51064682006836,6.158228794664712e-11,3.2741154687938294e-09,54592,0.9999649181484995
98877,bandana he,2gram,/users/ljohnst7/data/ljohnst7/ngrams/set_variant_qwen_support/vocab_2gram.txt,369,-23.51120376586914,6.154799949926245e-11,3.2722924716346405e-09,54596,0.9999649312413401
98884,bandana into,2gram,/users/ljohnst7/data/ljohnst7/ngrams/set_variant_qwen_support/vocab_2gram.txt,376,-23.51120376586914,6.154799949926245e-11,3.2722924716346405e-09,54597,0.9999649345136326
98903,bandana print,2gram,/users/ljohnst7/data/ljohnst7/ngrams/set_variant_qwen_support/vocab_2gram.txt,395,-23.51120376586914,6.154799949926245e-11,3.2722924716346405e-09,54598,0.999964937785925
107526,handkerchief her,2gram,/users/ljohnst7/data/ljohnst7/ngrams/set_variant_qwen_support/vocab_2gram.txt,9018,-23.512229919433594,6.14848741938591e-11,3.268936319309275e-09,54611,0.9999649803030414
101550,candy sticks,2gram,/users/ljohnst7/data/ljohnst7/ngrams/set_variant_qwen_support/vocab_2gram.txt,3042,-23.513887405395508,6.138304828882865e-11,3.263522591078311e-09,54633,0.9999650521601177
120260,wallet near,2gram,/users/ljohnst7/data/ljohnst7/ngrams/set_variant_qwen_support/vocab_2gram.txt,21752,-23.539329528808594,5.984103245557804e-11,3.1815389873326225e-09,54884,0.9999658614662597
106816,gloves is,2gram,/users/ljohnst7/data/ljohnst7/ngrams/set_variant_qwen_support/vocab_2gram.txt,8308,-23.54189682006836,5.968760013298238e-11,3.1733815258680745e-09,54922,0.9999659822096153
106894,gloves the,2gram,/users/ljohnst7/data/ljohnst7/ngrams/set_variant_qwen_support/vocab_2gram.txt,8386,-23.54189682006836,5.968760013298238e-11,3.1733815258680745e-09,54923,0.9999659853829969
98911,bandana soaked,2gram,/users/ljohnst7/data/ljohnst7/ngrams/set_variant_qwen_support/vocab_2gram.txt,403,-23.54245376586914,5.965436663021855e-11,3.1716146164350326e-09,54926,0.9999659948991112
98932,bandana wound,2gram,/users/ljohnst7/data/ljohnst7/ngrams/set_variant_qwen_support/vocab_2gram.txt,424,-23.54245376586914,5.965436663021855e-11,3.1716146164350326e-09,54927,0.9999659980707258
107416,handkerchief among,2gram,/users/ljohnst7/data/ljohnst7/ngrams/set_variant_qwen_support/vocab_2gram.txt,8908,-23.543479919433594,5.959318348628516e-11,3.168361722061324e-09,54943,0.9999660487884516
107652,handkerchief turned,2gram,/users/ljohnst7/data/ljohnst7/ngrams/set_variant_qwen_support/vocab_2gram.txt,9144,-23.543479919433594,5.959318348628516e-11,3.168361722061324e-09,54944,0.9999660519568133
106900,gloves this,2gram,/users/ljohnst7/data/ljohnst7/ngrams/set_variant_qwen_support/vocab_2gram.txt,8392,-23.57314682006836,5.7851205735021173e-11,3.07574684054459e-09,55242,0.9999669821359517
98876,bandana has,2gram,/users/ljohnst7/data/ljohnst7/ngrams/set_variant_qwen_support/vocab_2gram.txt,368,-23.57370376586914,5.781899471964442e-11,3.0740342931997764e-09,55249,0.9999670036572526
101431,candy left,2gram,/users/ljohnst7/data/ljohnst7/ngrams/set_variant_qwen_support/vocab_2gram.txt,2923,-23.576387405395508,5.766403739783601e-11,3.0657957528458464e-09,55285,0.9999671141941161
120151,wallet behind,2gram,/users/ljohnst7/data/ljohnst7/ngrams/set_variant_qwen_support/vocab_2gram.txt,21643,-23.601829528808594,5.621544758101519e-11,2.988779284550623e-09,55559,0.9999679432072005
106782,gloves first,2gram,/users/ljohnst7/data/ljohnst7/ngrams/set_variant_qwen_support/vocab_2gram.txt,8274,-23.60439682006836,5.6071311252910996e-11,2.981116058691429e-09,55584,0.9999680178253703
98858,bandana bound,2gram,/users/ljohnst7/data/ljohnst7/ngrams/set_variant_qwen_support/vocab_2gram.txt,350,-23.60495376586914,5.604009126629162e-11,2.9794562008892216e-09,55588,0.9999680297454515
107537,handkerchief is,2gram,/users/ljohnst7/data/ljohnst7/ngrams/set_variant_qwen_support/vocab_2gram.txt,9029,-23.605979919433594,5.5982615021656584e-11,2.976400389422607e-09,55598,0.9999680595214441
107629,handkerchief the,2gram,/users/ljohnst7/data/ljohnst7/ngrams/set_variant_qwen_support/vocab_2gram.txt,9121,-23.605979919433594,5.5982615021656584e-11,2.976400389422607e-09,55599,0.9999680624978444
101549,candy stick,2gram,/users/ljohnst7/data/ljohnst7/ngrams/set_variant_qwen_support/vocab_2gram.txt,3041,-23.607637405395508,5.588990148006946e-11,2.971471133774618e-09,55618,0.9999681190073176
101582,candy today,2gram,/users/ljohnst7/data/ljohnst7/ngrams/set_variant_qwen_support/vocab_2gram.txt,3074,-23.607637405395508,5.588990148006946e-11,2.971471133774618e-09,55619,0.9999681219787888
98846,bandana again,2gram,/users/ljohnst7/data/ljohnst7/ngrams/set_variant_qwen_support/vocab_2gram.txt,338,-23.63620376586914,5.431591891837734e-11,2.8877879705684603e-09,55926,0.9999690213128858
107437,handkerchief before,2gram,/users/ljohnst7/data/ljohnst7/ngrams/set_variant_qwen_support/vocab_2gram.txt,8929,-23.637229919433594,5.4260211031884175e-11,2.8848261765367236e-09,55939,0.9999690588321879
107468,handkerchief covering,2gram,/users/ljohnst7/data/ljohnst7/ngrams/set_variant_qwen_support/vocab_2gram.txt,8960,-23.637229919433594,5.4260211031884175e-11,2.8848261765367236e-09,55940,0.999969061717014
107623,handkerchief stuck,2gram,/users/ljohnst7/data/ljohnst7/ngrams/set_variant_qwen_support/vocab_2gram.txt,9115,-23.637229919433594,5.4260211031884175e-11,2.8848261765367236e-09,55941,0.9999690646018402
113329,napkins inside,2gram,/users/ljohnst7/data/ljohnst7/ngrams/set_variant_qwen_support/vocab_2gram.txt,14821,-23.66373634338379,5.2840860923354577e-11,2.809364281551641e-09,56225,0.9999698729470534
120158,wallet between,2gram,/users/ljohnst7/data/ljohnst7/ngrams/set_variant_qwen_support/vocab_2gram.txt,21650,-23.664329528808594,5.2809525789511874e-11,2.8076983017731696e-09,56234,0.9999698982256905
106845,gloves not,2gram,/users/ljohnst7/data/ljohnst7/ngrams/set_variant_qwen_support/vocab_2gram.txt,8337,-23.66689682006836,5.267412224006483e-11,2.800499367297753e-09,56260,0.9999699711250276
98852,bandana away,2gram,/users/ljohnst7/data/ljohnst7/ngrams/set_variant_qwen_support/vocab_2gram.txt,344,-23.66745376586914,5.264479377681372e-11,2.798940075195946e-09,56266,0.999969987922566
101367,candy floss,2gram,/users/ljohnst7/data/ljohnst7/ngrams/set_variant_qwen_support/vocab_2gram.txt,2859,-23.670642852783203,5.2477172375558156e-11,2.790028229906482e-09,56299,0.9999700801447504
120150,wallet before,2gram,/users/ljohnst7/data/ljohnst7/ngrams/set_variant_qwen_support/vocab_2gram.txt,21642,-23.695579528808594,5.11847474921305e-11,2.721314506461348e-09,56579,0.9999708520033923
106715,gloves again,2gram,/users/ljohnst7/data/ljohnst7/ngrams/set_variant_qwen_support/vocab_2gram.txt,8207,-23.69814682006836,5.105350987194036e-11,2.7143370599149564e-09,56606,0.9999709253739149
106826,gloves lined,2gram,/users/ljohnst7/data/ljohnst7/ngrams/set_variant_qwen_support/vocab_2gram.txt,8318,-23.69814682006836,5.105350987194036e-11,2.7143370599149564e-09,56607,0.9999709280882519
101573,candy there,2gram,/users/ljohnst7/data/ljohnst7/ngrams/set_variant_qwen_support/vocab_2gram.txt,3065,-23.701387405395508,5.088833439411255e-11,2.7055552558434674e-09,56635,0.9999710039415597
120167,wallet card,2gram,/users/ljohnst7/data/ljohnst7/ngrams/set_variant_qwen_support/vocab_2gram.txt,21659,-23.726829528808594,4.9609958367652584e-11,2.637588461124928e-09,56929,0.9999717897453015
120194,wallet even,2gram,/users/ljohnst7/data/ljohnst7/ngrams/set_variant_qwen_support/vocab_2gram.txt,21686,-23.726829528808594,4.9609958367652584e-11,2.637588461124928e-09,56930,0.99997179238289
120216,wallet hanging,2gram,/users/ljohnst7/data/ljohnst7/ngrams/set_variant_qwen_support/vocab_2gram.txt,21708,-23.726829528808594,4.9609958367652584e-11,2.637588461124928e-09,56931,0.9999717950204785
107408,handkerchief again,2gram,/users/ljohnst7/data/ljohnst7/ngrams/set_variant_qwen_support/vocab_2gram.txt,8900,-23.730979919433594,4.9404484355197774e-11,2.626664124517034e-09,56969,0.9999718950721738
107432,handkerchief be,2gram,/users/ljohnst7/data/ljohnst7/ngrams/set_variant_qwen_support/vocab_2gram.txt,8924,-23.730979919433594,4.9404484355197774e-11,2.626664124517034e-09,56970,0.9999718976988379
120328,wallet this,2gram,/users/ljohnst7/data/ljohnst7/ngrams/set_variant_qwen_support/vocab_2gram.txt,21820,-23.758079528808594,4.808362041091669e-11,2.556438395393597e-09,57266,0.9999726646157439
107414,handkerchief also,2gram,/users/ljohnst7/data/ljohnst7/ngrams/set_variant_qwen_support/vocab_2gram.txt,8906,-23.762229919433594,4.788446816922428e-11,2.545850165288619e-09,57325,0.9999728151582215
107617,handkerchief spread,2gram,/users/ljohnst7/data/ljohnst7/ngrams/set_variant_qwen_support/vocab_2gram.txt,9109,-23.762229919433594,4.788446816922428e-11,2.545850165288619e-09,57326,0.9999728177040716
101247,candy around,2gram,/users/ljohnst7/data/ljohnst7/ngrams/set_variant_qwen_support/vocab_2gram.txt,2739,-23.763887405395508,4.780516607464961e-11,2.5416339495030084e-09,57348,0.9999728736674611
113429,napkins there,2gram,/users/ljohnst7/data/ljohnst7/ngrams/set_variant_qwen_support/vocab_2gram.txt,14921,-23.78873634338379,4.6631896094763795e-11,2.4792552767011206e-09,57622,0.9999735612214335
101404,candy inside,2gram,/users/ljohnst7/data/ljohnst7/ngrams/set_variant_qwen_support/vocab_2gram.txt,2896,-23.795137405395508,4.633435573921143e-11,2.4634360937316864e-09,57696,0.9999737441531091
101470,candy of,2gram,/users/ljohnst7/data/ljohnst7/ngrams/set_variant_qwen_support/vocab_2gram.txt,2962,-23.795137405395508,4.633435573921143e-11,2.4634360937316864e-09,57697,0.9999737466165453
107674,handkerchief whose,2gram,/users/ljohnst7/data/ljohnst7/ngrams/set_variant_qwen_support/vocab_2gram.txt,9166,-23.824729919433594,4.498329490404537e-11,2.3916049012379757e-09,57999,0.9999744802297623
101312,candy company,2gram,/users/ljohnst7/data/ljohnst7/ngrams/set_variant_qwen_support/vocab_2gram.txt,2804,-23.826387405395508,4.4908797480493456e-11,2.3876441330533327e-09,58017,0.9999745232393972
101469,candy now,2gram,/users/ljohnst7/data/ljohnst7/ngrams/set_variant_qwen_support/vocab_2gram.txt,2961,-23.826387405395508,4.4908797480493456e-11,2.3876441330533327e-09,58018,0.9999745256270413
106720,gloves also,2gram,/users/ljohnst7/data/ljohnst7/ngrams/set_variant_qwen_support/vocab_2gram.txt,8212,-23.85439682006836,4.3668381111607556e-11,2.3216955209356255e-09,58325,0.999975248381807
107427,handkerchief away,2gram,/users/ljohnst7/data/ljohnst7/ngrams/set_variant_qwen_support/vocab_2gram.txt,8919,-23.855979919433594,4.359930441725114e-11,2.3180229540163605e-09,58351,0.9999753086934694
120176,wallet containing,2gram,/users/ljohnst7/data/ljohnst7/ngrams/set_variant_qwen_support/vocab_2gram.txt,21668,-23.883079528808594,4.243364607768741e-11,2.2560489655831823e-09,58635,0.999975958477446
106716,gloves against,2gram,/users/ljohnst7/data/ljohnst7/ngrams/set_variant_qwen_support/vocab_2gram.txt,8208,-23.88564682006836,4.232484626914908e-11,2.2502644592256767e-09,58674,0.9999760463536388
106933,gloves will,2gram,/users/ljohnst7/data/ljohnst7/ngrams/set_variant_qwen_support/vocab_2gram.txt,8425,-23.88564682006836,4.232484626914908e-11,2.2502644592256767e-09,58675,0.9999760486039032
107521,handkerchief he,2gram,/users/ljohnst7/data/ljohnst7/ngrams/set_variant_qwen_support/vocab_2gram.txt,9013,-23.887229919433594,4.225789484125108e-11,2.246704885311687e-09,58695,0.9999760935712211
107583,handkerchief placed,2gram,/users/ljohnst7/data/ljohnst7/ngrams/set_variant_qwen_support/vocab_2gram.txt,9075,-23.887229919433594,4.225789484125108e-11,2.246704885311687e-09,58696,0.999976095817926
107530,handkerchief hung,2gram,/users/ljohnst7/data/ljohnst7/ngrams/set_variant_qwen_support/vocab_2gram.txt,9022,-23.918479919433594,4.0957756099146996e-11,2.1775810429044503e-09,59030,0.9999768344300242
107543,handkerchief laid,2gram,/users/ljohnst7/data/ljohnst7/ngrams/set_variant_qwen_support/vocab_2gram.txt,9035,-23.918479919433594,4.0957756099146996e-11,2.1775810429044503e-09,59031,0.9999768366076052
107630,handkerchief then,2gram,/users/ljohnst7/data/ljohnst7/ngrams/set_variant_qwen_support/vocab_2gram.txt,9122,-23.918479919433594,4.0957756099146996e-11,2.1775810429044503e-09,59032,0.9999768387851862
101258,candy bags,2gram,/users/ljohnst7/data/ljohnst7/ngrams/set_variant_qwen_support/vocab_2gram.txt,2750,-23.920137405395508,4.088992542310686e-11,2.173974722433308e-09,59054,0.9999768866571226
120188,wallet down,2gram,/users/ljohnst7/data/ljohnst7/ngrams/set_variant_qwen_support/vocab_2gram.txt,21680,-23.945579528808594,3.986272142818336e-11,2.1193618686156713e-09,59322,0.9999774623300158
106809,gloves i,2gram,/users/ljohnst7/data/ljohnst7/ngrams/set_variant_qwen_support/vocab_2gram.txt,8301,-23.94814682006836,3.976051346681085e-11,2.1139278277815024e-09,59356,0.9999775342902404
107409,handkerchief against,2gram,/users/ljohnst7/data/ljohnst7/ngrams/set_variant_qwen_support/vocab_2gram.txt,8901,-23.949729919433594,3.9697618420869454e-11,2.1105839175486503e-09,59374,0.9999775723052295
107450,handkerchief bundle,2gram,/users/ljohnst7/data/ljohnst7/ngrams/set_variant_qwen_support/vocab_2gram.txt,8942,-23.949729919433594,3.9697618420869454e-11,2.1105839175486503e-09,59375,0.9999775744158135
107459,handkerchief case,2gram,/users/ljohnst7/data/ljohnst7/ngrams/set_variant_qwen_support/vocab_2gram.txt,8951,-23.949729919433594,3.9697618420869454e-11,2.1105839175486503e-09,59376,0.9999775765263974
120317,wallet stuffed,2gram,/users/ljohnst7/data/ljohnst7/ngrams/set_variant_qwen_support/vocab_2gram.txt,21809,-23.976829528808594,3.863627442486763e-11,2.0541559589441954e-09,59669,0.999978186695105
106718,gloves alone,2gram,/users/ljohnst7/data/ljohnst7/ngrams/set_variant_qwen_support/vocab_2gram.txt,8210,-23.97939682006836,3.853721107187732e-11,2.048889105970218e-09,59704,0.9999782585021694
107590,handkerchief put,2gram,/users/ljohnst7/data/ljohnst7/ngrams/set_variant_qwen_support/vocab_2gram.txt,9082,-23.980979919433594,3.8476251103067e-11,2.045648077039432e-09,59724,0.999978299450274
107614,handkerchief soaked,2gram,/users/ljohnst7/data/ljohnst7/ngrams/set_variant_qwen_support/vocab_2gram.txt,9106,-23.980979919433594,3.8476251103067e-11,2.045648077039432e-09,59725,0.9999783014959222
98859,bandana bundle,2gram,/users/ljohnst7/data/ljohnst7/ngrams/set_variant_qwen_support/vocab_2gram.txt,351,-24.01120376586914,3.733074874028049e-11,1.9847457115932424e-09,60047,0.9999789503980204
107461,handkerchief close,2gram,/users/ljohnst7/data/ljohnst7/ngrams/set_variant_qwen_support/vocab_2gram.txt,8953,-24.012229919433594,3.729246130714963e-11,1.9827101023092423e-09,60054,0.9999789642825104
107655,handkerchief until,2gram,/users/ljohnst7/data/ljohnst7/ngrams/set_variant_qwen_support/vocab_2gram.txt,9147,-24.012229919433594,3.729246130714963e-11,1.9827101023092423e-09,60055,0.9999789662652205
101479,candy or,2gram,/users/ljohnst7/data/ljohnst7/ngrams/set_variant_qwen_support/vocab_2gram.txt,2971,-24.013887405395508,3.7230700773795675e-11,1.9794265101538105e-09,60071,0.9999789979602645
106804,gloves her,2gram,/users/ljohnst7/data/ljohnst7/ngrams/set_variant_qwen_support/vocab_2gram.txt,8296,-24.04189682006836,3.6202359485321664e-11,1.9247531904046464e-09,60350,0.9999795423232241
107405,handkerchief above,2gram,/users/ljohnst7/data/ljohnst7/ngrams/set_variant_qwen_support/vocab_2gram.txt,8897,-24.043479919433594,3.6145092894312545e-11,1.92170852549011e-09,60363,0.9999795673218052
107406,handkerchief across,2gram,/users/ljohnst7/data/ljohnst7/ngrams/set_variant_qwen_support/vocab_2gram.txt,8898,-24.043479919433594,3.6145092894312545e-11,1.92170852549011e-09,60364,0.9999795692435137
107465,handkerchief could,2gram,/users/ljohnst7/data/ljohnst7/ngrams/set_variant_qwen_support/vocab_2gram.txt,8957,-24.043479919433594,3.6145092894312545e-11,1.92170852549011e-09,60365,0.9999795711652223
107541,handkerchief kept,2gram,/users/ljohnst7/data/ljohnst7/ngrams/set_variant_qwen_support/vocab_2gram.txt,9033,-24.043479919433594,3.6145092894312545e-11,1.92170852549011e-09,60366,0.9999795730869309
101341,candy dispenser,2gram,/users/ljohnst7/data/ljohnst7/ngrams/set_variant_qwen_support/vocab_2gram.txt,2833,-24.045137405395508,3.6085232532806906e-11,1.9185259588445997e-09,60382,0.9999796038122344
120143,wallet attached,2gram,/users/ljohnst7/data/ljohnst7/ngrams/set_variant_qwen_support/vocab_2gram.txt,21635,-24.070579528808594,3.5178728188964394e-11,1.8703302845092305e-09,60649,0.999980109517103
120266,wallet off,2gram,/users/ljohnst7/data/ljohnst7/ngrams/set_variant_qwen_support/vocab_2gram.txt,21758,-24.070579528808594,3.5178728188964394e-11,1.8703302845092305e-09,60650,0.9999801113874334
106781,gloves filled,2gram,/users/ljohnst7/data/ljohnst7/ngrams/set_variant_qwen_support/vocab_2gram.txt,8273,-24.07314682006836,3.508852997963367e-11,1.8655347603045584e-09,60686,0.9999801786278018
106815,gloves into,2gram,/users/ljohnst7/data/ljohnst7/ngrams/set_variant_qwen_support/vocab_2gram.txt,8307,-24.07314682006836,3.508852997963367e-11,1.8655347603045584e-09,60687,0.9999801804933365
107658,handkerchief used,2gram,/users/ljohnst7/data/ljohnst7/ngrams/set_variant_qwen_support/vocab_2gram.txt,9150,-24.074729919433594,3.503302529640247e-11,1.8625837698815455e-09,60709,0.9999802215028258
101278,candy bowl,2gram,/users/ljohnst7/data/ljohnst7/ngrams/set_variant_qwen_support/vocab_2gram.txt,2770,-24.076387405395508,3.497500664460344e-11,1.859499120517781e-09,60726,0.9999802531403309
101551,candy still,2gram,/users/ljohnst7/data/ljohnst7/ngrams/set_variant_qwen_support/vocab_2gram.txt,3043,-24.076387405395508,3.497500664460344e-11,1.859499120517781e-09,60727,0.99998025499983
113266,napkins but,2gram,/users/ljohnst7/data/ljohnst7/ngrams/set_variant_qwen_support/vocab_2gram.txt,14758,-24.10123634338379,3.411662399034506e-11,1.8138619085829708e-09,61020,0.9999807933911871
120334,wallet together,2gram,/users/ljohnst7/data/ljohnst7/ngrams/set_variant_qwen_support/vocab_2gram.txt,21826,-24.101829528808594,3.40963925073541e-11,1.812786271193942e-09,61027,0.9999808060830736
106787,gloves found,2gram,/users/ljohnst7/data/ljohnst7/ngrams/set_variant_qwen_support/vocab_2gram.txt,8279,-24.10439682006836,3.400896940518051e-11,1.8081382897580383e-09,61062,0.999980869458219
107472,handkerchief dangling,2gram,/users/ljohnst7/data/ljohnst7/ngrams/set_variant_qwen_support/vocab_2gram.txt,8964,-24.105979919433594,3.395517242152375e-11,1.8052780917654327e-09,61082,0.9999809055922028
107498,handkerchief first,2gram,/users/ljohnst7/data/ljohnst7/ngrams/set_variant_qwen_support/vocab_2gram.txt,8990,-24.105979919433594,3.395517242152375e-11,1.8052780917654327e-09,61083,0.9999809073974808
107622,handkerchief stretched,2gram,/users/ljohnst7/data/ljohnst7/ngrams/set_variant_qwen_support/vocab_2gram.txt,9114,-24.105979919433594,3.395517242152375e-11,1.8052780917654327e-09,61084,0.9999809092027588
107635,handkerchief through,2gram,/users/ljohnst7/data/ljohnst7/ngrams/set_variant_qwen_support/vocab_2gram.txt,9127,-24.105979919433594,3.395517242152375e-11,1.8052780917654327e-09,61085,0.9999809110080369
101270,candy before,2gram,/users/ljohnst7/data/ljohnst7/ngrams/set_variant_qwen_support/vocab_2gram.txt,2762,-24.107637405395508,3.3898938815980614e-11,1.8022883470853661e-09,61097,0.999980932652519
101305,candy coated,2gram,/users/ljohnst7/data/ljohnst7/ngrams/set_variant_qwen_support/vocab_2gram.txt,2797,-24.107637405395508,3.3898938815980614e-11,1.8022883470853661e-09,61098,0.9999809344548073
101612,candy which,2gram,/users/ljohnst7/data/ljohnst7/ngrams/set_variant_qwen_support/vocab_2gram.txt,3104,-24.107637405395508,3.3898938815980614e-11,1.8022883470853661e-09,61099,0.9999809362570956
101386,candy hearts,2gram,/users/ljohnst7/data/ljohnst7/ngrams/set_variant_qwen_support/vocab_2gram.txt,2878,-24.138887405395508,3.285597811392858e-11,1.7468377641045733e-09,61410,0.9999814874325678
107484,handkerchief during,2gram,/users/ljohnst7/data/ljohnst7/ngrams/set_variant_qwen_support/vocab_2gram.txt,8976,-24.152854919433594,3.2400251868751106e-11,1.7226083890907122e-09,61582,0.9999817858131841
120166,wallet can,2gram,/users/ljohnst7/data/ljohnst7/ngrams/set_variant_qwen_support/vocab_2gram.txt,21658,-24.164329528808594,3.203059651622397e-11,1.702955103248521e-09,61720,0.9999820220606749
101315,candy container,2gram,/users/ljohnst7/data/ljohnst7/ngrams/set_variant_qwen_support/vocab_2gram.txt,2807,-24.170137405395508,3.1845105939246974e-11,1.6930932162085003e-09,61787,0.9999821358748344
101477,candy only,2gram,/users/ljohnst7/data/ljohnst7/ngrams/set_variant_qwen_support/vocab_2gram.txt,2969,-24.170137405395508,3.1845105939246974e-11,1.6930932162085003e-09,61788,0.9999821375679276
120270,wallet only,2gram,/users/ljohnst7/data/ljohnst7/ngrams/set_variant_qwen_support/vocab_2gram.txt,21762,-24.195579528808594,3.104511866362647e-11,1.6505606828895607e-09,62092,0.9999826461257982
120339,wallet turned,2gram,/users/ljohnst7/data/ljohnst7/ngrams/set_variant_qwen_support/vocab_2gram.txt,21831,-24.195579528808594,3.104511866362647e-11,1.6505606828895607e-09,62093,0.9999826477763589
106721,gloves always,2gram,/users/ljohnst7/data/ljohnst7/ngrams/set_variant_qwen_support/vocab_2gram.txt,8213,-24.19814682006836,3.0965519023273427e-11,1.6463286476326683e-09,62116,0.9999826856939006
107566,handkerchief not,2gram,/users/ljohnst7/data/ljohnst7/ngrams/set_variant_qwen_support/vocab_2gram.txt,9058,-24.199729919433594,3.0916536312242954e-11,1.6437244077248025e-09,62135,0.9999827169524134
106723,gloves an,2gram,/users/ljohnst7/data/ljohnst7/ngrams/set_variant_qwen_support/vocab_2gram.txt,8215,-24.22939682006836,3.001281016016607e-11,1.5956764401560762e-09,62454,0.999983233483245
106740,gloves before,2gram,/users/ljohnst7/data/ljohnst7/ngrams/set_variant_qwen_support/vocab_2gram.txt,8232,-24.22939682006836,3.001281016016607e-11,1.5956764401560762e-09,62455,0.9999832350789215
107597,handkerchief round,2gram,/users/ljohnst7/data/ljohnst7/ngrams/set_variant_qwen_support/vocab_2gram.txt,9089,-24.230979919433594,2.9965334488720584e-11,1.5931523242868232e-09,62473,0.9999832637826209
101268,candy because,2gram,/users/ljohnst7/data/ljohnst7/ngrams/set_variant_qwen_support/vocab_2gram.txt,2760,-24.232637405395508,2.9915708506007605e-11,1.5905138838671457e-09,62487,0.9999832860718926
101480,candy out,2gram,/users/ljohnst7/data/ljohnst7/ngrams/set_variant_qwen_support/vocab_2gram.txt,2972,-24.232637405395508,2.9915708506007605e-11,1.5905138838671457e-09,62488,0.9999832876624064
101481,candy over,2gram,/users/ljohnst7/data/ljohnst7/ngrams/set_variant_qwen_support/vocab_2gram.txt,2973,-24.232637405395508,2.9915708506007605e-11,1.5905138838671457e-09,62489,0.9999832892529202
107509,handkerchief given,2gram,/users/ljohnst7/data/ljohnst7/ngrams/set_variant_qwen_support/vocab_2gram.txt,9001,-24.246604919433594,2.95007650378207e-11,1.5684527868672624e-09,62643,0.9999835323894147
120238,wallet is,2gram,/users/ljohnst7/data/ljohnst7/ngrams/set_variant_qwen_support/vocab_2gram.txt,21730,-24.258079528808594,2.9164190009205145e-11,1.5505582664727844e-09,62784,0.9999837522481431
106710,gloves about,2gram,/users/ljohnst7/data/ljohnst7/ngrams/set_variant_qwen_support/vocab_2gram.txt,8202,-24.26064682006836,2.9089413067262243e-11,1.5465826372701725e-09,62819,0.999983806442393
106821,gloves laid,2gram,/users/ljohnst7/data/ljohnst7/ngrams/set_variant_qwen_support/vocab_2gram.txt,8313,-24.26064682006836,2.9089413067262243e-11,1.5465826372701725e-09,62820,0.9999838079889757
107470,handkerchief crumpled,2gram,/users/ljohnst7/data/ljohnst7/ngrams/set_variant_qwen_support/vocab_2gram.txt,8962,-24.271223068237305,2.8783377422717628e-11,1.5303117894141474e-09,62934,0.9999839832796257
107683,handkerchief would,2gram,/users/ljohnst7/data/ljohnst7/ngrams/set_variant_qwen_support/vocab_2gram.txt,9175,-24.277854919433594,2.8593121917133603e-11,1.5201965677387928e-09,63003,0.9999840885195067
113473,napkins you,2gram,/users/ljohnst7/data/ljohnst7/ngrams/set_variant_qwen_support/vocab_2gram.txt,14965,-24.28873634338379,2.828367470200806e-11,1.5037443385735582e-09,63118,0.9999842623458796
120263,wallet not,2gram,/users/ljohnst7/data/ljohnst7/ngrams/set_variant_qwen_support/vocab_2gram.txt,21755,-24.289329528808594,2.826690221350458e-11,1.5028526038574497e-09,63126,0.9999842743710456
107626,handkerchief taken,2gram,/users/ljohnst7/data/ljohnst7/ngrams/set_variant_qwen_support/vocab_2gram.txt,9118,-24.293479919433594,2.8149826650279283e-11,1.4966281044866924e-09,63180,0.9999843553464431
101346,candy down,2gram,/users/ljohnst7/data/ljohnst7/ngrams/set_variant_qwen_support/vocab_2gram.txt,2838,-24.295137405395508,2.8103207353863754e-11,1.4941495190909924e-09,63200,0.9999843852568355
107447,handkerchief box,2gram,/users/ljohnst7/data/ljohnst7/ngrams/set_variant_qwen_support/vocab_2gram.txt,8939,-24.309104919433594,2.7713404039519844e-11,1.473425036389307e-09,63358,0.9999846196940484
107490,handkerchief factory,2gram,/users/ljohnst7/data/ljohnst7/ngrams/set_variant_qwen_support/vocab_2gram.txt,8982,-24.324729919433594,2.728374753419858e-11,1.450581698519837e-09,63539,0.9999848842149814
107550,handkerchief loosely,2gram,/users/ljohnst7/data/ljohnst7/ngrams/set_variant_qwen_support/vocab_2gram.txt,9042,-24.340354919433594,2.68607522355736e-11,1.4280925137780329e-09,63699,0.9999851144042318
107615,handkerchief some,2gram,/users/ljohnst7/data/ljohnst7/ngrams/set_variant_qwen_support/vocab_2gram.txt,9107,-24.340354919433594,2.68607522355736e-11,1.4280925137780329e-09,63700,0.9999851158323243
113308,napkins for,2gram,/users/ljohnst7/data/ljohnst7/ngrams/set_variant_qwen_support/vocab_2gram.txt,14800,-24.35123634338379,2.6570053479433414e-11,1.4126370747878105e-09,63807,0.9999852678400113
120227,wallet home,2gram,/users/ljohnst7/data/ljohnst7/ngrams/set_variant_qwen_support/vocab_2gram.txt,21719,-24.351829528808594,2.6554297184637357e-11,1.4117993675469342e-09,63823,0.9999852904342335
107536,handkerchief into,2gram,/users/ljohnst7/data/ljohnst7/ngrams/set_variant_qwen_support/vocab_2gram.txt,9028,-24.355979919433594,2.6444314871207265e-11,1.4059519915285703e-09,63865,0.9999853495934948
101361,candy factory,2gram,/users/ljohnst7/data/ljohnst7/ngrams/set_variant_qwen_support/vocab_2gram.txt,2853,-24.357637405395508,2.6400520095175347e-11,1.4036235760305509e-09,63879,0.999985369257936
101596,candy up,2gram,/users/ljohnst7/data/ljohnst7/ngrams/set_variant_qwen_support/vocab_2gram.txt,3088,-24.357637405395508,2.6400520095175347e-11,1.4036235760305509e-09,63880,0.9999853706615596
98922,bandana was,2gram,/users/ljohnst7/data/ljohnst7/ngrams/set_variant_qwen_support/vocab_2gram.txt,414,-24.37057876586914,2.606106270579974e-11,1.385575810567307e-09,64005,0.999985544921139
107571,handkerchief once,2gram,/users/ljohnst7/data/ljohnst7/ngrams/set_variant_qwen_support/vocab_2gram.txt,9063,-24.387229919433594,2.5630708836131105e-11,1.3626953962676941e-09,64200,0.9999858126250896
120204,wallet first,2gram,/users/ljohnst7/data/ljohnst7/ngrams/set_variant_qwen_support/vocab_2gram.txt,21696,-24.414329528808594,2.4945453649079435e-11,1.3262627679453936e-09,64483,0.9999861929862122
107446,handkerchief bound,2gram,/users/ljohnst7/data/ljohnst7/ngrams/set_variant_qwen_support/vocab_2gram.txt,8938,-24.418479919433594,2.4842134827164763e-11,1.3207696665305604e-09,64540,0.9999862684371067
107481,handkerchief drenched,2gram,/users/ljohnst7/data/ljohnst7/ngrams/set_variant_qwen_support/vocab_2gram.txt,8973,-24.42887306213379,2.4585284030445792e-11,1.3071138054908053e-09,64645,0.9999864063624669
98912,bandana square,2gram,/users/ljohnst7/data/ljohnst7/ngrams/set_variant_qwen_support/vocab_2gram.txt,404,-24.43307876586914,2.4482102736629378e-11,1.301628015965298e-09,64694,0.9999864702695342
106938,gloves would,2gram,/users/ljohnst7/data/ljohnst7/ngrams/set_variant_qwen_support/vocab_2gram.txt,8430,-24.44814682006836,2.411597046353783e-11,1.2821620399692089e-09,64872,0.9999867001803417
101288,candy by,2gram,/users/ljohnst7/data/ljohnst7/ngrams/set_variant_qwen_support/vocab_2gram.txt,2780,-24.451387405395508,2.4037947092478957e-11,1.2780138094531127e-09,64904,0.9999867411515544
98871,bandana full,2gram,/users/ljohnst7/data/ljohnst7/ngrams/set_variant_qwen_support/vocab_2gram.txt,363,-24.46432876586914,2.3728867622205448e-11,1.2615811319990724e-09,65054,0.9999869316141844
113409,napkins so,2gram,/users/ljohnst7/data/ljohnst7/ngrams/set_variant_qwen_support/vocab_2gram.txt,14901,-24.47623634338379,2.344798989710704e-11,1.2466478429764063e-09,65204,0.9999871197047138
113458,napkins which,2gram,/users/ljohnst7/data/ljohnst7/ngrams/set_variant_qwen_support/vocab_2gram.txt,14950,-24.47623634338379,2.344798989710704e-11,1.2466478429764063e-09,65205,0.9999871209513617
120125,wallet after,2gram,/users/ljohnst7/data/ljohnst7/ngrams/set_variant_qwen_support/vocab_2gram.txt,21617,-24.476829528808594,2.343408501575331e-11,1.2459085689310603e-09,65212,0.9999871296753291
120364,wallet yet,2gram,/users/ljohnst7/data/ljohnst7/ngrams/set_variant_qwen_support/vocab_2gram.txt,21856,-24.508079528808594,2.2713094016812208e-11,1.2075759921268447e-09,65547,0.9999875408166563
106758,gloves clean,2gram,/users/ljohnst7/data/ljohnst7/ngrams/set_variant_qwen_support/vocab_2gram.txt,8250,-24.51064682006836,2.265485767587139e-11,1.2044797689906488e-09,65576,0.9999875757900959
98872,bandana had,2gram,/users/ljohnst7/data/ljohnst7/ngrams/set_variant_qwen_support/vocab_2gram.txt,364,-24.51120376586914,2.2642243661008882e-11,1.2038091258144695e-09,65584,0.9999875854228516
107634,handkerchief three,2gram,/users/ljohnst7/data/ljohnst7/ngrams/set_variant_qwen_support/vocab_2gram.txt,9126,-24.512229919433594,2.261902115893332e-11,1.2025744663725278e-09,65594,0.9999875974551862
101339,candy dish,2gram,/users/ljohnst7/data/ljohnst7/ngrams/set_variant_qwen_support/vocab_2gram.txt,2831,-24.513887405395508,2.258156150189394e-11,1.2005828670562666e-09,65611,0.9999876178815255
101358,candy even,2gram,/users/ljohnst7/data/ljohnst7/ngrams/set_variant_qwen_support/vocab_2gram.txt,2850,-24.513887405395508,2.258156150189394e-11,1.2005828670562666e-09,65612,0.9999876190821083
113307,napkins folded,2gram,/users/ljohnst7/data/ljohnst7/ngrams/set_variant_qwen_support/vocab_2gram.txt,14799,-24.53873634338379,2.2027348006060763e-11,1.171117268420279e-09,65889,0.999987947730253
113434,napkins to,2gram,/users/ljohnst7/data/ljohnst7/ngrams/set_variant_qwen_support/vocab_2gram.txt,14926,-24.53873634338379,2.2027348006060763e-11,1.171117268420279e-09,65890,0.9999879489013703
120126,wallet again,2gram,/users/ljohnst7/data/ljohnst7/ngrams/set_variant_qwen_support/vocab_2gram.txt,21618,-24.539329528808594,2.2014285578880197e-11,1.1704227847250818e-09,65897,0.9999879570960893
120203,wallet filled,2gram,/users/ljohnst7/data/ljohnst7/ngrams/set_variant_qwen_support/vocab_2gram.txt,21695,-24.539329528808594,2.2014285578880197e-11,1.1704227847250818e-09,65898,0.9999879582665121
120252,wallet made,2gram,/users/ljohnst7/data/ljohnst7/ngrams/set_variant_qwen_support/vocab_2gram.txt,21744,-24.539329528808594,2.2014285578880197e-11,1.1704227847250818e-09,65899,0.9999879594369349
120344,wallet up,2gram,/users/ljohnst7/data/ljohnst7/ngrams/set_variant_qwen_support/vocab_2gram.txt,21836,-24.539329528808594,2.2014285578880197e-11,1.1704227847250818e-09,65900,0.9999879606073576
107513,handkerchief half,2gram,/users/ljohnst7/data/ljohnst7/ngrams/set_variant_qwen_support/vocab_2gram.txt,9005,-24.543479919433594,2.1923107038561807e-11,1.1655751397409087e-09,65958,0.9999880283452809
101613,candy while,2gram,/users/ljohnst7/data/ljohnst7/ngrams/set_variant_qwen_support/vocab_2gram.txt,3105,-24.545137405395508,2.1886799894007156e-11,1.1636448154938278e-09,65971,0.9999880434862074
120136,wallet anyway,2gram,/users/ljohnst7/data/ljohnst7/ngrams/set_variant_qwen_support/vocab_2gram.txt,21628,-24.570579528808594,2.133697721630399e-11,1.1344126613439008e-09,66243,0.9999883560190039
120210,wallet full,2gram,/users/ljohnst7/data/ljohnst7/ngrams/set_variant_qwen_support/vocab_2gram.txt,21702,-24.570579528808594,2.133697721630399e-11,1.1344126613439008e-09,66244,0.9999883571534166
106825,gloves like,2gram,/users/ljohnst7/data/ljohnst7/ngrams/set_variant_qwen_support/vocab_2gram.txt,8317,-24.57314682006836,2.1282269236893727e-11,1.131504028884373e-09,66281,0.9999883990731747
101293,candy candy,2gram,/users/ljohnst7/data/ljohnst7/ngrams/set_variant_qwen_support/vocab_2gram.txt,2785,-24.576387405395508,2.121341385360506e-11,1.1278432283027112e-09,66320,0.9999884431227163
101577,candy this,2gram,/users/ljohnst7/data/ljohnst7/ngrams/set_variant_qwen_support/vocab_2gram.txt,3069,-24.576387405395508,2.121341385360506e-11,1.1278432283027112e-09,66321,0.9999884442505595
113470,napkins wrapped,2gram,/users/ljohnst7/data/ljohnst7/ngrams/set_variant_qwen_support/vocab_2gram.txt,14962,-24.60123634338379,2.069277845603185e-11,1.1001628600404458e-09,66612,0.9999887684604841
106793,gloves given,2gram,/users/ljohnst7/data/ljohnst7/ngrams/set_variant_qwen_support/vocab_2gram.txt,8285,-24.60439682006836,2.0627482649470902e-11,1.0966913097386156e-09,66641,0.9999888003093397
101560,candy stripes,2gram,/users/ljohnst7/data/ljohnst7/ngrams/set_variant_qwen_support/vocab_2gram.txt,3052,-24.607637405395508,2.056074572361492e-11,1.0931431401500788e-09,66679,0.9999888419079124
120133,wallet among,2gram,/users/ljohnst7/data/ljohnst7/ngrams/set_variant_qwen_support/vocab_2gram.txt,21625,-24.633079528808594,2.0044235117949478e-11,1.06568207268746e-09,66976,0.9999891625940132
120277,wallet packed,2gram,/users/ljohnst7/data/ljohnst7/ngrams/set_variant_qwen_support/vocab_2gram.txt,21769,-24.633079528808594,2.0044235117949478e-11,1.06568207268746e-09,66977,0.9999891636596953
107563,handkerchief neatly,2gram,/users/ljohnst7/data/ljohnst7/ngrams/set_variant_qwen_support/vocab_2gram.txt,9055,-24.637229919433594,1.996121611225408e-11,1.0612682417010783e-09,67024,0.9999892136471102
101306,candy coating,2gram,/users/ljohnst7/data/ljohnst7/ngrams/set_variant_qwen_support/vocab_2gram.txt,2798,-24.638887405395508,1.9928158080944947e-11,1.0595106614732881e-09,67043,0.9999892337929254
101390,candy hidden,2gram,/users/ljohnst7/data/ljohnst7/ngrams/set_variant_qwen_support/vocab_2gram.txt,2882,-24.638887405395508,1.9928158080944947e-11,1.0595106614732881e-09,67044,0.9999892348524361
101564,candy sugar,2gram,/users/ljohnst7/data/ljohnst7/ngrams/set_variant_qwen_support/vocab_2gram.txt,3056,-24.638887405395508,1.9928158080944947e-11,1.0595106614732881e-09,67045,0.9999892359119468
101617,candy will,2gram,/users/ljohnst7/data/ljohnst7/ngrams/set_variant_qwen_support/vocab_2gram.txt,3109,-24.638887405395508,1.9928158080944947e-11,1.0595106614732881e-09,67046,0.9999892369714575
107636,handkerchief thrown,2gram,/users/ljohnst7/data/ljohnst7/ngrams/set_variant_qwen_support/vocab_2gram.txt,9128,-24.652854919433594,1.9651746140809092e-11,1.0448148026617062e-09,67186,0.9999893842214215
120323,wallet the,2gram,/users/ljohnst7/data/ljohnst7/ngrams/set_variant_qwen_support/vocab_2gram.txt,21815,-24.664329528808594,1.94275388359745e-11,1.0328944822343214e-09,67327,0.9999895307129888
106769,gloves do,2gram,/users/ljohnst7/data/ljohnst7/ngrams/set_variant_qwen_support/vocab_2gram.txt,8261,-24.66689682006836,1.937772665387129e-11,1.030246142242475e-09,67352,0.9999895565035342
106779,gloves except,2gram,/users/ljohnst7/data/ljohnst7/ngrams/set_variant_qwen_support/vocab_2gram.txt,8271,-24.66689682006836,1.937772665387129e-11,1.030246142242475e-09,67353,0.9999895575337803
106882,gloves she,2gram,/users/ljohnst7/data/ljohnst7/ngrams/set_variant_qwen_support/vocab_2gram.txt,8374,-24.69814682006836,1.8781536681530133e-11,9.985488007524499e-10,67679,0.9999898879111484
107458,handkerchief carried,2gram,/users/ljohnst7/data/ljohnst7/ngrams/set_variant_qwen_support/vocab_2gram.txt,8950,-24.699729919433594,1.8751827165494307e-11,9.969692494030822e-10,67696,0.9999899048710919
107646,handkerchief towards,2gram,/users/ljohnst7/data/ljohnst7/ngrams/set_variant_qwen_support/vocab_2gram.txt,9138,-24.715354919433594,1.8461107031770372e-11,9.815126738412909e-10,67897,0.9999901037793302
106807,gloves holding,2gram,/users/ljohnst7/data/ljohnst7/ngrams/set_variant_qwen_support/vocab_2gram.txt,8299,-24.72939682006836,1.8203689546275553e-11,9.678266839357713e-10,68058,0.999990260635488
98860,bandana came,2gram,/users/ljohnst7/data/ljohnst7/ngrams/set_variant_qwen_support/vocab_2gram.txt,352,-24.74557876586914,1.7911488991595405e-11,9.522913995550211e-10,68230,0.9999904257366867
107645,handkerchief toward,2gram,/users/ljohnst7/data/ljohnst7/ngrams/set_variant_qwen_support/vocab_2gram.txt,9137,-24.746604919433594,1.7893118480416776e-11,9.513147035467192e-10,68242,0.9999904371567445
120157,wallet beside,2gram,/users/ljohnst7/data/ljohnst7/ngrams/set_variant_qwen_support/vocab_2gram.txt,21649,-24.758079528808594,1.768897540626779e-11,9.40461128286615e-10,68362,0.9999905506993009
106868,gloves put,2gram,/users/ljohnst7/data/ljohnst7/ngrams/set_variant_qwen_support/vocab_2gram.txt,8360,-24.76064682006836,1.7643620898339868e-11,9.38049787283582e-10,68386,0.9999905732352634
106926,gloves were,2gram,/users/ljohnst7/data/ljohnst7/ngrams/set_variant_qwen_support/vocab_2gram.txt,8418,-24.76064682006836,1.7643620898339868e-11,9.38049787283582e-10,68387,0.9999905741733132
107554,handkerchief marked,2gram,/users/ljohnst7/data/ljohnst7/ngrams/set_variant_qwen_support/vocab_2gram.txt,9046,-24.762229919433594,1.7615711390885945e-11,9.365659361126015e-10,68409,0.9999905947915393
101407,candy is,2gram,/users/ljohnst7/data/ljohnst7/ngrams/set_variant_qwen_support/vocab_2gram.txt,2899,-24.763887405395508,1.7586537780650093e-11,9.350148770055327e-10,68423,0.9999906078929656
107507,handkerchief full,2gram,/users/ljohnst7/data/ljohnst7/ngrams/set_variant_qwen_support/vocab_2gram.txt,8999,-24.777854919433594,1.73426050996428e-11,9.220458271234911e-10,68551,0.9999907267221343
98918,bandana turban,2gram,/users/ljohnst7/data/ljohnst7/ngrams/set_variant_qwen_support/vocab_2gram.txt,410,-24.77801513671875,1.733982673711299e-11,9.218981112779115e-10,68553,0.9999907285660624
113316,napkins handy,2gram,/users/ljohnst7/data/ljohnst7/ngrams/set_variant_qwen_support/vocab_2gram.txt,14808,-24.78873634338379,1.715491587610647e-11,9.120670457141579e-10,68663,0.9999908294582467
106799,gloves have,2gram,/users/ljohnst7/data/ljohnst7/ngrams/set_variant_qwen_support/vocab_2gram.txt,8291,-24.79189682006836,1.710078375117237e-11,9.091890294287128e-10,68696,0.999990859507608
106831,gloves make,2gram,/users/ljohnst7/data/ljohnst7/ngrams/set_variant_qwen_support/vocab_2gram.txt,8323,-24.79189682006836,1.710078375117237e-11,9.091890294287128e-10,68697,0.9999908604167971
101557,candy striped,2gram,/users/ljohnst7/data/ljohnst7/ngrams/set_variant_qwen_support/vocab_2gram.txt,3049,-24.795137405395508,1.7045456896379912e-11,9.062474935235736e-10,68720,0.9999908812944198
107442,handkerchief beneath,2gram,/users/ljohnst7/data/ljohnst7/ngrams/set_variant_qwen_support/vocab_2gram.txt,8934,-24.809104919433594,1.680902923497273e-11,8.936774593583173e-10,68909,0.9999910513511486
107464,handkerchief containing,2gram,/users/ljohnst7/data/ljohnst7/ngrams/set_variant_qwen_support/vocab_2gram.txt,8956,-24.809104919433594,1.680902923497273e-11,8.936774593583173e-10,68910,0.9999910522448261
107653,handkerchief twisted,2gram,/users/ljohnst7/data/ljohnst7/ngrams/set_variant_qwen_support/vocab_2gram.txt,9145,-24.809104919433594,1.680902923497273e-11,8.936774593583173e-10,68911,0.9999910531385036
106896,gloves then,2gram,/users/ljohnst7/data/ljohnst7/ngrams/set_variant_qwen_support/vocab_2gram.txt,8388,-24.82314682006836,1.6574647947229304e-11,8.812162237435994e-10,69044,0.999991171211091
107589,handkerchief pulled,2gram,/users/ljohnst7/data/ljohnst7/ngrams/set_variant_qwen_support/vocab_2gram.txt,9081,-24.824729919433594,1.65484293913504e-11,8.79822274570309e-10,69067,0.9999911914634388
101427,candy land,2gram,/users/ljohnst7/data/ljohnst7/ngrams/set_variant_qwen_support/vocab_2gram.txt,2919,-24.826387405395508,1.652102332080541e-11,8.78365189383933e-10,69083,0.9999912055269241
120128,wallet all,2gram,/users/ljohnst7/data/ljohnst7/ngrams/set_variant_qwen_support/vocab_2gram.txt,21620,-24.851829528808594,1.610599538960342e-11,8.562996017801206e-10,69352,0.9999914387696338
107659,handkerchief very,2gram,/users/ljohnst7/data/ljohnst7/ngrams/set_variant_qwen_support/vocab_2gram.txt,9151,-24.855979919433594,1.6039287744481947e-11,8.527529889461147e-10,69397,0.9999914772142708
101517,candy sales,2gram,/users/ljohnst7/data/ljohnst7/ngrams/set_variant_qwen_support/vocab_2gram.txt,3009,-24.857637405395508,1.6012724870083337e-11,8.513407335580157e-10,69422,0.9999914985139854
106712,gloves according,2gram,/users/ljohnst7/data/ljohnst7/ngrams/set_variant_qwen_support/vocab_2gram.txt,8204,-24.88564682006836,1.557044079316177e-11,8.278260317478998e-10,69729,0.9999917560174403
106734,gloves away,2gram,/users/ljohnst7/data/ljohnst7/ngrams/set_variant_qwen_support/vocab_2gram.txt,8226,-24.88564682006836,1.557044079316177e-11,8.278260317478998e-10,69730,0.9999917568452663
106747,gloves bought,2gram,/users/ljohnst7/data/ljohnst7/ngrams/set_variant_qwen_support/vocab_2gram.txt,8239,-24.88564682006836,1.557044079316177e-11,8.278260317478998e-10,69731,0.9999917576730923
106759,gloves come,2gram,/users/ljohnst7/data/ljohnst7/ngrams/set_variant_qwen_support/vocab_2gram.txt,8251,-24.88564682006836,1.557044079316177e-11,8.278260317478998e-10,69732,0.9999917585009184
117161,softball gloves,2gram,/users/ljohnst7/data/ljohnst7/ngrams/set_variant_qwen_support/vocab_2gram.txt,18653,-24.897167205810547,1.5392092601546615e-11,8.183438804269798e-10,69852,0.9999918572531554
107489,handkerchief every,2gram,/users/ljohnst7/data/ljohnst7/ngrams/set_variant_qwen_support/vocab_2gram.txt,8981,-24.902854919433594,1.530479528318258e-11,8.137025864775322e-10,69918,0.9999919111128786
120134,wallet an,2gram,/users/ljohnst7/data/ljohnst7/ngrams/set_variant_qwen_support/vocab_2gram.txt,21626,-24.914329528808594,1.513018245860707e-11,8.044190315942227e-10,70051,0.9999920187013369
120197,wallet except,2gram,/users/ljohnst7/data/ljohnst7/ngrams/set_variant_qwen_support/vocab_2gram.txt,21689,-24.914329528808594,1.513018245860707e-11,8.044190315942227e-10,70052,0.999992019505756
120324,wallet then,2gram,/users/ljohnst7/data/ljohnst7/ngrams/set_variant_qwen_support/vocab_2gram.txt,21816,-24.914329528808594,1.513018245860707e-11,8.044190315942227e-10,70053,0.9999920203101751
120331,wallet tied,2gram,/users/ljohnst7/data/ljohnst7/ngrams/set_variant_qwen_support/vocab_2gram.txt,21823,-24.914329528808594,1.513018245860707e-11,8.044190315942227e-10,70054,0.9999920211145942
106714,gloves after,2gram,/users/ljohnst7/data/ljohnst7/ngrams/set_variant_qwen_support/vocab_2gram.txt,8206,-24.91689682006836,1.5091388692178594e-11,8.023565023347336e-10,70086,0.999992046823924
107627,handkerchief than,2gram,/users/ljohnst7/data/ljohnst7/ngrams/set_variant_qwen_support/vocab_2gram.txt,9119,-24.918479919433594,1.5067516425390432e-11,8.010872971692155e-10,70102,0.9999920596504702
101490,candy pink,2gram,/users/ljohnst7/data/ljohnst7/ngrams/set_variant_qwen_support/vocab_2gram.txt,2982,-24.920137405395508,1.5042562914194503e-11,7.997606060096069e-10,70114,0.9999920692551189
107511,handkerchief got,2gram,/users/ljohnst7/data/ljohnst7/ngrams/set_variant_qwen_support/vocab_2gram.txt,9003,-24.934104919433594,1.4833916235317346e-11,7.886675897933856e-10,70266,0.9999921899421365
120284,wallet pocket,2gram,/users/ljohnst7/data/ljohnst7/ngrams/set_variant_qwen_support/vocab_2gram.txt,21776,-24.945579528808594,1.4664675682572974e-11,7.796696598663969e-10,70398,0.9999922934891443
107411,handkerchief almost,2gram,/users/ljohnst7/data/ljohnst7/ngrams/set_variant_qwen_support/vocab_2gram.txt,8903,-24.949729919433594,1.4603937680506608e-11,7.764404321332312e-10,70446,0.9999923308254164
107499,handkerchief floating,2gram,/users/ljohnst7/data/ljohnst7/ngrams/set_variant_qwen_support/vocab_2gram.txt,8991,-24.949729919433594,1.4603937680506608e-11,7.764404321332312e-10,70447,0.9999923316018569
101235,candy all,2gram,/users/ljohnst7/data/ljohnst7/ngrams/set_variant_qwen_support/vocab_2gram.txt,2727,-24.951387405395508,1.457975190813864e-11,7.751545589694523e-10,70461,0.9999923424634638
107620,handkerchief sticking,2gram,/users/ljohnst7/data/ljohnst7/ngrams/set_variant_qwen_support/vocab_2gram.txt,9112,-24.965354919433594,1.4377524612707786e-11,7.644028389821056e-10,70598,0.9999924479682663
106802,gloves held,2gram,/users/ljohnst7/data/ljohnst7/ngrams/set_variant_qwen_support/vocab_2gram.txt,8294,-24.97939682006836,1.4177047673428149e-11,7.537441793265799e-10,70729,0.9999925473335965
106822,gloves last,2gram,/users/ljohnst7/data/ljohnst7/ngrams/set_variant_qwen_support/vocab_2gram.txt,8314,-24.97939682006836,1.4177047673428149e-11,7.537441793265799e-10,70730,0.9999925480873407
101488,candy pieces,2gram,/users/ljohnst7/data/ljohnst7/ngrams/set_variant_qwen_support/vocab_2gram.txt,2980,-24.982637405395508,1.4131180099787864e-11,7.513055604090462e-10,70774,0.9999925811937328
101558,candy striper,2gram,/users/ljohnst7/data/ljohnst7/ngrams/set_variant_qwen_support/vocab_2gram.txt,3050,-24.988412857055664,1.4049801377862423e-11,7.469789375898745e-10,70834,0.9999926261432313
120273,wallet opened,2gram,/users/ljohnst7/data/ljohnst7/ngrams/set_variant_qwen_support/vocab_2gram.txt,21765,-25.008079528808594,1.3776187898132176e-11,7.324318631578327e-10,71031,0.9999927718380487
106843,gloves no,2gram,/users/ljohnst7/data/ljohnst7/ngrams/set_variant_qwen_support/vocab_2gram.txt,8335,-25.01064682006836,1.3740865771842093e-11,7.305539088964185e-10,71073,0.9999928025592779
106901,gloves through,2gram,/users/ljohnst7/data/ljohnst7/ngrams/set_variant_qwen_support/vocab_2gram.txt,8393,-25.01064682006836,1.3740865771842093e-11,7.305539088964185e-10,71074,0.9999928032898319
107618,handkerchief stained,2gram,/users/ljohnst7/data/ljohnst7/ngrams/set_variant_qwen_support/vocab_2gram.txt,9110,-25.012229919433594,1.371912982558184e-11,7.293982844424973e-10,71088,0.99999281350804
101232,candy again,2gram,/users/ljohnst7/data/ljohnst7/ngrams/set_variant_qwen_support/vocab_2gram.txt,2724,-25.013887405395508,1.3696409395085139e-11,7.281903183953222e-10,71106,0.9999928266283156
101399,candy if,2gram,/users/ljohnst7/data/ljohnst7/ngrams/set_variant_qwen_support/vocab_2gram.txt,2891,-25.013887405395508,1.3696409395085139e-11,7.281903183953222e-10,71107,0.9999928273565059
107610,handkerchief size,2gram,/users/ljohnst7/data/ljohnst7/ngrams/set_variant_qwen_support/vocab_2gram.txt,9102,-25.027854919433594,1.3506434432099952e-11,7.18090012191496e-10,71250,0.9999929308391251
101422,candy kisses,2gram,/users/ljohnst7/data/ljohnst7/ngrams/set_variant_qwen_support/vocab_2gram.txt,2914,-25.045137405395508,1.3275015178710555e-11,7.05786257612657e-10,71432,0.9999930604509415
120303,wallet since,2gram,/users/ljohnst7/data/ljohnst7/ngrams/set_variant_qwen_support/vocab_2gram.txt,21795,-25.070579528808594,1.2941530867278287e-11,6.880560598712804e-10,71694,0.9999932429843063
106713,gloves across,2gram,/users/ljohnst7/data/ljohnst7/ngrams/set_variant_qwen_support/vocab_2gram.txt,8205,-25.07314682006836,1.2908348800435035e-11,6.862918851067415e-10,71725,0.9999932642855056
106869,gloves rather,2gram,/users/ljohnst7/data/ljohnst7/ngrams/set_variant_qwen_support/vocab_2gram.txt,8361,-25.07314682006836,1.2908348800435035e-11,6.862918851067415e-10,71726,0.9999932649717975
101327,candy counter,2gram,/users/ljohnst7/data/ljohnst7/ngrams/set_variant_qwen_support/vocab_2gram.txt,2819,-25.076387405395508,1.2866585899384195e-11,6.840714973148697e-10,71759,0.9999932875851961
101436,candy machine,2gram,/users/ljohnst7/data/ljohnst7/ngrams/set_variant_qwen_support/vocab_2gram.txt,2928,-25.076387405395508,1.2866585899384195e-11,6.840714973148697e-10,71760,0.9999932882692676
107417,handkerchief an,2gram,/users/ljohnst7/data/ljohnst7/ngrams/set_variant_qwen_support/vocab_2gram.txt,8909,-25.090354919433594,1.2688120937548405e-11,6.745831377285795e-10,71916,0.9999933942531438
107510,handkerchief go,2gram,/users/ljohnst7/data/ljohnst7/ngrams/set_variant_qwen_support/vocab_2gram.txt,9002,-25.090354919433594,1.2688120937548405e-11,6.745831377285795e-10,71917,0.999993394927727
107525,handkerchief hem,2gram,/users/ljohnst7/data/ljohnst7/ngrams/set_variant_qwen_support/vocab_2gram.txt,9017,-25.090354919433594,1.2688120937548405e-11,6.745831377285795e-10,71918,0.9999933956023102
113438,napkins tucked,2gram,/users/ljohnst7/data/ljohnst7/ngrams/set_variant_qwen_support/vocab_2gram.txt,14930,-25.10123634338379,1.2550804568224364e-11,6.67282505291669e-10,72047,0.9999934821538835
120257,wallet more,2gram,/users/ljohnst7/data/ljohnst7/ngrams/set_variant_qwen_support/vocab_2gram.txt,21749,-25.101829528808594,1.254336182156758e-11,6.668868004100902e-10,72055,0.9999934874904358
101420,candy king,2gram,/users/ljohnst7/data/ljohnst7/ngrams/set_variant_qwen_support/vocab_2gram.txt,2912,-25.107637405395508,1.2470722667927864e-11,6.630248299555669e-10,72108,0.9999935227379823
120286,wallet rather,2gram,/users/ljohnst7/data/ljohnst7/ngrams/set_variant_qwen_support/vocab_2gram.txt,21778,-25.133079528808594,1.2157443149525032e-11,6.463688505910517e-10,72412,0.9999937218664265
106711,gloves above,2gram,/users/ljohnst7/data/ljohnst7/ngrams/set_variant_qwen_support/vocab_2gram.txt,8203,-25.13564682006836,1.2126271482481333e-11,6.44711561772158e-10,72437,0.9999937380043589
120236,wallet intact,2gram,/users/ljohnst7/data/ljohnst7/ngrams/set_variant_qwen_support/vocab_2gram.txt,21728,-25.164329528808594,1.178339794677642e-11,6.264821717231218e-10,72735,0.9999939273824421
101456,candy mints,2gram,/users/ljohnst7/data/ljohnst7/ngrams/set_variant_qwen_support/vocab_2gram.txt,2948,-25.16756248474121,1.1745364254231329e-11,6.244600529410929e-10,72768,0.9999939480180926
101438,candy made,2gram,/users/ljohnst7/data/ljohnst7/ngrams/set_variant_qwen_support/vocab_2gram.txt,2930,-25.170137405395508,1.1715159776975554e-11,6.228541862299431e-10,72802,0.999993969224357
101471,candy off,2gram,/users/ljohnst7/data/ljohnst7/ngrams/set_variant_qwen_support/vocab_2gram.txt,2963,-25.170137405395508,1.1715159776975554e-11,6.228541862299431e-10,72803,0.9999939698472112
101599,candy vending,2gram,/users/ljohnst7/data/ljohnst7/ngrams/set_variant_qwen_support/vocab_2gram.txt,3091,-25.170137405395508,1.1715159776975554e-11,6.228541862299431e-10,72804,0.9999939704700654
106918,gloves used,2gram,/users/ljohnst7/data/ljohnst7/ngrams/set_variant_qwen_support/vocab_2gram.txt,8410,-25.18252182006836,1.1570969081935759e-11,6.151880698703993e-10,72942,0.9999940558758555
106921,gloves very,2gram,/users/ljohnst7/data/ljohnst7/ngrams/set_variant_qwen_support/vocab_2gram.txt,8413,-25.18252182006836,1.1570969081935759e-11,6.151880698703993e-10,72943,0.9999940564910437
107607,handkerchief should,2gram,/users/ljohnst7/data/ljohnst7/ngrams/set_variant_qwen_support/vocab_2gram.txt,9099,-25.184104919433594,1.1552665580080776e-11,6.142149365141262e-10,72954,0.9999940632530347
106883,gloves should,2gram,/users/ljohnst7/data/ljohnst7/ngrams/set_variant_qwen_support/vocab_2gram.txt,8375,-25.19814682006836,1.1391577833865495e-11,6.056504628756424e-10,73095,0.9999941492709257
107657,handkerchief upon,2gram,/users/ljohnst7/data/ljohnst7/ngrams/set_variant_qwen_support/vocab_2gram.txt,9149,-25.199729919433594,1.1373558101504542e-11,6.046924165536604e-10,73113,0.999994160162684
107586,handkerchief pressed,2gram,/users/ljohnst7/data/ljohnst7/ngrams/set_variant_qwen_support/vocab_2gram.txt,9078,-25.215354919433594,1.119722742700522e-11,5.95317529581269e-10,73271,0.9999942549413303
113250,napkins back,2gram,/users/ljohnst7/data/ljohnst7/ngrams/set_variant_qwen_support/vocab_2gram.txt,14742,-25.22623634338379,1.1076046156402594e-11,5.888747440687869e-10,73398,0.9999943301441453
107639,handkerchief tight,2gram,/users/ljohnst7/data/ljohnst7/ngrams/set_variant_qwen_support/vocab_2gram.txt,9131,-25.230979919433594,1.1023630506225876e-11,5.86087986759621e-10,73448,0.9999943595076708
101283,candy business,2gram,/users/ljohnst7/data/ljohnst7/ngrams/set_variant_qwen_support/vocab_2gram.txt,2775,-25.232637405395508,1.1005374127437842e-11,5.851173587724659e-10,73464,0.999994368874883
101349,candy during,2gram,/users/ljohnst7/data/ljohnst7/ngrams/set_variant_qwen_support/vocab_2gram.txt,2841,-25.232637405395508,1.1005374127437842e-11,5.851173587724659e-10,73465,0.9999943694600004
120340,wallet two,2gram,/users/ljohnst7/data/ljohnst7/ngrams/set_variant_qwen_support/vocab_2gram.txt,21832,-25.258079528808594,1.0728905922804151e-11,5.704185085737683e-10,73739,0.9999945277169177
101559,candy stripers,2gram,/users/ljohnst7/data/ljohnst7/ngrams/set_variant_qwen_support/vocab_2gram.txt,3051,-25.259654998779297,1.0712016161853384e-11,5.695205388906501e-10,73752,0.9999945351240329
107593,handkerchief rather,2gram,/users/ljohnst7/data/ljohnst7/ngrams/set_variant_qwen_support/vocab_2gram.txt,9085,-25.262229919433594,1.0684469051221405e-11,5.680559550947562e-10,73782,0.9999945521882017
101265,candy basket,2gram,/users/ljohnst7/data/ljohnst7/ngrams/set_variant_qwen_support/vocab_2gram.txt,2757,-25.263887405395508,1.0666774362158853e-11,5.671151901912925e-10,73801,0.9999945629731138
107598,handkerchief sachet,2gram,/users/ljohnst7/data/ljohnst7/ngrams/set_variant_qwen_support/vocab_2gram.txt,9090,-25.26548957824707,1.06496980291335e-11,5.662073011216785e-10,73818,0.9999945726065671
106778,gloves every,2gram,/users/ljohnst7/data/ljohnst7/ngrams/set_variant_qwen_support/vocab_2gram.txt,8270,-25.27627182006836,1.053548724031053e-11,5.60135111814383e-10,73929,0.9999946351098299
106795,gloves go,2gram,/users/ljohnst7/data/ljohnst7/ngrams/set_variant_qwen_support/vocab_2gram.txt,8287,-25.27627182006836,1.053548724031053e-11,5.60135111814383e-10,73930,0.999994635669965
107424,handkerchief aside,2gram,/users/ljohnst7/data/ljohnst7/ngrams/set_variant_qwen_support/vocab_2gram.txt,8916,-25.277854919433594,1.051882171222203e-11,5.592490638104918e-10,73947,0.9999946451830173
120305,wallet size,2gram,/users/ljohnst7/data/ljohnst7/ngrams/set_variant_qwen_support/vocab_2gram.txt,21797,-25.289329528808594,1.0398812189951872e-11,5.528685760701257e-10,74060,0.9999947080010472
106774,gloves each,2gram,/users/ljohnst7/data/ljohnst7/ngrams/set_variant_qwen_support/vocab_2gram.txt,8266,-25.29189682006836,1.037214965020166e-11,5.51451021822886e-10,74085,0.9999947218028874
101535,candy shops,2gram,/users/ljohnst7/data/ljohnst7/ngrams/set_variant_qwen_support/vocab_2gram.txt,3027,-25.295137405395508,1.0338592216464566e-11,5.496668901097735e-10,74122,0.9999947421742722
107457,handkerchief carelessly,2gram,/users/ljohnst7/data/ljohnst7/ngrams/set_variant_qwen_support/vocab_2gram.txt,8949,-25.30345344543457,1.025297257127285e-11,5.451147921916562e-10,74230,0.999994801292125
106932,gloves who,2gram,/users/ljohnst7/data/ljohnst7/ngrams/set_variant_qwen_support/vocab_2gram.txt,8424,-25.30752182006836,1.0211344374710426e-11,5.42901566167623e-10,74287,0.9999948322972143
107505,handkerchief found,2gram,/users/ljohnst7/data/ljohnst7/ngrams/set_variant_qwen_support/vocab_2gram.txt,8997,-25.309104919433594,1.0195191591016952e-11,5.420427789949103e-10,74307,0.9999948431453755
106867,gloves pulled,2gram,/users/ljohnst7/data/ljohnst7/ngrams/set_variant_qwen_support/vocab_2gram.txt,8359,-25.32314682006836,1.0053032153937634e-11,5.344846575366808e-10,74458,0.999994924432609
101237,candy along,2gram,/users/ljohnst7/data/ljohnst7/ngrams/set_variant_qwen_support/vocab_2gram.txt,2729,-25.326387405395508,1.0020507173895907e-11,5.32755417785649e-10,74493,0.9999949431149883
101483,candy paper,2gram,/users/ljohnst7/data/ljohnst7/ngrams/set_variant_qwen_support/vocab_2gram.txt,2975,-25.326387405395508,1.0020507173895907e-11,5.32755417785649e-10,74494,0.9999949436477437
106744,gloves belonging,2gram,/users/ljohnst7/data/ljohnst7/ngrams/set_variant_qwen_support/vocab_2gram.txt,8236,-25.33877182006836,9.897174336652407e-12,5.261982409789182e-10,74623,0.9999950119395905
113245,napkins as,2gram,/users/ljohnst7/data/ljohnst7/ngrams/set_variant_qwen_support/vocab_2gram.txt,14737,-25.35123634338379,9.774576425909301e-12,5.196801376510007e-10,74747,0.999995076793011
113339,napkins left,2gram,/users/ljohnst7/data/ljohnst7/ngrams/set_variant_qwen_support/vocab_2gram.txt,14831,-25.35123634338379,9.774576425909301e-12,5.196801376510007e-10,74748,0.9999950773126912
113436,napkins too,2gram,/users/ljohnst7/data/ljohnst7/ngrams/set_variant_qwen_support/vocab_2gram.txt,14928,-25.35123634338379,9.774576425909301e-12,5.196801376510007e-10,74749,0.9999950778323714
106766,gloves cut,2gram,/users/ljohnst7/data/ljohnst7/ngrams/set_variant_qwen_support/vocab_2gram.txt,8258,-25.35439682006836,9.743732870855663e-12,5.180402934022582e-10,74781,0.9999950944319717
107641,handkerchief till,2gram,/users/ljohnst7/data/ljohnst7/ngrams/set_variant_qwen_support/vocab_2gram.txt,9133,-25.387229919433594,9.429010843463859e-12,5.013076208658563e-10,75131,0.9999952728858889
107494,handkerchief fastened,2gram,/users/ljohnst7/data/ljohnst7/ngrams/set_variant_qwen_support/vocab_2gram.txt,8986,-25.401103973388672,9.299095548123325e-12,4.944004777198291e-10,75278,0.9999953460350266
106890,gloves stuffed,2gram,/users/ljohnst7/data/ljohnst7/ngrams/set_variant_qwen_support/vocab_2gram.txt,8382,-25.41689682006836,9.153389939446858e-12,4.86653818685807e-10,75445,0.9999954279239966
101228,candy a,2gram,/users/ljohnst7/data/ljohnst7/ngrams/set_variant_qwen_support/vocab_2gram.txt,2720,-25.420137405395508,9.123775608115186e-12,4.850793279751823e-10,75478,0.999995443956859
101538,candy sitting,2gram,/users/ljohnst7/data/ljohnst7/ngrams/set_variant_qwen_support/vocab_2gram.txt,3030,-25.420137405395508,9.123775608115186e-12,4.850793279751823e-10,75479,0.9999954444419383
101588,candy treat,2gram,/users/ljohnst7/data/ljohnst7/ngrams/set_variant_qwen_support/vocab_2gram.txt,3080,-25.420137405395508,9.123775608115186e-12,4.850793279751823e-10,75480,0.9999954449270176
101609,candy when,2gram,/users/ljohnst7/data/ljohnst7/ngrams/set_variant_qwen_support/vocab_2gram.txt,3101,-25.420137405395508,9.123775608115186e-12,4.850793279751823e-10,75481,0.999995445412097
106835,gloves more,2gram,/users/ljohnst7/data/ljohnst7/ngrams/set_variant_qwen_support/vocab_2gram.txt,8327,-25.43252182006836,9.011479781906583e-12,4.791089505512531e-10,75625,0.9999955148208513
107560,handkerchief more,2gram,/users/ljohnst7/data/ljohnst7/ngrams/set_variant_qwen_support/vocab_2gram.txt,9052,-25.434104919433594,8.997225000328974e-12,4.783510735313547e-10,75640,0.9999955220019076
113374,napkins or,2gram,/users/ljohnst7/data/ljohnst7/ngrams/set_variant_qwen_support/vocab_2gram.txt,14866,-25.44498634338379,8.89985311389144e-12,4.731741499346386e-10,75766,0.9999955819451506
106767,gloves designed,2gram,/users/ljohnst7/data/ljohnst7/ngrams/set_variant_qwen_support/vocab_2gram.txt,8259,-25.44814682006836,8.871769737433307e-12,4.716810547551091e-10,75787,0.9999955918631954
106775,gloves either,2gram,/users/ljohnst7/data/ljohnst7/ngrams/set_variant_qwen_support/vocab_2gram.txt,8267,-25.44814682006836,8.871769737433307e-12,4.716810547551091e-10,75788,0.9999955923348764
107497,handkerchief firmly,2gram,/users/ljohnst7/data/ljohnst7/ngrams/set_variant_qwen_support/vocab_2gram.txt,8989,-25.449729919433594,8.85773595575986e-12,4.709349275293308e-10,75803,0.999995599404362
106928,gloves whenever,2gram,/users/ljohnst7/data/ljohnst7/ngrams/set_variant_qwen_support/vocab_2gram.txt,8420,-25.46377182006836,8.734225696435498e-12,4.6436831780935787e-10,75943,0.9999956648684873
113243,napkins around,2gram,/users/ljohnst7/data/ljohnst7/ngrams/set_variant_qwen_support/vocab_2gram.txt,14735,-25.47623634338379,8.626033419941363e-12,4.5861611181174434e-10,76082,0.9999957290203111
120171,wallet chain,2gram,/users/ljohnst7/data/ljohnst7/ngrams/set_variant_qwen_support/vocab_2gram.txt,21663,-25.476829528808594,8.620918099959397e-12,4.5834414808906986e-10,76089,0.9999957322293446
107553,handkerchief makes,2gram,/users/ljohnst7/data/ljohnst7/ngrams/set_variant_qwen_support/vocab_2gram.txt,9045,-25.480979919433594,8.585212070538539e-12,4.5644578303713603e-10,76145,0.9999957578399624
120221,wallet held,2gram,/users/ljohnst7/data/ljohnst7/ngrams/set_variant_qwen_support/vocab_2gram.txt,21713,-25.508079528808594,8.355680334179305e-12,4.4424238115567364e-10,76454,0.9999958969737659
120343,wallet until,2gram,/users/ljohnst7/data/ljohnst7/ngrams/set_variant_qwen_support/vocab_2gram.txt,21835,-25.508079528808594,8.355680334179305e-12,4.4424238115567364e-10,76455,0.9999958974180083
120348,wallet we,2gram,/users/ljohnst7/data/ljohnst7/ngrams/set_variant_qwen_support/vocab_2gram.txt,21840,-25.508079528808594,8.355680334179305e-12,4.4424238115567364e-10,76456,0.9999958978622507
107439,handkerchief being,2gram,/users/ljohnst7/data/ljohnst7/ngrams/set_variant_qwen_support/vocab_2gram.txt,8931,-25.527854919433594,8.192066586467012e-12,4.3554360882756106e-10,76655,0.9999959853911276
107474,handkerchief dipped,2gram,/users/ljohnst7/data/ljohnst7/ngrams/set_variant_qwen_support/vocab_2gram.txt,8966,-25.527854919433594,8.192066586467012e-12,4.3554360882756106e-10,76656,0.9999959858266712
113330,napkins instead,2gram,/users/ljohnst7/data/ljohnst7/ngrams/set_variant_qwen_support/vocab_2gram.txt,14822,-25.53873634338379,8.103408474958517e-12,4.3082996625267823e-10,76773,0.9999960365322362
113345,napkins made,2gram,/users/ljohnst7/data/ljohnst7/ngrams/set_variant_qwen_support/vocab_2gram.txt,14837,-25.53873634338379,8.103408474958517e-12,4.3082996625267823e-10,76774,0.9999960369630662
120256,wallet missing,2gram,/users/ljohnst7/data/ljohnst7/ngrams/set_variant_qwen_support/vocab_2gram.txt,21748,-25.539329528808594,8.098603076546988e-12,4.305744799789864e-10,76779,0.9999960391164552
107451,handkerchief business,2gram,/users/ljohnst7/data/ljohnst7/ngrams/set_variant_qwen_support/vocab_2gram.txt,8943,-25.543479919433594,8.065060366087832e-12,4.287911310512112e-10,76825,0.9999960588801362
101280,candy boxes,2gram,/users/ljohnst7/data/ljohnst7/ngrams/set_variant_qwen_support/vocab_2gram.txt,2772,-25.545137405395508,8.051703714038536e-12,4.2808100444591546e-10,76839,0.999996064878942
106915,gloves until,2gram,/users/ljohnst7/data/ljohnst7/ngrams/set_variant_qwen_support/vocab_2gram.txt,8407,-25.55752182006836,7.952602995236266e-12,4.2281216486203696e-10,76959,0.9999961159152572
107665,handkerchief well,2gram,/users/ljohnst7/data/ljohnst7/ngrams/set_variant_qwen_support/vocab_2gram.txt,9157,-25.559104919433594,7.940023194647005e-12,4.221433407394366e-10,76972,0.9999961214075155
120144,wallet away,2gram,/users/ljohnst7/data/ljohnst7/ngrams/set_variant_qwen_support/vocab_2gram.txt,21636,-25.570579528808594,7.849435254621708e-12,4.173270959130028e-10,77112,0.9999961801700746
120225,wallet holding,2gram,/users/ljohnst7/data/ljohnst7/ngrams/set_variant_qwen_support/vocab_2gram.txt,21717,-25.570579528808594,7.849435254621708e-12,4.173270959130028e-10,77113,0.9999961805874017
101366,candy first,2gram,/users/ljohnst7/data/ljohnst7/ngrams/set_variant_qwen_support/vocab_2gram.txt,2858,-25.576387405395508,7.803978833802763e-12,4.1491033655699686e-10,77170,0.9999962043067552
106914,gloves unless,2gram,/users/ljohnst7/data/ljohnst7/ngrams/set_variant_qwen_support/vocab_2gram.txt,8406,-25.58877182006836,7.707927123579107e-12,4.0980360212517737e-10,77279,0.9999962492625322
120229,wallet i,2gram,/users/ljohnst7/data/ljohnst7/ngrams/set_variant_qwen_support/vocab_2gram.txt,21721,-25.601829528808594,7.607933520649643e-12,4.0448729100637925e-10,77408,0.9999963017701129
120280,wallet photo,2gram,/users/ljohnst7/data/ljohnst7/ngrams/set_variant_qwen_support/vocab_2gram.txt,21772,-25.601829528808594,7.607933520649643e-12,4.0448729100637925e-10,77409,0.9999963021746002
101314,candy consumption,2gram,/users/ljohnst7/data/ljohnst7/ngrams/set_variant_qwen_support/vocab_2gram.txt,2806,-25.607637405395508,7.56387564687158e-12,4.0214488751880665e-10,77471,0.9999963271857378
101375,candy girl,2gram,/users/ljohnst7/data/ljohnst7/ngrams/set_variant_qwen_support/vocab_2gram.txt,2867,-25.607637405395508,7.56387564687158e-12,4.0214488751880665e-10,77472,0.9999963275878827
113326,napkins if,2gram,/users/ljohnst7/data/ljohnst7/ngrams/set_variant_qwen_support/vocab_2gram.txt,14818,-25.63248634338379,7.37823737894451e-12,3.9227514826607395e-10,77722,0.9999964268639168
120320,wallet taken,2gram,/users/ljohnst7/data/ljohnst7/ngrams/set_variant_qwen_support/vocab_2gram.txt,21812,-25.633079528808594,7.373862013900254e-12,3.9204252536668715e-10,77731,0.9999964303929381
106808,gloves hung,2gram,/users/ljohnst7/data/ljohnst7/ngrams/set_variant_qwen_support/vocab_2gram.txt,8300,-25.65127182006836,7.240927427104514e-12,3.8497485702440785e-10,77891,0.9999964925292617
107604,handkerchief several,2gram,/users/ljohnst7/data/ljohnst7/ngrams/set_variant_qwen_support/vocab_2gram.txt,9096,-25.652854919433594,7.2294733883238976e-12,3.8436588573083926e-10,77909,0.9999964994523324
120123,wallet about,2gram,/users/ljohnst7/data/ljohnst7/ngrams/set_variant_qwen_support/vocab_2gram.txt,21615,-25.664329528808594,7.1469921303147926e-12,3.799806449134284e-10,78025,0.9999965437671541
120357,wallet will,2gram,/users/ljohnst7/data/ljohnst7/ngrams/set_variant_qwen_support/vocab_2gram.txt,21849,-25.664329528808594,7.1469921303147926e-12,3.799806449134284e-10,78026,0.9999965441471347
106834,gloves might,2gram,/users/ljohnst7/data/ljohnst7/ngrams/set_variant_qwen_support/vocab_2gram.txt,8326,-25.66689682006836,7.128667252599133e-12,3.79006375077196e-10,78050,0.9999965532525947
101277,candy bought,2gram,/users/ljohnst7/data/ljohnst7/ngrams/set_variant_qwen_support/vocab_2gram.txt,2769,-25.670137405395508,7.105603588167891e-12,3.777801604788228e-10,78087,0.9999965672511678
101444,candy man,2gram,/users/ljohnst7/data/ljohnst7/ngrams/set_variant_qwen_support/vocab_2gram.txt,2936,-25.670137405395508,7.105603588167891e-12,3.777801604788228e-10,78088,0.999996567628948
101451,candy melts,2gram,/users/ljohnst7/data/ljohnst7/ngrams/set_variant_qwen_support/vocab_2gram.txt,2943,-25.670137405395508,7.105603588167891e-12,3.777801604788228e-10,78089,0.9999965680067281
101506,candy red,2gram,/users/ljohnst7/data/ljohnst7/ngrams/set_variant_qwen_support/vocab_2gram.txt,2998,-25.670137405395508,7.105603588167891e-12,3.777801604788228e-10,78090,0.9999965683845082
101606,candy we,2gram,/users/ljohnst7/data/ljohnst7/ngrams/set_variant_qwen_support/vocab_2gram.txt,3098,-25.670137405395508,7.105603588167891e-12,3.777801604788228e-10,78091,0.9999965687622884
107648,handkerchief trick,2gram,/users/ljohnst7/data/ljohnst7/ngrams/set_variant_qwen_support/vocab_2gram.txt,9140,-25.684104919433594,7.007045875725826e-12,3.7254019064926617e-10,78231,0.9999966212877186
120174,wallet closed,2gram,/users/ljohnst7/data/ljohnst7/ngrams/set_variant_qwen_support/vocab_2gram.txt,21666,-25.695579528808594,6.927102299241983e-12,3.6828986950784937e-10,78349,0.9999966649989684
106919,gloves using,2gram,/users/ljohnst7/data/ljohnst7/ngrams/set_variant_qwen_support/vocab_2gram.txt,8411,-25.69814682006836,6.909341218742251e-12,3.673455748032251e-10,78382,0.9999966771383488
107517,handkerchief has,2gram,/users/ljohnst7/data/ljohnst7/ngrams/set_variant_qwen_support/vocab_2gram.txt,9009,-25.699729919433594,6.898411698585517e-12,3.6676449033551813e-10,78404,0.9999966852136811
107640,handkerchief tightly,2gram,/users/ljohnst7/data/ljohnst7/ngrams/set_variant_qwen_support/vocab_2gram.txt,9132,-25.699729919433594,6.898411698585517e-12,3.6676449033551813e-10,78405,0.9999966855804456
101272,candy behind,2gram,/users/ljohnst7/data/ljohnst7/ngrams/set_variant_qwen_support/vocab_2gram.txt,2764,-25.701387405395508,6.886987148666681e-12,3.661570868618818e-10,78415,0.9999966892459441
101316,candy containers,2gram,/users/ljohnst7/data/ljohnst7/ngrams/set_variant_qwen_support/vocab_2gram.txt,2808,-25.701387405395508,6.886987148666681e-12,3.661570868618818e-10,78416,0.9999966896121012
120246,wallet like,2gram,/users/ljohnst7/data/ljohnst7/ngrams/set_variant_qwen_support/vocab_2gram.txt,21738,-25.726829528808594,6.713977767042826e-12,3.569587814479635e-10,78659,0.9999967774447841
106773,gloves during,2gram,/users/ljohnst7/data/ljohnst7/ngrams/set_variant_qwen_support/vocab_2gram.txt,8265,-25.72939682006836,6.696763137542277e-12,3.560435396371017e-10,78682,0.999996785644789
106820,gloves kept,2gram,/users/ljohnst7/data/ljohnst7/ngrams/set_variant_qwen_support/vocab_2gram.txt,8312,-25.72939682006836,6.696763137542277e-12,3.560435396371017e-10,78683,0.9999967860008325
101260,candy balls,2gram,/users/ljohnst7/data/ljohnst7/ngrams/set_variant_qwen_support/vocab_2gram.txt,2752,-25.732637405395508,6.675096829899221e-12,3.5489161762557736e-10,78726,0.9999968012832507
106917,gloves upon,2gram,/users/ljohnst7/data/ljohnst7/ngrams/set_variant_qwen_support/vocab_2gram.txt,8409,-25.74502182006836,6.592939448379532e-12,3.505235961915205e-10,78853,0.9999968460524475
107485,handkerchief each,2gram,/users/ljohnst7/data/ljohnst7/ngrams/set_variant_qwen_support/vocab_2gram.txt,8977,-25.746604919433594,6.582510427390132e-12,3.499691215189433e-10,78871,0.9999968523584495
107561,handkerchief must,2gram,/users/ljohnst7/data/ljohnst7/ngrams/set_variant_qwen_support/vocab_2gram.txt,9053,-25.746604919433594,6.582510427390132e-12,3.499691215189433e-10,78872,0.9999968527084186
120124,wallet across,2gram,/users/ljohnst7/data/ljohnst7/ngrams/set_variant_qwen_support/vocab_2gram.txt,21616,-25.758079528808594,6.507410387353181e-12,3.459763143175441e-10,78995,0.9999968955148987
101463,candy must,2gram,/users/ljohnst7/data/ljohnst7/ngrams/set_variant_qwen_support/vocab_2gram.txt,2955,-25.763887405395508,6.469725690886013e-12,3.439727504397803e-10,79054,0.9999969158698708
101624,candy wrapped,2gram,/users/ljohnst7/data/ljohnst7/ngrams/set_variant_qwen_support/vocab_2gram.txt,3116,-25.763887405395508,6.469725690886013e-12,3.439727504397803e-10,79055,0.9999969162138436
101561,candy stuck,2gram,/users/ljohnst7/data/ljohnst7/ngrams/set_variant_qwen_support/vocab_2gram.txt,3053,-25.795137405395508,6.27067315755215e-12,3.3338982148047256e-10,79336,0.999997011380094
107539,handkerchief itself,2gram,/users/ljohnst7/data/ljohnst7/ngrams/set_variant_qwen_support/vocab_2gram.txt,9031,-25.809104919433594,6.183696281596205e-12,3.2876556433625206e-10,79467,0.9999970547507623
107661,handkerchief was,2gram,/users/ljohnst7/data/ljohnst7/ngrams/set_variant_qwen_support/vocab_2gram.txt,9153,-25.809104919433594,6.183696281596205e-12,3.2876556433625206e-10,79468,0.9999970550795279
113376,napkins over,2gram,/users/ljohnst7/data/ljohnst7/ngrams/set_variant_qwen_support/vocab_2gram.txt,14868,-25.81998634338379,6.116773627992036e-12,3.252075202511091e-10,79592,0.9999970956236169
98924,bandana were,2gram,/users/ljohnst7/data/ljohnst7/ngrams/set_variant_qwen_support/vocab_2gram.txt,416,-25.82370376586914,6.09407720839705e-12,3.2400083077983517e-10,79629,0.999997107637776
107491,handkerchief fall,2gram,/users/ljohnst7/data/ljohnst7/ngrams/set_variant_qwen_support/vocab_2gram.txt,8983,-25.824729919433594,6.087826956755057e-12,3.2366852669911255e-10,79640,0.9999971111994765
101231,candy after,2gram,/users/ljohnst7/data/ljohnst7/ngrams/set_variant_qwen_support/vocab_2gram.txt,2723,-25.826387405395508,6.0777448268382605e-12,3.231324950150093e-10,79659,0.9999971173443095
101266,candy be,2gram,/users/ljohnst7/data/ljohnst7/ngrams/set_variant_qwen_support/vocab_2gram.txt,2758,-25.826387405395508,6.0777448268382605e-12,3.231324950150093e-10,79660,0.999997117667442
101311,candy companies,2gram,/users/ljohnst7/data/ljohnst7/ngrams/set_variant_qwen_support/vocab_2gram.txt,2803,-25.826387405395508,6.0777448268382605e-12,3.231324950150093e-10,79661,0.9999971179905746
101317,candy containing,2gram,/users/ljohnst7/data/ljohnst7/ngrams/set_variant_qwen_support/vocab_2gram.txt,2809,-25.826387405395508,6.0777448268382605e-12,3.231324950150093e-10,79662,0.9999971183137071
101459,candy money,2gram,/users/ljohnst7/data/ljohnst7/ngrams/set_variant_qwen_support/vocab_2gram.txt,2951,-25.826387405395508,6.0777448268382605e-12,3.231324950150093e-10,79663,0.9999971186368396
101489,candy pills,2gram,/users/ljohnst7/data/ljohnst7/ngrams/set_variant_qwen_support/vocab_2gram.txt,2981,-25.826387405395508,6.0777448268382605e-12,3.231324950150093e-10,79664,0.9999971189599721
101525,candy seller,2gram,/users/ljohnst7/data/ljohnst7/ngrams/set_variant_qwen_support/vocab_2gram.txt,3017,-25.826387405395508,6.0777448268382605e-12,3.231324950150093e-10,79665,0.9999971192831046
101623,candy would,2gram,/users/ljohnst7/data/ljohnst7/ngrams/set_variant_qwen_support/vocab_2gram.txt,3115,-25.826387405395508,6.0777448268382605e-12,3.231324950150093e-10,79666,0.9999971196062372
106892,gloves than,2gram,/users/ljohnst7/data/ljohnst7/ngrams/set_variant_qwen_support/vocab_2gram.txt,8384,-25.85439682006836,5.909872726223756e-12,3.142073209149979e-10,79919,0.9999972002555912
101234,candy aisle,2gram,/users/ljohnst7/data/ljohnst7/ngrams/set_variant_qwen_support/vocab_2gram.txt,2726,-25.857637405395508,5.890752276838315e-12,3.1319075330780864e-10,79945,0.9999972084121952
101575,candy thermometers,2gram,/users/ljohnst7/data/ljohnst7/ngrams/set_variant_qwen_support/vocab_2gram.txt,3067,-25.876052856445312,5.783264175250031e-12,3.074759858339795e-10,80138,0.9999972682894397
120131,wallet also,2gram,/users/ljohnst7/data/ljohnst7/ngrams/set_variant_qwen_support/vocab_2gram.txt,21623,-25.883079528808594,5.742769510686004e-12,3.053230257528671e-10,80215,0.9999972918830301
106798,gloves has,2gram,/users/ljohnst7/data/ljohnst7/ngrams/set_variant_qwen_support/vocab_2gram.txt,8290,-25.88564682006836,5.728045057781381e-12,3.0454017794659004e-10,80240,0.9999972995060356
106801,gloves he,2gram,/users/ljohnst7/data/ljohnst7/ngrams/set_variant_qwen_support/vocab_2gram.txt,8293,-25.88564682006836,5.728045057781381e-12,3.0454017794659004e-10,80241,0.9999972998105757
101543,candy sprinkles,2gram,/users/ljohnst7/data/ljohnst7/ngrams/set_variant_qwen_support/vocab_2gram.txt,3035,-25.8867130279541,5.721941025632749e-12,3.042156478463579e-10,80253,0.9999973034624728
101504,candy recipe,2gram,/users/ljohnst7/data/ljohnst7/ngrams/set_variant_qwen_support/vocab_2gram.txt,2996,-25.888887405395508,5.709512882778888e-12,3.035548868366101e-10,80272,0.9999973092363841
101619,candy without,2gram,/users/ljohnst7/data/ljohnst7/ngrams/set_variant_qwen_support/vocab_2gram.txt,3111,-25.888887405395508,5.709512882778888e-12,3.035548868366101e-10,80273,0.9999973095399389
101439,candy maker,2gram,/users/ljohnst7/data/ljohnst7/ngrams/set_variant_qwen_support/vocab_2gram.txt,2931,-25.920137405395508,5.5338496386601375e-12,2.9421548480974824e-10,80595,0.999997405785539
106784,gloves fitted,2gram,/users/ljohnst7/data/ljohnst7/ngrams/set_variant_qwen_support/vocab_2gram.txt,8276,-25.93252182006836,5.465738777106859e-12,2.90594267852079e-10,80730,0.9999974452620984
113375,napkins out,2gram,/users/ljohnst7/data/ljohnst7/ngrams/set_variant_qwen_support/vocab_2gram.txt,14867,-25.94498634338379,5.39803378051411e-12,2.8699462931882086e-10,80846,0.9999974787824364
113441,napkins under,2gram,/users/ljohnst7/data/ljohnst7/ngrams/set_variant_qwen_support/vocab_2gram.txt,14933,-25.94498634338379,5.39803378051411e-12,2.8699462931882086e-10,80847,0.999997479069431
101408,candy it,2gram,/users/ljohnst7/data/ljohnst7/ngrams/set_variant_qwen_support/vocab_2gram.txt,2900,-25.951387405395508,5.363590984384313e-12,2.8516342597517794e-10,80908,0.9999974965227728
101419,candy kid,2gram,/users/ljohnst7/data/ljohnst7/ngrams/set_variant_qwen_support/vocab_2gram.txt,2911,-25.951387405395508,5.363590984384313e-12,2.8516342597517794e-10,80909,0.9999974968079363
101589,candy treats,2gram,/users/ljohnst7/data/ljohnst7/ngrams/set_variant_qwen_support/vocab_2gram.txt,3081,-25.951387405395508,5.363590984384313e-12,2.8516342597517794e-10,80910,0.9999974970930997
107548,handkerchief linen,2gram,/users/ljohnst7/data/ljohnst7/ngrams/set_variant_qwen_support/vocab_2gram.txt,9040,-25.965354919433594,5.2891957199515985e-12,2.81208089234601e-10,81049,0.9999975364647604
120207,wallet found,2gram,/users/ljohnst7/data/ljohnst7/ngrams/set_variant_qwen_support/vocab_2gram.txt,21699,-25.976829528808594,5.228851142496956e-12,2.779997785158885e-10,81177,0.9999975722458851
120330,wallet through,2gram,/users/ljohnst7/data/ljohnst7/ngrams/set_variant_qwen_support/vocab_2gram.txt,21822,-25.976829528808594,5.228851142496956e-12,2.779997785158885e-10,81178,0.9999975725238849
106924,gloves wear,2gram,/users/ljohnst7/data/ljohnst7/ngrams/set_variant_qwen_support/vocab_2gram.txt,8416,-25.97939682006836,5.215444375561644e-12,2.772869874768896e-10,81204,0.9999975797412796
101396,candy house,2gram,/users/ljohnst7/data/ljohnst7/ngrams/set_variant_qwen_support/vocab_2gram.txt,2888,-25.982637405395508,5.198570638202966e-12,2.763898697122772e-10,81239,0.9999975894300326
101398,candy ice,2gram,/users/ljohnst7/data/ljohnst7/ngrams/set_variant_qwen_support/vocab_2gram.txt,2890,-25.982637405395508,5.198570638202966e-12,2.763898697122772e-10,81240,0.9999975897064225
101406,candy into,2gram,/users/ljohnst7/data/ljohnst7/ngrams/set_variant_qwen_support/vocab_2gram.txt,2898,-25.982637405395508,5.198570638202966e-12,2.763898697122772e-10,81241,0.9999975899828124
101583,candy together,2gram,/users/ljohnst7/data/ljohnst7/ngrams/set_variant_qwen_support/vocab_2gram.txt,3075,-25.982637405395508,5.198570638202966e-12,2.763898697122772e-10,81242,0.9999975902592023
113286,napkins down,2gram,/users/ljohnst7/data/ljohnst7/ngrams/set_variant_qwen_support/vocab_2gram.txt,14778,-26.00748634338379,5.070983446923365e-12,2.6960650373941165e-10,81518,0.9999976655965358
113457,napkins where,2gram,/users/ljohnst7/data/ljohnst7/ngrams/set_variant_qwen_support/vocab_2gram.txt,14949,-26.00748634338379,5.070983446923365e-12,2.6960650373941165e-10,81519,0.9999976658661422
120237,wallet into,2gram,/users/ljohnst7/data/ljohnst7/ngrams/set_variant_qwen_support/vocab_2gram.txt,21729,-26.008079528808594,5.067976305437651e-12,2.6944662451466185e-10,81530,0.9999976688306457
101259,candy ball,2gram,/users/ljohnst7/data/ljohnst7/ngrams/set_variant_qwen_support/vocab_2gram.txt,2751,-26.013887405395508,5.038627434319213e-12,2.678862473977258e-10,81575,0.9999976809240908
101309,candy come,2gram,/users/ljohnst7/data/ljohnst7/ngrams/set_variant_qwen_support/vocab_2gram.txt,2801,-26.013887405395508,5.038627434319213e-12,2.678862473977258e-10,81576,0.9999976811919771
101421,candy kiss,2gram,/users/ljohnst7/data/ljohnst7/ngrams/set_variant_qwen_support/vocab_2gram.txt,2913,-26.013887405395508,5.038627434319213e-12,2.678862473977258e-10,81577,0.9999976814598633
106736,gloves be,2gram,/users/ljohnst7/data/ljohnst7/ngrams/set_variant_qwen_support/vocab_2gram.txt,8228,-26.02627182006836,4.976611789152431e-12,2.645890918369629e-10,81689,0.9999977112570541
106791,gloves get,2gram,/users/ljohnst7/data/ljohnst7/ngrams/set_variant_qwen_support/vocab_2gram.txt,8283,-26.02627182006836,4.976611789152431e-12,2.645890918369629e-10,81690,0.9999977115216432
107557,handkerchief might,2gram,/users/ljohnst7/data/ljohnst7/ngrams/set_variant_qwen_support/vocab_2gram.txt,9049,-26.027854919433594,4.968739551099657e-12,2.6417055239580177e-10,81712,0.9999977173382899
107578,handkerchief passed,2gram,/users/ljohnst7/data/ljohnst7/ngrams/set_variant_qwen_support/vocab_2gram.txt,9070,-26.027854919433594,4.968739551099657e-12,2.6417055239580177e-10,81713,0.9999977176024605
101321,candy corns,2gram,/users/ljohnst7/data/ljohnst7/ngrams/set_variant_qwen_support/vocab_2gram.txt,2813,-26.030912399291992,4.953570930692814e-12,2.633640897525603e-10,81742,0.9999977252488825
106730,gloves aside,2gram,/users/ljohnst7/data/ljohnst7/ngrams/set_variant_qwen_support/vocab_2gram.txt,8222,-26.04189682006836,4.899456574779679e-12,2.6048701818398675e-10,81838,0.9999977503928364
106783,gloves fit,2gram,/users/ljohnst7/data/ljohnst7/ngrams/set_variant_qwen_support/vocab_2gram.txt,8275,-26.04189682006836,4.899456574779679e-12,2.6048701818398675e-10,81839,0.9999977506533234
107544,handkerchief lay,2gram,/users/ljohnst7/data/ljohnst7/ngrams/set_variant_qwen_support/vocab_2gram.txt,9036,-26.043479919433594,4.891706384465465e-12,2.6007496759541737e-10,81856,0.9999977550776933
101379,candy habit,2gram,/users/ljohnst7/data/ljohnst7/ngrams/set_variant_qwen_support/vocab_2gram.txt,2871,-26.045137405395508,4.883605165486453e-12,2.5964425403702784e-10,81869,0.9999977584553981
101460,candy more,2gram,/users/ljohnst7/data/ljohnst7/ngrams/set_variant_qwen_support/vocab_2gram.txt,2952,-26.045137405395508,4.883605165486453e-12,2.5964425403702784e-10,81870,0.9999977587150424
107601,handkerchief scented,2gram,/users/ljohnst7/data/ljohnst7/ngrams/set_variant_qwen_support/vocab_2gram.txt,9093,-26.069202423095703,4.767483954244897e-12,2.534704942327406e-10,82116,0.9999978218371232
120268,wallet once,2gram,/users/ljohnst7/data/ljohnst7/ngrams/set_variant_qwen_support/vocab_2gram.txt,21760,-26.070579528808594,4.760923143357307e-12,2.5312167880007106e-10,82135,0.9999978266501209
120316,wallet strapped,2gram,/users/ljohnst7/data/ljohnst7/ngrams/set_variant_qwen_support/vocab_2gram.txt,21808,-26.070579528808594,4.760923143357307e-12,2.5312167880007106e-10,82136,0.9999978269032426
106776,gloves embroidered,2gram,/users/ljohnst7/data/ljohnst7/ngrams/set_variant_qwen_support/vocab_2gram.txt,8268,-26.07314682006836,4.748716143150098e-12,2.524726751735638e-10,82168,0.9999978349923352
107475,handkerchief displayed,2gram,/users/ljohnst7/data/ljohnst7/ngrams/set_variant_qwen_support/vocab_2gram.txt,8967,-26.074729919433594,4.741204401124046e-12,2.5207330204883674e-10,82180,0.999997838019141
101310,candy comes,2gram,/users/ljohnst7/data/ljohnst7/ngrams/set_variant_qwen_support/vocab_2gram.txt,2802,-26.076387405395508,4.733352430449817e-12,2.5165584015350607e-10,82199,0.9999978428049023
107456,handkerchief carefully,2gram,/users/ljohnst7/data/ljohnst7/ngrams/set_variant_qwen_support/vocab_2gram.txt,8948,-26.090354919433594,4.667698840020984e-12,2.481652677312679e-10,82328,0.9999978750183603
120179,wallet could,2gram,/users/ljohnst7/data/ljohnst7/ngrams/set_variant_qwen_support/vocab_2gram.txt,21671,-26.101829528808594,4.614444937329486e-12,2.4533394345947513e-10,82430,0.9999979001886766
106920,gloves usually,2gram,/users/ljohnst7/data/ljohnst7/ngrams/set_variant_qwen_support/vocab_2gram.txt,8412,-26.10439682006836,4.6026135070354e-12,2.4470490757536855e-10,82465,0.9999979087648849
107650,handkerchief trimmed,2gram,/users/ljohnst7/data/ljohnst7/ngrams/set_variant_qwen_support/vocab_2gram.txt,9142,-26.105979919433594,4.5953328770149365e-12,2.443178218699265e-10,82477,0.9999979116992772
101300,candy chocolate,2gram,/users/ljohnst7/data/ljohnst7/ngrams/set_variant_qwen_support/vocab_2gram.txt,2792,-26.107637405395508,4.58772248608134e-12,2.4391320392684456e-10,82490,0.9999979148716791
101466,candy no,2gram,/users/ljohnst7/data/ljohnst7/ngrams/set_variant_qwen_support/vocab_2gram.txt,2958,-26.107637405395508,4.58772248608134e-12,2.4391320392684456e-10,82491,0.9999979151155923
106859,gloves per,2gram,/users/ljohnst7/data/ljohnst7/ngrams/set_variant_qwen_support/vocab_2gram.txt,8351,-26.12002182006836,4.531256598589318e-12,2.409111096256881e-10,82617,0.9999979456585613
107558,handkerchief moistened,2gram,/users/ljohnst7/data/ljohnst7/ngrams/set_variant_qwen_support/vocab_2gram.txt,9050,-26.12869644165039,4.492119656803274e-12,2.388303349293341e-10,82718,0.999997969873139
120311,wallet some,2gram,/users/ljohnst7/data/ljohnst7/ngrams/set_variant_qwen_support/vocab_2gram.txt,21803,-26.133079528808594,4.472473391920848e-12,2.377858115460636e-10,82760,0.9999979798818704
101381,candy hair,2gram,/users/ljohnst7/data/ljohnst7/ngrams/set_variant_qwen_support/vocab_2gram.txt,2873,-26.138887405395508,4.446573104064472e-12,2.3640878357350364e-10,82812,0.9999979922107658
101455,candy mint,2gram,/users/ljohnst7/data/ljohnst7/ngrams/set_variant_qwen_support/vocab_2gram.txt,2947,-26.138887405395508,4.446573104064472e-12,2.3640878357350364e-10,82813,0.9999979924471746
101580,candy tin,2gram,/users/ljohnst7/data/ljohnst7/ngrams/set_variant_qwen_support/vocab_2gram.txt,3072,-26.138887405395508,4.446573104064472e-12,2.3640878357350364e-10,82814,0.9999979926835834
106852,gloves once,2gram,/users/ljohnst7/data/ljohnst7/ngrams/set_variant_qwen_support/vocab_2gram.txt,8344,-26.15127182006836,4.391844489293002e-12,2.334990540037908e-10,82921,0.9999980178037132
120132,wallet always,2gram,/users/ljohnst7/data/ljohnst7/ngrams/set_variant_qwen_support/vocab_2gram.txt,21624,-26.164329528808594,4.33486985176083e-12,2.3046991123737366e-10,83071,0.9999980526067811
107591,handkerchief quickly,2gram,/users/ljohnst7/data/ljohnst7/ngrams/set_variant_qwen_support/vocab_2gram.txt,9083,-26.168479919433594,4.3169157326440626e-12,2.2951535334274487e-10,83113,0.9999980622675666
101246,candy are,2gram,/users/ljohnst7/data/ljohnst7/ngrams/set_variant_qwen_support/vocab_2gram.txt,2738,-26.170137405395508,4.309766431987926e-12,2.2913524996156493e-10,83131,0.9999980663957191
101376,candy given,2gram,/users/ljohnst7/data/ljohnst7/ngrams/set_variant_qwen_support/vocab_2gram.txt,2868,-26.170137405395508,4.309766431987926e-12,2.2913524996156493e-10,83132,0.9999980666248544
101446,candy manufacturer,2gram,/users/ljohnst7/data/ljohnst7/ngrams/set_variant_qwen_support/vocab_2gram.txt,2938,-26.170137405395508,4.309766431987926e-12,2.2913524996156493e-10,83133,0.9999980668539896
107603,handkerchief served,2gram,/users/ljohnst7/data/ljohnst7/ngrams/set_variant_qwen_support/vocab_2gram.txt,9095,-26.176292419433594,4.2833212278873005e-12,2.277292506928096e-10,83189,0.9999980796409348
120190,wallet during,2gram,/users/ljohnst7/data/ljohnst7/ngrams/set_variant_qwen_support/vocab_2gram.txt,21682,-26.195579528808594,4.201499927456139e-12,2.233790975180756e-10,83391,0.9999981251998712
101475,candy once,2gram,/users/ljohnst7/data/ljohnst7/ngrams/set_variant_qwen_support/vocab_2gram.txt,2967,-26.201387405395508,4.17716885871323e-12,2.2208549945279319e-10,83448,0.9999981378940828
107546,handkerchief lightly,2gram,/users/ljohnst7/data/ljohnst7/ngrams/set_variant_qwen_support/vocab_2gram.txt,9038,-26.207542419433594,4.151537288006394e-12,2.207227582338661e-10,83506,0.9999981507342327
106800,gloves having,2gram,/users/ljohnst7/data/ljohnst7/ngrams/set_variant_qwen_support/vocab_2gram.txt,8292,-26.21377182006836,4.125756083087225e-12,2.1935206148575033e-10,83552,0.9999981608545909
107520,handkerchief having,2gram,/users/ljohnst7/data/ljohnst7/ngrams/set_variant_qwen_support/vocab_2gram.txt,9012,-26.215354919433594,4.119229768516228e-12,2.190050801019208e-10,83569,0.9999981645798007
98865,bandana days,2gram,/users/ljohnst7/data/ljohnst7/ngrams/set_variant_qwen_support/vocab_2gram.txt,357,-26.22214126586914,4.0913698885805565e-12,2.17523867452999e-10,83643,0.9999981807372725
113235,napkins along,2gram,/users/ljohnst7/data/ljohnst7/ngrams/set_variant_qwen_support/vocab_2gram.txt,14727,-26.22623634338379,4.0746496704064876e-12,2.1663491176800145e-10,83678,0.9999981883334456
113267,napkins by,2gram,/users/ljohnst7/data/ljohnst7/ngrams/set_variant_qwen_support/vocab_2gram.txt,14759,-26.22623634338379,4.0746496704064876e-12,2.1663491176800145e-10,83679,0.9999981885500805
113344,napkins lying,2gram,/users/ljohnst7/data/ljohnst7/ngrams/set_variant_qwen_support/vocab_2gram.txt,14836,-26.22623634338379,4.0746496704064876e-12,2.1663491176800145e-10,83680,0.9999981887667154
120214,wallet got,2gram,/users/ljohnst7/data/ljohnst7/ngrams/set_variant_qwen_support/vocab_2gram.txt,21706,-26.226829528808594,4.0722333643404395e-12,2.165064452018511e-10,83686,0.999998190066014
101377,candy goes,2gram,/users/ljohnst7/data/ljohnst7/ngrams/set_variant_qwen_support/vocab_2gram.txt,2869,-26.232637405395508,4.048650883884483e-12,2.1525264696492508e-10,83733,0.9999982002126266
101428,candy last,2gram,/users/ljohnst7/data/ljohnst7/ngrams/set_variant_qwen_support/vocab_2gram.txt,2920,-26.232637405395508,4.048650883884483e-12,2.1525264696492508e-10,83734,0.9999982004278792
101442,candy making,2gram,/users/ljohnst7/data/ljohnst7/ngrams/set_variant_qwen_support/vocab_2gram.txt,2934,-26.232637405395508,4.048650883884483e-12,2.1525264696492508e-10,83735,0.9999982006431318
101468,candy not,2gram,/users/ljohnst7/data/ljohnst7/ngrams/set_variant_qwen_support/vocab_2gram.txt,2960,-26.232637405395508,4.048650883884483e-12,2.1525264696492508e-10,83736,0.9999982008583844
107429,handkerchief balled,2gram,/users/ljohnst7/data/ljohnst7/ngrams/set_variant_qwen_support/vocab_2gram.txt,8921,-26.24118423461914,4.014195209320706e-12,2.134207589198637e-10,83810,0.999998216715639
107421,handkerchief are,2gram,/users/ljohnst7/data/ljohnst7/ngrams/set_variant_qwen_support/vocab_2gram.txt,8913,-26.246604919433594,3.992494392090225e-12,2.122670021539355e-10,83852,0.9999982256526461
120146,wallet be,2gram,/users/ljohnst7/data/ljohnst7/ngrams/set_variant_qwen_support/vocab_2gram.txt,21638,-26.258079528808594,3.946943915262168e-12,2.0984524216796544e-10,83987,0.999998254152607
120193,wallet empty,2gram,/users/ljohnst7/data/ljohnst7/ngrams/set_variant_qwen_support/vocab_2gram.txt,21685,-26.258079528808594,3.946943915262168e-12,2.0984524216796544e-10,83988,0.9999982543624523
106891,gloves such,2gram,/users/ljohnst7/data/ljohnst7/ngrams/set_variant_qwen_support/vocab_2gram.txt,8383,-26.26064682006836,3.936823956644758e-12,2.093071992637862e-10,84012,0.9999982593918293
106792,gloves give,2gram,/users/ljohnst7/data/ljohnst7/ngrams/set_variant_qwen_support/vocab_2gram.txt,8284,-26.27627182006836,3.875789158434298e-12,2.0606219191477854e-10,84159,0.9999982899157729
107519,handkerchief have,2gram,/users/ljohnst7/data/ljohnst7/ngrams/set_variant_qwen_support/vocab_2gram.txt,9011,-26.285667419433594,3.839544333835535e-12,2.0413518100239834e-10,84250,0.9999983085749329
120341,wallet und,2gram,/users/ljohnst7/data/ljohnst7/ngrams/set_variant_qwen_support/vocab_2gram.txt,21833,-26.289329528808594,3.825509217286276e-12,2.0338898280592887e-10,84283,0.999998315297555
120362,wallet would,2gram,/users/ljohnst7/data/ljohnst7/ngrams/set_variant_qwen_support/vocab_2gram.txt,21854,-26.289329528808594,3.825509217286276e-12,2.0338898280592887e-10,84284,0.999998315500944
101364,candy filled,2gram,/users/ljohnst7/data/ljohnst7/ngrams/set_variant_qwen_support/vocab_2gram.txt,2856,-26.295137405395508,3.803355527092407e-12,2.0221114836402808e-10,84331,0.9999983250329922
113334,napkins just,2gram,/users/ljohnst7/data/ljohnst7/ngrams/set_variant_qwen_support/vocab_2gram.txt,14826,-26.31998634338379,3.710010743898848e-12,1.9724833180141478e-10,84569,0.9999983725627994
120208,wallet free,2gram,/users/ljohnst7/data/ljohnst7/ngrams/set_variant_qwen_support/vocab_2gram.txt,21700,-26.320579528808594,3.707810672189445e-12,1.9713136166184396e-10,84575,0.9999983737458715
106874,gloves removed,2gram,/users/ljohnst7/data/ljohnst7/ngrams/set_variant_qwen_support/vocab_2gram.txt,8366,-26.32314682006836,3.698303850869119e-12,1.966259171293039e-10,84607,0.9999983800449977
107476,handkerchief does,2gram,/users/ljohnst7/data/ljohnst7/ngrams/set_variant_qwen_support/vocab_2gram.txt,8968,-26.324729919433594,3.692453700296998e-12,1.9631488502702884e-10,84628,0.999998384170347
101333,candy cups,2gram,/users/ljohnst7/data/ljohnst7/ngrams/set_variant_qwen_support/vocab_2gram.txt,2825,-26.326387405395508,3.686338579387255e-12,1.9598976537604282e-10,84638,0.9999983861317553
101359,candy every,2gram,/users/ljohnst7/data/ljohnst7/ngrams/set_variant_qwen_support/vocab_2gram.txt,2851,-26.326387405395508,3.686338579387255e-12,1.9598976537604282e-10,84639,0.9999983863277451
98889,bandana land,2gram,/users/ljohnst7/data/ljohnst7/ngrams/set_variant_qwen_support/vocab_2gram.txt,381,-26.33932876586914,3.638939707471013e-12,1.9346973266990507e-10,84765,0.9999984108667161
120296,wallet service,2gram,/users/ljohnst7/data/ljohnst7/ngrams/set_variant_qwen_support/vocab_2gram.txt,21788,-26.351829528808594,3.593733330632084e-12,1.91066267280235e-10,84891,0.9999984350962359
107660,handkerchief wadded,2gram,/users/ljohnst7/data/ljohnst7/ngrams/set_variant_qwen_support/vocab_2gram.txt,9152,-26.35243034362793,3.5915748108905547e-12,1.9095150631387467e-10,84900,0.9999984368153718
106840,gloves neatly,2gram,/users/ljohnst7/data/ljohnst7/ngrams/set_variant_qwen_support/vocab_2gram.txt,8332,-26.35439682006836,3.5845190034541947e-12,1.905763736411128e-10,84926,0.9999984417749508
107574,handkerchief onto,2gram,/users/ljohnst7/data/ljohnst7/ngrams/set_variant_qwen_support/vocab_2gram.txt,9066,-26.355979919433594,3.5788488430930047e-12,1.9027491099059879e-10,84943,0.9999984450121854
101527,candy selling,2gram,/users/ljohnst7/data/ljohnst7/ngrams/set_variant_qwen_support/vocab_2gram.txt,3019,-26.357637405395508,3.572921864674441e-12,1.8995979421968178e-10,84960,0.9999984482443398
107611,handkerchief slipped,2gram,/users/ljohnst7/data/ljohnst7/ngrams/set_variant_qwen_support/vocab_2gram.txt,9103,-26.363792419433594,3.550998020438799e-12,1.8879417988574326e-10,85014,0.9999984584686036
107663,handkerchief waving,2gram,/users/ljohnst7/data/ljohnst7/ngrams/set_variant_qwen_support/vocab_2gram.txt,9155,-26.379417419433594,3.495944898935256e-12,1.8586719742487238e-10,85152,0.999998484313719
107682,handkerchief worth,2gram,/users/ljohnst7/data/ljohnst7/ngrams/set_variant_qwen_support/vocab_2gram.txt,9174,-26.379417419433594,3.495944898935256e-12,1.8586719742487238e-10,85153,0.9999984844995862
120127,wallet against,2gram,/users/ljohnst7/data/ljohnst7/ngrams/set_variant_qwen_support/vocab_2gram.txt,21619,-26.383079528808594,3.4831657798939793e-12,1.8518777623534386e-10,85181,0.9999984896936852
120156,wallet beneath,2gram,/users/ljohnst7/data/ljohnst7/ngrams/set_variant_qwen_support/vocab_2gram.txt,21648,-26.383079528808594,3.4831657798939793e-12,1.8518777623534386e-10,85182,0.999998489878873
106936,gloves work,2gram,/users/ljohnst7/data/ljohnst7/ngrams/set_variant_qwen_support/vocab_2gram.txt,8428,-26.38564682006836,3.4742349477598304e-12,1.8471295503894801e-10,85206,0.9999984943171255
101308,candy colors,2gram,/users/ljohnst7/data/ljohnst7/ngrams/set_variant_qwen_support/vocab_2gram.txt,2800,-26.388887405395508,3.4629946154296587e-12,1.841153457720029e-10,85226,0.999998498005081
101571,candy the,2gram,/users/ljohnst7/data/ljohnst7/ngrams/set_variant_qwen_support/vocab_2gram.txt,3063,-26.388887405395508,3.4629946154296587e-12,1.841153457720029e-10,85227,0.9999984981891964
101595,candy until,2gram,/users/ljohnst7/data/ljohnst7/ngrams/set_variant_qwen_support/vocab_2gram.txt,3087,-26.388887405395508,3.4629946154296587e-12,1.841153457720029e-10,85228,0.9999984983733118
106803,gloves help,2gram,/users/ljohnst7/data/ljohnst7/ngrams/set_variant_qwen_support/vocab_2gram.txt,8295,-26.41689682006836,3.3673439757480127e-12,1.7902993486208309e-10,85498,0.9999985474132073
106832,gloves manufactured,2gram,/users/ljohnst7/data/ljohnst7/ngrams/set_variant_qwen_support/vocab_2gram.txt,8324,-26.41689682006836,3.3673439757480127e-12,1.7902993486208309e-10,85499,0.9999985475922372
101497,candy pull,2gram,/users/ljohnst7/data/ljohnst7/ngrams/set_variant_qwen_support/vocab_2gram.txt,2989,-26.420137405395508,3.356449472087051e-12,1.7845071209932884e-10,85532,0.9999985534914413
101600,candy vendor,2gram,/users/ljohnst7/data/ljohnst7/ngrams/set_variant_qwen_support/vocab_2gram.txt,3092,-26.420137405395508,3.356449472087051e-12,1.7845071209932884e-10,85533,0.999998553669892
107463,handkerchief comes,2gram,/users/ljohnst7/data/ljohnst7/ngrams/set_variant_qwen_support/vocab_2gram.txt,8955,-26.426292419433594,3.335853926425001e-12,1.7735571876782437e-10,85594,0.9999985645220156
106752,gloves came,2gram,/users/ljohnst7/data/ljohnst7/ngrams/set_variant_qwen_support/vocab_2gram.txt,8244,-26.43252182006836,3.315138146295545e-12,1.7625433298903117e-10,85645,0.9999985735336926
107512,handkerchief had,2gram,/users/ljohnst7/data/ljohnst7/ngrams/set_variant_qwen_support/vocab_2gram.txt,9004,-26.434104919433594,3.3098941052147527e-12,1.759755256144743e-10,85661,0.999998576351527
120242,wallet last,2gram,/users/ljohnst7/data/ljohnst7/ngrams/set_variant_qwen_support/vocab_2gram.txt,21734,-26.445579528808594,3.2721314335772924e-12,1.7396781606886095e-10,85787,0.9999985983975461
120306,wallet sized,2gram,/users/ljohnst7/data/ljohnst7/ngrams/set_variant_qwen_support/vocab_2gram.txt,21798,-26.445579528808594,3.2721314335772924e-12,1.7396781606886095e-10,85788,0.999998598571514
101382,candy has,2gram,/users/ljohnst7/data/ljohnst7/ngrams/set_variant_qwen_support/vocab_2gram.txt,2874,-26.451387405395508,3.25318237818735e-12,1.7296036088263937e-10,85848,0.9999986089825185
120363,wallet yesterday,2gram,/users/ljohnst7/data/ljohnst7/ngrams/set_variant_qwen_support/vocab_2gram.txt,21855,-26.476829528808594,3.1714585329978355e-12,1.6861538906320782e-10,86097,0.9999986515052768
106898,gloves these,2gram,/users/ljohnst7/data/ljohnst7/ngrams/set_variant_qwen_support/vocab_2gram.txt,8390,-26.47939682006836,3.163326917803947e-12,1.6818305944408656e-10,86119,0.9999986552099509
101342,candy dispensers,2gram,/users/ljohnst7/data/ljohnst7/ngrams/set_variant_qwen_support/vocab_2gram.txt,2834,-26.48200798034668,3.155077738860046e-12,1.6774447937040575e-10,86143,0.9999986592415531
101353,candy eating,2gram,/users/ljohnst7/data/ljohnst7/ngrams/set_variant_qwen_support/vocab_2gram.txt,2845,-26.482637405395508,3.1530924787519706e-12,1.676389300144763e-10,86147,0.9999986599123231
101576,candy they,2gram,/users/ljohnst7/data/ljohnst7/ngrams/set_variant_qwen_support/vocab_2gram.txt,3068,-26.482637405395508,3.1530924787519706e-12,1.676389300144763e-10,86148,0.999998660079962
101602,candy very,2gram,/users/ljohnst7/data/ljohnst7/ngrams/set_variant_qwen_support/vocab_2gram.txt,3094,-26.482637405395508,3.1530924787519706e-12,1.676389300144763e-10,86149,0.9999986602476009
106833,gloves may,2gram,/users/ljohnst7/data/ljohnst7/ngrams/set_variant_qwen_support/vocab_2gram.txt,8325,-26.49502182006836,3.1142840796612862e-12,1.65575622787372e-10,86279,0.9999986819078915
101516,candy sale,2gram,/users/ljohnst7/data/ljohnst7/ngrams/set_variant_qwen_support/vocab_2gram.txt,3008,-26.513887405395508,3.056082021783806e-12,1.6248122236208434e-10,86429,0.9999987065069392
101611,candy where,2gram,/users/ljohnst7/data/ljohnst7/ngrams/set_variant_qwen_support/vocab_2gram.txt,3103,-26.513887405395508,3.056082021783806e-12,1.6248122236208434e-10,86430,0.9999987066694205
107480,handkerchief drawn,2gram,/users/ljohnst7/data/ljohnst7/ngrams/set_variant_qwen_support/vocab_2gram.txt,8972,-26.520042419433594,3.0373295640602336e-12,1.6148421958810746e-10,86498,0.9999987176800305
106796,gloves had,2gram,/users/ljohnst7/data/ljohnst7/ngrams/set_variant_qwen_support/vocab_2gram.txt,8288,-26.52627182006836,3.018467631608293e-12,1.6048139642463966e-10,86556,0.9999987270143325
106866,gloves provided,2gram,/users/ljohnst7/data/ljohnst7/ngrams/set_variant_qwen_support/vocab_2gram.txt,8358,-26.54189682006836,2.971670628534518e-12,1.5799336298571025e-10,86691,0.9999987485059681
101229,candy about,2gram,/users/ljohnst7/data/ljohnst7/ngrams/set_variant_qwen_support/vocab_2gram.txt,2721,-26.545137405395508,2.962056262798523e-12,1.574822006916731e-10,86725,0.9999987538710694
101238,candy also,2gram,/users/ljohnst7/data/ljohnst7/ngrams/set_variant_qwen_support/vocab_2gram.txt,2730,-26.545137405395508,2.962056262798523e-12,1.574822006916731e-10,86726,0.9999987540285517
101287,candy buttons,2gram,/users/ljohnst7/data/ljohnst7/ngrams/set_variant_qwen_support/vocab_2gram.txt,2779,-26.545137405395508,2.962056262798523e-12,1.574822006916731e-10,86727,0.9999987541860339
101433,candy like,2gram,/users/ljohnst7/data/ljohnst7/ngrams/set_variant_qwen_support/vocab_2gram.txt,2925,-26.545137405395508,2.962056262798523e-12,1.574822006916731e-10,86728,0.9999987543435161
101569,candy than,2gram,/users/ljohnst7/data/ljohnst7/ngrams/set_variant_qwen_support/vocab_2gram.txt,3061,-26.545137405395508,2.962056262798523e-12,1.574822006916731e-10,86729,0.9999987545009984
106922,gloves was,2gram,/users/ljohnst7/data/ljohnst7/ngrams/set_variant_qwen_support/vocab_2gram.txt,8414,-26.55752182006836,2.9255991457458556e-12,1.555439029299339e-10,86828,0.999998769999501
107454,handkerchief came,2gram,/users/ljohnst7/data/ljohnst7/ngrams/set_variant_qwen_support/vocab_2gram.txt,8946,-26.559104919433594,2.9209712957350303e-12,1.552978562854697e-10,86837,0.999998771398135
120329,wallet three,2gram,/users/ljohnst7/data/ljohnst7/ngrams/set_variant_qwen_support/vocab_2gram.txt,21821,-26.570579528808594,2.887645854981652e-12,1.535260588301764e-10,86953,0.9999987893035021
101384,candy he,2gram,/users/ljohnst7/data/ljohnst7/ngrams/set_variant_qwen_support/vocab_2gram.txt,2876,-26.576387405395508,2.870923372293124e-12,1.5263698274884307e-10,87013,0.9999987984896083
101457,candy mixture,2gram,/users/ljohnst7/data/ljohnst7/ngrams/set_variant_qwen_support/vocab_2gram.txt,2949,-26.576387405395508,2.870923372293124e-12,1.5263698274884307e-10,87014,0.9999987986422453
101536,candy should,2gram,/users/ljohnst7/data/ljohnst7/ngrams/set_variant_qwen_support/vocab_2gram.txt,3028,-26.576387405395508,2.870923372293124e-12,1.5263698274884307e-10,87015,0.9999987987948823
106902,gloves throughout,2gram,/users/ljohnst7/data/ljohnst7/ngrams/set_variant_qwen_support/vocab_2gram.txt,8394,-26.58877182006836,2.8355879228124846e-12,1.5075832013985434e-10,87115,0.9999988139601406
120189,wallet dropped,2gram,/users/ljohnst7/data/ljohnst7/ngrams/set_variant_qwen_support/vocab_2gram.txt,21681,-26.601829528808594,2.798802332046075e-12,1.4880255857637737e-10,87226,0.9999988305893357
106743,gloves being,2gram,/users/ljohnst7/data/ljohnst7/ngrams/set_variant_qwen_support/vocab_2gram.txt,8235,-26.60439682006836,2.7916262068244587e-12,1.484210290266073e-10,87252,0.9999988344537094
106827,gloves long,2gram,/users/ljohnst7/data/ljohnst7/ngrams/set_variant_qwen_support/vocab_2gram.txt,8319,-26.60439682006836,2.7916262068244587e-12,1.484210290266073e-10,87253,0.9999988346021305
101326,candy could,2gram,/users/ljohnst7/data/ljohnst7/ngrams/set_variant_qwen_support/vocab_2gram.txt,2818,-26.607637405395508,2.7825943460613983e-12,1.479408364903711e-10,87278,0.9999988383069134
101448,candy manufacturing,2gram,/users/ljohnst7/data/ljohnst7/ngrams/set_variant_qwen_support/vocab_2gram.txt,2940,-26.607637405395508,2.7825943460613983e-12,1.479408364903711e-10,87279,0.9999988384548543
101518,candy salesman,2gram,/users/ljohnst7/data/ljohnst7/ngrams/set_variant_qwen_support/vocab_2gram.txt,3010,-26.607637405395508,2.7825943460613983e-12,1.479408364903711e-10,87280,0.9999988386027951
107677,handkerchief wiping,2gram,/users/ljohnst7/data/ljohnst7/ngrams/set_variant_qwen_support/vocab_2gram.txt,9169,-26.621604919433594,2.7439985913166917e-12,1.4588883482150006e-10,87420,0.9999988591712263
113366,napkins of,2gram,/users/ljohnst7/data/ljohnst7/ngrams/set_variant_qwen_support/vocab_2gram.txt,14858,-26.63248634338379,2.714301843796354e-12,1.4430996232956797e-10,87525,0.9999988744002387
101289,candy cake,2gram,/users/ljohnst7/data/ljohnst7/ngrams/set_variant_qwen_support/vocab_2gram.txt,2781,-26.638887405395508,2.6969829182686766e-12,1.4338917546269834e-10,87584,0.9999988828878583
101494,candy product,2gram,/users/ljohnst7/data/ljohnst7/ngrams/set_variant_qwen_support/vocab_2gram.txt,2986,-26.638887405395508,2.6969829182686766e-12,1.4338917546269834e-10,87585,0.9999988830312475
101514,candy s,2gram,/users/ljohnst7/data/ljohnst7/ngrams/set_variant_qwen_support/vocab_2gram.txt,3006,-26.638887405395508,2.6969829182686766e-12,1.4338917546269834e-10,87586,0.9999988831746367
107556,handkerchief may,2gram,/users/ljohnst7/data/ljohnst7/ngrams/set_variant_qwen_support/vocab_2gram.txt,9048,-26.645042419433594,2.680433932411776e-12,1.425093236027955e-10,87649,0.9999988921812194
106877,gloves safety,2gram,/users/ljohnst7/data/ljohnst7/ngrams/set_variant_qwen_support/vocab_2gram.txt,8369,-26.65127182006836,2.6637883354461785e-12,1.4162433526719505e-10,87712,0.9999989011326077
107609,handkerchief showing,2gram,/users/ljohnst7/data/ljohnst7/ngrams/set_variant_qwen_support/vocab_2gram.txt,9101,-26.652854919433594,2.659574630060409e-12,1.414003072480276e-10,87727,0.9999989032553623
107528,handkerchief high,2gram,/users/ljohnst7/data/ljohnst7/ngrams/set_variant_qwen_support/vocab_2gram.txt,9020,-26.660667419433594,2.6388776560877892e-12,1.4029992132700292e-10,87801,0.9999989136775609
120250,wallet lost,2gram,/users/ljohnst7/data/ljohnst7/ngrams/set_variant_qwen_support/vocab_2gram.txt,21742,-26.664329528808594,2.629231470956902e-12,1.3978706730671628e-10,87833,0.9999989181579071
106836,gloves most,2gram,/users/ljohnst7/data/ljohnst7/ngrams/set_variant_qwen_support/vocab_2gram.txt,8328,-26.66689682006836,2.6224901251833305e-12,1.3942865346381293e-10,87855,0.999998921228827
106855,gloves onto,2gram,/users/ljohnst7/data/ljohnst7/ngrams/set_variant_qwen_support/vocab_2gram.txt,8347,-26.66689682006836,2.6224901251833305e-12,1.3942865346381293e-10,87856,0.9999989213682557
107676,handkerchief wiped,2gram,/users/ljohnst7/data/ljohnst7/ngrams/set_variant_qwen_support/vocab_2gram.txt,9168,-26.668479919433594,2.61834174724445e-12,1.3920809867715321e-10,87869,0.9999989231792864
101304,candy co,2gram,/users/ljohnst7/data/ljohnst7/ngrams/set_variant_qwen_support/vocab_2gram.txt,2796,-26.670137405395508,2.614005477200999e-12,1.3897755432260715e-10,87887,0.999998925682743
107667,handkerchief were,2gram,/users/ljohnst7/data/ljohnst7/ngrams/set_variant_qwen_support/vocab_2gram.txt,9159,-26.691917419433594,2.557687925997321e-12,1.3598334654454766e-10,88095,0.9999989542791998
106819,gloves keep,2gram,/users/ljohnst7/data/ljohnst7/ngrams/set_variant_qwen_support/vocab_2gram.txt,8311,-26.71377182006836,2.5023975588883046e-12,1.3304375056227826e-10,88273,0.9999989782318104
101598,candy used,2gram,/users/ljohnst7/data/ljohnst7/ngrams/set_variant_qwen_support/vocab_2gram.txt,3090,-26.717012405395508,2.494301451225162e-12,1.3261330875472672e-10,88300,0.9999989818178929
107441,handkerchief belonging,2gram,/users/ljohnst7/data/ljohnst7/ngrams/set_variant_qwen_support/vocab_2gram.txt,8933,-26.723167419433594,2.4789961412954755e-12,1.317995788062895e-10,88359,0.9999989896188073
107495,handkerchief fell,2gram,/users/ljohnst7/data/ljohnst7/ngrams/set_variant_qwen_support/vocab_2gram.txt,8987,-26.723167419433594,2.4789961412954755e-12,1.317995788062895e-10,88360,0.9999989897506069
113417,napkins still,2gram,/users/ljohnst7/data/ljohnst7/ngrams/set_variant_qwen_support/vocab_2gram.txt,14909,-26.72623634338379,2.471399952689511e-12,1.3139571595143404e-10,88387,0.9999989933031038
101627,candy wrappings,2gram,/users/ljohnst7/data/ljohnst7/ngrams/set_variant_qwen_support/vocab_2gram.txt,3119,-26.746084213256836,2.422831512467144e-12,1.2881350137757785e-10,88557,0.9999990154157473
120196,wallet every,2gram,/users/ljohnst7/data/ljohnst7/ngrams/set_variant_qwen_support/vocab_2gram.txt,21688,-26.758079528808594,2.3939424967727274e-12,1.2727757316969343e-10,88672,0.9999990301451808
120240,wallet itself,2gram,/users/ljohnst7/data/ljohnst7/ngrams/set_variant_qwen_support/vocab_2gram.txt,21732,-26.758079528808594,2.3939424967727274e-12,1.2727757316969343e-10,88673,0.9999990302724583
107483,handkerchief dropped,2gram,/users/ljohnst7/data/ljohnst7/ngrams/set_variant_qwen_support/vocab_2gram.txt,8975,-26.777854919433594,2.3470663732208823e-12,1.2478533317089448e-10,88835,0.9999990506975882
107486,handkerchief edged,2gram,/users/ljohnst7/data/ljohnst7/ngrams/set_variant_qwen_support/vocab_2gram.txt,8978,-26.777854919433594,2.3470663732208823e-12,1.2478533317089448e-10,88836,0.9999990508223735
113234,napkins all,2gram,/users/ljohnst7/data/ljohnst7/ngrams/set_variant_qwen_support/vocab_2gram.txt,14726,-26.78873634338379,2.321665398993133e-12,1.2343485196250612e-10,88927,0.9999990621144408
120347,wallet was,2gram,/users/ljohnst7/data/ljohnst7/ngrams/set_variant_qwen_support/vocab_2gram.txt,21839,-26.789329528808594,2.3202886292974052e-12,1.233616539195615e-10,88938,0.9999990634717069
101461,candy mountain,2gram,/users/ljohnst7/data/ljohnst7/ngrams/set_variant_qwen_support/vocab_2gram.txt,2953,-26.795137405395508,2.306851736969049e-12,1.2264726121848314e-10,88988,0.9999990696224597
107473,handkerchief did,2gram,/users/ljohnst7/data/ljohnst7/ngrams/set_variant_qwen_support/vocab_2gram.txt,8965,-26.809104919433594,2.2748547324475377e-12,1.2094609208443428e-10,89096,0.9999990827795898
113254,napkins because,2gram,/users/ljohnst7/data/ljohnst7/ngrams/set_variant_qwen_support/vocab_2gram.txt,14746,-26.81998634338379,2.2502352640379263e-12,1.1963716081472852e-10,89191,0.9999990941981434
113317,napkins hanging,2gram,/users/ljohnst7/data/ljohnst7/ngrams/set_variant_qwen_support/vocab_2gram.txt,14809,-26.81998634338379,2.2502352640379263e-12,1.1963716081472852e-10,89192,0.9999990943177806
120168,wallet cards,2gram,/users/ljohnst7/data/ljohnst7/ngrams/set_variant_qwen_support/vocab_2gram.txt,21660,-26.820579528808594,2.2489008530926073e-12,1.1956621483880796e-10,89195,0.9999990946765531
120300,wallet should,2gram,/users/ljohnst7/data/ljohnst7/ngrams/set_variant_qwen_support/vocab_2gram.txt,21792,-26.820579528808594,2.2489008530926073e-12,1.1956621483880796e-10,89196,0.9999990947961194
106864,gloves protected,2gram,/users/ljohnst7/data/ljohnst7/ngrams/set_variant_qwen_support/vocab_2gram.txt,8356,-26.82314682006836,2.2431346744854188e-12,1.1925964723303825e-10,89214,0.9999990969453999
101449,candy market,2gram,/users/ljohnst7/data/ljohnst7/ngrams/set_variant_qwen_support/vocab_2gram.txt,2941,-26.842012405395508,2.2012133048184668e-12,1.1703083421754094e-10,89379,0.9999991164285852
107579,handkerchief peeking,2gram,/users/ljohnst7/data/ljohnst7/ngrams/set_variant_qwen_support/vocab_2gram.txt,9071,-26.846904754638672,2.190470500774694e-12,1.1645967679434793e-10,89425,0.9999991217990493
101426,candy lady,2gram,/users/ljohnst7/data/ljohnst7/ngrams/set_variant_qwen_support/vocab_2gram.txt,2918,-26.857637405395508,2.1670866556826806e-12,1.152164393069397e-10,89525,0.999999133387777
101542,candy sold,2gram,/users/ljohnst7/data/ljohnst7/ngrams/set_variant_qwen_support/vocab_2gram.txt,3034,-26.857637405395508,2.1670866556826806e-12,1.152164393069397e-10,89526,0.9999991335029934
101447,candy manufacturers,2gram,/users/ljohnst7/data/ljohnst7/ngrams/set_variant_qwen_support/vocab_2gram.txt,2939,-26.873262405395508,2.1334890912015653e-12,1.1343017398213201e-10,89669,0.9999991498520489
107466,handkerchief counter,2gram,/users/ljohnst7/data/ljohnst7/ngrams/set_variant_qwen_support/vocab_2gram.txt,8958,-26.879417419433594,2.120397765870216e-12,1.1273415387304613e-10,89728,0.9999991565209941
113248,napkins available,2gram,/users/ljohnst7/data/ljohnst7/ngrams/set_variant_qwen_support/vocab_2gram.txt,14740,-26.88248634338379,2.1139004014407583e-12,1.1238871166727247e-10,89754,0.9999991594463014
120249,wallet looking,2gram,/users/ljohnst7/data/ljohnst7/ngrams/set_variant_qwen_support/vocab_2gram.txt,21741,-26.883079528808594,2.1126468383675643e-12,1.1232206409073863e-10,89761,0.9999991602327877
101495,candy production,2gram,/users/ljohnst7/data/ljohnst7/ngrams/set_variant_qwen_support/vocab_2gram.txt,2987,-26.904512405395508,2.0678485325852893e-12,1.0994029441591627e-10,89919,0.99999917777616
107493,handkerchief falls,2gram,/users/ljohnst7/data/ljohnst7/ngrams/set_variant_qwen_support/vocab_2gram.txt,8985,-26.910667419433594,2.0551599849908036e-12,1.0926568859432638e-10,89970,0.9999991833644134
113391,napkins ready,2gram,/users/ljohnst7/data/ljohnst7/ngrams/set_variant_qwen_support/vocab_2gram.txt,14883,-26.91373634338379,2.0488625234492687e-12,1.0893087452789973e-10,89997,0.9999991863098028
120160,wallet book,2gram,/users/ljohnst7/data/ljohnst7/ngrams/set_variant_qwen_support/vocab_2gram.txt,21652,-26.914329528808594,2.047647528457217e-12,1.0886627748172584e-10,90005,0.9999991871809236
120175,wallet contained,2gram,/users/ljohnst7/data/ljohnst7/ngrams/set_variant_qwen_support/vocab_2gram.txt,21667,-26.914329528808594,2.047647528457217e-12,1.0886627748172584e-10,90006,0.9999991872897899
120313,wallet sticking,2gram,/users/ljohnst7/data/ljohnst7/ngrams/set_variant_qwen_support/vocab_2gram.txt,21805,-26.914329528808594,2.047647528457217e-12,1.0886627748172584e-10,90007,0.9999991873986561
101530,candy she,2gram,/users/ljohnst7/data/ljohnst7/ngrams/set_variant_qwen_support/vocab_2gram.txt,3022,-26.920137405395508,2.0357895125970793e-12,1.0823582813579515e-10,90058,0.9999991929364229
106837,gloves much,2gram,/users/ljohnst7/data/ljohnst7/ngrams/set_variant_qwen_support/vocab_2gram.txt,8329,-26.93252182006836,2.0107329269111535e-12,1.0690365686504727e-10,90176,0.9999992056264151
101537,candy since,2gram,/users/ljohnst7/data/ljohnst7/ngrams/set_variant_qwen_support/vocab_2gram.txt,3029,-26.935762405395508,2.0042275216448016e-12,1.0655778715602005e-10,90201,0.9999992082951271
113433,napkins tied,2gram,/users/ljohnst7/data/ljohnst7/ngrams/set_variant_qwen_support/vocab_2gram.txt,14925,-26.94498634338379,1.985825650600099e-12,1.0557942385301304e-10,90304,0.9999992192141762
113444,napkins up,2gram,/users/ljohnst7/data/ljohnst7/ngrams/set_variant_qwen_support/vocab_2gram.txt,14936,-26.94498634338379,1.985825650600099e-12,1.0557942385301304e-10,90305,0.9999992193197557
120218,wallet has,2gram,/users/ljohnst7/data/ljohnst7/ngrams/set_variant_qwen_support/vocab_2gram.txt,21710,-26.945579528808594,1.98464803707408e-12,1.055168142490123e-10,90312,0.9999992200584736
120297,wallet several,2gram,/users/ljohnst7/data/ljohnst7/ngrams/set_variant_qwen_support/vocab_2gram.txt,21789,-26.945579528808594,1.98464803707408e-12,1.055168142490123e-10,90313,0.9999992201639905
120315,wallet stolen,2gram,/users/ljohnst7/data/ljohnst7/ngrams/set_variant_qwen_support/vocab_2gram.txt,21807,-26.945579528808594,1.98464803707408e-12,1.055168142490123e-10,90314,0.9999992202695073
106838,gloves must,2gram,/users/ljohnst7/data/ljohnst7/ngrams/set_variant_qwen_support/vocab_2gram.txt,8330,-26.94814682006836,1.979559402313487e-12,1.0524626928648779e-10,90337,0.9999992226931201
101378,candy got,2gram,/users/ljohnst7/data/ljohnst7/ngrams/set_variant_qwen_support/vocab_2gram.txt,2870,-26.951387405395508,1.9731548540074872e-12,1.049057617902824e-10,90367,0.9999992258452411
107479,handkerchief drawer,2gram,/users/ljohnst7/data/ljohnst7/ngrams/set_variant_qwen_support/vocab_2gram.txt,8971,-26.957542419433594,1.9610473573113615e-12,1.0426204841841974e-10,90417,0.9999992310716093
101572,candy then,2gram,/users/ljohnst7/data/ljohnst7/ngrams/set_variant_qwen_support/vocab_2gram.txt,3064,-26.967012405395508,1.942563923430298e-12,1.0327934870387115e-10,90500,0.9999992396821775
101579,candy through,2gram,/users/ljohnst7/data/ljohnst7/ngrams/set_variant_qwen_support/vocab_2gram.txt,3071,-26.967012405395508,1.942563923430298e-12,1.0327934870387115e-10,90501,0.9999992397854569
120186,wallet do,2gram,/users/ljohnst7/data/ljohnst7/ngrams/set_variant_qwen_support/vocab_2gram.txt,21678,-26.976829528808594,1.9235868362704377e-12,1.0227040316620979e-10,90577,0.9999992475934808
101545,candy stand,2gram,/users/ljohnst7/data/ljohnst7/ngrams/set_variant_qwen_support/vocab_2gram.txt,3037,-26.982637405395508,1.912447261272375e-12,1.0167815081520031e-10,90637,0.9999992537128596
107599,handkerchief saturated,2gram,/users/ljohnst7/data/ljohnst7/ngrams/set_variant_qwen_support/vocab_2gram.txt,9091,-26.988792419433594,1.9007122730881776e-12,1.0105424242171416e-10,90686,0.9999992586782187
113358,napkins nearby,2gram,/users/ljohnst7/data/ljohnst7/ngrams/set_variant_qwen_support/vocab_2gram.txt,14850,-27.00748634338379,1.865510556643802e-12,9.918268993184115e-11,90839,0.9999992739972832
120228,wallet hung,2gram,/users/ljohnst7/data/ljohnst7/ngrams/set_variant_qwen_support/vocab_2gram.txt,21720,-27.008079528808594,1.864404291114514e-12,9.912387365198525e-11,90844,0.9999992744930217
120180,wallet crammed,2gram,/users/ljohnst7/data/ljohnst7/ngrams/set_variant_qwen_support/vocab_2gram.txt,21672,-27.01226806640625,1.8566114952461572e-12,9.870955787469804e-11,90889,0.999999278943655
101296,candy case,2gram,/users/ljohnst7/data/ljohnst7/ngrams/set_variant_qwen_support/vocab_2gram.txt,2788,-27.013887405395508,1.8536074448084505e-12,9.85498429901901e-11,90905,0.9999992805220697
101371,candy found,2gram,/users/ljohnst7/data/ljohnst7/ngrams/set_variant_qwen_support/vocab_2gram.txt,2863,-27.013887405395508,1.8536074448084505e-12,9.85498429901901e-11,90906,0.9999992806206195
101394,candy home,2gram,/users/ljohnst7/data/ljohnst7/ngrams/set_variant_qwen_support/vocab_2gram.txt,2886,-27.013887405395508,1.8536074448084505e-12,9.85498429901901e-11,90907,0.9999992807191693
101531,candy shell,2gram,/users/ljohnst7/data/ljohnst7/ngrams/set_variant_qwen_support/vocab_2gram.txt,3023,-27.013887405395508,1.8536074448084505e-12,9.85498429901901e-11,90908,0.9999992808177192
107501,handkerchief fluttering,2gram,/users/ljohnst7/data/ljohnst7/ngrams/set_variant_qwen_support/vocab_2gram.txt,8993,-27.023258209228516,1.836318783897136e-12,9.763066518741823e-11,90991,0.9999992889574636
113269,napkins can,2gram,/users/ljohnst7/data/ljohnst7/ngrams/set_variant_qwen_support/vocab_2gram.txt,14761,-27.03873634338379,1.8081148307656377e-12,9.613115936670272e-11,91119,0.99999930135
120321,wallet than,2gram,/users/ljohnst7/data/ljohnst7/ngrams/set_variant_qwen_support/vocab_2gram.txt,21813,-27.039329528808594,1.807042601448496e-12,9.607415267353814e-11,91128,0.9999993022148174
120345,wallet upon,2gram,/users/ljohnst7/data/ljohnst7/ngrams/set_variant_qwen_support/vocab_2gram.txt,21837,-27.039329528808594,1.807042601448496e-12,9.607415267353814e-11,91129,0.9999993023108915
106841,gloves need,2gram,/users/ljohnst7/data/ljohnst7/ngrams/set_variant_qwen_support/vocab_2gram.txt,8333,-27.04189682006836,1.8024093467736974e-12,9.582781868194039e-11,91145,0.9999993038458891
101236,candy alone,2gram,/users/ljohnst7/data/ljohnst7/ngrams/set_variant_qwen_support/vocab_2gram.txt,2728,-27.060762405395508,1.7687245799263377e-12,9.403691711145628e-11,91315,0.999999319980053
101254,candy available,2gram,/users/ljohnst7/data/ljohnst7/ngrams/set_variant_qwen_support/vocab_2gram.txt,2746,-27.060762405395508,1.7687245799263377e-12,9.403691711145628e-11,91316,0.9999993200740899
101522,candy section,2gram,/users/ljohnst7/data/ljohnst7/ngrams/set_variant_qwen_support/vocab_2gram.txt,3014,-27.060762405395508,1.7687245799263377e-12,9.403691711145628e-11,91317,0.9999993201681268
113357,napkins near,2gram,/users/ljohnst7/data/ljohnst7/ngrams/set_variant_qwen_support/vocab_2gram.txt,14849,-27.06998634338379,1.7524849857276265e-12,9.317351452695016e-11,91406,0.99999932849863
106772,gloves drawn,2gram,/users/ljohnst7/data/ljohnst7/ngrams/set_variant_qwen_support/vocab_2gram.txt,8264,-27.07314682006836,1.7469550410238654e-12,9.287950665390971e-11,91444,0.9999993320341274
106895,gloves themselves,2gram,/users/ljohnst7/data/ljohnst7/ngrams/set_variant_qwen_support/vocab_2gram.txt,8387,-27.08877182006836,1.7198710134966323e-12,9.143954337159423e-11,91578,0.9999993443805888
101290,candy called,2gram,/users/ljohnst7/data/ljohnst7/ngrams/set_variant_qwen_support/vocab_2gram.txt,2782,-27.092012405395508,1.714306645499817e-12,9.114370533212065e-11,91602,0.9999993465716922
113265,napkins brought,2gram,/users/ljohnst7/data/ljohnst7/ngrams/set_variant_qwen_support/vocab_2gram.txt,14757,-27.10123634338379,1.6985666910880169e-12,9.030686685248454e-11,91673,0.9999993530126813
101239,candy always,2gram,/users/ljohnst7/data/ljohnst7/ngrams/set_variant_qwen_support/vocab_2gram.txt,2731,-27.123262405395508,1.6615629749020792e-12,8.83395083212101e-11,91858,0.9999993695229978
107492,handkerchief falling,2gram,/users/ljohnst7/data/ljohnst7/ngrams/set_variant_qwen_support/vocab_2gram.txt,8984,-27.129417419433594,1.6513674404825816e-12,8.779744731522057e-11,91903,0.9999993734855471
101605,candy was,2gram,/users/ljohnst7/data/ljohnst7/ngrams/set_variant_qwen_support/vocab_2gram.txt,3097,-27.138887405395508,1.6358028286512037e-12,8.696993118904095e-11,91976,0.9999993798620168
107462,handkerchief clutched,2gram,/users/ljohnst7/data/ljohnst7/ngrams/set_variant_qwen_support/vocab_2gram.txt,8954,-27.139102935791016,1.635450301412104e-12,8.695118854525179e-11,91978,0.9999993800359311
101255,candy away,2gram,/users/ljohnst7/data/ljohnst7/ngrams/set_variant_qwen_support/vocab_2gram.txt,2747,-27.154512405395508,1.6104420564504785e-12,8.562158738221638e-11,92108,0.9999993912424086
107508,handkerchief gently,2gram,/users/ljohnst7/data/ljohnst7/ngrams/set_variant_qwen_support/vocab_2gram.txt,9000,-27.160667419433594,1.6005602056478542e-12,8.509620384009765e-11,92170,0.9999993965353235
113362,napkins next,2gram,/users/ljohnst7/data/ljohnst7/ngrams/set_variant_qwen_support/vocab_2gram.txt,14854,-27.16373634338379,1.595655737667945e-12,8.483545038298126e-11,92193,0.9999993984887466
120154,wallet belonging,2gram,/users/ljohnst7/data/ljohnst7/ngrams/set_variant_qwen_support/vocab_2gram.txt,21646,-27.164329528808594,1.5947094986167071e-12,8.478514215283693e-11,92195,0.9999993986583238
107420,handkerchief applied,2gram,/users/ljohnst7/data/ljohnst7/ngrams/set_variant_qwen_support/vocab_2gram.txt,8912,-27.164573669433594,1.5943202127652006e-12,8.476444518182955e-11,92198,0.9999993989126402
101281,candy boy,2gram,/users/ljohnst7/data/ljohnst7/ngrams/set_variant_qwen_support/vocab_2gram.txt,2773,-27.170137405395508,1.585474466579159e-12,8.429414770853927e-11,92232,0.9999994017866655
101440,candy makers,2gram,/users/ljohnst7/data/ljohnst7/ngrams/set_variant_qwen_support/vocab_2gram.txt,2932,-27.170137405395508,1.585474466579159e-12,8.429414770853927e-11,92233,0.9999994018709596
106770,gloves does,2gram,/users/ljohnst7/data/ljohnst7/ngrams/set_variant_qwen_support/vocab_2gram.txt,8262,-27.18252182006836,1.5659603780258642e-12,8.325665167969557e-11,92341,0.9999994109155347
120192,wallet either,2gram,/users/ljohnst7/data/ljohnst7/ngrams/set_variant_qwen_support/vocab_2gram.txt,21684,-27.195579528808594,1.5456454453944199e-12,8.217657756433075e-11,92469,0.9999994214998603
120326,wallet they,2gram,/users/ljohnst7/data/ljohnst7/ngrams/set_variant_qwen_support/vocab_2gram.txt,21818,-27.195579528808594,1.5456454453944199e-12,8.217657756433075e-11,92470,0.9999994215820369
106880,gloves sent,2gram,/users/ljohnst7/data/ljohnst7/ngrams/set_variant_qwen_support/vocab_2gram.txt,8372,-27.20595932006836,1.5296849449397037e-12,8.132801342079403e-11,92535,0.9999994268941089
101331,candy crystals,2gram,/users/ljohnst7/data/ljohnst7/ngrams/set_variant_qwen_support/vocab_2gram.txt,2823,-27.217012405395508,1.5128703047337765e-12,8.043403764567954e-11,92622,0.9999994339288365
113277,napkins covered,2gram,/users/ljohnst7/data/ljohnst7/ngrams/set_variant_qwen_support/vocab_2gram.txt,14769,-27.22623634338379,1.4989798437185403e-12,7.969553027943708e-11,92703,0.9999994404138695
120198,wallet fall,2gram,/users/ljohnst7/data/ljohnst7/ngrams/set_variant_qwen_support/vocab_2gram.txt,21690,-27.226829528808594,1.4980909343932632e-12,7.964827007087246e-11,92709,0.9999994408919118
101352,candy eaten,2gram,/users/ljohnst7/data/ljohnst7/ngrams/set_variant_qwen_support/vocab_2gram.txt,2844,-27.232637405395508,1.4894154246616895e-12,7.91870234761304e-11,92762,0.9999994451014077
101566,candy sweet,2gram,/users/ljohnst7/data/ljohnst7/ngrams/set_variant_qwen_support/vocab_2gram.txt,3058,-27.232637405395508,1.4894154246616895e-12,7.91870234761304e-11,92763,0.9999994451805947
101291,candy came,2gram,/users/ljohnst7/data/ljohnst7/ngrams/set_variant_qwen_support/vocab_2gram.txt,2783,-27.248262405395508,1.4663241788003306e-12,7.795934246931402e-11,92898,0.9999994557833293
101355,candy eggs,2gram,/users/ljohnst7/data/ljohnst7/ngrams/set_variant_qwen_support/vocab_2gram.txt,2847,-27.248262405395508,1.4663241788003306e-12,7.795934246931402e-11,92899,0.9999994558612886
120253,wallet manager,2gram,/users/ljohnst7/data/ljohnst7/ngrams/set_variant_qwen_support/vocab_2gram.txt,21745,-27.258079528808594,1.451999521881671e-12,7.719775042123711e-11,92986,0.9999994626131604
101282,candy brought,2gram,/users/ljohnst7/data/ljohnst7/ngrams/set_variant_qwen_support/vocab_2gram.txt,2774,-27.263887405395508,1.4435909295238068e-12,7.675069489232406e-11,93029,0.999999465924362
101368,candy flowers,2gram,/users/ljohnst7/data/ljohnst7/ngrams/set_variant_qwen_support/vocab_2gram.txt,2860,-27.263887405395508,1.4435909295238068e-12,7.675069489232406e-11,93030,0.9999994660011127
101418,candy kept,2gram,/users/ljohnst7/data/ljohnst7/ngrams/set_variant_qwen_support/vocab_2gram.txt,2910,-27.263887405395508,1.4435909295238068e-12,7.675069489232406e-11,93031,0.9999994660778634
106780,gloves fell,2gram,/users/ljohnst7/data/ljohnst7/ngrams/set_variant_qwen_support/vocab_2gram.txt,8272,-27.26845932006836,1.4370060192654701e-12,7.64005981801636e-11,93069,0.999999468987893
101275,candy between,2gram,/users/ljohnst7/data/ljohnst7/ngrams/set_variant_qwen_support/vocab_2gram.txt,2767,-27.279512405395508,1.4212101266095136e-12,7.556078565918224e-11,93161,0.999999475979882
101336,candy deal,2gram,/users/ljohnst7/data/ljohnst7/ngrams/set_variant_qwen_support/vocab_2gram.txt,2828,-27.279512405395508,1.4212101266095136e-12,7.556078565918224e-11,93162,0.9999994760554428
120230,wallet identification,2gram,/users/ljohnst7/data/ljohnst7/ngrams/set_variant_qwen_support/vocab_2gram.txt,21722,-27.289329528808594,1.4073261930514771e-12,7.482262533507321e-11,93248,0.9999994825204169
101441,candy makes,2gram,/users/ljohnst7/data/ljohnst7/ngrams/set_variant_qwen_support/vocab_2gram.txt,2933,-27.295137405395508,1.3991763058830715e-12,7.438932425879427e-11,93291,0.9999994857285123
101360,candy factories,2gram,/users/ljohnst7/data/ljohnst7/ngrams/set_variant_qwen_support/vocab_2gram.txt,2852,-27.310762405395508,1.3774840878842733e-12,7.323602468402295e-11,93419,0.9999994951717269
120202,wallet file,2gram,/users/ljohnst7/data/ljohnst7/ngrams/set_variant_qwen_support/vocab_2gram.txt,21694,-27.320579528808594,1.3640273180545631e-12,7.252057516552464e-11,93492,0.9999995004900902
101487,candy per,2gram,/users/ljohnst7/data/ljohnst7/ngrams/set_variant_qwen_support/vocab_2gram.txt,2979,-27.326387405395508,1.356128176553712e-12,7.210060536186073e-11,93538,0.9999995038174021
101434,candy line,2gram,/users/ljohnst7/data/ljohnst7/ngrams/set_variant_qwen_support/vocab_2gram.txt,2926,-27.342012405395508,1.335103357939771e-12,7.098278908468494e-11,93663,0.9999995127553581
120141,wallet aside,2gram,/users/ljohnst7/data/ljohnst7/ngrams/set_variant_qwen_support/vocab_2gram.txt,21633,-27.351829528808594,1.3220606093921171e-12,7.028935163376629e-11,93749,0.9999995188269266
101230,candy across,2gram,/users/ljohnst7/data/ljohnst7/ngrams/set_variant_qwen_support/vocab_2gram.txt,2722,-27.357637405395508,1.314404498925661e-12,6.988230294257871e-11,93794,0.999999521980906
101240,candy among,2gram,/users/ljohnst7/data/ljohnst7/ngrams/set_variant_qwen_support/vocab_2gram.txt,2732,-27.357637405395508,1.314404498925661e-12,6.988230294257871e-11,93795,0.9999995220507883
101348,candy drops,2gram,/users/ljohnst7/data/ljohnst7/ngrams/set_variant_qwen_support/vocab_2gram.txt,2840,-27.357637405395508,1.314404498925661e-12,6.988230294257871e-11,93796,0.9999995221206707
106823,gloves lay,2gram,/users/ljohnst7/data/ljohnst7/ngrams/set_variant_qwen_support/vocab_2gram.txt,8315,-27.37002182006836,1.2982267513002287e-12,6.902218852467077e-11,93909,0.99999952996829
113430,napkins they,2gram,/users/ljohnst7/data/ljohnst7/ngrams/set_variant_qwen_support/vocab_2gram.txt,14922,-27.38248634338379,1.2821454050526639e-12,6.816719943180371e-11,94011,0.9999995369635424
101423,candy kitchen,2gram,/users/ljohnst7/data/ljohnst7/ngrams/set_variant_qwen_support/vocab_2gram.txt,2915,-27.388887405395508,1.2739645239039765e-12,6.773225051369131e-11,94064,0.9999995405644941
106754,gloves carefully,2gram,/users/ljohnst7/data/ljohnst7/ngrams/set_variant_qwen_support/vocab_2gram.txt,8246,-27.39345932006836,1.2681533609971967e-12,6.742329124960465e-11,94102,0.9999995431324941
101323,candy cost,2gram,/users/ljohnst7/data/ljohnst7/ngrams/set_variant_qwen_support/vocab_2gram.txt,2815,-27.404512405395508,1.2542135346547564e-12,6.668215930108684e-11,94192,0.9999995491665459
101350,candy each,2gram,/users/ljohnst7/data/ljohnst7/ngrams/set_variant_qwen_support/vocab_2gram.txt,2842,-27.404512405395508,1.2542135346547564e-12,6.668215930108684e-11,94193,0.999999549233228
113421,napkins stuffed,2gram,/users/ljohnst7/data/ljohnst7/ngrams/set_variant_qwen_support/vocab_2gram.txt,14913,-27.41373634338379,1.2426979380081756e-12,6.606991519048112e-11,94280,0.9999995550087144
101241,candy an,2gram,/users/ljohnst7/data/ljohnst7/ngrams/set_variant_qwen_support/vocab_2gram.txt,2733,-27.420137405395508,1.2347687561115669e-12,6.564834824374703e-11,94326,0.999999558038917
120319,wallet suspended,2gram,/users/ljohnst7/data/ljohnst7/ngrams/set_variant_qwen_support/vocab_2gram.txt,21811,-27.445579528808594,1.2037498832239247e-12,6.399918295722883e-11,94534,0.9999995715152382
106811,gloves immediately,2gram,/users/ljohnst7/data/ljohnst7/ngrams/set_variant_qwen_support/vocab_2gram.txt,8303,-27.44814682006836,1.2006634702255455e-12,6.383508914262691e-11,94548,0.999999572409953
107482,handkerchief drop,2gram,/users/ljohnst7/data/ljohnst7/ngrams/set_variant_qwen_support/vocab_2gram.txt,8974,-27.453636169433594,1.1940906656824538e-12,6.348563604912478e-11,94589,0.9999995750193563
101409,candy items,2gram,/users/ljohnst7/data/ljohnst7/ngrams/set_variant_qwen_support/vocab_2gram.txt,2901,-27.467012405395508,1.17822457801214e-12,6.264209150405008e-11,94702,0.9999995821426992
101615,candy wholesaler,2gram,/users/ljohnst7/data/ljohnst7/ngrams/set_variant_qwen_support/vocab_2gram.txt,3107,-27.476350784301758,1.1672730846489056e-12,6.205983879758969e-11,94781,0.9999995870700823
107433,handkerchief bearing,2gram,/users/ljohnst7/data/ljohnst7/ngrams/set_variant_qwen_support/vocab_2gram.txt,8925,-27.488792419433594,1.1528402689200716e-12,6.129249632280267e-11,94879,0.9999995931124764
101383,candy have,2gram,/users/ljohnst7/data/ljohnst7/ngrams/set_variant_qwen_support/vocab_2gram.txt,2875,-27.498262405395508,1.1419744186862321e-12,6.071479696283357e-11,94951,0.9999995975013247
113455,napkins when,2gram,/users/ljohnst7/data/ljohnst7/ngrams/set_variant_qwen_support/vocab_2gram.txt,14947,-27.50748634338379,1.1314893486220472e-12,6.015734235643317e-11,95043,0.9999996030584526
120138,wallet are,2gram,/users/ljohnst7/data/ljohnst7/ngrams/set_variant_qwen_support/vocab_2gram.txt,21630,-27.508079528808594,1.130818364660751e-12,6.012166847941034e-11,95054,0.9999996037199383
107592,handkerchief raised,2gram,/users/ljohnst7/data/ljohnst7/ngrams/set_variant_qwen_support/vocab_2gram.txt,9084,-27.523948669433594,1.1130148855858626e-12,5.917511959041907e-11,95179,0.9999996111733954
101568,candy tastes,2gram,/users/ljohnst7/data/ljohnst7/ngrams/set_variant_qwen_support/vocab_2gram.txt,3060,-27.529512405395508,1.1068395595124996e-12,5.88467990408617e-11,95220,0.9999996135927518
106768,gloves did,2gram,/users/ljohnst7/data/ljohnst7/ngrams/set_variant_qwen_support/vocab_2gram.txt,8260,-27.54189682006836,1.0932165301708672e-12,5.812251008397992e-11,95315,0.9999996191447319
120172,wallet chains,2gram,/users/ljohnst7/data/ljohnst7/ngrams/set_variant_qwen_support/vocab_2gram.txt,21664,-27.554954528808594,1.079034421559665e-12,5.736849683224298e-11,95422,0.9999996253235068
101503,candy rather,2gram,/users/ljohnst7/data/ljohnst7/ngrams/set_variant_qwen_support/vocab_2gram.txt,2995,-27.560762405395508,1.072785686312672e-12,5.7036273372953816e-11,95474,0.9999996282988256
120232,wallet immediately,2gram,/users/ljohnst7/data/ljohnst7/ngrams/set_variant_qwen_support/vocab_2gram.txt,21724,-27.570579528808594,1.0623055434316819e-12,5.647908072769927e-11,95546,0.9999996323847475
120291,wallet round,2gram,/users/ljohnst7/data/ljohnst7/ngrams/set_variant_qwen_support/vocab_2gram.txt,21783,-27.570579528808594,1.0623055434316819e-12,5.647908072769927e-11,95547,0.9999996324412266
120318,wallet such,2gram,/users/ljohnst7/data/ljohnst7/ngrams/set_variant_qwen_support/vocab_2gram.txt,21810,-27.570579528808594,1.0623055434316819e-12,5.647908072769927e-11,95548,0.9999996324977056
107549,handkerchief looked,2gram,/users/ljohnst7/data/ljohnst7/ngrams/set_variant_qwen_support/vocab_2gram.txt,9041,-27.570823669433594,1.0620462231489636e-12,5.6465293572701783e-11,95549,0.9999996325541709
101496,candy products,2gram,/users/ljohnst7/data/ljohnst7/ngrams/set_variant_qwen_support/vocab_2gram.txt,2988,-27.592012405395508,1.0397795406447557e-12,5.5281451723745e-11,95721,0.9999996421618157
101502,candy rack,2gram,/users/ljohnst7/data/ljohnst7/ngrams/set_variant_qwen_support/vocab_2gram.txt,2994,-27.592012405395508,1.0397795406447557e-12,5.5281451723745e-11,95722,0.9999996422170971
113262,napkins between,2gram,/users/ljohnst7/data/ljohnst7/ngrams/set_variant_qwen_support/vocab_2gram.txt,14754,-27.60123634338379,1.0302327757115199e-12,5.4773883528618405e-11,95805,0.9999996467834426
106881,gloves shall,2gram,/users/ljohnst7/data/ljohnst7/ngrams/set_variant_qwen_support/vocab_2gram.txt,8373,-27.60439682006836,1.0269818889261351e-12,5.460104521639871e-11,95826,0.9999996479317027
107502,handkerchief flying,2gram,/users/ljohnst7/data/ljohnst7/ngrams/set_variant_qwen_support/vocab_2gram.txt,8994,-27.605979919433594,1.0253573607836875e-12,5.451467472095226e-11,95849,0.9999996491865665
120336,wallet took,2gram,/users/ljohnst7/data/ljohnst7/ngrams/set_variant_qwen_support/vocab_2gram.txt,21828,-27.617454528808594,1.0136590308385322e-12,5.389271531818257e-11,95945,0.9999996543875
106806,gloves his,2gram,/users/ljohnst7/data/ljohnst7/ngrams/set_variant_qwen_support/vocab_2gram.txt,8298,-27.62783432006836,1.003191879092423e-12,5.333621336626029e-11,96028,0.999999658837361
106748,gloves boxer,2gram,/users/ljohnst7/data/ljohnst7/ngrams/set_variant_qwen_support/vocab_2gram.txt,8240,-27.65127182006836,9.799529642429465e-13,5.2100681314372705e-11,96207,0.9999996682815459
106790,gloves gave,2gram,/users/ljohnst7/data/ljohnst7/ngrams/set_variant_qwen_support/vocab_2gram.txt,8282,-27.65127182006836,9.799529642429465e-13,5.2100681314372705e-11,96208,0.9999996683336465
106863,gloves protect,2gram,/users/ljohnst7/data/ljohnst7/ngrams/set_variant_qwen_support/vocab_2gram.txt,8355,-27.65127182006836,9.799529642429465e-13,5.2100681314372705e-11,96209,0.9999996683857472
101251,candy ass,2gram,/users/ljohnst7/data/ljohnst7/ngrams/set_variant_qwen_support/vocab_2gram.txt,2743,-27.654512405395508,9.767824829278787e-13,5.193211788057859e-11,96246,0.9999996703100537
113238,napkins always,2gram,/users/ljohnst7/data/ljohnst7/ngrams/set_variant_qwen_support/vocab_2gram.txt,14730,-27.66373634338379,9.678141272419873e-13,5.1455301687808e-11,96316,0.999999673929481
101344,candy do,2gram,/users/ljohnst7/data/ljohnst7/ngrams/set_variant_qwen_support/vocab_2gram.txt,2836,-27.670137405395508,9.616388741717928e-13,5.112698501957448e-11,96378,0.9999996771095742
101380,candy had,2gram,/users/ljohnst7/data/ljohnst7/ngrams/set_variant_qwen_support/vocab_2gram.txt,2872,-27.670137405395508,9.616388741717928e-13,5.112698501957448e-11,96379,0.9999996771607012
101505,candy recipes,2gram,/users/ljohnst7/data/ljohnst7/ngrams/set_variant_qwen_support/vocab_2gram.txt,2997,-27.685762405395508,9.467300453080223e-13,5.033433458659997e-11,96515,0.9999996840579212
113382,napkins printed,2gram,/users/ljohnst7/data/ljohnst7/ngrams/set_variant_qwen_support/vocab_2gram.txt,14874,-27.69498634338379,9.380376169186516e-13,4.987218848583024e-11,96588,0.999999687714884
113452,napkins we,2gram,/users/ljohnst7/data/ljohnst7/ngrams/set_variant_qwen_support/vocab_2gram.txt,14944,-27.69498634338379,9.380376169186516e-13,4.987218848583024e-11,96589,0.9999996877647562
101388,candy held,2gram,/users/ljohnst7/data/ljohnst7/ngrams/set_variant_qwen_support/vocab_2gram.txt,2880,-27.717012405395508,9.176022239898302e-13,4.8785709916584805e-11,96761,0.9999996962390797
120177,wallet contains,2gram,/users/ljohnst7/data/ljohnst7/ngrams/set_variant_qwen_support/vocab_2gram.txt,21669,-27.742454528808594,8.945509549919075e-13,4.7560154340169484e-11,96937,0.9999997047156037
101610,candy whenever,2gram,/users/ljohnst7/data/ljohnst7/ngrams/set_variant_qwen_support/vocab_2gram.txt,3102,-27.748262405395508,8.893705715203501e-13,4.728473141867614e-11,96990,0.9999997072286534
113377,napkins paper,2gram,/users/ljohnst7/data/ljohnst7/ngrams/set_variant_qwen_support/vocab_2gram.txt,14869,-27.75748634338379,8.812047907438043e-13,4.685058533468474e-11,97066,0.9999997108066093
113435,napkins together,2gram,/users/ljohnst7/data/ljohnst7/ngrams/set_variant_qwen_support/vocab_2gram.txt,14927,-27.75748634338379,8.812047907438043e-13,4.685058533468474e-11,97067,0.99999971085346
113464,napkins within,2gram,/users/ljohnst7/data/ljohnst7/ngrams/set_variant_qwen_support/vocab_2gram.txt,14956,-27.75748634338379,8.812047907438043e-13,4.685058533468474e-11,97068,0.9999997109003106
120152,wallet being,2gram,/users/ljohnst7/data/ljohnst7/ngrams/set_variant_qwen_support/vocab_2gram.txt,21644,-27.758079528808594,8.806822279093183e-13,4.682280249132417e-11,97075,0.9999997112281244
120187,wallet does,2gram,/users/ljohnst7/data/ljohnst7/ngrams/set_variant_qwen_support/vocab_2gram.txt,21679,-27.758079528808594,8.806822279093183e-13,4.682280249132417e-11,97076,0.9999997112749471
106850,gloves often,2gram,/users/ljohnst7/data/ljohnst7/ngrams/set_variant_qwen_support/vocab_2gram.txt,8342,-27.76845932006836,8.715882088761108e-13,4.6339305216654446e-11,97133,0.9999997139306063
120195,wallet ever,2gram,/users/ljohnst7/data/ljohnst7/ngrams/set_variant_qwen_support/vocab_2gram.txt,21687,-27.773704528808594,8.670285155107089e-13,4.609688222331661e-11,97172,0.9999997157334299
101318,candy contains,2gram,/users/ljohnst7/data/ljohnst7/ngrams/set_variant_qwen_support/vocab_2gram.txt,2810,-27.779512405395508,8.620075156827435e-13,4.5829933174268684e-11,97223,0.9999997180769908
101343,candy display,2gram,/users/ljohnst7/data/ljohnst7/ngrams/set_variant_qwen_support/vocab_2gram.txt,2835,-27.779512405395508,8.620075156827435e-13,4.5829933174268684e-11,97224,0.9999997181228207
101614,candy who,2gram,/users/ljohnst7/data/ljohnst7/ngrams/set_variant_qwen_support/vocab_2gram.txt,3106,-27.779512405395508,8.620075156827435e-13,4.5829933174268684e-11,97225,0.9999997181686506
98874,bandana handkerchiefs,2gram,/users/ljohnst7/data/ljohnst7/ngrams/set_variant_qwen_support/vocab_2gram.txt,366,-27.78667640686035,8.558541602187883e-13,4.5502780725386345e-11,97290,0.9999997211365351
113225,napkins a,2gram,/users/ljohnst7/data/ljohnst7/ngrams/set_variant_qwen_support/vocab_2gram.txt,14717,-27.78873634338379,8.540929695686674e-13,4.540914436104647e-11,97312,0.999999722136204
101555,candy story,2gram,/users/ljohnst7/data/ljohnst7/ngrams/set_variant_qwen_support/vocab_2gram.txt,3047,-27.795137405395508,8.486433278615447e-13,4.5119405918263487e-11,97356,0.9999997241280559
101567,candy syrup,2gram,/users/ljohnst7/data/ljohnst7/ngrams/set_variant_qwen_support/vocab_2gram.txt,3059,-27.795137405395508,8.486433278615447e-13,4.5119405918263487e-11,97357,0.9999997241731753
120213,wallet gone,2gram,/users/ljohnst7/data/ljohnst7/ngrams/set_variant_qwen_support/vocab_2gram.txt,21705,-27.804954528808594,8.403528524716674e-13,4.467863025658024e-11,97427,0.9999997273149245
120219,wallet have,2gram,/users/ljohnst7/data/ljohnst7/ngrams/set_variant_qwen_support/vocab_2gram.txt,21711,-27.804954528808594,8.403528524716674e-13,4.467863025658024e-11,97428,0.9999997273596031
107616,handkerchief spotted,2gram,/users/ljohnst7/data/ljohnst7/ngrams/set_variant_qwen_support/vocab_2gram.txt,9108,-27.807151794433594,8.385084011528812e-13,4.458056721287671e-11,97448,0.9999997282522983
113365,napkins now,2gram,/users/ljohnst7/data/ljohnst7/ngrams/set_variant_qwen_support/vocab_2gram.txt,14857,-27.81998634338379,8.278152914385452e-13,4.40120518638603e-11,97532,0.9999997319762722
101273,candy being,2gram,/users/ljohnst7/data/ljohnst7/ngrams/set_variant_qwen_support/vocab_2gram.txt,2765,-27.826387405395508,8.225333175800135e-13,4.373122773580962e-11,97581,0.999999734126893
120191,wallet each,2gram,/users/ljohnst7/data/ljohnst7/ngrams/set_variant_qwen_support/vocab_2gram.txt,21683,-27.851829528808594,8.018702935946869e-13,4.263264681720154e-11,97775,0.9999997425004069
101478,candy onto,2gram,/users/ljohnst7/data/ljohnst7/ngrams/set_variant_qwen_support/vocab_2gram.txt,2970,-27.857637405395508,7.972266278626344e-13,4.2385759306000374e-11,97813,0.9999997441159222
101501,candy put,2gram,/users/ljohnst7/data/ljohnst7/ngrams/set_variant_qwen_support/vocab_2gram.txt,2993,-27.857637405395508,7.972266278626344e-13,4.2385759306000374e-11,97814,0.999999744158308
113301,napkins filled,2gram,/users/ljohnst7/data/ljohnst7/ngrams/set_variant_qwen_support/vocab_2gram.txt,14793,-27.88248634338379,7.776604983741138e-13,4.1345496442134554e-11,98011,0.9999997523992205
106762,gloves cost,2gram,/users/ljohnst7/data/ljohnst7/ngrams/set_variant_qwen_support/vocab_2gram.txt,8254,-27.89345932006836,7.691738946624231e-13,4.089429332161973e-11,98094,0.9999997558129163
106887,gloves sold,2gram,/users/ljohnst7/data/ljohnst7/ngrams/set_variant_qwen_support/vocab_2gram.txt,8379,-27.89345932006836,7.691738946624231e-13,4.089429332161973e-11,98095,0.9999997558538106
107516,handkerchief hard,2gram,/users/ljohnst7/data/ljohnst7/ngrams/set_variant_qwen_support/vocab_2gram.txt,9008,-27.901878356933594,7.627253745411096e-13,4.055144799735518e-11,98148,0.999999758011017
101510,candy reward,2gram,/users/ljohnst7/data/ljohnst7/ngrams/set_variant_qwen_support/vocab_2gram.txt,3002,-27.904512405395508,7.607189625946632e-13,4.044477407195111e-11,98177,0.9999997591853451
101539,candy skulls,2gram,/users/ljohnst7/data/ljohnst7/ngrams/set_variant_qwen_support/vocab_2gram.txt,3031,-27.904512405395508,7.607189625946632e-13,4.044477407195111e-11,98178,0.9999997592257899
101562,candy such,2gram,/users/ljohnst7/data/ljohnst7/ngrams/set_variant_qwen_support/vocab_2gram.txt,3054,-27.904512405395508,7.607189625946632e-13,4.044477407195111e-11,98179,0.9999997592662346
101622,candy worth,2gram,/users/ljohnst7/data/ljohnst7/ngrams/set_variant_qwen_support/vocab_2gram.txt,3114,-27.904512405395508,7.607189625946632e-13,4.044477407195111e-11,98180,0.9999997593066794
113413,napkins spread,2gram,/users/ljohnst7/data/ljohnst7/ngrams/set_variant_qwen_support/vocab_2gram.txt,14905,-27.91373634338379,7.537344001636281e-13,4.0073429247640245e-11,98235,0.9999997615205397
120349,wallet well,2gram,/users/ljohnst7/data/ljohnst7/ngrams/set_variant_qwen_support/vocab_2gram.txt,21841,-27.914329528808594,7.532874284849259e-13,4.0049665322392475e-11,98241,0.9999997617608868
101365,candy filter,2gram,/users/ljohnst7/data/ljohnst7/ngrams/set_variant_qwen_support/vocab_2gram.txt,2857,-27.920137405395508,7.489251082368964e-13,3.9817735969324585e-11,98287,0.9999997635980972
107647,handkerchief tree,2gram,/users/ljohnst7/data/ljohnst7/ngrams/set_variant_qwen_support/vocab_2gram.txt,9139,-27.931175231933594,7.407040575344915e-13,3.938065137614088e-11,98351,0.9999997661296606
107529,handkerchief his,2gram,/users/ljohnst7/data/ljohnst7/ngrams/set_variant_qwen_support/vocab_2gram.txt,9021,-27.934104919433594,7.385372017709116e-13,3.9265447212561764e-11,98371,0.9999997669161466
107625,handkerchief suddenly,2gram,/users/ljohnst7/data/ljohnst7/ngrams/set_variant_qwen_support/vocab_2gram.txt,9117,-27.938011169433594,7.356579180886336e-13,3.911236574128938e-11,98398,0.9999997679746182
113242,napkins are,2gram,/users/ljohnst7/data/ljohnst7/ngrams/set_variant_qwen_support/vocab_2gram.txt,14734,-27.94498634338379,7.305444306066802e-13,3.884049944624929e-11,98464,0.9999997705469501
113404,napkins set,2gram,/users/ljohnst7/data/ljohnst7/ngrams/set_variant_qwen_support/vocab_2gram.txt,14896,-27.94498634338379,7.305444306066802e-13,3.884049944624929e-11,98465,0.9999997705857906
113408,napkins since,2gram,/users/ljohnst7/data/ljohnst7/ngrams/set_variant_qwen_support/vocab_2gram.txt,14900,-27.94498634338379,7.305444306066802e-13,3.884049944624929e-11,98466,0.9999997706246311
101437,candy machines,2gram,/users/ljohnst7/data/ljohnst7/ngrams/set_variant_qwen_support/vocab_2gram.txt,2929,-27.951387405395508,7.258831050369933e-13,3.859267302307354e-11,98510,0.9999997723279693
101454,candy might,2gram,/users/ljohnst7/data/ljohnst7/ngrams/set_variant_qwen_support/vocab_2gram.txt,2946,-27.951387405395508,7.258831050369933e-13,3.859267302307354e-11,98511,0.999999772366562
101458,candy molds,2gram,/users/ljohnst7/data/ljohnst7/ngrams/set_variant_qwen_support/vocab_2gram.txt,2950,-27.967012405395508,7.146293305913425e-13,3.799434908573065e-11,98620,0.9999997765368488
113261,napkins beside,2gram,/users/ljohnst7/data/ljohnst7/ngrams/set_variant_qwen_support/vocab_2gram.txt,14753,-27.97623634338379,7.080679414055918e-13,3.7645502906964853e-11,98690,0.9999997791840126
101374,candy gets,2gram,/users/ljohnst7/data/ljohnst7/ngrams/set_variant_qwen_support/vocab_2gram.txt,2866,-27.982637405395508,7.035500297467367e-13,3.740530130124152e-11,98734,0.9999997808356861
120258,wallet must,2gram,/users/ljohnst7/data/ljohnst7/ngrams/set_variant_qwen_support/vocab_2gram.txt,21750,-27.992454528808594,6.966769842449706e-13,3.7039885443120874e-11,98802,0.999999783368333
107460,handkerchief cases,2gram,/users/ljohnst7/data/ljohnst7/ngrams/set_variant_qwen_support/vocab_2gram.txt,8952,-28.005393981933594,6.877204364447496e-13,3.6563697034448876e-11,98915,0.9999997875237702
113296,napkins even,2gram,/users/ljohnst7/data/ljohnst7/ngrams/set_variant_qwen_support/vocab_2gram.txt,14788,-28.00748634338379,6.862829810775483e-13,3.648727254600616e-11,98924,0.9999997878524985
120215,wallet had,2gram,/users/ljohnst7/data/ljohnst7/ngrams/set_variant_qwen_support/vocab_2gram.txt,21707,-28.008079528808594,6.858760087328465e-13,3.6465635245841e-11,98930,0.9999997880713223
120255,wallet might,2gram,/users/ljohnst7/data/ljohnst7/ngrams/set_variant_qwen_support/vocab_2gram.txt,21747,-28.023704528808594,6.752424868249778e-13,3.59002879726693e-11,99035,0.9999997918682265
113236,napkins already,2gram,/users/ljohnst7/data/ljohnst7/ngrams/set_variant_qwen_support/vocab_2gram.txt,14728,-28.03873634338379,6.651682735158598e-13,3.536467718698546e-11,99137,0.9999997955041002
120165,wallet came,2gram,/users/ljohnst7/data/ljohnst7/ngrams/set_variant_qwen_support/vocab_2gram.txt,21657,-28.039329528808594,6.647738223938621e-13,3.534370559656104e-11,99140,0.9999997956101412
120170,wallet carried,2gram,/users/ljohnst7/data/ljohnst7/ngrams/set_variant_qwen_support/vocab_2gram.txt,21662,-28.039329528808594,6.647738223938621e-13,3.534370559656104e-11,99141,0.9999997956454849
101450,candy may,2gram,/users/ljohnst7/data/ljohnst7/ngrams/set_variant_qwen_support/vocab_2gram.txt,2942,-28.060762405395508,6.506774100494951e-13,3.4594248516447776e-11,99284,0.9999998006462216
113258,napkins behind,2gram,/users/ljohnst7/data/ljohnst7/ngrams/set_variant_qwen_support/vocab_2gram.txt,14750,-28.06998634338379,6.447031972108223e-13,3.427662045615369e-11,99350,0.9999998029172725
120178,wallet contents,2gram,/users/ljohnst7/data/ljohnst7/ngrams/set_variant_qwen_support/vocab_2gram.txt,21670,-28.070579528808594,6.443208820740057e-13,3.4256294093734523e-11,99359,0.9999998032256607
101412,candy jars,2gram,/users/ljohnst7/data/ljohnst7/ngrams/set_variant_qwen_support/vocab_2gram.txt,2904,-28.076387405395508,6.40589591833635e-13,3.4057914405322475e-11,99399,0.9999998045922833
106849,gloves offer,2gram,/users/ljohnst7/data/ljohnst7/ngrams/set_variant_qwen_support/vocab_2gram.txt,8341,-28.08095932006836,6.376675556193728e-13,3.3902559931033046e-11,99430,0.9999998056457822
107469,handkerchief crossed,2gram,/users/ljohnst7/data/ljohnst7/ngrams/set_variant_qwen_support/vocab_2gram.txt,8961,-28.085227966308594,6.349513797269269e-13,3.375815033207292e-11,99466,0.9999998068636281
101356,candy end,2gram,/users/ljohnst7/data/ljohnst7/ngrams/set_variant_qwen_support/vocab_2gram.txt,2848,-28.107637405395508,6.208807220647951e-13,3.3010062538589176e-11,99641,0.9999998127085279
101597,candy upon,2gram,/users/ljohnst7/data/ljohnst7/ngrams/set_variant_qwen_support/vocab_2gram.txt,3089,-28.123262405395508,6.112548586781361e-13,3.249828895456675e-11,99753,0.9999998163815534
107430,handkerchief bandage,2gram,/users/ljohnst7/data/ljohnst7/ngrams/set_variant_qwen_support/vocab_2gram.txt,8922,-28.1254940032959,6.098923045208679e-13,3.2425846702222274e-11,99766,0.9999998168034925
113465,napkins without,2gram,/users/ljohnst7/data/ljohnst7/ngrams/set_variant_qwen_support/vocab_2gram.txt,14957,-28.13248634338379,6.056426050974588e-13,3.219990500561038e-11,99818,0.9999998184839001
101403,candy industry,2gram,/users/ljohnst7/data/ljohnst7/ngrams/set_variant_qwen_support/vocab_2gram.txt,2895,-28.138887405395508,6.017782304708694e-13,3.1994449684543184e-11,99866,0.999999820025135
101511,candy rewards,2gram,/users/ljohnst7/data/ljohnst7/ngrams/set_variant_qwen_support/vocab_2gram.txt,3003,-28.138887405395508,6.017782304708694e-13,3.1994449684543184e-11,99867,0.9999998200571294
107662,handkerchief waved,2gram,/users/ljohnst7/data/ljohnst7/ngrams/set_variant_qwen_support/vocab_2gram.txt,9154,-28.162620544433594,5.876642905866517e-13,3.1244060726267083e-11,100028,0.9999998251432572
113367,napkins off,2gram,/users/ljohnst7/data/ljohnst7/ngrams/set_variant_qwen_support/vocab_2gram.txt,14859,-28.16373634338379,5.870089410752892e-13,3.1209218078418766e-11,100038,0.9999998254554615
120220,wallet he,2gram,/users/ljohnst7/data/ljohnst7/ngrams/set_variant_qwen_support/vocab_2gram.txt,21712,-28.164329528808594,5.866608391819052e-13,3.1190710714826945e-11,100043,0.9999998256114677
107619,handkerchief steeped,2gram,/users/ljohnst7/data/ljohnst7/ngrams/set_variant_qwen_support/vocab_2gram.txt,9111,-28.16750717163086,5.847995993210589e-13,3.1091755082895696e-11,100070,0.9999998264522069
101354,candy egg,2gram,/users/ljohnst7/data/ljohnst7/ngrams/set_variant_qwen_support/vocab_2gram.txt,2846,-28.170137405395508,5.832634607567316e-13,3.101008395304044e-11,100086,0.9999998269490599
106875,gloves required,2gram,/users/ljohnst7/data/ljohnst7/ngrams/set_variant_qwen_support/vocab_2gram.txt,8367,-28.17080307006836,5.828753320720496e-13,3.0989448504557244e-11,100093,0.9999998271660243
98916,bandana tignon,2gram,/users/ljohnst7/data/ljohnst7/ngrams/set_variant_qwen_support/vocab_2gram.txt,408,-28.178524017333984,5.783923112249778e-13,3.0751101921607305e-11,100143,0.9999998287095815
120285,wallet quickly,2gram,/users/ljohnst7/data/ljohnst7/ngrams/set_variant_qwen_support/vocab_2gram.txt,21777,-28.179954528808594,5.775655059051885e-13,3.070714356641354e-11,100153,0.9999998290168266
120299,wallet she,2gram,/users/ljohnst7/data/ljohnst7/ngrams/set_variant_qwen_support/vocab_2gram.txt,21791,-28.179954528808594,5.775655059051885e-13,3.070714356641354e-11,100154,0.9999998290475337
107523,handkerchief heads,2gram,/users/ljohnst7/data/ljohnst7/ngrams/set_variant_qwen_support/vocab_2gram.txt,9015,-28.183372497558594,5.755947749219744e-13,3.060236667337958e-11,100187,0.9999998300592043
113371,napkins one,2gram,/users/ljohnst7/data/ljohnst7/ngrams/set_variant_qwen_support/vocab_2gram.txt,14863,-28.19498634338379,5.689485746249362e-13,3.024901138362341e-11,100264,0.9999998324010668
113395,napkins rolled,2gram,/users/ljohnst7/data/ljohnst7/ngrams/set_variant_qwen_support/vocab_2gram.txt,14887,-28.19498634338379,5.689485746249362e-13,3.024901138362341e-11,100265,0.9999998324313158
120282,wallet photos,2gram,/users/ljohnst7/data/ljohnst7/ngrams/set_variant_qwen_support/vocab_2gram.txt,21774,-28.195579528808594,5.686111827008843e-13,3.023107343174768e-11,100268,0.9999998325220284
101345,candy does,2gram,/users/ljohnst7/data/ljohnst7/ngrams/set_variant_qwen_support/vocab_2gram.txt,2837,-28.201387405395508,5.653183306211131e-13,3.0056003971188354e-11,100302,0.9999998335473227
101397,candy i,2gram,/users/ljohnst7/data/ljohnst7/ngrams/set_variant_qwen_support/vocab_2gram.txt,2889,-28.201387405395508,5.653183306211131e-13,3.0056003971188354e-11,100303,0.9999998335773786
106925,gloves went,2gram,/users/ljohnst7/data/ljohnst7/ngrams/set_variant_qwen_support/vocab_2gram.txt,8417,-28.20986557006836,5.605457287613314e-13,2.9802261375768006e-11,100357,0.9999998351941607
120361,wallet works,2gram,/users/ljohnst7/data/ljohnst7/ngrams/set_variant_qwen_support/vocab_2gram.txt,21853,-28.211204528808594,5.597956834104519e-13,2.976238408040446e-11,100371,0.9999998356110937
107666,handkerchief went,2gram,/users/ljohnst7/data/ljohnst7/ngrams/set_variant_qwen_support/vocab_2gram.txt,9158,-28.214378356933594,5.580218046084568e-13,2.9668073131282053e-11,100393,0.9999998362647706
113325,napkins i,2gram,/users/ljohnst7/data/ljohnst7/ngrams/set_variant_qwen_support/vocab_2gram.txt,14817,-28.22623634338379,5.514438672344325e-13,2.931834714306107e-11,100471,0.9999998385653872
107612,handkerchief slowly,2gram,/users/ljohnst7/data/ljohnst7/ngrams/set_variant_qwen_support/vocab_2gram.txt,9104,-28.227561950683594,5.507133535127287e-13,2.927950827630009e-11,100479,0.999999838799714
120302,wallet shut,2gram,/users/ljohnst7/data/ljohnst7/ngrams/set_variant_qwen_support/vocab_2gram.txt,21794,-28.242454528808594,5.425725808778079e-13,2.8846691787977666e-11,100569,0.9999998414149877
101608,candy were,2gram,/users/ljohnst7/data/ljohnst7/ngrams/set_variant_qwen_support/vocab_2gram.txt,3100,-28.263887405395508,5.310674244333811e-13,2.8235002746508047e-11,100723,0.9999998458117106
113420,napkins stuck,2gram,/users/ljohnst7/data/ljohnst7/ngrams/set_variant_qwen_support/vocab_2gram.txt,14912,-28.28873634338379,5.180335722884059e-13,2.7542038286291724e-11,100868,0.999999849854922
113462,napkins will,2gram,/users/ljohnst7/data/ljohnst7/ngrams/set_variant_qwen_support/vocab_2gram.txt,14954,-28.28873634338379,5.180335722884059e-13,2.7542038286291724e-11,100869,0.999999849882464
120184,wallet did,2gram,/users/ljohnst7/data/ljohnst7/ngrams/set_variant_qwen_support/vocab_2gram.txt,21676,-28.289329528808594,5.177263734457109e-13,2.7525705595246936e-11,100878,0.9999998501302865
120295,wallet series,2gram,/users/ljohnst7/data/ljohnst7/ngrams/set_variant_qwen_support/vocab_2gram.txt,21787,-28.289329528808594,5.177263734457109e-13,2.7525705595246936e-11,100879,0.9999998501578122
106909,gloves trimmed,2gram,/users/ljohnst7/data/ljohnst7/ngrams/set_variant_qwen_support/vocab_2gram.txt,8401,-28.29580307006836,5.143856751465513e-13,2.73480923180766e-11,100916,0.9999998511735768
120351,wallet were,2gram,/users/ljohnst7/data/ljohnst7/ngrams/set_variant_qwen_support/vocab_2gram.txt,21843,-28.320579528808594,5.017976075084939e-13,2.6678828665324784e-11,101105,0.9999998562794759
101484,candy papers,2gram,/users/ljohnst7/data/ljohnst7/ngrams/set_variant_qwen_support/vocab_2gram.txt,2976,-28.342012405395508,4.911570772249989e-13,2.6113108781264248e-11,101264,0.999999860477272
113426,napkins the,2gram,/users/ljohnst7/data/ljohnst7/ngrams/set_variant_qwen_support/vocab_2gram.txt,14918,-28.35123634338379,4.866475047836575e-13,2.5873350542651318e-11,101311,0.9999998616984367
101307,candy coatings,2gram,/users/ljohnst7/data/ljohnst7/ngrams/set_variant_qwen_support/vocab_2gram.txt,2799,-28.357637405395508,4.835423925380017e-13,2.5708262554289295e-11,101348,0.9999998626527632
101340,candy dishes,2gram,/users/ljohnst7/data/ljohnst7/ngrams/set_variant_qwen_support/vocab_2gram.txt,2832,-28.357637405395508,4.835423925380017e-13,2.5708262554289295e-11,101349,0.9999998626784714
101410,candy itself,2gram,/users/ljohnst7/data/ljohnst7/ngrams/set_variant_qwen_support/vocab_2gram.txt,2902,-28.357637405395508,4.835423925380017e-13,2.5708262554289295e-11,101350,0.9999998627041796
120262,wallet nor,2gram,/users/ljohnst7/data/ljohnst7/ngrams/set_variant_qwen_support/vocab_2gram.txt,21754,-28.367454528808594,4.788186220519952e-13,2.5457116152702773e-11,101427,0.9999998646742645
101587,candy trade,2gram,/users/ljohnst7/data/ljohnst7/ngrams/set_variant_qwen_support/vocab_2gram.txt,3079,-28.373262405395508,4.760457625947332e-13,2.5309692886297373e-11,101472,0.9999998658166004
106878,gloves seem,2gram,/users/ljohnst7/data/ljohnst7/ngrams/set_variant_qwen_support/vocab_2gram.txt,8370,-28.37392807006836,4.757289811947042e-13,2.5292850724100345e-11,101474,0.9999998658671861
113372,napkins only,2gram,/users/ljohnst7/data/ljohnst7/ngrams/set_variant_qwen_support/vocab_2gram.txt,14864,-28.38248634338379,4.716749351113065e-13,2.5077311233194213e-11,101528,0.9999998672268995
120226,wallet holds,2gram,/users/ljohnst7/data/ljohnst7/ngrams/set_variant_qwen_support/vocab_2gram.txt,21718,-28.383079528808594,4.713952273820286e-13,2.5062440148768713e-11,101535,0.9999998674023889
120288,wallet returned,2gram,/users/ljohnst7/data/ljohnst7/ngrams/set_variant_qwen_support/vocab_2gram.txt,21780,-28.383079528808594,4.713952273820286e-13,2.5062440148768713e-11,101536,0.9999998674274513
120308,wallet slung,2gram,/users/ljohnst7/data/ljohnst7/ngrams/set_variant_qwen_support/vocab_2gram.txt,21800,-28.38777732849121,4.691859005830075e-13,2.4944977948361952e-11,101570,0.9999998682777681
120201,wallet fell,2gram,/users/ljohnst7/data/ljohnst7/ngrams/set_variant_qwen_support/vocab_2gram.txt,21693,-28.398704528808594,4.640869217789616e-13,2.4673883029124095e-11,101622,0.9999998695675275
101400,candy immediately,2gram,/users/ljohnst7/data/ljohnst7/ngrams/set_variant_qwen_support/vocab_2gram.txt,2892,-28.404512405395508,4.613993742384512e-13,2.453099549978892e-11,101667,0.9999998706744478
113340,napkins like,2gram,/users/ljohnst7/data/ljohnst7/ngrams/set_variant_qwen_support/vocab_2gram.txt,14832,-28.41373634338379,4.571630229793513e-13,2.430576347851878e-11,101717,0.999999871894838
120271,wallet onto,2gram,/users/ljohnst7/data/ljohnst7/ngrams/set_variant_qwen_support/vocab_2gram.txt,21763,-28.414329528808594,4.568919209521953e-13,2.4291349929260882e-11,101720,0.9999998719677187
101285,candy butcher,2gram,/users/ljohnst7/data/ljohnst7/ngrams/set_variant_qwen_support/vocab_2gram.txt,2777,-28.435762405395508,4.4720360787849524e-13,2.3776256113185053e-11,101857,0.9999998752603423
107445,handkerchief bore,2gram,/users/ljohnst7/data/ljohnst7/ngrams/set_variant_qwen_support/vocab_2gram.txt,8937,-28.438011169433594,4.461990823811214e-13,2.372284899598605e-11,101875,0.9999998756877881
113276,napkins could,2gram,/users/ljohnst7/data/ljohnst7/ngrams/set_variant_qwen_support/vocab_2gram.txt,14768,-28.44498634338379,4.4309759544525994e-13,2.3557953752701753e-11,101911,0.9999998765388689
101526,candy sellers,2gram,/users/ljohnst7/data/ljohnst7/ngrams/set_variant_qwen_support/vocab_2gram.txt,3018,-28.451387405395508,4.4027035857234234e-13,2.3407639428758747e-11,101944,0.9999998773140688
106871,gloves reaching,2gram,/users/ljohnst7/data/ljohnst7/ngrams/set_variant_qwen_support/vocab_2gram.txt,8363,-28.45205307006836,4.3997738367047644e-13,2.3392062975038834e-11,101947,0.9999998773842622
101276,candy booth,2gram,/users/ljohnst7/data/ljohnst7/ngrams/set_variant_qwen_support/vocab_2gram.txt,2768,-28.467012405395508,4.3344459933356455e-13,2.3044737616320303e-11,102038,0.9999998794975271
107588,handkerchief protruding,2gram,/users/ljohnst7/data/ljohnst7/ngrams/set_variant_qwen_support/vocab_2gram.txt,9080,-28.49211883544922,4.226978238989643e-13,2.2473369048128054e-11,102198,0.9999998831379462
101324,candy costs,2gram,/users/ljohnst7/data/ljohnst7/ngrams/set_variant_qwen_support/vocab_2gram.txt,2816,-28.498262405395508,4.201089109783738e-13,2.23357255775248e-11,102242,0.9999998841234754
113322,napkins her,2gram,/users/ljohnst7/data/ljohnst7/ngrams/set_variant_qwen_support/vocab_2gram.txt,14814,-28.50748634338379,4.162516692625181e-13,2.213064948844377e-11,102305,0.9999998855242486
113231,napkins after,2gram,/users/ljohnst7/data/ljohnst7/ngrams/set_variant_qwen_support/vocab_2gram.txt,14723,-28.53873634338379,4.0344495175548777e-13,2.1449760984746604e-11,102516,0.9999998901154444
120247,wallet long,2gram,/users/ljohnst7/data/ljohnst7/ngrams/set_variant_qwen_support/vocab_2gram.txt,21739,-28.539329528808594,4.032057050562381e-13,2.143704107217126e-11,102523,0.9999998902655381
120254,wallet may,2gram,/users/ljohnst7/data/ljohnst7/ngrams/set_variant_qwen_support/vocab_2gram.txt,21746,-28.554954528808594,3.9695458000812004e-13,2.1104690555491205e-11,102624,0.9999998924126627
107471,handkerchief dance,2gram,/users/ljohnst7/data/ljohnst7/ngrams/set_variant_qwen_support/vocab_2gram.txt,8963,-28.557151794433594,3.9608332289696636e-13,2.105836885358568e-11,102636,0.9999998926656315
107602,handkerchief seemed,2gram,/users/ljohnst7/data/ljohnst7/ngrams/set_variant_qwen_support/vocab_2gram.txt,9094,-28.566917419433594,3.92234147090993e-13,2.0853721600801523e-11,102691,0.9999998938182854
107608,handkerchief showed,2gram,/users/ljohnst7/data/ljohnst7/ngrams/set_variant_qwen_support/vocab_2gram.txt,9100,-28.568870544433594,3.9146881241289584e-13,2.0813031425234594e-11,102703,0.9999998940682524
101430,candy lay,2gram,/users/ljohnst7/data/ljohnst7/ngrams/set_variant_qwen_support/vocab_2gram.txt,2922,-28.576387405395508,3.885372277399012e-13,2.0657169292696642e-11,102754,0.999999895125944
101462,candy mountains,2gram,/users/ljohnst7/data/ljohnst7/ngrams/set_variant_qwen_support/vocab_2gram.txt,2954,-28.576387405395508,3.885372277399012e-13,2.0657169292696642e-11,102755,0.9999998951466011
107565,handkerchief nor,2gram,/users/ljohnst7/data/ljohnst7/ngrams/set_variant_qwen_support/vocab_2gram.txt,9057,-28.600120544433594,3.794245832515642e-13,2.0172681767537914e-11,102923,0.9999998985786864
113333,napkins it,2gram,/users/ljohnst7/data/ljohnst7/ngrams/set_variant_qwen_support/vocab_2gram.txt,14825,-28.60123634338379,3.7900145780525776e-13,2.0150185663297802e-11,102928,0.9999998986794709
113226,napkins about,2gram,/users/ljohnst7/data/ljohnst7/ngrams/set_variant_qwen_support/vocab_2gram.txt,14718,-28.63248634338379,3.673408088198396e-13,1.9530229625736987e-11,103130,0.9999999026861053
113459,napkins while,2gram,/users/ljohnst7/data/ljohnst7/ngrams/set_variant_qwen_support/vocab_2gram.txt,14951,-28.63248634338379,3.673408088198396e-13,1.9530229625736987e-11,103131,0.9999999027056355
101593,candy turned,2gram,/users/ljohnst7/data/ljohnst7/ngrams/set_variant_qwen_support/vocab_2gram.txt,3085,-28.638887405395508,3.649969471281976e-13,1.9405614674308635e-11,103173,0.9999999035231311
101485,candy peddler,2gram,/users/ljohnst7/data/ljohnst7/ngrams/set_variant_qwen_support/vocab_2gram.txt,2977,-28.654115676879883,3.5948078195635206e-13,1.911233941092108e-11,103253,0.9999999050637846
101544,candy stall,2gram,/users/ljohnst7/data/ljohnst7/ngrams/set_variant_qwen_support/vocab_2gram.txt,3036,-28.654512405395508,3.5933819396556196e-13,1.910475850475672e-11,103257,0.9999999051402094
113274,napkins containing,2gram,/users/ljohnst7/data/ljohnst7/ngrams/set_variant_qwen_support/vocab_2gram.txt,14766,-28.66373634338379,3.5603892028760946e-13,1.8929347630218783e-11,103333,0.9999999065853152
113423,napkins taken,2gram,/users/ljohnst7/data/ljohnst7/ngrams/set_variant_qwen_support/vocab_2gram.txt,14915,-28.66373634338379,3.5603892028760946e-13,1.8929347630218783e-11,103334,0.9999999066042445
101373,candy gave,2gram,/users/ljohnst7/data/ljohnst7/ngrams/set_variant_qwen_support/vocab_2gram.txt,2865,-28.685762405395508,3.4828252000812954e-13,1.85169668794548e-11,103505,0.999999909807905
106844,gloves nor,2gram,/users/ljohnst7/data/ljohnst7/ngrams/set_variant_qwen_support/vocab_2gram.txt,8336,-28.71767807006836,3.3734236172980963e-13,1.7935316819925785e-11,103703,0.9999999134117954
107585,handkerchief points,2gram,/users/ljohnst7/data/ljohnst7/ngrams/set_variant_qwen_support/vocab_2gram.txt,9077,-28.723169326782227,3.3549500501814377e-13,1.7837099306616026e-11,103757,0.9999999143774907
113232,napkins again,2gram,/users/ljohnst7/data/ljohnst7/ngrams/set_variant_qwen_support/vocab_2gram.txt,14724,-28.72623634338379,3.3446761258818624e-13,1.7782476434364834e-11,103775,0.9999999146980092
113336,napkins laid,2gram,/users/ljohnst7/data/ljohnst7/ngrams/set_variant_qwen_support/vocab_2gram.txt,14828,-28.72623634338379,3.3446761258818624e-13,1.7782476434364834e-11,103776,0.9999999147157916
106828,gloves looked,2gram,/users/ljohnst7/data/ljohnst7/ngrams/set_variant_qwen_support/vocab_2gram.txt,8320,-28.73720932006836,3.30817569814552e-13,1.758841639039134e-11,103836,0.9999999157765416
101607,candy went,2gram,/users/ljohnst7/data/ljohnst7/ngrams/set_variant_qwen_support/vocab_2gram.txt,3099,-28.740449905395508,3.2974726239974314e-13,1.753151187807074e-11,103853,0.9999999160750909
101357,candy et,2gram,/users/ljohnst7/data/ljohnst7/ngrams/set_variant_qwen_support/vocab_2gram.txt,2849,-28.756074905395508,3.246350049448346e-13,1.725971097927864e-11,103955,0.9999999178499074
120337,wallet toward,2gram,/users/ljohnst7/data/ljohnst7/ngrams/set_variant_qwen_support/vocab_2gram.txt,21829,-28.773704528808594,3.189619657657848e-13,1.6958095272059507e-11,104071,0.9999999198354699
101519,candy sat,2gram,/users/ljohnst7/data/ljohnst7/ngrams/set_variant_qwen_support/vocab_2gram.txt,3011,-28.779512405395508,3.1711484315495095e-13,1.685989020507451e-11,104115,0.9999999205792963
106903,gloves title,2gram,/users/ljohnst7/data/ljohnst7/ngrams/set_variant_qwen_support/vocab_2gram.txt,8395,-28.78017807006836,3.169038212493319e-13,1.684867090633653e-11,104120,0.999999920663566
101362,candy fell,2gram,/users/ljohnst7/data/ljohnst7/ngrams/set_variant_qwen_support/vocab_2gram.txt,2854,-28.787324905395508,3.1464703586692594e-13,1.6728685498573104e-11,104158,0.9999999213014948
120307,wallet slipped,2gram,/users/ljohnst7/data/ljohnst7/ngrams/set_variant_qwen_support/vocab_2gram.txt,21799,-28.789329528808594,3.1401691883665615e-13,1.6695184373740845e-11,104168,0.9999999214685518
101482,candy packages,2gram,/users/ljohnst7/data/ljohnst7/ngrams/set_variant_qwen_support/vocab_2gram.txt,2974,-28.795137405395508,3.121984332075782e-13,1.6598501835198242e-11,104194,0.9999999219012657
107448,handkerchief boxes,2gram,/users/ljohnst7/data/ljohnst7/ngrams/set_variant_qwen_support/vocab_2gram.txt,8940,-28.797388076782227,3.114965672580608e-13,1.6561186070569206e-11,104211,0.9999999221831666
101492,candy plant,2gram,/users/ljohnst7/data/ljohnst7/ngrams/set_variant_qwen_support/vocab_2gram.txt,2984,-28.802949905395508,3.0976888572530153e-13,1.6469331269129265e-11,104251,0.9999999228439562
113272,napkins clean,2gram,/users/ljohnst7/data/ljohnst7/ngrams/set_variant_qwen_support/vocab_2gram.txt,14764,-28.85123634338379,2.9516663212393875e-13,1.5692980373610526e-11,104511,0.9999999270256011
101233,candy against,2gram,/users/ljohnst7/data/ljohnst7/ngrams/set_variant_qwen_support/vocab_2gram.txt,2725,-28.865449905395508,2.910009377035231e-13,1.5471504930022474e-11,104602,0.9999999284437305
101620,candy workers,2gram,/users/ljohnst7/data/ljohnst7/ngrams/set_variant_qwen_support/vocab_2gram.txt,3112,-28.873262405395508,2.887363504399873e-13,1.535110472345009e-11,104645,0.9999999291059634
101465,candy never,2gram,/users/ljohnst7/data/ljohnst7/ngrams/set_variant_qwen_support/vocab_2gram.txt,2957,-28.881074905395508,2.8648938633435133e-13,1.5231641478718733e-11,104686,0.9999999297326981
120199,wallet falls,2gram,/users/ljohnst7/data/ljohnst7/ngrams/set_variant_qwen_support/vocab_2gram.txt,21691,-28.898704528808594,2.8148294683059883e-13,1.4965466551326985e-11,104789,0.9999999312889307
113321,napkins held,2gram,/users/ljohnst7/data/ljohnst7/ngrams/set_variant_qwen_support/vocab_2gram.txt,14813,-28.91373634338379,2.772833899238878e-13,1.4742190757445228e-11,104881,0.9999999326553336
120211,wallet gave,2gram,/users/ljohnst7/data/ljohnst7/ngrams/set_variant_qwen_support/vocab_2gram.txt,21703,-28.945579528808594,2.68592904222408e-13,1.4280147942615131e-11,105083,0.9999999355852707
120169,wallet carefully,2gram,/users/ljohnst7/data/ljohnst7/ngrams/set_variant_qwen_support/vocab_2gram.txt,21661,-28.961204528808594,2.644287572118956e-13,1.405875476941471e-11,105166,0.9999999367617836
107600,handkerchief scene,2gram,/users/ljohnst7/data/ljohnst7/ngrams/set_variant_qwen_support/vocab_2gram.txt,9092,-28.965356826782227,2.6333304665183803e-13,1.4000499660460113e-11,105200,0.9999999372387893
113278,napkins covering,2gram,/users/ljohnst7/data/ljohnst7/ngrams/set_variant_qwen_support/vocab_2gram.txt,14770,-28.97623634338379,2.6048363859570265e-13,1.3849006572032138e-11,105256,0.9999999380189323
113331,napkins into,2gram,/users/ljohnst7/data/ljohnst7/ngrams/set_variant_qwen_support/vocab_2gram.txt,14823,-28.97623634338379,2.6048363859570265e-13,1.3849006572032138e-11,105257,0.9999999380327813
113381,napkins placed,2gram,/users/ljohnst7/data/ljohnst7/ngrams/set_variant_qwen_support/vocab_2gram.txt,14873,-28.97623634338379,2.6048363859570265e-13,1.3849006572032138e-11,105258,0.9999999380466303
106908,gloves treatment,2gram,/users/ljohnst7/data/ljohnst7/ngrams/set_variant_qwen_support/vocab_2gram.txt,8400,-28.97646713256836,2.6042352872577797e-13,1.3845810739894202e-11,105259,0.9999999380604762
120212,wallet gets,2gram,/users/ljohnst7/data/ljohnst7/ngrams/set_variant_qwen_support/vocab_2gram.txt,21704,-28.976829528808594,2.603291693168794e-13,1.3840793979221574e-11,105264,0.9999999381296871
120243,wallet lay,2gram,/users/ljohnst7/data/ljohnst7/ngrams/set_variant_qwen_support/vocab_2gram.txt,21735,-28.992454528808594,2.562931396410455e-13,1.362621235786955e-11,105346,0.9999999392559891
106755,gloves catches,2gram,/users/ljohnst7/data/ljohnst7/ngrams/set_variant_qwen_support/vocab_2gram.txt,8247,-29.00478744506836,2.5315170912936463e-13,1.3459193453970654e-11,105415,0.9999999401905125
120137,wallet application,2gram,/users/ljohnst7/data/ljohnst7/ngrams/set_variant_qwen_support/vocab_2gram.txt,21629,-29.008079528808594,2.523196828055389e-13,1.3414957516201634e-11,105439,0.9999999405129255
101453,candy merchant,2gram,/users/ljohnst7/data/ljohnst7/ngrams/set_variant_qwen_support/vocab_2gram.txt,2945,-29.021699905395508,2.4890629230678685e-13,1.3233479448308472e-11,105515,0.9999999415254949
107637,handkerchief thrust,2gram,/users/ljohnst7/data/ljohnst7/ngrams/set_variant_qwen_support/vocab_2gram.txt,9129,-29.027856826782227,2.473785038952071e-13,1.3152252266951862e-11,105560,0.9999999421193686
101498,candy pulling,2gram,/users/ljohnst7/data/ljohnst7/ngrams/set_variant_qwen_support/vocab_2gram.txt,2990,-29.037324905395508,2.4504735792425833e-13,1.302831336604399e-11,105625,0.9999999429704978
113237,napkins also,2gram,/users/ljohnst7/data/ljohnst7/ngrams/set_variant_qwen_support/vocab_2gram.txt,14729,-29.06998634338379,2.3717305191135947e-13,1.260966397865545e-11,105811,0.9999999453581454
113256,napkins before,2gram,/users/ljohnst7/data/ljohnst7/ngrams/set_variant_qwen_support/vocab_2gram.txt,14748,-29.06998634338379,2.3717305191135947e-13,1.260966397865545e-11,105812,0.9999999453707551
113440,napkins two,2gram,/users/ljohnst7/data/ljohnst7/ngrams/set_variant_qwen_support/vocab_2gram.txt,14932,-29.06998634338379,2.3717305191135947e-13,1.260966397865545e-11,105813,0.9999999453833648
113446,napkins used,2gram,/users/ljohnst7/data/ljohnst7/ngrams/set_variant_qwen_support/vocab_2gram.txt,14938,-29.06998634338379,2.3717305191135947e-13,1.260966397865545e-11,105814,0.9999999453959745
101513,candy rock,2gram,/users/ljohnst7/data/ljohnst7/ngrams/set_variant_qwen_support/vocab_2gram.txt,3005,-29.076387405395508,2.35659741064e-13,1.2529206518894847e-11,105854,0.9999999458985802
120356,wallet wide,2gram,/users/ljohnst7/data/ljohnst7/ngrams/set_variant_qwen_support/vocab_2gram.txt,21848,-29.086204528808594,2.333575591937919e-13,1.2406807538204889e-11,105902,0.9999999464969691
106870,gloves reached,2gram,/users/ljohnst7/data/ljohnst7/ngrams/set_variant_qwen_support/vocab_2gram.txt,8362,-29.09218978881836,2.3196502502341317e-13,1.2332771353125001e-11,105938,0.9999999469421278
113249,napkins away,2gram,/users/ljohnst7/data/ljohnst7/ngrams/set_variant_qwen_support/vocab_2gram.txt,14741,-29.10123634338379,2.298760042346728e-13,1.2221705403692066e-11,105990,0.9999999475804374
113280,napkins cut,2gram,/users/ljohnst7/data/ljohnst7/ngrams/set_variant_qwen_support/vocab_2gram.txt,14772,-29.10123634338379,2.298760042346728e-13,1.2221705403692066e-11,105991,0.9999999475926591
113312,napkins full,2gram,/users/ljohnst7/data/ljohnst7/ngrams/set_variant_qwen_support/vocab_2gram.txt,14804,-29.10123634338379,2.298760042346728e-13,1.2221705403692066e-11,105992,0.9999999476048808
120293,wallet says,2gram,/users/ljohnst7/data/ljohnst7/ngrams/set_variant_qwen_support/vocab_2gram.txt,21785,-29.101829528808594,2.297396855745668e-13,1.2214457815974556e-11,105994,0.9999999476293113
120205,wallet flap,2gram,/users/ljohnst7/data/ljohnst7/ngrams/set_variant_qwen_support/vocab_2gram.txt,21697,-29.117454528808594,2.2617790188690384e-13,1.2025090199779812e-11,106072,0.9999999485741995
101473,candy often,2gram,/users/ljohnst7/data/ljohnst7/ngrams/set_variant_qwen_support/vocab_2gram.txt,2965,-29.131074905395508,2.2311815841883907e-13,1.1862414311089042e-11,106138,0.9999999493623623
113468,napkins would,2gram,/users/ljohnst7/data/ljohnst7/ngrams/set_variant_qwen_support/vocab_2gram.txt,14960,-29.13248634338379,2.228034631128697e-13,1.1845683059237474e-11,106149,0.9999999494927669
113335,napkins kept,2gram,/users/ljohnst7/data/ljohnst7/ngrams/set_variant_qwen_support/vocab_2gram.txt,14827,-29.16373634338379,2.159485212054175e-13,1.148122970608637e-11,106288,0.9999999511126583
113461,napkins whose,2gram,/users/ljohnst7/data/ljohnst7/ngrams/set_variant_qwen_support/vocab_2gram.txt,14953,-29.16373634338379,2.159485212054175e-13,1.148122970608637e-11,106289,0.9999999511241395
101601,candy vendors,2gram,/users/ljohnst7/data/ljohnst7/ngrams/set_variant_qwen_support/vocab_2gram.txt,3093,-29.177949905395508,2.129008340620256e-13,1.1319194810129461e-11,106363,0.9999999519682344
120289,wallet revealed,2gram,/users/ljohnst7/data/ljohnst7/ngrams/set_variant_qwen_support/vocab_2gram.txt,21781,-29.179954528808594,2.1247447555230215e-13,1.1296526815183465e-11,106376,0.9999999521151933
113387,napkins put,2gram,/users/ljohnst7/data/ljohnst7/ngrams/set_variant_qwen_support/vocab_2gram.txt,14879,-29.19498634338379,2.0930448368831018e-13,1.112798940379598e-11,106451,0.9999999529564021
106788,gloves frequently,2gram,/users/ljohnst7/data/ljohnst7/ngrams/set_variant_qwen_support/vocab_2gram.txt,8280,-29.22524642944336,2.030657798997062e-13,1.0796299282162506e-11,106617,0.999999954776249
113412,napkins some,2gram,/users/ljohnst7/data/ljohnst7/ngrams/set_variant_qwen_support/vocab_2gram.txt,14904,-29.22623634338379,2.0286486171562206e-13,1.078561716305966e-11,106620,0.9999999548086184
113428,napkins then,2gram,/users/ljohnst7/data/ljohnst7/ngrams/set_variant_qwen_support/vocab_2gram.txt,14920,-29.22623634338379,2.0286486171562206e-13,1.078561716305966e-11,106621,0.999999954819404
120173,wallet checks,2gram,/users/ljohnst7/data/ljohnst7/ngrams/set_variant_qwen_support/vocab_2gram.txt,21665,-29.226829528808594,2.0274456092031403e-13,1.0779221189347749e-11,106627,0.9999999548840935
101500,candy pulls,2gram,/users/ljohnst7/data/ljohnst7/ngrams/set_variant_qwen_support/vocab_2gram.txt,2992,-29.232637405395508,2.0157045835356953e-13,1.0716798250806407e-11,106664,0.9999999552817347
106879,gloves seemed,2gram,/users/ljohnst7/data/ljohnst7/ngrams/set_variant_qwen_support/vocab_2gram.txt,8371,-29.24160385131836,1.9977116642081788e-13,1.0621136174155375e-11,106702,0.9999999556869137
120327,wallet thick,2gram,/users/ljohnst7/data/ljohnst7/ngrams/set_variant_qwen_support/vocab_2gram.txt,21819,-29.242454528808594,1.9960129784827512e-13,1.0612104854606058e-11,106705,0.9999999557187659
106862,gloves procedure,2gram,/users/ljohnst7/data/ljohnst7/ngrams/set_variant_qwen_support/vocab_2gram.txt,8354,-29.24355697631836,1.9938136914671594e-13,1.0600412012592286e-11,106712,0.9999999557930024
101521,candy says,2gram,/users/ljohnst7/data/ljohnst7/ngrams/set_variant_qwen_support/vocab_2gram.txt,3013,-29.271699905395508,1.938484153599256e-13,1.030624415710198e-11,106882,0.9999999575666548
113364,napkins not,2gram,/users/ljohnst7/data/ljohnst7/ngrams/set_variant_qwen_support/vocab_2gram.txt,14856,-29.28873634338379,1.9057390108150477e-13,1.0132149653483466e-11,106977,0.9999999585381404
120248,wallet looked,2gram,/users/ljohnst7/data/ljohnst7/ngrams/set_variant_qwen_support/vocab_2gram.txt,21740,-29.289329528808594,1.9046088894292554e-13,1.0126141192229084e-11,106981,0.9999999585786518
120292,wallet said,2gram,/users/ljohnst7/data/ljohnst7/ngrams/set_variant_qwen_support/vocab_2gram.txt,21784,-29.289329528808594,1.9046088894292554e-13,1.0126141192229084e-11,106982,0.9999999585887779
107564,handkerchief nervously,2gram,/users/ljohnst7/data/ljohnst7/ngrams/set_variant_qwen_support/vocab_2gram.txt,9056,-29.29025650024414,1.9028441894324742e-13,1.0116758897822863e-11,106985,0.9999999586191357
101524,candy seems,2gram,/users/ljohnst7/data/ljohnst7/ngrams/set_variant_qwen_support/vocab_2gram.txt,3016,-29.318574905395508,1.84971450124005e-13,9.83428687581271e-12,107127,0.9999999600341434
113332,napkins is,2gram,/users/ljohnst7/data/ljohnst7/ngrams/set_variant_qwen_support/vocab_2gram.txt,14824,-29.31998634338379,1.847105585520017e-13,9.820416180844149e-12,107131,0.9999999600734428
113347,napkins marked,2gram,/users/ljohnst7/data/ljohnst7/ngrams/set_variant_qwen_support/vocab_2gram.txt,14839,-29.31998634338379,1.847105585520017e-13,9.820416180844149e-12,107132,0.9999999600832632
101328,candy counters,2gram,/users/ljohnst7/data/ljohnst7/ngrams/set_variant_qwen_support/vocab_2gram.txt,2820,-29.334199905395508,1.8210373359480653e-13,9.681820389726662e-12,107203,0.9999999607761054
113273,napkins come,2gram,/users/ljohnst7/data/ljohnst7/ngrams/set_variant_qwen_support/vocab_2gram.txt,14765,-29.38248634338379,1.7351951154332377e-13,9.22542724254982e-12,107452,0.9999999631296883
106749,gloves boxing,2gram,/users/ljohnst7/data/ljohnst7/ngrams/set_variant_qwen_support/vocab_2gram.txt,8241,-29.39345932006836,1.7162589429801798e-13,9.124750218009876e-12,107496,0.9999999635333447
106885,gloves slowly,2gram,/users/ljohnst7/data/ljohnst7/ngrams/set_variant_qwen_support/vocab_2gram.txt,8377,-29.39345932006836,1.7162589429801798e-13,9.124750218009876e-12,107497,0.9999999635424694
107649,handkerchief tricks,2gram,/users/ljohnst7/data/ljohnst7/ngrams/set_variant_qwen_support/vocab_2gram.txt,9141,-29.410669326782227,1.6869748277464199e-13,8.969056790770113e-12,107591,0.9999999643920807
101298,candy castle,2gram,/users/ljohnst7/data/ljohnst7/ngrams/set_variant_qwen_support/vocab_2gram.txt,2790,-29.412324905395508,1.6841842189739676e-13,8.954220097211158e-12,107599,0.9999999644637666
113414,napkins stacked,2gram,/users/ljohnst7/data/ljohnst7/ngrams/set_variant_qwen_support/vocab_2gram.txt,14906,-29.41373634338379,1.6818087741789103e-13,8.941590685722742e-12,107606,0.9999999645263988
120301,wallet showed,2gram,/users/ljohnst7/data/ljohnst7/ngrams/set_variant_qwen_support/vocab_2gram.txt,21793,-29.414329528808594,1.680811445556404e-13,8.93628823727645e-12,107610,0.9999999645621561
120281,wallet photograph,2gram,/users/ljohnst7/data/ljohnst7/ngrams/set_variant_qwen_support/vocab_2gram.txt,21773,-29.429954528808594,1.65475287942819e-13,8.797743929652006e-12,107703,0.9999999653864149
101491,candy placed,2gram,/users/ljohnst7/data/ljohnst7/ngrams/set_variant_qwen_support/vocab_2gram.txt,2983,-29.435762405395508,1.6451701335619364e-13,8.746795812067608e-12,107730,0.9999999656232909
113263,napkins bought,2gram,/users/ljohnst7/data/ljohnst7/ngrams/set_variant_qwen_support/vocab_2gram.txt,14755,-29.44498634338379,1.6300649579681205e-13,8.666486861686604e-12,107766,0.9999999659367366
113282,napkins decorated,2gram,/users/ljohnst7/data/ljohnst7/ngrams/set_variant_qwen_support/vocab_2gram.txt,14774,-29.44498634338379,1.6300649579681205e-13,8.666486861686604e-12,107767,0.9999999659454031
101264,candy base,2gram,/users/ljohnst7/data/ljohnst7/ngrams/set_variant_qwen_support/vocab_2gram.txt,2756,-29.451387405395508,1.6196641347594381e-13,8.611189312194387e-12,107809,0.9999999663082383
101472,candy offered,2gram,/users/ljohnst7/data/ljohnst7/ngrams/set_variant_qwen_support/vocab_2gram.txt,2964,-29.451387405395508,1.6196641347594381e-13,8.611189312194387e-12,107810,0.9999999663168495
113313,napkins given,2gram,/users/ljohnst7/data/ljohnst7/ngrams/set_variant_qwen_support/vocab_2gram.txt,14805,-29.46061134338379,1.6047931432069854e-13,8.532125436684645e-12,107858,0.9999999667283173
101493,candy produced,2gram,/users/ljohnst7/data/ljohnst7/ngrams/set_variant_qwen_support/vocab_2gram.txt,2985,-29.474824905395508,1.5821446554884563e-13,8.411711326627111e-12,107937,0.9999999673980206
113288,napkins during,2gram,/users/ljohnst7/data/ljohnst7/ngrams/set_variant_qwen_support/vocab_2gram.txt,14780,-29.47623634338379,1.5799131316179873e-13,8.399847092499248e-12,107944,0.9999999674568611
101303,candy clouds,2gram,/users/ljohnst7/data/ljohnst7/ngrams/set_variant_qwen_support/vocab_2gram.txt,2795,-29.482637405395508,1.5698323080982195e-13,8.34625086974629e-12,107980,0.9999999677582391
101370,candy form,2gram,/users/ljohnst7/data/ljohnst7/ngrams/set_variant_qwen_support/vocab_2gram.txt,2862,-29.490449905395508,1.5576157761555346e-13,8.281299830182428e-12,108020,0.9999999680908308
113456,napkins whenever,2gram,/users/ljohnst7/data/ljohnst7/ngrams/set_variant_qwen_support/vocab_2gram.txt,14948,-29.49186134338379,1.5554188488559653e-13,8.269619533955747e-12,108026,0.9999999681404801
101546,candy stands,2gram,/users/ljohnst7/data/ljohnst7/ngrams/set_variant_qwen_support/vocab_2gram.txt,3038,-29.506074905395508,1.5334671818485378e-13,8.152910176588096e-12,108086,0.99999996863359
113405,napkins shaped,2gram,/users/ljohnst7/data/ljohnst7/ngrams/set_variant_qwen_support/vocab_2gram.txt,14897,-29.50748634338379,1.5313043147497517e-13,8.14141096656976e-12,108094,0.9999999686987563
113467,napkins worn,2gram,/users/ljohnst7/data/ljohnst7/ngrams/set_variant_qwen_support/vocab_2gram.txt,14959,-29.50748634338379,1.5313043147497517e-13,8.14141096656976e-12,108095,0.9999999687068977
113319,napkins have,2gram,/users/ljohnst7/data/ljohnst7/ngrams/set_variant_qwen_support/vocab_2gram.txt,14811,-29.52311134338379,1.5075636418421392e-13,8.015190088784687e-12,108160,0.9999999692324103
101325,candy cottage,2gram,/users/ljohnst7/data/ljohnst7/ngrams/set_variant_qwen_support/vocab_2gram.txt,2817,-29.529512405395508,1.4979444528411176e-13,7.964048215763046e-12,108201,0.9999999695598147
120224,wallet his,2gram,/users/ljohnst7/data/ljohnst7/ngrams/set_variant_qwen_support/vocab_2gram.txt,21716,-29.531517028808594,1.4949446460654627e-13,7.948099289383317e-12,108218,0.9999999696950778
107518,handkerchief hastily,2gram,/users/ljohnst7/data/ljohnst7/ngrams/set_variant_qwen_support/vocab_2gram.txt,9010,-29.535669326782227,1.4887500602243967e-13,7.915164836959956e-12,108237,0.999999969845759
113410,napkins soaked,2gram,/users/ljohnst7/data/ljohnst7/ngrams/set_variant_qwen_support/vocab_2gram.txt,14902,-29.53873634338379,1.4841910339524835e-13,7.890926084329588e-12,108250,0.9999999699484465
101338,candy did,2gram,/users/ljohnst7/data/ljohnst7/ngrams/set_variant_qwen_support/vocab_2gram.txt,2830,-29.545137405395508,1.4747209766540962e-13,7.840577092557999e-12,108277,0.9999999701608883
120310,wallet software,2gram,/users/ljohnst7/data/ljohnst7/ngrams/set_variant_qwen_support/vocab_2gram.txt,21802,-29.547142028808594,1.4717676775717595e-13,7.824875431363093e-12,108289,0.999999970254859
113401,napkins scattered,2gram,/users/ljohnst7/data/ljohnst7/ngrams/set_variant_qwen_support/vocab_2gram.txt,14893,-29.55436134338379,1.4611807847615931e-13,7.768588614695518e-12,108317,0.9999999704732382
120147,wallet bearing,2gram,/users/ljohnst7/data/ljohnst7/ngrams/set_variant_qwen_support/vocab_2gram.txt,21639,-29.562767028808594,1.4489500346691217e-13,7.703561982188122e-12,108349,0.9999999707207603
107434,handkerchief became,2gram,/users/ljohnst7/data/ljohnst7/ngrams/set_variant_qwen_support/vocab_2gram.txt,8926,-29.566919326782227,1.4429460361981442e-13,7.671640816340122e-12,108371,0.999999970889803
120283,wallet pictures,2gram,/users/ljohnst7/data/ljohnst7/ngrams/set_variant_qwen_support/vocab_2gram.txt,21775,-29.578392028808594,1.4264861465306133e-13,7.584129323714529e-12,108426,0.9999999713094385
106739,gloves become,2gram,/users/ljohnst7/data/ljohnst7/ngrams/set_variant_qwen_support/vocab_2gram.txt,8231,-29.58291244506836,1.420052387948661e-13,7.549923273244455e-12,108449,0.9999999714834451
113302,napkins first,2gram,/users/ljohnst7/data/ljohnst7/ngrams/set_variant_qwen_support/vocab_2gram.txt,14794,-29.58561134338379,1.4162249781691616e-13,7.529574270337438e-12,108467,0.9999999716191476
101393,candy his,2gram,/users/ljohnst7/data/ljohnst7/ngrams/set_variant_qwen_support/vocab_2gram.txt,2885,-29.592012405395508,1.4071885863679306e-13,7.48153092676416e-12,108502,0.9999999718817127
101591,candy tried,2gram,/users/ljohnst7/data/ljohnst7/ngrams/set_variant_qwen_support/vocab_2gram.txt,3083,-29.592012405395508,1.4071885863679306e-13,7.48153092676416e-12,108503,0.9999999718891943
101347,candy dropped,2gram,/users/ljohnst7/data/ljohnst7/ngrams/set_variant_qwen_support/vocab_2gram.txt,2839,-29.599824905395508,1.3962377579093345e-13,7.423309191184185e-12,108546,0.9999999722097261
113431,napkins through,2gram,/users/ljohnst7/data/ljohnst7/ngrams/set_variant_qwen_support/vocab_2gram.txt,14923,-29.60123634338379,1.394268445005602e-13,7.412839041314805e-12,108559,0.9999999723061599
98923,bandana webs,2gram,/users/ljohnst7/data/ljohnst7/ngrams/set_variant_qwen_support/vocab_2gram.txt,415,-29.604951858520508,1.3890976315599588e-13,7.385347629655507e-12,108582,0.999999972476323
113346,napkins make,2gram,/users/ljohnst7/data/ljohnst7/ngrams/set_variant_qwen_support/vocab_2gram.txt,14838,-29.61686134338379,1.3726523163370864e-13,7.297913624269015e-12,108645,0.9999999729388749
113298,napkins except,2gram,/users/ljohnst7/data/ljohnst7/ngrams/set_variant_qwen_support/vocab_2gram.txt,14790,-29.63248634338379,1.3513713146810823e-13,7.184769960666071e-12,108730,0.9999999735543307
120200,wallet fat,2gram,/users/ljohnst7/data/ljohnst7/ngrams/set_variant_qwen_support/vocab_2gram.txt,21692,-29.656517028808594,1.319284019688195e-13,7.0141730043156e-12,108829,0.9999999742569082
101515,candy said,2gram,/users/ljohnst7/data/ljohnst7/ngrams/set_variant_qwen_support/vocab_2gram.txt,3007,-29.693574905395508,1.271288945526477e-13,6.75899993430084e-12,109014,0.9999999755280637
113228,napkins across,2gram,/users/ljohnst7/data/ljohnst7/ngrams/set_variant_qwen_support/vocab_2gram.txt,14720,-29.69498634338379,1.269495865722829e-13,6.74946675435957e-12,109027,0.9999999756158818
113297,napkins every,2gram,/users/ljohnst7/data/ljohnst7/ngrams/set_variant_qwen_support/vocab_2gram.txt,14789,-29.69498634338379,1.269495865722829e-13,6.74946675435957e-12,109028,0.9999999756226313
101548,candy started,2gram,/users/ljohnst7/data/ljohnst7/ngrams/set_variant_qwen_support/vocab_2gram.txt,3040,-29.748262405395508,1.2036321819901465e-13,6.399292519313695e-12,109270,0.9999999772119155
101337,candy department,2gram,/users/ljohnst7/data/ljohnst7/ngrams/set_variant_qwen_support/vocab_2gram.txt,2829,-29.759981155395508,1.1896094423248287e-13,6.324738503241959e-12,109322,0.9999999775424502
101248,candy arrived,2gram,/users/ljohnst7/data/ljohnst7/ngrams/set_variant_qwen_support/vocab_2gram.txt,2740,-29.799043655395508,1.1440362202648592e-13,6.0824415761797564e-12,109470,0.999999978460525
101313,candy concession,2gram,/users/ljohnst7/data/ljohnst7/ngrams/set_variant_qwen_support/vocab_2gram.txt,2805,-29.802949905395508,1.139576045729243e-13,6.0587283837546355e-12,109488,0.9999999785697973
113406,napkins she,2gram,/users/ljohnst7/data/ljohnst7/ngrams/set_variant_qwen_support/vocab_2gram.txt,14898,-29.80436134338379,1.1379687393812188e-13,6.05018289648447e-12,109497,0.9999999786242738
113443,napkins until,2gram,/users/ljohnst7/data/ljohnst7/ngrams/set_variant_qwen_support/vocab_2gram.txt,14935,-29.80436134338379,1.1379687393812188e-13,6.05018289648447e-12,109498,0.999999978630324
120350,wallet went,2gram,/users/ljohnst7/data/ljohnst7/ngrams/set_variant_qwen_support/vocab_2gram.txt,21842,-29.812767028808594,1.1284434216316514e-13,5.999540104167214e-12,109544,0.999999978907559
106865,gloves provide,2gram,/users/ljohnst7/data/ljohnst7/ngrams/set_variant_qwen_support/vocab_2gram.txt,8357,-29.82314682006836,1.116790993969318e-13,5.937588210318612e-12,109579,0.9999999791163742
113227,napkins above,2gram,/users/ljohnst7/data/ljohnst7/ngrams/set_variant_qwen_support/vocab_2gram.txt,14719,-29.83561134338379,1.1029571220034265e-13,5.864038337933099e-12,109643,0.999999979493732
107419,handkerchief appeared,2gram,/users/ljohnst7/data/ljohnst7/ngrams/set_variant_qwen_support/vocab_2gram.txt,8911,-29.840356826782227,1.0977354567538009e-13,5.8362765649676735e-12,109670,0.9999999796517396
101528,candy sent,2gram,/users/ljohnst7/data/ljohnst7/ngrams/set_variant_qwen_support/vocab_2gram.txt,3020,-29.849824905395508,1.0873910592136524e-13,5.7812790110754e-12,109706,0.9999999798608757
113239,napkins an,2gram,/users/ljohnst7/data/ljohnst7/ngrams/set_variant_qwen_support/vocab_2gram.txt,14731,-29.85123634338379,1.0858573567821129e-13,5.773124850158253e-12,109712,0.9999999798955292
120298,wallet share,2gram,/users/ljohnst7/data/ljohnst7/ngrams/set_variant_qwen_support/vocab_2gram.txt,21790,-29.851829528808594,1.0852134330266274e-13,5.769701332132444e-12,109714,0.9999999799070716
101445,candy manufacture,2gram,/users/ljohnst7/data/ljohnst7/ngrams/set_variant_qwen_support/vocab_2gram.txt,2937,-29.857637405395508,1.0789289148555925e-13,5.736288740876452e-12,109754,0.9999999801372342
106907,gloves tournament,2gram,/users/ljohnst7/data/ljohnst7/ngrams/set_variant_qwen_support/vocab_2gram.txt,8399,-29.86220932006836,1.0740074028578741e-13,5.7101227780665874e-12,109780,0.9999999802860006
113233,napkins against,2gram,/users/ljohnst7/data/ljohnst7/ngrams/set_variant_qwen_support/vocab_2gram.txt,14725,-29.86686134338379,1.0690226988481006e-13,5.683620845368182e-12,109806,0.9999999804340991
113359,napkins neatly,2gram,/users/ljohnst7/data/ljohnst7/ngrams/set_variant_qwen_support/vocab_2gram.txt,14851,-29.86686134338379,1.0690226988481006e-13,5.683620845368182e-12,109807,0.9999999804397828
113454,napkins were,2gram,/users/ljohnst7/data/ljohnst7/ngrams/set_variant_qwen_support/vocab_2gram.txt,14946,-29.86686134338379,1.0690226988481006e-13,5.683620845368182e-12,109808,0.9999999804454665
106725,gloves appear,2gram,/users/ljohnst7/data/ljohnst7/ngrams/set_variant_qwen_support/vocab_2gram.txt,8217,-29.88174057006836,1.0532342192495059e-13,5.599679005910576e-12,109872,0.9999999808062713
113285,napkins do,2gram,/users/ljohnst7/data/ljohnst7/ngrams/set_variant_qwen_support/vocab_2gram.txt,14777,-29.88248634338379,1.0524490380938608e-13,5.595504471554642e-12,109875,0.9999999808230642
113442,napkins unfolded,2gram,/users/ljohnst7/data/ljohnst7/ngrams/set_variant_qwen_support/vocab_2gram.txt,14934,-29.88248634338379,1.0524490380938608e-13,5.595504471554642e-12,109876,0.9999999808286597
113389,napkins rather,2gram,/users/ljohnst7/data/ljohnst7/ngrams/set_variant_qwen_support/vocab_2gram.txt,14881,-29.89811134338379,1.0361323281331752e-13,5.508754215493377e-12,109939,0.999999981178687
113324,napkins hung,2gram,/users/ljohnst7/data/ljohnst7/ngrams/set_variant_qwen_support/vocab_2gram.txt,14816,-29.91373634338379,1.0200685853132297e-13,5.423348897491752e-12,110007,0.9999999815502988
106756,gloves champion,2gram,/users/ljohnst7/data/ljohnst7/ngrams/set_variant_qwen_support/vocab_2gram.txt,8248,-29.92470932006836,1.0089365838030622e-13,5.364163927984526e-12,110053,0.9999999817980187
113447,napkins using,2gram,/users/ljohnst7/data/ljohnst7/ngrams/set_variant_qwen_support/vocab_2gram.txt,14939,-29.94498634338379,9.886843743308501e-14,5.2564899936096464e-12,110152,0.9999999823240238
106860,gloves prevent,2gram,/users/ljohnst7/data/ljohnst7/ngrams/set_variant_qwen_support/vocab_2gram.txt,8352,-29.95205307006836,9.817222408008056e-14,5.219474757822572e-12,110175,0.9999999824445658
113416,napkins standing,2gram,/users/ljohnst7/data/ljohnst7/ngrams/set_variant_qwen_support/vocab_2gram.txt,14908,-29.97623634338379,9.582657540089105e-14,5.094764798498814e-12,110286,0.9999999830169887
101534,candy shoppe,2gram,/users/ljohnst7/data/ljohnst7/ngrams/set_variant_qwen_support/vocab_2gram.txt,3026,-29.977149963378906,9.57390663066573e-14,5.090112245164988e-12,110294,0.9999999830577194
101297,candy cases,2gram,/users/ljohnst7/data/ljohnst7/ngrams/set_variant_qwen_support/vocab_2gram.txt,2789,-29.978731155395508,9.558780407816547e-14,5.082070160035276e-12,110303,0.9999999831034948
101334,candy darling,2gram,/users/ljohnst7/data/ljohnst7/ngrams/set_variant_qwen_support/vocab_2gram.txt,2826,-29.982637405395508,9.52151425469019e-14,5.062257046154358e-12,110326,0.9999999832200931
101590,candy tree,2gram,/users/ljohnst7/data/ljohnst7/ngrams/set_variant_qwen_support/vocab_2gram.txt,3082,-29.994356155395508,9.410585253612496e-14,5.003279965166235e-12,110376,0.9999999834716864
113244,napkins arranged,2gram,/users/ljohnst7/data/ljohnst7/ngrams/set_variant_qwen_support/vocab_2gram.txt,14736,-30.02311134338379,9.143835702452928e-14,4.861458532272738e-12,110489,0.9999999840293594
120182,wallet des,2gram,/users/ljohnst7/data/ljohnst7/ngrams/set_variant_qwen_support/vocab_2gram.txt,21674,-30.023704528808594,9.138413320785308e-14,4.85857564105716e-12,110494,0.9999999840536548
101322,candy corporation,2gram,/users/ljohnst7/data/ljohnst7/ngrams/set_variant_qwen_support/vocab_2gram.txt,2814,-30.037324905395508,9.014788509371458e-14,4.7928486405066954e-12,110564,0.9999999843915797
113293,napkins embroidered,2gram,/users/ljohnst7/data/ljohnst7/ngrams/set_variant_qwen_support/vocab_2gram.txt,14785,-30.03873634338379,9.002073669627754e-14,4.786088603672052e-12,110573,0.9999999844346796
106861,gloves prior,2gram,/users/ljohnst7/data/ljohnst7/ngrams/set_variant_qwen_support/vocab_2gram.txt,8353,-30.04970932006836,8.903834101104854e-14,4.7338580514023614e-12,110620,0.9999999846584307
120162,wallet bulging,2gram,/users/ljohnst7/data/ljohnst7/ngrams/set_variant_qwen_support/vocab_2gram.txt,21654,-30.066783905029297,8.753095391913324e-14,4.6537155370583675e-12,110719,0.9999999851227386
113380,napkins pinned,2gram,/users/ljohnst7/data/ljohnst7/ngrams/set_variant_qwen_support/vocab_2gram.txt,14872,-30.08561134338379,8.589838703104516e-14,4.566917649543037e-12,110792,0.9999999854591014
101391,candy hill,2gram,/users/ljohnst7/data/ljohnst7/ngrams/set_variant_qwen_support/vocab_2gram.txt,2883,-30.092012405395508,8.53503021629829e-14,4.537777888670736e-12,110818,0.9999999855774588
113432,napkins thrown,2gram,/users/ljohnst7/data/ljohnst7/ngrams/set_variant_qwen_support/vocab_2gram.txt,14924,-30.10123634338379,8.456665597657553e-14,4.496114154072234e-12,110853,0.9999999857355377
113448,napkins usually,2gram,/users/ljohnst7/data/ljohnst7/ngrams/set_variant_qwen_support/vocab_2gram.txt,14940,-30.10123634338379,8.456665597657553e-14,4.496114154072234e-12,110854,0.9999999857400338
113289,napkins each,2gram,/users/ljohnst7/data/ljohnst7/ngrams/set_variant_qwen_support/vocab_2gram.txt,14781,-30.14811134338379,8.069406685157148e-14,4.290222096774144e-12,111051,0.9999999866045451
106737,gloves became,2gram,/users/ljohnst7/data/ljohnst7/ngrams/set_variant_qwen_support/vocab_2gram.txt,8229,-30.15908432006836,7.981345305070883e-14,4.243402932310238e-12,111116,0.9999999868819933
106888,gloves sterile,2gram,/users/ljohnst7/data/ljohnst7/ngrams/set_variant_qwen_support/vocab_2gram.txt,8380,-30.17470932006836,7.857606015352129e-14,4.1776150676377316e-12,111179,0.9999999871469605
113424,napkins than,2gram,/users/ljohnst7/data/ljohnst7/ngrams/set_variant_qwen_support/vocab_2gram.txt,14916,-30.17936134338379,7.821137141759896e-14,4.158225839478286e-12,111208,0.9999999872678089
101532,candy shook,2gram,/users/ljohnst7/data/ljohnst7/ngrams/set_variant_qwen_support/vocab_2gram.txt,3024,-30.218965530395508,7.517440879910567e-14,3.9967611291061725e-12,111367,0.9999999879162734
101395,candy hospital,2gram,/users/ljohnst7/data/ljohnst7/ngrams/set_variant_qwen_support/vocab_2gram.txt,2887,-30.220918655395508,7.502772707242249e-14,3.988962573282153e-12,111376,0.9999999879522153
107436,handkerchief becomes,2gram,/users/ljohnst7/data/ljohnst7/ngrams/set_variant_qwen_support/vocab_2gram.txt,8928,-30.246606826782227,7.312494607592192e-14,3.8877983440517154e-12,111499,0.9999999884366125
113291,napkins either,2gram,/users/ljohnst7/data/ljohnst7/ngrams/set_variant_qwen_support/vocab_2gram.txt,14783,-30.25748634338379,7.23336940355782e-14,3.845730232726451e-12,111534,0.9999999885720221
101586,candy took,2gram,/users/ljohnst7/data/ljohnst7/ngrams/set_variant_qwen_support/vocab_2gram.txt,3078,-30.259981155395508,7.215345998536564e-14,3.836147816881239e-12,111545,0.9999999886142669
106873,gloves reduce,2gram,/users/ljohnst7/data/ljohnst7/ngrams/set_variant_qwen_support/vocab_2gram.txt,8365,-30.27627182006836,7.098755463475356e-14,3.774160695732124e-12,111621,0.9999999889034824
101452,candy men,2gram,/users/ljohnst7/data/ljohnst7/ngrams/set_variant_qwen_support/vocab_2gram.txt,2944,-30.285371780395508,7.034450102259643e-14,3.739971777959997e-12,111646,0.9999999889974629
113287,napkins draped,2gram,/users/ljohnst7/data/ljohnst7/ngrams/set_variant_qwen_support/vocab_2gram.txt,14779,-30.28873634338379,7.010822023172569e-14,3.7274095523889205e-12,111658,0.999999989042261
101621,candy world,2gram,/users/ljohnst7/data/ljohnst7/ngrams/set_variant_qwen_support/vocab_2gram.txt,3113,-30.310762405395508,6.858089445913902e-14,3.6462069679340224e-12,111743,0.9999999893555727
107500,handkerchief fluttered,2gram,/users/ljohnst7/data/ljohnst7/ngrams/set_variant_qwen_support/vocab_2gram.txt,8992,-30.335758209228516,6.688790681400511e-14,3.556196719496808e-12,111855,0.9999999897590112
101269,candy becomes,2gram,/users/ljohnst7/data/ljohnst7/ngrams/set_variant_qwen_support/vocab_2gram.txt,2761,-30.336153030395508,6.68615032652621e-14,3.554792934898135e-12,111859,0.9999999897732326
101563,candy sue,2gram,/users/ljohnst7/data/ljohnst7/ngrams/set_variant_qwen_support/vocab_2gram.txt,3055,-30.392793655395508,6.317968057165093e-14,3.3590432634186944e-12,112074,0.9999999905164795
113445,napkins upon,2gram,/users/ljohnst7/data/ljohnst7/ngrams/set_variant_qwen_support/vocab_2gram.txt,14937,-30.39811134338379,6.284460245322016e-14,3.3412283285179476e-12,112096,0.999999990590167
107580,handkerchief peeping,2gram,/users/ljohnst7/data/ljohnst7/ngrams/set_variant_qwen_support/vocab_2gram.txt,9072,-30.416629791259766,6.169152748979856e-14,3.2799233543070458e-12,112167,0.9999999908251284
113294,napkins enough,2gram,/users/ljohnst7/data/ljohnst7/ngrams/set_variant_qwen_support/vocab_2gram.txt,14786,-30.42936134338379,6.091107730511455e-14,3.2384295399734394e-12,112219,0.9999999909946087
113320,napkins he,2gram,/users/ljohnst7/data/ljohnst7/ngrams/set_variant_qwen_support/vocab_2gram.txt,14812,-30.44498634338379,5.996673858104627e-14,3.188222343596915e-12,112293,0.999999991232394
113251,napkins be,2gram,/users/ljohnst7/data/ljohnst7/ngrams/set_variant_qwen_support/vocab_2gram.txt,14743,-30.46061134338379,5.903704047187483e-14,3.1387935376521954e-12,112351,0.9999999914159357
113378,napkins per,2gram,/users/ljohnst7/data/ljohnst7/ngrams/set_variant_qwen_support/vocab_2gram.txt,14870,-30.47623634338379,5.812175599590486e-14,3.090131054314188e-12,112408,0.999999991593625
113450,napkins very,2gram,/users/ljohnst7/data/ljohnst7/ngrams/set_variant_qwen_support/vocab_2gram.txt,14942,-30.47623634338379,5.812175599590486e-14,3.090131054314188e-12,112409,0.999999991596715
101584,candy told,2gram,/users/ljohnst7/data/ljohnst7/ngrams/set_variant_qwen_support/vocab_2gram.txt,3076,-30.478731155395508,5.797693386801166e-14,3.0824313668720847e-12,112420,0.9999999916306754
113370,napkins once,2gram,/users/ljohnst7/data/ljohnst7/ngrams/set_variant_qwen_support/vocab_2gram.txt,14862,-30.49186134338379,5.722066169046607e-14,3.0422230128520838e-12,112470,0.99999999178382
101387,candy height,2gram,/users/ljohnst7/data/ljohnst7/ngrams/set_variant_qwen_support/vocab_2gram.txt,2879,-30.492403030395508,5.718967439469191e-14,3.0405755264105584e-12,112473,0.9999999917929427
113260,napkins beneath,2gram,/users/ljohnst7/data/ljohnst7/ngrams/set_variant_qwen_support/vocab_2gram.txt,14752,-30.53873634338379,5.4600336816210484e-14,2.902909478228326e-12,112632,0.9999999922660229
120245,wallet lifted,2gram,/users/ljohnst7/data/ljohnst7/ngrams/set_variant_qwen_support/vocab_2gram.txt,21737,-30.562767028808594,5.330389290394185e-14,2.833982077036935e-12,112710,0.9999999924895424
113407,napkins should,2gram,/users/ljohnst7/data/ljohnst7/ngrams/set_variant_qwen_support/vocab_2gram.txt,14899,-30.56998634338379,5.29204610558735e-14,2.813596342975277e-12,112733,0.9999999925544877
113354,napkins more,2gram,/users/ljohnst7/data/ljohnst7/ngrams/set_variant_qwen_support/vocab_2gram.txt,14846,-30.58561134338379,5.210000535419093e-14,2.769975574830607e-12,112799,0.9999999927385617
106726,gloves appeared,2gram,/users/ljohnst7/data/ljohnst7/ngrams/set_variant_qwen_support/vocab_2gram.txt,8218,-30.60439682006836,5.113041751652354e-14,2.718425971145673e-12,112863,0.9999999929140184
113379,napkins piled,2gram,/users/ljohnst7/data/ljohnst7/ngrams/set_variant_qwen_support/vocab_2gram.txt,14871,-30.61686134338379,5.049705670567732e-14,2.68475238581354e-12,112913,0.999999993049156
106760,gloves competition,2gram,/users/ljohnst7/data/ljohnst7/ngrams/set_variant_qwen_support/vocab_2gram.txt,8252,-30.65127182006836,4.878898522805451e-14,2.5939401826109654e-12,113041,0.9999999933868743
120185,wallet disappeared,2gram,/users/ljohnst7/data/ljohnst7/ngrams/set_variant_qwen_support/vocab_2gram.txt,21677,-30.664329528808594,4.8156054176942e-14,2.560289446104995e-12,113077,0.9999999934796642
101392,candy himself,2gram,/users/ljohnst7/data/ljohnst7/ngrams/set_variant_qwen_support/vocab_2gram.txt,2884,-30.679780960083008,4.741769327181641e-14,2.521033371970193e-12,113145,0.999999993652382
107431,handkerchief bandages,2gram,/users/ljohnst7/data/ljohnst7/ngrams/set_variant_qwen_support/vocab_2gram.txt,8923,-30.6879940032959,4.702984459704451e-14,2.5004128106373297e-12,113170,0.9999999937151474
101523,candy seemed,2gram,/users/ljohnst7/data/ljohnst7/ngrams/set_variant_qwen_support/vocab_2gram.txt,3015,-30.689058303833008,4.697981733492298e-14,2.497753035591047e-12,113177,0.999999993732638
113318,napkins has,2gram,/users/ljohnst7/data/ljohnst7/ngrams/set_variant_qwen_support/vocab_2gram.txt,14810,-30.71061134338379,4.597809334971433e-14,2.4444948650229948e-12,113242,0.9999999938930995
101616,candy wholesalers,2gram,/users/ljohnst7/data/ljohnst7/ngrams/set_variant_qwen_support/vocab_2gram.txt,3108,-30.712739944458008,4.5880328419001804e-14,2.439297044633003e-12,113252,0.9999999939175207
106761,gloves completed,2gram,/users/ljohnst7/data/ljohnst7/ngrams/set_variant_qwen_support/vocab_2gram.txt,8253,-30.71377182006836,4.5833010044648113e-14,2.4367812917015137e-12,113254,0.9999999939223948
120159,wallet biopsy,2gram,/users/ljohnst7/data/ljohnst7/ngrams/set_variant_qwen_support/vocab_2gram.txt,21651,-30.715110778808594,4.5771682601877713e-14,2.4335207254619145e-12,113257,0.9999999939296983
113352,napkins might,2gram,/users/ljohnst7/data/ljohnst7/ngrams/set_variant_qwen_support/vocab_2gram.txt,14844,-30.72623634338379,4.5265269083095824e-14,2.4065964848931555e-12,113291,0.9999999940119751
113427,napkins their,2gram,/users/ljohnst7/data/ljohnst7/ngrams/set_variant_qwen_support/vocab_2gram.txt,14919,-30.74186134338379,4.456349613239891e-14,2.369285664687052e-12,113365,0.9999999941886291
101262,candy barr,2gram,/users/ljohnst7/data/ljohnst7/ngrams/set_variant_qwen_support/vocab_2gram.txt,2754,-30.755830764770508,4.394529786564972e-14,2.33641821894196e-12,113425,0.9999999943298674
101363,candy felt,2gram,/users/ljohnst7/data/ljohnst7/ngrams/set_variant_qwen_support/vocab_2gram.txt,2855,-30.765352249145508,4.3528859102399695e-14,2.3142776223187303e-12,113457,0.9999999944042847
101271,candy began,2gram,/users/ljohnst7/data/ljohnst7/ngrams/set_variant_qwen_support/vocab_2gram.txt,2763,-30.791231155395508,4.241683093624321e-14,2.255154963158977e-12,113544,0.9999999946031024
120217,wallet hangs,2gram,/users/ljohnst7/data/ljohnst7/ngrams/set_variant_qwen_support/vocab_2gram.txt,21709,-30.801048278808594,4.2002456980249665e-14,2.2331241451361207e-12,113571,0.9999999946636516
101486,candy peddlers,2gram,/users/ljohnst7/data/ljohnst7/ngrams/set_variant_qwen_support/vocab_2gram.txt,2978,-30.82328987121582,4.107856792006785e-14,2.184004186065886e-12,113654,0.9999999948469007
101435,candy looked,2gram,/users/ljohnst7/data/ljohnst7/ngrams/set_variant_qwen_support/vocab_2gram.txt,2927,-30.828340530395508,4.0871617132788874e-14,2.1730013344911577e-12,113682,0.9999999949078769
113356,napkins napkins,2gram,/users/ljohnst7/data/ljohnst7/ngrams/set_variant_qwen_support/vocab_2gram.txt,14848,-30.85985565185547,3.9603628508101465e-14,2.1055868016965918e-12,113781,0.9999999951196252
113246,napkins aside,2gram,/users/ljohnst7/data/ljohnst7/ngrams/set_variant_qwen_support/vocab_2gram.txt,14738,-30.86686134338379,3.9327147305182634e-14,2.0908872604244074e-12,113814,0.9999999951888447
107587,handkerchief protruded,2gram,/users/ljohnst7/data/ljohnst7/ngrams/set_variant_qwen_support/vocab_2gram.txt,9079,-30.86711883544922,3.931702218042115e-14,2.090348942854366e-12,113816,0.9999999951930257
101267,candy became,2gram,/users/ljohnst7/data/ljohnst7/ngrams/set_variant_qwen_support/vocab_2gram.txt,2759,-30.869356155395508,3.922915575177693e-14,2.085677391296214e-12,113824,0.9999999952097266
113342,napkins look,2gram,/users/ljohnst7/data/ljohnst7/ngrams/set_variant_qwen_support/vocab_2gram.txt,14834,-30.89811134338379,3.81171781853298e-14,2.0265574223465305e-12,113897,0.9999999953596507
101592,candy tuft,2gram,/users/ljohnst7/data/ljohnst7/ngrams/set_variant_qwen_support/vocab_2gram.txt,3084,-30.910776138305664,3.7637476017286086e-14,2.0010533311350025e-12,113936,0.9999999954381568
101520,candy saw,2gram,/users/ljohnst7/data/ljohnst7/ngrams/set_variant_qwen_support/vocab_2gram.txt,3012,-30.914278030395508,3.7505904147442775e-14,1.9940581137003184e-12,113948,0.9999999954621266
101252,candy asses,2gram,/users/ljohnst7/data/ljohnst7/ngrams/set_variant_qwen_support/vocab_2gram.txt,2744,-30.925020217895508,3.710516495409791e-14,1.9727522084533566e-12,113976,0.99999999551766
113411,napkins soiled,2gram,/users/ljohnst7/data/ljohnst7/ngrams/set_variant_qwen_support/vocab_2gram.txt,14903,-30.948810577392578,3.623283737700067e-14,1.9263735936070887e-12,114050,0.9999999956619096
107440,handkerchief belonged,2gram,/users/ljohnst7/data/ljohnst7/ngrams/set_variant_qwen_support/vocab_2gram.txt,8932,-30.965356826782227,3.563825245418664e-14,1.894761587002469e-12,114102,0.9999999957610656
101415,candy johnson,2gram,/users/ljohnst7/data/ljohnst7/ngrams/set_variant_qwen_support/vocab_2gram.txt,2907,-30.988969802856445,3.480658496646418e-14,1.850544727297547e-12,114184,0.9999999959146786
120294,wallet seemed,2gram,/users/ljohnst7/data/ljohnst7/ngrams/set_variant_qwen_support/vocab_2gram.txt,21786,-30.998313903808594,3.4482863521070886e-14,1.8333335870933905e-12,114216,0.9999999959735761
101540,candy smiled,2gram,/users/ljohnst7/data/ljohnst7/ngrams/set_variant_qwen_support/vocab_2gram.txt,3032,-31.013887405395508,3.3950004600580844e-14,1.8050033367497736e-12,114261,0.9999999960553041
101552,candy stood,2gram,/users/ljohnst7/data/ljohnst7/ngrams/set_variant_qwen_support/vocab_2gram.txt,3044,-31.029512405395508,3.342365856558906e-14,1.7770193538130254e-12,114309,0.9999999961412912
98887,bandana kerchiefs,2gram,/users/ljohnst7/data/ljohnst7/ngrams/set_variant_qwen_support/vocab_2gram.txt,379,-31.037704467773438,3.315096834239604e-14,1.7625213657110138e-12,114334,0.9999999961855467
113350,napkins matching,2gram,/users/ljohnst7/data/ljohnst7/ngrams/set_variant_qwen_support/vocab_2gram.txt,14842,-31.05436134338379,3.260335025096626e-14,1.7334064217242797e-12,114390,0.9999999962833509
113314,napkins go,2gram,/users/ljohnst7/data/ljohnst7/ngrams/set_variant_qwen_support/vocab_2gram.txt,14806,-31.06998634338379,3.2097882156515677e-14,1.7065324460698478e-12,114436,0.9999999963624449
113397,napkins round,2gram,/users/ljohnst7/data/ljohnst7/ngrams/set_variant_qwen_support/vocab_2gram.txt,14889,-31.06998634338379,3.2097882156515677e-14,1.7065324460698478e-12,114437,0.9999999963641514
113469,napkins woven,2gram,/users/ljohnst7/data/ljohnst7/ngrams/set_variant_qwen_support/vocab_2gram.txt,14961,-31.08561134338379,3.160025061850916e-14,1.6800751127898893e-12,114479,0.9999999964352684
113386,napkins purchased,2gram,/users/ljohnst7/data/ljohnst7/ngrams/set_variant_qwen_support/vocab_2gram.txt,14878,-31.10123634338379,3.111033414240022e-14,1.6540279624431055e-12,114526,0.9999999965135774
101299,candy centers,2gram,/users/ljohnst7/data/ljohnst7/ngrams/set_variant_qwen_support/vocab_2gram.txt,2791,-31.101778030395508,3.109348664191311e-14,1.6531322396014476e-12,114530,0.9999999965201911
101402,candy industries,2gram,/users/ljohnst7/data/ljohnst7/ngrams/set_variant_qwen_support/vocab_2gram.txt,2894,-31.105684280395508,3.097226462561045e-14,1.6466872877822043e-12,114536,0.9999999965300812
101416,candy jones,2gram,/users/ljohnst7/data/ljohnst7/ngrams/set_variant_qwen_support/vocab_2gram.txt,2908,-31.14647102355957,2.9734422200819565e-14,1.5808755232948514e-12,114648,0.9999999967105561
101351,candy easter,2gram,/users/ljohnst7/data/ljohnst7/ngrams/set_variant_qwen_support/vocab_2gram.txt,2843,-31.15423011779785,2.9504602765166286e-14,1.568656825445337e-12,114672,0.9999999967483382
113284,napkins dipped,2gram,/users/ljohnst7/data/ljohnst7/ngrams/set_variant_qwen_support/vocab_2gram.txt,14776,-31.16373634338379,2.922545428186284e-14,1.5538154741778105e-12,114694,0.9999999967826609
98857,bandana boulevard,2gram,/users/ljohnst7/data/ljohnst7/ngrams/set_variant_qwen_support/vocab_2gram.txt,349,-31.168350219726562,2.9090922245493044e-14,1.5466628750131239e-12,114706,0.9999999968012665
113415,napkins stained,2gram,/users/ljohnst7/data/ljohnst7/ngrams/set_variant_qwen_support/vocab_2gram.txt,14907,-31.17936134338379,2.8772355610358424e-14,1.5297257980919237e-12,114741,0.9999999968551262
113373,napkins onto,2gram,/users/ljohnst7/data/ljohnst7/ngrams/set_variant_qwen_support/vocab_2gram.txt,14865,-31.19498634338379,2.832628158265044e-14,1.5060095978167534e-12,114776,0.9999999969081514
113419,napkins strewn,2gram,/users/ljohnst7/data/ljohnst7/ngrams/set_variant_qwen_support/vocab_2gram.txt,14911,-31.195941925048828,2.8299226436091078e-14,1.5045711700347712e-12,114781,0.9999999969156773
101329,candy creek,2gram,/users/ljohnst7/data/ljohnst7/ngrams/set_variant_qwen_support/vocab_2gram.txt,2821,-31.205293655395508,2.8035813305451965e-14,1.4905664125880177e-12,114801,0.9999999969456366
113259,napkins being,2gram,/users/ljohnst7/data/ljohnst7/ngrams/set_variant_qwen_support/vocab_2gram.txt,14751,-31.21061134338379,2.788712329173128e-14,1.482661083146542e-12,114816,0.9999999969679269
113268,napkins came,2gram,/users/ljohnst7/data/ljohnst7/ngrams/set_variant_qwen_support/vocab_2gram.txt,14760,-31.22623634338379,2.745477351903998e-14,1.4596745536443502e-12,114846,0.9999999970120736
106741,gloves began,2gram,/users/ljohnst7/data/ljohnst7/ngrams/set_variant_qwen_support/vocab_2gram.txt,8233,-31.24502182006836,2.694383663316051e-14,1.4325098214232181e-12,114888,0.9999999970728767
113388,napkins quite,2gram,/users/ljohnst7/data/ljohnst7/ngrams/set_variant_qwen_support/vocab_2gram.txt,14880,-31.27311134338379,2.6197527904542297e-14,1.3928311892330384e-12,114973,0.9999999971928742
113337,napkins later,2gram,/users/ljohnst7/data/ljohnst7/ngrams/set_variant_qwen_support/vocab_2gram.txt,14829,-31.28873634338379,2.5791372880371656e-14,1.3712373431499322e-12,115017,0.9999999972536702
113439,napkins twisted,2gram,/users/ljohnst7/data/ljohnst7/ngrams/set_variant_qwen_support/vocab_2gram.txt,14931,-31.30436134338379,2.5391514706203812e-14,1.3499782786198707e-12,115063,0.9999999973162836
101578,candy thought,2gram,/users/ljohnst7/data/ljohnst7/ngrams/set_variant_qwen_support/vocab_2gram.txt,3070,-31.310762405395508,2.5229501128665727e-14,1.3413645817589872e-12,115077,0.9999999973351091
113315,napkins had,2gram,/users/ljohnst7/data/ljohnst7/ngrams/set_variant_qwen_support/vocab_2gram.txt,14807,-31.36686134338379,2.3853120599628337e-14,1.2681872294499567e-12,115230,0.9999999975345183
113385,napkins provided,2gram,/users/ljohnst7/data/ljohnst7/ngrams/set_variant_qwen_support/vocab_2gram.txt,14877,-31.38248634338379,2.3483312241794407e-14,1.2485258088492425e-12,115263,0.9999999975760167
113466,napkins work,2gram,/users/ljohnst7/data/ljohnst7/ngrams/set_variant_qwen_support/vocab_2gram.txt,14958,-31.39811134338379,2.3119237231132085e-14,1.229169210321375e-12,115321,0.9999999976478695
101509,candy restored,2gram,/users/ljohnst7/data/ljohnst7/ngrams/set_variant_qwen_support/vocab_2gram.txt,3001,-31.435762405395508,2.2264956599802058e-14,1.1837500886389874e-12,115432,0.9999999977816785
101603,candy walked,2gram,/users/ljohnst7/data/ljohnst7/ngrams/set_variant_qwen_support/vocab_2gram.txt,3095,-31.451387405395508,2.191977044258518e-14,1.1653977445699195e-12,115477,0.9999999978344911
113299,napkins fall,2gram,/users/ljohnst7/data/ljohnst7/ngrams/set_variant_qwen_support/vocab_2gram.txt,14791,-31.46061134338379,2.1718513457209134e-14,1.1546976125840242e-12,115502,0.9999999978634957
101319,candy continued,2gram,/users/ljohnst7/data/ljohnst7/ngrams/set_variant_qwen_support/vocab_2gram.txt,2811,-31.470918655395508,2.149580370376619e-14,1.1428569117411045e-12,115529,0.9999999978945181
113270,napkins carefully,2gram,/users/ljohnst7/data/ljohnst7/ngrams/set_variant_qwen_support/vocab_2gram.txt,14762,-31.51529884338379,2.0562675254961196e-14,1.093245726602109e-12,115645,0.9999999980242567
113360,napkins need,2gram,/users/ljohnst7/data/ljohnst7/ngrams/set_variant_qwen_support/vocab_2gram.txt,14852,-31.56998634338379,1.946834963976982e-14,1.0350642503357587e-12,115784,0.9999999981721217
101243,candy appeared,2gram,/users/ljohnst7/data/ljohnst7/ngrams/set_variant_qwen_support/vocab_2gram.txt,2735,-31.576387405395508,1.9344129520946785e-14,1.0284598998620274e-12,115805,0.9999999981937765
113351,napkins may,2gram,/users/ljohnst7/data/ljohnst7/ngrams/set_variant_qwen_support/vocab_2gram.txt,14843,-31.57779884338379,1.931684574090196e-14,1.027009316435031e-12,115811,0.9999999981999426
113460,napkins white,2gram,/users/ljohnst7/data/ljohnst7/ngrams/set_variant_qwen_support/vocab_2gram.txt,14952,-31.61686134338379,1.8576829001687207e-14,9.876652073767816e-13,115911,0.9999999983006257
113355,napkins must,2gram,/users/ljohnst7/data/ljohnst7/ngrams/set_variant_qwen_support/vocab_2gram.txt,14847,-31.65592384338379,1.786516185855368e-14,9.498283474669242e-13,116020,0.9999999984061247
120155,wallet belongs,2gram,/users/ljohnst7/data/ljohnst7/ngrams/set_variant_qwen_support/vocab_2gram.txt,21647,-31.705345153808594,1.7003704653381737e-14,9.040276723831898e-13,116126,0.9999999985043122
101425,candy knew,2gram,/users/ljohnst7/data/ljohnst7/ngrams/set_variant_qwen_support/vocab_2gram.txt,2917,-31.709199905395508,1.693828576367567e-14,9.005495781798123e-13,116133,0.9999999985106265
113368,napkins often,2gram,/users/ljohnst7/data/ljohnst7/ngrams/set_variant_qwen_support/vocab_2gram.txt,14860,-31.71061134338379,1.6914395287621316e-14,8.992794048911198e-13,116140,0.9999999985169227
120148,wallet became,2gram,/users/ljohnst7/data/ljohnst7/ngrams/set_variant_qwen_support/vocab_2gram.txt,21640,-31.779563903808594,1.5787405329363648e-14,8.393612794277796e-13,116303,0.9999999986585535
107606,handkerchief shoal,2gram,/users/ljohnst7/data/ljohnst7/ngrams/set_variant_qwen_support/vocab_2gram.txt,9098,-31.837846755981445,1.4893570934478233e-14,7.918392220893166e-13,116437,0.9999999987675782
106757,gloves championship,2gram,/users/ljohnst7/data/ljohnst7/ngrams/set_variant_qwen_support/vocab_2gram.txt,8249,-31.85439682006836,1.4649109883948282e-14,7.78842080642556e-13,116477,0.9999999987989419
113338,napkins lay,2gram,/users/ljohnst7/data/ljohnst7/ngrams/set_variant_qwen_support/vocab_2gram.txt,14830,-31.86686134338379,1.446764897349758e-14,7.69194436917419e-13,116509,0.9999999988236996
113390,napkins reading,2gram,/users/ljohnst7/data/ljohnst7/ngrams/set_variant_qwen_support/vocab_2gram.txt,14882,-31.86686134338379,1.446764897349758e-14,7.69194436917419e-13,116510,0.9999999988244688
113403,napkins sent,2gram,/users/ljohnst7/data/ljohnst7/ngrams/set_variant_qwen_support/vocab_2gram.txt,14895,-31.86686134338379,1.446764897349758e-14,7.69194436917419e-13,116511,0.9999999988252379
113437,napkins tossed,2gram,/users/ljohnst7/data/ljohnst7/ngrams/set_variant_qwen_support/vocab_2gram.txt,14929,-31.92936134338379,1.3591098433903602e-14,7.225913018836795e-13,116648,0.9999999989274392
113283,napkins did,2gram,/users/ljohnst7/data/ljohnst7/ngrams/set_variant_qwen_support/vocab_2gram.txt,14775,-31.97623634338379,1.2968716723474212e-14,6.895014370287611e-13,116725,0.99999999898169
113292,napkins embossed,2gram,/users/ljohnst7/data/ljohnst7/ngrams/set_variant_qwen_support/vocab_2gram.txt,14784,-31.99859046936035,1.2682028664808161e-14,6.742592328350779e-13,116773,0.9999999990143977
113279,napkins crumpled,2gram,/users/ljohnst7/data/ljohnst7/ngrams/set_variant_qwen_support/vocab_2gram.txt,14771,-32.01614761352539,1.2461311708643084e-14,6.625244820731178e-13,116806,0.9999999990364119
101604,candy wanted,2gram,/users/ljohnst7/data/ljohnst7/ngrams/set_variant_qwen_support/vocab_2gram.txt,3096,-32.045135498046875,1.2105270022876827e-14,6.435949874120444e-13,116868,0.9999999990769779
113451,napkins was,2gram,/users/ljohnst7/data/ljohnst7/ngrams/set_variant_qwen_support/vocab_2gram.txt,14943,-32.046546936035156,1.2088196237037577e-14,6.426872337674316e-13,116871,0.9999999990789064
120278,wallet pc,2gram,/users/ljohnst7/data/ljohnst7/ngrams/set_variant_qwen_support/vocab_2gram.txt,21770,-32.082298278808594,1.1663661058833342e-14,6.201161789990564e-13,116960,0.9999999991351265
113271,napkins changed,2gram,/users/ljohnst7/data/ljohnst7/ngrams/set_variant_qwen_support/vocab_2gram.txt,14763,-32.085609436035156,1.1625104711521106e-14,6.18066272485928e-13,116972,0.9999999991425562
113361,napkins needed,2gram,/users/ljohnst7/data/ljohnst7/ngrams/set_variant_qwen_support/vocab_2gram.txt,14853,-32.085609436035156,1.1625104711521106e-14,6.18066272485928e-13,116973,0.9999999991431743
113327,napkins imprinted,2gram,/users/ljohnst7/data/ljohnst7/ngrams/set_variant_qwen_support/vocab_2gram.txt,14819,-32.09185028076172,1.1552780155989076e-14,6.142210281155627e-13,116990,0.9999999991536355
101250,candy asked,2gram,/users/ljohnst7/data/ljohnst7/ngrams/set_variant_qwen_support/vocab_2gram.txt,2742,-32.092010498046875,1.1550929349186057e-14,6.141226271729287e-13,116991,0.9999999991542496
101547,candy stared,2gram,/users/ljohnst7/data/ljohnst7/ngrams/set_variant_qwen_support/vocab_2gram.txt,3039,-32.177947998046875,1.0599728598379894e-14,5.635506007675289e-13,117152,0.999999999248879
113306,napkins flying,2gram,/users/ljohnst7/data/ljohnst7/ngrams/set_variant_qwen_support/vocab_2gram.txt,14798,-32.187171936035156,1.0502406893798092e-14,5.583763451650622e-13,117174,0.9999999992612247
113230,napkins adorned,2gram,/users/ljohnst7/data/ljohnst7/ngrams/set_variant_qwen_support/vocab_2gram.txt,14722,-32.226234436035156,1.0100066004001653e-14,5.369852833040272e-13,117244,0.9999999992995265
113348,napkins match,2gram,/users/ljohnst7/data/ljohnst7/ngrams/set_variant_qwen_support/vocab_2gram.txt,14840,-32.280921936035156,9.562550296232262e-15,5.084074478223034e-13,117337,0.9999999993480946
101274,candy bergen,2gram,/users/ljohnst7/data/ljohnst7/ngrams/set_variant_qwen_support/vocab_2gram.txt,2766,-32.310760498046875,9.281432479158488e-15,4.934613939466792e-13,117378,0.9999999993685793
113399,napkins sat,2gram,/users/ljohnst7/data/ljohnst7/ngrams/set_variant_qwen_support/vocab_2gram.txt,14891,-32.327796936035156,9.124649236330461e-15,4.851257757404242e-13,117404,0.9999999993812795
113472,napkins wrung,2gram,/users/ljohnst7/data/ljohnst7/ngrams/set_variant_qwen_support/vocab_2gram.txt,14964,-32.33277130126953,9.079372603010298e-15,4.827185750586813e-13,117408,0.9999999993832118
101424,candy kitchens,2gram,/users/ljohnst7/data/ljohnst7/ngrams/set_variant_qwen_support/vocab_2gram.txt,2916,-32.342010498046875,8.995872822348574e-15,4.782791829441452e-13,117431,0.9999999993942723
113396,napkins rose,2gram,/users/ljohnst7/data/ljohnst7/ngrams/set_variant_qwen_support/vocab_2gram.txt,14888,-32.359046936035156,8.843913292790675e-15,4.702000247487369e-13,117466,0.9999999994108657
113341,napkins littered,2gram,/users/ljohnst7/data/ljohnst7/ngrams/set_variant_qwen_support/vocab_2gram.txt,14833,-32.45090866088867,8.067694340977775e-15,4.2893117030956174e-13,117618,0.999999999479105
113300,napkins fell,2gram,/users/ljohnst7/data/ljohnst7/ngrams/set_variant_qwen_support/vocab_2gram.txt,14792,-32.527015686035156,7.476469651705258e-15,3.9749781560281503e-13,117745,0.9999999995315333
101507,candy reinforcement,2gram,/users/ljohnst7/data/ljohnst7/ngrams/set_variant_qwen_support/vocab_2gram.txt,2999,-32.568572998046875,7.17213512979226e-15,3.813174105040861e-13,117813,0.9999999995580258
98856,bandana blvd,2gram,/users/ljohnst7/data/ljohnst7/ngrams/set_variant_qwen_support/vocab_2gram.txt,348,-32.569061279296875,7.168633965531908e-15,3.8113126581141834e-13,117816,0.9999999995591692
101286,candy butchers,2gram,/users/ljohnst7/data/ljohnst7/ngrams/set_variant_qwen_support/vocab_2gram.txt,2778,-32.578739166259766,7.0995913684455034e-15,3.774605117250787e-13,117830,0.999999999564476
101467,candy nodded,2gram,/users/ljohnst7/data/ljohnst7/ngrams/set_variant_qwen_support/vocab_2gram.txt,2959,-32.631072998046875,6.737597429190272e-15,3.58214556505747e-13,117917,0.9999999995964308
107581,handkerchief perfumes,2gram,/users/ljohnst7/data/ljohnst7/ngrams/set_variant_qwen_support/vocab_2gram.txt,9073,-32.63433074951172,6.71568372537689e-15,3.5704948130269306e-13,117923,0.999999999598576
101508,candy replied,2gram,/users/ljohnst7/data/ljohnst7/ngrams/set_variant_qwen_support/vocab_2gram.txt,3000,-32.646697998046875,6.633140663014623e-15,3.5266095456338043e-13,117945,0.9999999996063826
113400,napkins saturated,2gram,/users/ljohnst7/data/ljohnst7/ngrams/set_variant_qwen_support/vocab_2gram.txt,14892,-32.652015686035156,6.5979613098976195e-15,3.5079059105362693e-13,117956,0.999999999610251
113349,napkins matched,2gram,/users/ljohnst7/data/ljohnst7/ngrams/set_variant_qwen_support/vocab_2gram.txt,14841,-32.702796936035156,6.2712735928581574e-15,3.334217445315471e-13,118038,0.9999999996382504
113343,napkins looked,2gram,/users/ljohnst7/data/ljohnst7/ngrams/set_variant_qwen_support/vocab_2gram.txt,14835,-32.741859436035156,6.031024874347979e-15,3.206485580868739e-13,118094,0.9999999996565727
113229,napkins add,2gram,/users/ljohnst7/data/ljohnst7/ngrams/set_variant_qwen_support/vocab_2gram.txt,14721,-32.874671936035156,5.280941830901383e-15,2.80769258740995e-13,118312,0.9999999997219418
107559,handkerchief moody,2gram,/users/ljohnst7/data/ljohnst7/ngrams/set_variant_qwen_support/vocab_2gram.txt,9051,-32.87967300415039,5.254597411118985e-15,2.7936861782293305e-13,118321,0.999999999724463
113392,napkins required,2gram,/users/ljohnst7/data/ljohnst7/ngrams/set_variant_qwen_support/vocab_2gram.txt,14884,-32.894203186035156,5.1787991696995e-15,2.753386896891502e-13,118343,0.9999999997305716
113422,napkins tacked,2gram,/users/ljohnst7/data/ljohnst7/ngrams/set_variant_qwen_support/vocab_2gram.txt,14914,-32.95521545410156,4.8722748392280614e-15,2.5904186010679225e-13,118422,0.999999999751662
120279,wallet pcs,2gram,/users/ljohnst7/data/ljohnst7/ngrams/set_variant_qwen_support/vocab_2gram.txt,21771,-33.000267028808594,4.6576422543714176e-15,2.476305941467622e-13,118487,0.9999999997680487
113383,napkins properly,2gram,/users/ljohnst7/data/ljohnst7/ngrams/set_variant_qwen_support/vocab_2gram.txt,14875,-33.040687561035156,4.473131997604788e-15,2.3782082731325124e-13,118550,0.9999999997833552
113252,napkins bearing,2gram,/users/ljohnst7/data/ljohnst7/ngrams/set_variant_qwen_support/vocab_2gram.txt,14744,-33.089515686035156,4.259963997163642e-15,2.2648742819854353e-13,118608,0.999999999796789
113275,napkins cost,2gram,/users/ljohnst7/data/ljohnst7/ngrams/set_variant_qwen_support/vocab_2gram.txt,14767,-33.146156311035156,4.025383089574739e-15,2.140155794928583e-13,118690,0.9999999998148599
113418,napkins stood,2gram,/users/ljohnst7/data/ljohnst7/ngrams/set_variant_qwen_support/vocab_2gram.txt,14910,-33.178382873535156,3.897726838862682e-15,2.0722854187082847e-13,118732,0.9999999998236848
113304,napkins flutter,2gram,/users/ljohnst7/data/ljohnst7/ngrams/set_variant_qwen_support/vocab_2gram.txt,14796,-33.193031311035156,3.841047377151861e-15,2.0421509257334407e-13,118746,0.999999999826562
113394,napkins rings,2gram,/users/ljohnst7/data/ljohnst7/ngrams/set_variant_qwen_support/vocab_2gram.txt,14886,-33.211585998535156,3.770435063933448e-15,2.0046088215498455e-13,118784,0.9999999998342495
113453,napkins went,2gram,/users/ljohnst7/data/ljohnst7/ngrams/set_variant_qwen_support/vocab_2gram.txt,14945,-33.359779357910156,3.2511118222747417e-15,1.7285027664627019e-13,118945,0.9999999998642612
113305,napkins fluttering,2gram,/users/ljohnst7/data/ljohnst7/ngrams/set_variant_qwen_support/vocab_2gram.txt,14797,-33.36475372314453,3.234979761299302e-15,1.7199259122820045e-13,118951,0.9999999998652962
113353,napkins monogrammed,2gram,/users/ljohnst7/data/ljohnst7/ngrams/set_variant_qwen_support/vocab_2gram.txt,14845,-33.36878967285156,3.221949857384762e-15,1.7129983668162605e-13,118959,0.9999999998666698
113363,napkins nor,2gram,/users/ljohnst7/data/ljohnst7/ngrams/set_variant_qwen_support/vocab_2gram.txt,14855,-33.427467346191406,3.0383331183918037e-15,1.6153757507180785e-13,119027,0.9999999998779469
101429,candy laughed,2gram,/users/ljohnst7/data/ljohnst7/ngrams/set_variant_qwen_support/vocab_2gram.txt,2921,-33.498260498046875,2.8306769750985065e-15,1.5049722217787697e-13,119112,0.9999999998911551
113290,napkins edged,2gram,/users/ljohnst7/data/ljohnst7/ngrams/set_variant_qwen_support/vocab_2gram.txt,14782,-33.519203186035156,2.7720114415863145e-15,1.4737818036956154e-13,119132,0.9999999998941324
113309,napkins frequently,2gram,/users/ljohnst7/data/ljohnst7/ngrams/set_variant_qwen_support/vocab_2gram.txt,14801,-33.562171936035156,2.6554243140048927e-15,1.4117964941846594e-13,119188,0.9999999999022041
113264,napkins brain,2gram,/users/ljohnst7/data/ljohnst7/ngrams/set_variant_qwen_support/vocab_2gram.txt,14756,-33.566078186035156,2.645071795704521e-15,1.4062924212704498e-13,119189,0.9999999999023448
113281,napkins daily,2gram,/users/ljohnst7/data/ljohnst7/ngrams/set_variant_qwen_support/vocab_2gram.txt,14773,-33.595375061035156,2.5687035949566196e-15,1.365690112436247e-13,119220,0.9999999999066345
101413,candy jim,2gram,/users/ljohnst7/data/ljohnst7/ngrams/set_variant_qwen_support/vocab_2gram.txt,2905,-33.638885498046875,2.459334775382144e-15,1.3075425255387377e-13,119262,0.9999999999122471
101529,candy sg,2gram,/users/ljohnst7/data/ljohnst7/ngrams/set_variant_qwen_support/vocab_2gram.txt,3021,-33.810760498046875,2.0709675154814713e-15,1.1010611985838994e-13,119440,0.9999999999336349
101414,candy jm,2gram,/users/ljohnst7/data/ljohnst7/ngrams/set_variant_qwen_support/vocab_2gram.txt,2906,-33.935760498046875,1.827622417765714e-15,9.716830973063733e-14,119541,0.9999999999441195
101302,candy clark,2gram,/users/ljohnst7/data/ljohnst7/ngrams/set_variant_qwen_support/vocab_2gram.txt,2794,-33.955711364746094,1.7915210903818234e-15,9.524892806469484e-14,119556,0.999999999945562
120153,wallet belonged,2gram,/users/ljohnst7/data/ljohnst7/ngrams/set_variant_qwen_support/vocab_2gram.txt,21645,-33.961204528808594,1.7817069511277915e-15,9.472714450945634e-14,119560,0.999999999945942
113384,napkins provide,2gram,/users/ljohnst7/data/ljohnst7/ngrams/set_variant_qwen_support/vocab_2gram.txt,14876,-34.18717575073242,1.421340789643153e-15,7.556773255696572e-14,119729,0.9999999999602615
113471,napkins wrought,2gram,/users/ljohnst7/data/ljohnst7/ngrams/set_variant_qwen_support/vocab_2gram.txt,14963,-34.24576950073242,1.3404520317150861e-15,7.126715941468085e-14,119778,0.9999999999638671
113255,napkins become,2gram,/users/ljohnst7/data/ljohnst7/ngrams/set_variant_qwen_support/vocab_2gram.txt,14747,-34.39420700073242,1.155541880060747e-15,6.143613156470883e-14,119876,0.9999999999703326
113402,napkins seemed,2gram,/users/ljohnst7/data/ljohnst7/ngrams/set_variant_qwen_support/vocab_2gram.txt,14894,-34.49186325073242,1.0480309775346438e-15,5.57201518445389e-14,119953,0.9999999999748551
113253,napkins became,2gram,/users/ljohnst7/data/ljohnst7/ngrams/set_variant_qwen_support/vocab_2gram.txt,14745,-34.77311325073242,7.910952859544008e-16,4.2059777241098797e-14,120130,0.9999999999834345
101499,candy pullings,2gram,/users/ljohnst7/data/ljohnst7/ngrams/set_variant_qwen_support/vocab_2gram.txt,2991,-34.9555549621582,6.591668649182696e-16,3.504560322304073e-14,120240,0.9999999999876821
113398,napkins rushed,2gram,/users/ljohnst7/data/ljohnst7/ngrams/set_variant_qwen_support/vocab_2gram.txt,14890,-35.22623825073242,5.028507584340967e-16,2.6734821026951205e-14,120373,0.9999999999917372
113241,napkins appeared,2gram,/users/ljohnst7/data/ljohnst7/ngrams/set_variant_qwen_support/vocab_2gram.txt,14733,-35.31998825073242,4.578508257820536e-16,2.4342331554679875e-14,120413,0.9999999999927612
113303,napkins flew,2gram,/users/ljohnst7/data/ljohnst7/ngrams/set_variant_qwen_support/vocab_2gram.txt,14795,-35.35123825073242,4.43764236780405e-16,2.359339674743795e-14,120428,0.9999999999931191
120161,wallet bulged,2gram,/users/ljohnst7/data/ljohnst7/ngrams/set_variant_qwen_support/vocab_2gram.txt,21653,-35.4417839050293,4.053487342681494e-16,2.1550978461098326e-14,120476,0.9999999999942066
113449,napkins vary,2gram,/users/ljohnst7/data/ljohnst7/ngrams/set_variant_qwen_support/vocab_2gram.txt,14941,-35.58561325073242,3.5104640516008804e-16,1.8663913013347014e-14,120533,0.9999999999953613
120181,wallet databases,2gram,/users/ljohnst7/data/ljohnst7/ngrams/set_variant_qwen_support/vocab_2gram.txt,21673,-35.633079528808594,3.3477281750932665e-16,1.7798703115554785e-14,120556,0.9999999999957816
113257,napkins began,2gram,/users/ljohnst7/data/ljohnst7/ngrams/set_variant_qwen_support/vocab_2gram.txt,14749,-36.22623825073242,1.8498845600537143e-16,9.835191019213334e-15,120753,0.999999999998445
101332,candy cummings,2gram,/users/ljohnst7/data/ljohnst7/ngrams/set_variant_qwen_support/vocab_2gram.txt,2824,-36.86566925048828,9.759852917766692e-17,5.1889734007442506e-15,120874,0.9999999999993321
113310,napkins fringed,2gram,/users/ljohnst7/data/ljohnst7/ngrams/set_variant_qwen_support/vocab_2gram.txt,14802,-37.041568756103516,8.18561073814667e-17,4.352003738885128e-15,120903,0.9999999999994685
98905,bandana purkayastha,2gram,/users/ljohnst7/data/ljohnst7/ngrams/set_variant_qwen_support/vocab_2gram.txt,397,-38.665218353271484,1.6140204297854672e-17,8.581183701209951e-16,121114,0.9999999999999629
101330,candy crowley,2gram,/users/ljohnst7/data/ljohnst7/ngrams/set_variant_qwen_support/vocab_2gram.txt,2822,-38.76331329345703,1.4632109291896785e-17,7.779382184563593e-16,121124,0.9999999999999708
101432,candy lightner,2gram,/users/ljohnst7/data/ljohnst7/ngrams/set_variant_qwen_support/vocab_2gram.txt,2924,-38.96230697631836,1.1991819363156293e-17,6.375632115180134e-16,121139,0.9999999999999813
101443,candy maldonado,2gram,/users/ljohnst7/data/ljohnst7/ngrams/set_variant_qwen_support/vocab_2gram.txt,2935,-39.057373046875,1.0904315485891529e-17,5.797444232649587e-16,121150,0.9999999999999878
98901,bandana pattanaik,2gram,/users/ljohnst7/data/ljohnst7/ngrams/set_variant_qwen_support/vocab_2gram.txt,393,-39.560245513916016,6.594830997426108e-18,3.506241632571473e-16,121180,1.0000000000000016
101335,candy dawson,2gram,/users/ljohnst7/data/ljohnst7/ngrams/set_variant_qwen_support/vocab_2gram.txt,2827,-39.985748291015625,4.309334064914123e-18,2.29112262512223e-16,121204,1.0000000000000075
113295,napkins enow,2gram,/users/ljohnst7/data/ljohnst7/ngrams/set_variant_qwen_support/vocab_2gram.txt,14787,-40.11979293823242,3.768732491057711e-18,2.0037036229326667e-16,121212,1.0000000000000093
120346,wallet vilakazi,2gram,/users/ljohnst7/data/ljohnst7/ngrams/set_variant_qwen_support/vocab_2gram.txt,21838,-44.09647750854492,7.065504001160773e-20,3.756482052934943e-18,121271,1.0000000000000129
120183,wallet desbarres,2gram,/users/ljohnst7/data/ljohnst7/ngrams/set_variant_qwen_support/vocab_2gram.txt,21675,-47.76841735839844,1.796552578764391e-21,9.55164347536099e-20,121294,1.0000000000000129
