variant,boundary,analysis_dataset_id,analysis_unit_id,cv_group_id,human_rate,dataset_family,dataset,set_probability,ordering_probability,conjunction_probability,disjunction_probability,analysis_label,cv_fold,item_id,trigger,query,human_yes,human_total
top_k,1.0,novel_focus,mask::bandana::candy,novel_focus::focus_alternative_study::mask,0.0,novel_focus,focus_alternative_study,0.0,0.04,0.0,0.04,Novel focus alternatives,9,mask::bandana::candy,bandana,candy,0.0,4.0
top_k,2.0,novel_focus,mask::bandana::candy,novel_focus::focus_alternative_study::mask,0.0,novel_focus,focus_alternative_study,0.0,0.04,0.0,0.04,Novel focus alternatives,9,mask::bandana::candy,bandana,candy,0.0,4.0
top_k,3.0,novel_focus,mask::bandana::candy,novel_focus::focus_alternative_study::mask,0.0,novel_focus,focus_alternative_study,0.0,0.04,0.0,0.04,Novel focus alternatives,9,mask::bandana::candy,bandana,candy,0.0,4.0
top_k,5.0,novel_focus,mask::bandana::candy,novel_focus::focus_alternative_study::mask,0.0,novel_focus,focus_alternative_study,0.0,0.04,0.0,0.04,Novel focus alternatives,9,mask::bandana::candy,bandana,candy,0.0,4.0
top_k,10.0,novel_focus,mask::bandana::candy,novel_focus::focus_alternative_study::mask,0.0,novel_focus,focus_alternative_study,0.0,0.04,0.0,0.04,Novel focus alternatives,9,mask::bandana::candy,bandana,candy,0.0,4.0
top_k,20.0,novel_focus,mask::bandana::candy,novel_focus::focus_alternative_study::mask,0.0,novel_focus,focus_alternative_study,0.0,0.04,0.0,0.04,Novel focus alternatives,9,mask::bandana::candy,bandana,candy,0.0,4.0
top_k,30.0,novel_focus,mask::bandana::candy,novel_focus::focus_alternative_study::mask,0.0,novel_focus,focus_alternative_study,0.0,0.04,0.0,0.04,Novel focus alternatives,9,mask::bandana::candy,bandana,candy,0.0,4.0
top_k,50.0,novel_focus,mask::bandana::candy,novel_focus::focus_alternative_study::mask,0.0,novel_focus,focus_alternative_study,0.0,0.04,0.0,0.04,Novel focus alternatives,9,mask::bandana::candy,bandana,candy,0.0,4.0
top_k,75.0,novel_focus,mask::bandana::candy,novel_focus::focus_alternative_study::mask,0.0,novel_focus,focus_alternative_study,0.002,0.04,0.002,0.04,Novel focus alternatives,9,mask::bandana::candy,bandana,candy,0.0,4.0
top_k,100.0,novel_focus,mask::bandana::candy,novel_focus::focus_alternative_study::mask,0.0,novel_focus,focus_alternative_study,0.004,0.04,0.004,0.04,Novel focus alternatives,9,mask::bandana::candy,bandana,candy,0.0,4.0
top_p,0.25,novel_focus,mask::bandana::candy,novel_focus::focus_alternative_study::mask,0.0,novel_focus,focus_alternative_study,0.0,0.04,0.0,0.04,Novel focus alternatives,9,mask::bandana::candy,bandana,candy,0.0,4.0
top_p,0.5,novel_focus,mask::bandana::candy,novel_focus::focus_alternative_study::mask,0.0,novel_focus,focus_alternative_study,0.0,0.04,0.0,0.04,Novel focus alternatives,9,mask::bandana::candy,bandana,candy,0.0,4.0
top_p,0.6,novel_focus,mask::bandana::candy,novel_focus::focus_alternative_study::mask,0.0,novel_focus,focus_alternative_study,0.0,0.04,0.0,0.04,Novel focus alternatives,9,mask::bandana::candy,bandana,candy,0.0,4.0
top_p,0.7,novel_focus,mask::bandana::candy,novel_focus::focus_alternative_study::mask,0.0,novel_focus,focus_alternative_study,0.0,0.04,0.0,0.04,Novel focus alternatives,9,mask::bandana::candy,bandana,candy,0.0,4.0
top_p,0.8,novel_focus,mask::bandana::candy,novel_focus::focus_alternative_study::mask,0.0,novel_focus,focus_alternative_study,0.0,0.04,0.0,0.04,Novel focus alternatives,9,mask::bandana::candy,bandana,candy,0.0,4.0
top_p,0.9,novel_focus,mask::bandana::candy,novel_focus::focus_alternative_study::mask,0.0,novel_focus,focus_alternative_study,0.034,0.04,0.02,0.054,Novel focus alternatives,9,mask::bandana::candy,bandana,candy,0.0,4.0
top_p,0.95,novel_focus,mask::bandana::candy,novel_focus::focus_alternative_study::mask,0.0,novel_focus,focus_alternative_study,0.238,0.04,0.04,0.238,Novel focus alternatives,9,mask::bandana::candy,bandana,candy,0.0,4.0
top_k,1.0,novel_focus,mask::bandana::gloves,novel_focus::focus_alternative_study::mask,0.5,novel_focus,focus_alternative_study,0.0,0.168,0.0,0.168,Novel focus alternatives,9,mask::bandana::gloves,bandana,gloves,1.0,2.0
top_k,2.0,novel_focus,mask::bandana::gloves,novel_focus::focus_alternative_study::mask,0.5,novel_focus,focus_alternative_study,0.0,0.168,0.0,0.168,Novel focus alternatives,9,mask::bandana::gloves,bandana,gloves,1.0,2.0
top_k,3.0,novel_focus,mask::bandana::gloves,novel_focus::focus_alternative_study::mask,0.5,novel_focus,focus_alternative_study,0.002,0.168,0.002,0.168,Novel focus alternatives,9,mask::bandana::gloves,bandana,gloves,1.0,2.0
top_k,5.0,novel_focus,mask::bandana::gloves,novel_focus::focus_alternative_study::mask,0.5,novel_focus,focus_alternative_study,0.002,0.168,0.002,0.168,Novel focus alternatives,9,mask::bandana::gloves,bandana,gloves,1.0,2.0
top_k,10.0,novel_focus,mask::bandana::gloves,novel_focus::focus_alternative_study::mask,0.5,novel_focus,focus_alternative_study,0.002,0.168,0.002,0.168,Novel focus alternatives,9,mask::bandana::gloves,bandana,gloves,1.0,2.0
top_k,20.0,novel_focus,mask::bandana::gloves,novel_focus::focus_alternative_study::mask,0.5,novel_focus,focus_alternative_study,0.004,0.168,0.004,0.168,Novel focus alternatives,9,mask::bandana::gloves,bandana,gloves,1.0,2.0
top_k,30.0,novel_focus,mask::bandana::gloves,novel_focus::focus_alternative_study::mask,0.5,novel_focus,focus_alternative_study,0.004,0.168,0.004,0.168,Novel focus alternatives,9,mask::bandana::gloves,bandana,gloves,1.0,2.0
top_k,50.0,novel_focus,mask::bandana::gloves,novel_focus::focus_alternative_study::mask,0.5,novel_focus,focus_alternative_study,0.006,0.168,0.006,0.168,Novel focus alternatives,9,mask::bandana::gloves,bandana,gloves,1.0,2.0
top_k,75.0,novel_focus,mask::bandana::gloves,novel_focus::focus_alternative_study::mask,0.5,novel_focus,focus_alternative_study,0.012,0.168,0.012,0.168,Novel focus alternatives,9,mask::bandana::gloves,bandana,gloves,1.0,2.0
top_k,100.0,novel_focus,mask::bandana::gloves,novel_focus::focus_alternative_study::mask,0.5,novel_focus,focus_alternative_study,0.02,0.168,0.02,0.168,Novel focus alternatives,9,mask::bandana::gloves,bandana,gloves,1.0,2.0
top_p,0.25,novel_focus,mask::bandana::gloves,novel_focus::focus_alternative_study::mask,0.5,novel_focus,focus_alternative_study,0.0,0.168,0.0,0.168,Novel focus alternatives,9,mask::bandana::gloves,bandana,gloves,1.0,2.0
top_p,0.5,novel_focus,mask::bandana::gloves,novel_focus::focus_alternative_study::mask,0.5,novel_focus,focus_alternative_study,0.0,0.168,0.0,0.168,Novel focus alternatives,9,mask::bandana::gloves,bandana,gloves,1.0,2.0
top_p,0.6,novel_focus,mask::bandana::gloves,novel_focus::focus_alternative_study::mask,0.5,novel_focus,focus_alternative_study,0.0,0.168,0.0,0.168,Novel focus alternatives,9,mask::bandana::gloves,bandana,gloves,1.0,2.0
top_p,0.7,novel_focus,mask::bandana::gloves,novel_focus::focus_alternative_study::mask,0.5,novel_focus,focus_alternative_study,0.002,0.168,0.002,0.168,Novel focus alternatives,9,mask::bandana::gloves,bandana,gloves,1.0,2.0
top_p,0.8,novel_focus,mask::bandana::gloves,novel_focus::focus_alternative_study::mask,0.5,novel_focus,focus_alternative_study,0.008,0.168,0.008,0.168,Novel focus alternatives,9,mask::bandana::gloves,bandana,gloves,1.0,2.0
top_p,0.9,novel_focus,mask::bandana::gloves,novel_focus::focus_alternative_study::mask,0.5,novel_focus,focus_alternative_study,0.19,0.168,0.122,0.236,Novel focus alternatives,9,mask::bandana::gloves,bandana,gloves,1.0,2.0
top_p,0.95,novel_focus,mask::bandana::gloves,novel_focus::focus_alternative_study::mask,0.5,novel_focus,focus_alternative_study,0.74,0.168,0.168,0.74,Novel focus alternatives,9,mask::bandana::gloves,bandana,gloves,1.0,2.0
top_k,1.0,novel_focus,mask::bandana::handkerchief,novel_focus::focus_alternative_study::mask,0.6153846153846154,novel_focus,focus_alternative_study,0.0,0.358,0.0,0.358,Novel focus alternatives,9,mask::bandana::handkerchief,bandana,handkerchief,8.0,13.0
top_k,2.0,novel_focus,mask::bandana::handkerchief,novel_focus::focus_alternative_study::mask,0.6153846153846154,novel_focus,focus_alternative_study,0.0,0.358,0.0,0.358,Novel focus alternatives,9,mask::bandana::handkerchief,bandana,handkerchief,8.0,13.0
top_k,3.0,novel_focus,mask::bandana::handkerchief,novel_focus::focus_alternative_study::mask,0.6153846153846154,novel_focus,focus_alternative_study,0.0,0.358,0.0,0.358,Novel focus alternatives,9,mask::bandana::handkerchief,bandana,handkerchief,8.0,13.0
top_k,5.0,novel_focus,mask::bandana::handkerchief,novel_focus::focus_alternative_study::mask,0.6153846153846154,novel_focus,focus_alternative_study,0.0,0.358,0.0,0.358,Novel focus alternatives,9,mask::bandana::handkerchief,bandana,handkerchief,8.0,13.0
top_k,10.0,novel_focus,mask::bandana::handkerchief,novel_focus::focus_alternative_study::mask,0.6153846153846154,novel_focus,focus_alternative_study,0.002,0.358,0.002,0.358,Novel focus alternatives,9,mask::bandana::handkerchief,bandana,handkerchief,8.0,13.0
top_k,20.0,novel_focus,mask::bandana::handkerchief,novel_focus::focus_alternative_study::mask,0.6153846153846154,novel_focus,focus_alternative_study,0.008,0.358,0.008,0.358,Novel focus alternatives,9,mask::bandana::handkerchief,bandana,handkerchief,8.0,13.0
top_k,30.0,novel_focus,mask::bandana::handkerchief,novel_focus::focus_alternative_study::mask,0.6153846153846154,novel_focus,focus_alternative_study,0.016,0.358,0.016,0.358,Novel focus alternatives,9,mask::bandana::handkerchief,bandana,handkerchief,8.0,13.0
top_k,50.0,novel_focus,mask::bandana::handkerchief,novel_focus::focus_alternative_study::mask,0.6153846153846154,novel_focus,focus_alternative_study,0.036,0.358,0.036,0.358,Novel focus alternatives,9,mask::bandana::handkerchief,bandana,handkerchief,8.0,13.0
top_k,75.0,novel_focus,mask::bandana::handkerchief,novel_focus::focus_alternative_study::mask,0.6153846153846154,novel_focus,focus_alternative_study,0.062,0.358,0.062,0.358,Novel focus alternatives,9,mask::bandana::handkerchief,bandana,handkerchief,8.0,13.0
top_k,100.0,novel_focus,mask::bandana::handkerchief,novel_focus::focus_alternative_study::mask,0.6153846153846154,novel_focus,focus_alternative_study,0.098,0.358,0.098,0.358,Novel focus alternatives,9,mask::bandana::handkerchief,bandana,handkerchief,8.0,13.0
top_p,0.25,novel_focus,mask::bandana::handkerchief,novel_focus::focus_alternative_study::mask,0.6153846153846154,novel_focus,focus_alternative_study,0.0,0.358,0.0,0.358,Novel focus alternatives,9,mask::bandana::handkerchief,bandana,handkerchief,8.0,13.0
top_p,0.5,novel_focus,mask::bandana::handkerchief,novel_focus::focus_alternative_study::mask,0.6153846153846154,novel_focus,focus_alternative_study,0.0,0.358,0.0,0.358,Novel focus alternatives,9,mask::bandana::handkerchief,bandana,handkerchief,8.0,13.0
top_p,0.6,novel_focus,mask::bandana::handkerchief,novel_focus::focus_alternative_study::mask,0.6153846153846154,novel_focus,focus_alternative_study,0.0,0.358,0.0,0.358,Novel focus alternatives,9,mask::bandana::handkerchief,bandana,handkerchief,8.0,13.0
top_p,0.7,novel_focus,mask::bandana::handkerchief,novel_focus::focus_alternative_study::mask,0.6153846153846154,novel_focus,focus_alternative_study,0.006,0.358,0.006,0.358,Novel focus alternatives,9,mask::bandana::handkerchief,bandana,handkerchief,8.0,13.0
top_p,0.8,novel_focus,mask::bandana::handkerchief,novel_focus::focus_alternative_study::mask,0.6153846153846154,novel_focus,focus_alternative_study,0.046,0.358,0.046,0.358,Novel focus alternatives,9,mask::bandana::handkerchief,bandana,handkerchief,8.0,13.0
top_p,0.9,novel_focus,mask::bandana::handkerchief,novel_focus::focus_alternative_study::mask,0.6153846153846154,novel_focus,focus_alternative_study,0.412,0.358,0.286,0.484,Novel focus alternatives,9,mask::bandana::handkerchief,bandana,handkerchief,8.0,13.0
top_p,0.95,novel_focus,mask::bandana::handkerchief,novel_focus::focus_alternative_study::mask,0.6153846153846154,novel_focus,focus_alternative_study,0.972,0.358,0.358,0.972,Novel focus alternatives,9,mask::bandana::handkerchief,bandana,handkerchief,8.0,13.0
top_k,1.0,novel_focus,mask::bandana::napkins,novel_focus::focus_alternative_study::mask,0.1666666666666666,novel_focus,focus_alternative_study,0.0,0.004,0.0,0.004,Novel focus alternatives,9,mask::bandana::napkins,bandana,napkins,2.0,12.0
top_k,2.0,novel_focus,mask::bandana::napkins,novel_focus::focus_alternative_study::mask,0.1666666666666666,novel_focus,focus_alternative_study,0.0,0.004,0.0,0.004,Novel focus alternatives,9,mask::bandana::napkins,bandana,napkins,2.0,12.0
top_k,3.0,novel_focus,mask::bandana::napkins,novel_focus::focus_alternative_study::mask,0.1666666666666666,novel_focus,focus_alternative_study,0.0,0.004,0.0,0.004,Novel focus alternatives,9,mask::bandana::napkins,bandana,napkins,2.0,12.0
top_k,5.0,novel_focus,mask::bandana::napkins,novel_focus::focus_alternative_study::mask,0.1666666666666666,novel_focus,focus_alternative_study,0.0,0.004,0.0,0.004,Novel focus alternatives,9,mask::bandana::napkins,bandana,napkins,2.0,12.0
top_k,10.0,novel_focus,mask::bandana::napkins,novel_focus::focus_alternative_study::mask,0.1666666666666666,novel_focus,focus_alternative_study,0.0,0.004,0.0,0.004,Novel focus alternatives,9,mask::bandana::napkins,bandana,napkins,2.0,12.0
top_k,20.0,novel_focus,mask::bandana::napkins,novel_focus::focus_alternative_study::mask,0.1666666666666666,novel_focus,focus_alternative_study,0.0,0.004,0.0,0.004,Novel focus alternatives,9,mask::bandana::napkins,bandana,napkins,2.0,12.0
top_k,30.0,novel_focus,mask::bandana::napkins,novel_focus::focus_alternative_study::mask,0.1666666666666666,novel_focus,focus_alternative_study,0.0,0.004,0.0,0.004,Novel focus alternatives,9,mask::bandana::napkins,bandana,napkins,2.0,12.0
top_k,50.0,novel_focus,mask::bandana::napkins,novel_focus::focus_alternative_study::mask,0.1666666666666666,novel_focus,focus_alternative_study,0.0,0.004,0.0,0.004,Novel focus alternatives,9,mask::bandana::napkins,bandana,napkins,2.0,12.0
top_k,75.0,novel_focus,mask::bandana::napkins,novel_focus::focus_alternative_study::mask,0.1666666666666666,novel_focus,focus_alternative_study,0.0,0.004,0.0,0.004,Novel focus alternatives,9,mask::bandana::napkins,bandana,napkins,2.0,12.0
top_k,100.0,novel_focus,mask::bandana::napkins,novel_focus::focus_alternative_study::mask,0.1666666666666666,novel_focus,focus_alternative_study,0.0,0.004,0.0,0.004,Novel focus alternatives,9,mask::bandana::napkins,bandana,napkins,2.0,12.0
top_p,0.25,novel_focus,mask::bandana::napkins,novel_focus::focus_alternative_study::mask,0.1666666666666666,novel_focus,focus_alternative_study,0.0,0.004,0.0,0.004,Novel focus alternatives,9,mask::bandana::napkins,bandana,napkins,2.0,12.0
top_p,0.5,novel_focus,mask::bandana::napkins,novel_focus::focus_alternative_study::mask,0.1666666666666666,novel_focus,focus_alternative_study,0.0,0.004,0.0,0.004,Novel focus alternatives,9,mask::bandana::napkins,bandana,napkins,2.0,12.0
top_p,0.6,novel_focus,mask::bandana::napkins,novel_focus::focus_alternative_study::mask,0.1666666666666666,novel_focus,focus_alternative_study,0.0,0.004,0.0,0.004,Novel focus alternatives,9,mask::bandana::napkins,bandana,napkins,2.0,12.0
top_p,0.7,novel_focus,mask::bandana::napkins,novel_focus::focus_alternative_study::mask,0.1666666666666666,novel_focus,focus_alternative_study,0.0,0.004,0.0,0.004,Novel focus alternatives,9,mask::bandana::napkins,bandana,napkins,2.0,12.0
top_p,0.8,novel_focus,mask::bandana::napkins,novel_focus::focus_alternative_study::mask,0.1666666666666666,novel_focus,focus_alternative_study,0.0,0.004,0.0,0.004,Novel focus alternatives,9,mask::bandana::napkins,bandana,napkins,2.0,12.0
top_p,0.9,novel_focus,mask::bandana::napkins,novel_focus::focus_alternative_study::mask,0.1666666666666666,novel_focus,focus_alternative_study,0.004,0.004,0.004,0.004,Novel focus alternatives,9,mask::bandana::napkins,bandana,napkins,2.0,12.0
top_p,0.95,novel_focus,mask::bandana::napkins,novel_focus::focus_alternative_study::mask,0.1666666666666666,novel_focus,focus_alternative_study,0.014,0.004,0.004,0.014,Novel focus alternatives,9,mask::bandana::napkins,bandana,napkins,2.0,12.0
top_k,1.0,novel_focus,mask::bandana::wallet,novel_focus::focus_alternative_study::mask,0.4,novel_focus,focus_alternative_study,0.0,0.154,0.0,0.154,Novel focus alternatives,9,mask::bandana::wallet,bandana,wallet,2.0,5.0
top_k,2.0,novel_focus,mask::bandana::wallet,novel_focus::focus_alternative_study::mask,0.4,novel_focus,focus_alternative_study,0.0,0.154,0.0,0.154,Novel focus alternatives,9,mask::bandana::wallet,bandana,wallet,2.0,5.0
top_k,3.0,novel_focus,mask::bandana::wallet,novel_focus::focus_alternative_study::mask,0.4,novel_focus,focus_alternative_study,0.0,0.154,0.0,0.154,Novel focus alternatives,9,mask::bandana::wallet,bandana,wallet,2.0,5.0
top_k,5.0,novel_focus,mask::bandana::wallet,novel_focus::focus_alternative_study::mask,0.4,novel_focus,focus_alternative_study,0.002,0.154,0.002,0.154,Novel focus alternatives,9,mask::bandana::wallet,bandana,wallet,2.0,5.0
top_k,10.0,novel_focus,mask::bandana::wallet,novel_focus::focus_alternative_study::mask,0.4,novel_focus,focus_alternative_study,0.002,0.154,0.002,0.154,Novel focus alternatives,9,mask::bandana::wallet,bandana,wallet,2.0,5.0
top_k,20.0,novel_focus,mask::bandana::wallet,novel_focus::focus_alternative_study::mask,0.4,novel_focus,focus_alternative_study,0.002,0.154,0.002,0.154,Novel focus alternatives,9,mask::bandana::wallet,bandana,wallet,2.0,5.0
top_k,30.0,novel_focus,mask::bandana::wallet,novel_focus::focus_alternative_study::mask,0.4,novel_focus,focus_alternative_study,0.002,0.154,0.002,0.154,Novel focus alternatives,9,mask::bandana::wallet,bandana,wallet,2.0,5.0
top_k,50.0,novel_focus,mask::bandana::wallet,novel_focus::focus_alternative_study::mask,0.4,novel_focus,focus_alternative_study,0.006,0.154,0.006,0.154,Novel focus alternatives,9,mask::bandana::wallet,bandana,wallet,2.0,5.0
top_k,75.0,novel_focus,mask::bandana::wallet,novel_focus::focus_alternative_study::mask,0.4,novel_focus,focus_alternative_study,0.018,0.154,0.018,0.154,Novel focus alternatives,9,mask::bandana::wallet,bandana,wallet,2.0,5.0
top_k,100.0,novel_focus,mask::bandana::wallet,novel_focus::focus_alternative_study::mask,0.4,novel_focus,focus_alternative_study,0.022,0.154,0.022,0.154,Novel focus alternatives,9,mask::bandana::wallet,bandana,wallet,2.0,5.0
top_p,0.25,novel_focus,mask::bandana::wallet,novel_focus::focus_alternative_study::mask,0.4,novel_focus,focus_alternative_study,0.0,0.154,0.0,0.154,Novel focus alternatives,9,mask::bandana::wallet,bandana,wallet,2.0,5.0
top_p,0.5,novel_focus,mask::bandana::wallet,novel_focus::focus_alternative_study::mask,0.4,novel_focus,focus_alternative_study,0.0,0.154,0.0,0.154,Novel focus alternatives,9,mask::bandana::wallet,bandana,wallet,2.0,5.0
top_p,0.6,novel_focus,mask::bandana::wallet,novel_focus::focus_alternative_study::mask,0.4,novel_focus,focus_alternative_study,0.0,0.154,0.0,0.154,Novel focus alternatives,9,mask::bandana::wallet,bandana,wallet,2.0,5.0
top_p,0.7,novel_focus,mask::bandana::wallet,novel_focus::focus_alternative_study::mask,0.4,novel_focus,focus_alternative_study,0.002,0.154,0.002,0.154,Novel focus alternatives,9,mask::bandana::wallet,bandana,wallet,2.0,5.0
top_p,0.8,novel_focus,mask::bandana::wallet,novel_focus::focus_alternative_study::mask,0.4,novel_focus,focus_alternative_study,0.012,0.154,0.012,0.154,Novel focus alternatives,9,mask::bandana::wallet,bandana,wallet,2.0,5.0
top_p,0.9,novel_focus,mask::bandana::wallet,novel_focus::focus_alternative_study::mask,0.4,novel_focus,focus_alternative_study,0.138,0.154,0.096,0.196,Novel focus alternatives,9,mask::bandana::wallet,bandana,wallet,2.0,5.0
top_p,0.95,novel_focus,mask::bandana::wallet,novel_focus::focus_alternative_study::mask,0.4,novel_focus,focus_alternative_study,0.652,0.154,0.154,0.652,Novel focus alternatives,9,mask::bandana::wallet,bandana,wallet,2.0,5.0
top_k,1.0,novel_focus,mask::candy::bandana,novel_focus::focus_alternative_study::mask,0.8,novel_focus,focus_alternative_study,0.0,0.96,0.0,0.96,Novel focus alternatives,9,mask::candy::bandana,candy,bandana,4.0,5.0
top_k,2.0,novel_focus,mask::candy::bandana,novel_focus::focus_alternative_study::mask,0.8,novel_focus,focus_alternative_study,0.002,0.96,0.002,0.96,Novel focus alternatives,9,mask::candy::bandana,candy,bandana,4.0,5.0
top_k,3.0,novel_focus,mask::candy::bandana,novel_focus::focus_alternative_study::mask,0.8,novel_focus,focus_alternative_study,0.004,0.96,0.004,0.96,Novel focus alternatives,9,mask::candy::bandana,candy,bandana,4.0,5.0
top_k,5.0,novel_focus,mask::candy::bandana,novel_focus::focus_alternative_study::mask,0.8,novel_focus,focus_alternative_study,0.004,0.96,0.004,0.96,Novel focus alternatives,9,mask::candy::bandana,candy,bandana,4.0,5.0
top_k,10.0,novel_focus,mask::candy::bandana,novel_focus::focus_alternative_study::mask,0.8,novel_focus,focus_alternative_study,0.006,0.96,0.006,0.96,Novel focus alternatives,9,mask::candy::bandana,candy,bandana,4.0,5.0
top_k,20.0,novel_focus,mask::candy::bandana,novel_focus::focus_alternative_study::mask,0.8,novel_focus,focus_alternative_study,0.01,0.96,0.01,0.96,Novel focus alternatives,9,mask::candy::bandana,candy,bandana,4.0,5.0
top_k,30.0,novel_focus,mask::candy::bandana,novel_focus::focus_alternative_study::mask,0.8,novel_focus,focus_alternative_study,0.026,0.96,0.026,0.96,Novel focus alternatives,9,mask::candy::bandana,candy,bandana,4.0,5.0
top_k,50.0,novel_focus,mask::candy::bandana,novel_focus::focus_alternative_study::mask,0.8,novel_focus,focus_alternative_study,0.054,0.96,0.054,0.96,Novel focus alternatives,9,mask::candy::bandana,candy,bandana,4.0,5.0
top_k,75.0,novel_focus,mask::candy::bandana,novel_focus::focus_alternative_study::mask,0.8,novel_focus,focus_alternative_study,0.088,0.96,0.088,0.96,Novel focus alternatives,9,mask::candy::bandana,candy,bandana,4.0,5.0
top_k,100.0,novel_focus,mask::candy::bandana,novel_focus::focus_alternative_study::mask,0.8,novel_focus,focus_alternative_study,0.134,0.96,0.134,0.96,Novel focus alternatives,9,mask::candy::bandana,candy,bandana,4.0,5.0
top_p,0.25,novel_focus,mask::candy::bandana,novel_focus::focus_alternative_study::mask,0.8,novel_focus,focus_alternative_study,0.0,0.96,0.0,0.96,Novel focus alternatives,9,mask::candy::bandana,candy,bandana,4.0,5.0
top_p,0.5,novel_focus,mask::candy::bandana,novel_focus::focus_alternative_study::mask,0.8,novel_focus,focus_alternative_study,0.0,0.96,0.0,0.96,Novel focus alternatives,9,mask::candy::bandana,candy,bandana,4.0,5.0
top_p,0.6,novel_focus,mask::candy::bandana,novel_focus::focus_alternative_study::mask,0.8,novel_focus,focus_alternative_study,0.0,0.96,0.0,0.96,Novel focus alternatives,9,mask::candy::bandana,candy,bandana,4.0,5.0
top_p,0.7,novel_focus,mask::candy::bandana,novel_focus::focus_alternative_study::mask,0.8,novel_focus,focus_alternative_study,0.004,0.96,0.004,0.96,Novel focus alternatives,9,mask::candy::bandana,candy,bandana,4.0,5.0
top_p,0.8,novel_focus,mask::candy::bandana,novel_focus::focus_alternative_study::mask,0.8,novel_focus,focus_alternative_study,0.06,0.96,0.06,0.96,Novel focus alternatives,9,mask::candy::bandana,candy,bandana,4.0,5.0
top_p,0.9,novel_focus,mask::candy::bandana,novel_focus::focus_alternative_study::mask,0.8,novel_focus,focus_alternative_study,0.628,0.96,0.62,0.968,Novel focus alternatives,9,mask::candy::bandana,candy,bandana,4.0,5.0
top_p,0.95,novel_focus,mask::candy::bandana,novel_focus::focus_alternative_study::mask,0.8,novel_focus,focus_alternative_study,0.996,0.96,0.958,0.998,Novel focus alternatives,9,mask::candy::bandana,candy,bandana,4.0,5.0
top_k,1.0,novel_focus,mask::candy::gloves,novel_focus::focus_alternative_study::mask,0.0625,novel_focus,focus_alternative_study,0.0,0.842,0.0,0.842,Novel focus alternatives,9,mask::candy::gloves,candy,gloves,1.0,16.0
top_k,2.0,novel_focus,mask::candy::gloves,novel_focus::focus_alternative_study::mask,0.0625,novel_focus,focus_alternative_study,0.0,0.842,0.0,0.842,Novel focus alternatives,9,mask::candy::gloves,candy,gloves,1.0,16.0
top_k,3.0,novel_focus,mask::candy::gloves,novel_focus::focus_alternative_study::mask,0.0625,novel_focus,focus_alternative_study,0.002,0.842,0.002,0.842,Novel focus alternatives,9,mask::candy::gloves,candy,gloves,1.0,16.0
top_k,5.0,novel_focus,mask::candy::gloves,novel_focus::focus_alternative_study::mask,0.0625,novel_focus,focus_alternative_study,0.002,0.842,0.002,0.842,Novel focus alternatives,9,mask::candy::gloves,candy,gloves,1.0,16.0
top_k,10.0,novel_focus,mask::candy::gloves,novel_focus::focus_alternative_study::mask,0.0625,novel_focus,focus_alternative_study,0.002,0.842,0.002,0.842,Novel focus alternatives,9,mask::candy::gloves,candy,gloves,1.0,16.0
top_k,20.0,novel_focus,mask::candy::gloves,novel_focus::focus_alternative_study::mask,0.0625,novel_focus,focus_alternative_study,0.004,0.842,0.004,0.842,Novel focus alternatives,9,mask::candy::gloves,candy,gloves,1.0,16.0
top_k,30.0,novel_focus,mask::candy::gloves,novel_focus::focus_alternative_study::mask,0.0625,novel_focus,focus_alternative_study,0.004,0.842,0.004,0.842,Novel focus alternatives,9,mask::candy::gloves,candy,gloves,1.0,16.0
top_k,50.0,novel_focus,mask::candy::gloves,novel_focus::focus_alternative_study::mask,0.0625,novel_focus,focus_alternative_study,0.006,0.842,0.006,0.842,Novel focus alternatives,9,mask::candy::gloves,candy,gloves,1.0,16.0
top_k,75.0,novel_focus,mask::candy::gloves,novel_focus::focus_alternative_study::mask,0.0625,novel_focus,focus_alternative_study,0.012,0.842,0.012,0.842,Novel focus alternatives,9,mask::candy::gloves,candy,gloves,1.0,16.0
top_k,100.0,novel_focus,mask::candy::gloves,novel_focus::focus_alternative_study::mask,0.0625,novel_focus,focus_alternative_study,0.02,0.842,0.02,0.842,Novel focus alternatives,9,mask::candy::gloves,candy,gloves,1.0,16.0
top_p,0.25,novel_focus,mask::candy::gloves,novel_focus::focus_alternative_study::mask,0.0625,novel_focus,focus_alternative_study,0.0,0.842,0.0,0.842,Novel focus alternatives,9,mask::candy::gloves,candy,gloves,1.0,16.0
top_p,0.5,novel_focus,mask::candy::gloves,novel_focus::focus_alternative_study::mask,0.0625,novel_focus,focus_alternative_study,0.0,0.842,0.0,0.842,Novel focus alternatives,9,mask::candy::gloves,candy,gloves,1.0,16.0
top_p,0.6,novel_focus,mask::candy::gloves,novel_focus::focus_alternative_study::mask,0.0625,novel_focus,focus_alternative_study,0.0,0.842,0.0,0.842,Novel focus alternatives,9,mask::candy::gloves,candy,gloves,1.0,16.0
top_p,0.7,novel_focus,mask::candy::gloves,novel_focus::focus_alternative_study::mask,0.0625,novel_focus,focus_alternative_study,0.002,0.842,0.002,0.842,Novel focus alternatives,9,mask::candy::gloves,candy,gloves,1.0,16.0
top_p,0.8,novel_focus,mask::candy::gloves,novel_focus::focus_alternative_study::mask,0.0625,novel_focus,focus_alternative_study,0.008,0.842,0.008,0.842,Novel focus alternatives,9,mask::candy::gloves,candy,gloves,1.0,16.0
top_p,0.9,novel_focus,mask::candy::gloves,novel_focus::focus_alternative_study::mask,0.0625,novel_focus,focus_alternative_study,0.19,0.842,0.186,0.846,Novel focus alternatives,9,mask::candy::gloves,candy,gloves,1.0,16.0
top_p,0.95,novel_focus,mask::candy::gloves,novel_focus::focus_alternative_study::mask,0.0625,novel_focus,focus_alternative_study,0.74,0.842,0.672,0.91,Novel focus alternatives,9,mask::candy::gloves,candy,gloves,1.0,16.0
top_k,1.0,novel_focus,mask::candy::handkerchief,novel_focus::focus_alternative_study::mask,0.6666666666666666,novel_focus,focus_alternative_study,0.0,0.938,0.0,0.938,Novel focus alternatives,9,mask::candy::handkerchief,candy,handkerchief,4.0,6.0
top_k,2.0,novel_focus,mask::candy::handkerchief,novel_focus::focus_alternative_study::mask,0.6666666666666666,novel_focus,focus_alternative_study,0.0,0.938,0.0,0.938,Novel focus alternatives,9,mask::candy::handkerchief,candy,handkerchief,4.0,6.0
top_k,3.0,novel_focus,mask::candy::handkerchief,novel_focus::focus_alternative_study::mask,0.6666666666666666,novel_focus,focus_alternative_study,0.0,0.938,0.0,0.938,Novel focus alternatives,9,mask::candy::handkerchief,candy,handkerchief,4.0,6.0
top_k,5.0,novel_focus,mask::candy::handkerchief,novel_focus::focus_alternative_study::mask,0.6666666666666666,novel_focus,focus_alternative_study,0.0,0.938,0.0,0.938,Novel focus alternatives,9,mask::candy::handkerchief,candy,handkerchief,4.0,6.0
top_k,10.0,novel_focus,mask::candy::handkerchief,novel_focus::focus_alternative_study::mask,0.6666666666666666,novel_focus,focus_alternative_study,0.002,0.938,0.002,0.938,Novel focus alternatives,9,mask::candy::handkerchief,candy,handkerchief,4.0,6.0
top_k,20.0,novel_focus,mask::candy::handkerchief,novel_focus::focus_alternative_study::mask,0.6666666666666666,novel_focus,focus_alternative_study,0.008,0.938,0.008,0.938,Novel focus alternatives,9,mask::candy::handkerchief,candy,handkerchief,4.0,6.0
top_k,30.0,novel_focus,mask::candy::handkerchief,novel_focus::focus_alternative_study::mask,0.6666666666666666,novel_focus,focus_alternative_study,0.016,0.938,0.016,0.938,Novel focus alternatives,9,mask::candy::handkerchief,candy,handkerchief,4.0,6.0
top_k,50.0,novel_focus,mask::candy::handkerchief,novel_focus::focus_alternative_study::mask,0.6666666666666666,novel_focus,focus_alternative_study,0.036,0.938,0.036,0.938,Novel focus alternatives,9,mask::candy::handkerchief,candy,handkerchief,4.0,6.0
top_k,75.0,novel_focus,mask::candy::handkerchief,novel_focus::focus_alternative_study::mask,0.6666666666666666,novel_focus,focus_alternative_study,0.062,0.938,0.062,0.938,Novel focus alternatives,9,mask::candy::handkerchief,candy,handkerchief,4.0,6.0
top_k,100.0,novel_focus,mask::candy::handkerchief,novel_focus::focus_alternative_study::mask,0.6666666666666666,novel_focus,focus_alternative_study,0.098,0.938,0.098,0.938,Novel focus alternatives,9,mask::candy::handkerchief,candy,handkerchief,4.0,6.0
top_p,0.25,novel_focus,mask::candy::handkerchief,novel_focus::focus_alternative_study::mask,0.6666666666666666,novel_focus,focus_alternative_study,0.0,0.938,0.0,0.938,Novel focus alternatives,9,mask::candy::handkerchief,candy,handkerchief,4.0,6.0
top_p,0.5,novel_focus,mask::candy::handkerchief,novel_focus::focus_alternative_study::mask,0.6666666666666666,novel_focus,focus_alternative_study,0.0,0.938,0.0,0.938,Novel focus alternatives,9,mask::candy::handkerchief,candy,handkerchief,4.0,6.0
top_p,0.6,novel_focus,mask::candy::handkerchief,novel_focus::focus_alternative_study::mask,0.6666666666666666,novel_focus,focus_alternative_study,0.0,0.938,0.0,0.938,Novel focus alternatives,9,mask::candy::handkerchief,candy,handkerchief,4.0,6.0
top_p,0.7,novel_focus,mask::candy::handkerchief,novel_focus::focus_alternative_study::mask,0.6666666666666666,novel_focus,focus_alternative_study,0.006,0.938,0.006,0.938,Novel focus alternatives,9,mask::candy::handkerchief,candy,handkerchief,4.0,6.0
top_p,0.8,novel_focus,mask::candy::handkerchief,novel_focus::focus_alternative_study::mask,0.6666666666666666,novel_focus,focus_alternative_study,0.046,0.938,0.046,0.938,Novel focus alternatives,9,mask::candy::handkerchief,candy,handkerchief,4.0,6.0
top_p,0.9,novel_focus,mask::candy::handkerchief,novel_focus::focus_alternative_study::mask,0.6666666666666666,novel_focus,focus_alternative_study,0.412,0.938,0.402,0.948,Novel focus alternatives,9,mask::candy::handkerchief,candy,handkerchief,4.0,6.0
top_p,0.95,novel_focus,mask::candy::handkerchief,novel_focus::focus_alternative_study::mask,0.6666666666666666,novel_focus,focus_alternative_study,0.972,0.938,0.922,0.988,Novel focus alternatives,9,mask::candy::handkerchief,candy,handkerchief,4.0,6.0
top_k,1.0,novel_focus,mask::candy::napkins,novel_focus::focus_alternative_study::mask,0.5,novel_focus,focus_alternative_study,0.0,0.074,0.0,0.074,Novel focus alternatives,9,mask::candy::napkins,candy,napkins,2.0,4.0
top_k,2.0,novel_focus,mask::candy::napkins,novel_focus::focus_alternative_study::mask,0.5,novel_focus,focus_alternative_study,0.0,0.074,0.0,0.074,Novel focus alternatives,9,mask::candy::napkins,candy,napkins,2.0,4.0
top_k,3.0,novel_focus,mask::candy::napkins,novel_focus::focus_alternative_study::mask,0.5,novel_focus,focus_alternative_study,0.0,0.074,0.0,0.074,Novel focus alternatives,9,mask::candy::napkins,candy,napkins,2.0,4.0
top_k,5.0,novel_focus,mask::candy::napkins,novel_focus::focus_alternative_study::mask,0.5,novel_focus,focus_alternative_study,0.0,0.074,0.0,0.074,Novel focus alternatives,9,mask::candy::napkins,candy,napkins,2.0,4.0
top_k,10.0,novel_focus,mask::candy::napkins,novel_focus::focus_alternative_study::mask,0.5,novel_focus,focus_alternative_study,0.0,0.074,0.0,0.074,Novel focus alternatives,9,mask::candy::napkins,candy,napkins,2.0,4.0
top_k,20.0,novel_focus,mask::candy::napkins,novel_focus::focus_alternative_study::mask,0.5,novel_focus,focus_alternative_study,0.0,0.074,0.0,0.074,Novel focus alternatives,9,mask::candy::napkins,candy,napkins,2.0,4.0
top_k,30.0,novel_focus,mask::candy::napkins,novel_focus::focus_alternative_study::mask,0.5,novel_focus,focus_alternative_study,0.0,0.074,0.0,0.074,Novel focus alternatives,9,mask::candy::napkins,candy,napkins,2.0,4.0
top_k,50.0,novel_focus,mask::candy::napkins,novel_focus::focus_alternative_study::mask,0.5,novel_focus,focus_alternative_study,0.0,0.074,0.0,0.074,Novel focus alternatives,9,mask::candy::napkins,candy,napkins,2.0,4.0
top_k,75.0,novel_focus,mask::candy::napkins,novel_focus::focus_alternative_study::mask,0.5,novel_focus,focus_alternative_study,0.0,0.074,0.0,0.074,Novel focus alternatives,9,mask::candy::napkins,candy,napkins,2.0,4.0
top_k,100.0,novel_focus,mask::candy::napkins,novel_focus::focus_alternative_study::mask,0.5,novel_focus,focus_alternative_study,0.0,0.074,0.0,0.074,Novel focus alternatives,9,mask::candy::napkins,candy,napkins,2.0,4.0
top_p,0.25,novel_focus,mask::candy::napkins,novel_focus::focus_alternative_study::mask,0.5,novel_focus,focus_alternative_study,0.0,0.074,0.0,0.074,Novel focus alternatives,9,mask::candy::napkins,candy,napkins,2.0,4.0
top_p,0.5,novel_focus,mask::candy::napkins,novel_focus::focus_alternative_study::mask,0.5,novel_focus,focus_alternative_study,0.0,0.074,0.0,0.074,Novel focus alternatives,9,mask::candy::napkins,candy,napkins,2.0,4.0
top_p,0.6,novel_focus,mask::candy::napkins,novel_focus::focus_alternative_study::mask,0.5,novel_focus,focus_alternative_study,0.0,0.074,0.0,0.074,Novel focus alternatives,9,mask::candy::napkins,candy,napkins,2.0,4.0
top_p,0.7,novel_focus,mask::candy::napkins,novel_focus::focus_alternative_study::mask,0.5,novel_focus,focus_alternative_study,0.0,0.074,0.0,0.074,Novel focus alternatives,9,mask::candy::napkins,candy,napkins,2.0,4.0
top_p,0.8,novel_focus,mask::candy::napkins,novel_focus::focus_alternative_study::mask,0.5,novel_focus,focus_alternative_study,0.0,0.074,0.0,0.074,Novel focus alternatives,9,mask::candy::napkins,candy,napkins,2.0,4.0
top_p,0.9,novel_focus,mask::candy::napkins,novel_focus::focus_alternative_study::mask,0.5,novel_focus,focus_alternative_study,0.004,0.074,0.004,0.074,Novel focus alternatives,9,mask::candy::napkins,candy,napkins,2.0,4.0
top_p,0.95,novel_focus,mask::candy::napkins,novel_focus::focus_alternative_study::mask,0.5,novel_focus,focus_alternative_study,0.014,0.074,0.014,0.074,Novel focus alternatives,9,mask::candy::napkins,candy,napkins,2.0,4.0
top_k,1.0,novel_focus,mask::candy::wallet,novel_focus::focus_alternative_study::mask,0.2,novel_focus,focus_alternative_study,0.0,0.802,0.0,0.802,Novel focus alternatives,9,mask::candy::wallet,candy,wallet,4.0,20.0
top_k,2.0,novel_focus,mask::candy::wallet,novel_focus::focus_alternative_study::mask,0.2,novel_focus,focus_alternative_study,0.0,0.802,0.0,0.802,Novel focus alternatives,9,mask::candy::wallet,candy,wallet,4.0,20.0
top_k,3.0,novel_focus,mask::candy::wallet,novel_focus::focus_alternative_study::mask,0.2,novel_focus,focus_alternative_study,0.0,0.802,0.0,0.802,Novel focus alternatives,9,mask::candy::wallet,candy,wallet,4.0,20.0
top_k,5.0,novel_focus,mask::candy::wallet,novel_focus::focus_alternative_study::mask,0.2,novel_focus,focus_alternative_study,0.002,0.802,0.002,0.802,Novel focus alternatives,9,mask::candy::wallet,candy,wallet,4.0,20.0
top_k,10.0,novel_focus,mask::candy::wallet,novel_focus::focus_alternative_study::mask,0.2,novel_focus,focus_alternative_study,0.002,0.802,0.002,0.802,Novel focus alternatives,9,mask::candy::wallet,candy,wallet,4.0,20.0
top_k,20.0,novel_focus,mask::candy::wallet,novel_focus::focus_alternative_study::mask,0.2,novel_focus,focus_alternative_study,0.002,0.802,0.002,0.802,Novel focus alternatives,9,mask::candy::wallet,candy,wallet,4.0,20.0
top_k,30.0,novel_focus,mask::candy::wallet,novel_focus::focus_alternative_study::mask,0.2,novel_focus,focus_alternative_study,0.002,0.802,0.002,0.802,Novel focus alternatives,9,mask::candy::wallet,candy,wallet,4.0,20.0
top_k,50.0,novel_focus,mask::candy::wallet,novel_focus::focus_alternative_study::mask,0.2,novel_focus,focus_alternative_study,0.006,0.802,0.006,0.802,Novel focus alternatives,9,mask::candy::wallet,candy,wallet,4.0,20.0
top_k,75.0,novel_focus,mask::candy::wallet,novel_focus::focus_alternative_study::mask,0.2,novel_focus,focus_alternative_study,0.018,0.802,0.018,0.802,Novel focus alternatives,9,mask::candy::wallet,candy,wallet,4.0,20.0
top_k,100.0,novel_focus,mask::candy::wallet,novel_focus::focus_alternative_study::mask,0.2,novel_focus,focus_alternative_study,0.022,0.802,0.022,0.802,Novel focus alternatives,9,mask::candy::wallet,candy,wallet,4.0,20.0
top_p,0.25,novel_focus,mask::candy::wallet,novel_focus::focus_alternative_study::mask,0.2,novel_focus,focus_alternative_study,0.0,0.802,0.0,0.802,Novel focus alternatives,9,mask::candy::wallet,candy,wallet,4.0,20.0
top_p,0.5,novel_focus,mask::candy::wallet,novel_focus::focus_alternative_study::mask,0.2,novel_focus,focus_alternative_study,0.0,0.802,0.0,0.802,Novel focus alternatives,9,mask::candy::wallet,candy,wallet,4.0,20.0
top_p,0.6,novel_focus,mask::candy::wallet,novel_focus::focus_alternative_study::mask,0.2,novel_focus,focus_alternative_study,0.0,0.802,0.0,0.802,Novel focus alternatives,9,mask::candy::wallet,candy,wallet,4.0,20.0
top_p,0.7,novel_focus,mask::candy::wallet,novel_focus::focus_alternative_study::mask,0.2,novel_focus,focus_alternative_study,0.002,0.802,0.002,0.802,Novel focus alternatives,9,mask::candy::wallet,candy,wallet,4.0,20.0
top_p,0.8,novel_focus,mask::candy::wallet,novel_focus::focus_alternative_study::mask,0.2,novel_focus,focus_alternative_study,0.012,0.802,0.012,0.802,Novel focus alternatives,9,mask::candy::wallet,candy,wallet,4.0,20.0
top_p,0.9,novel_focus,mask::candy::wallet,novel_focus::focus_alternative_study::mask,0.2,novel_focus,focus_alternative_study,0.138,0.802,0.136,0.804,Novel focus alternatives,9,mask::candy::wallet,candy,wallet,4.0,20.0
top_p,0.95,novel_focus,mask::candy::wallet,novel_focus::focus_alternative_study::mask,0.2,novel_focus,focus_alternative_study,0.652,0.802,0.594,0.86,Novel focus alternatives,9,mask::candy::wallet,candy,wallet,4.0,20.0
top_k,1.0,novel_focus,mask::gloves::bandana,novel_focus::focus_alternative_study::mask,0.5,novel_focus,focus_alternative_study,0.0,0.832,0.0,0.832,Novel focus alternatives,9,mask::gloves::bandana,gloves,bandana,3.0,6.0
top_k,2.0,novel_focus,mask::gloves::bandana,novel_focus::focus_alternative_study::mask,0.5,novel_focus,focus_alternative_study,0.002,0.832,0.002,0.832,Novel focus alternatives,9,mask::gloves::bandana,gloves,bandana,3.0,6.0
top_k,3.0,novel_focus,mask::gloves::bandana,novel_focus::focus_alternative_study::mask,0.5,novel_focus,focus_alternative_study,0.004,0.832,0.004,0.832,Novel focus alternatives,9,mask::gloves::bandana,gloves,bandana,3.0,6.0
top_k,5.0,novel_focus,mask::gloves::bandana,novel_focus::focus_alternative_study::mask,0.5,novel_focus,focus_alternative_study,0.004,0.832,0.004,0.832,Novel focus alternatives,9,mask::gloves::bandana,gloves,bandana,3.0,6.0
top_k,10.0,novel_focus,mask::gloves::bandana,novel_focus::focus_alternative_study::mask,0.5,novel_focus,focus_alternative_study,0.006,0.832,0.006,0.832,Novel focus alternatives,9,mask::gloves::bandana,gloves,bandana,3.0,6.0
top_k,20.0,novel_focus,mask::gloves::bandana,novel_focus::focus_alternative_study::mask,0.5,novel_focus,focus_alternative_study,0.01,0.832,0.01,0.832,Novel focus alternatives,9,mask::gloves::bandana,gloves,bandana,3.0,6.0
top_k,30.0,novel_focus,mask::gloves::bandana,novel_focus::focus_alternative_study::mask,0.5,novel_focus,focus_alternative_study,0.026,0.832,0.026,0.832,Novel focus alternatives,9,mask::gloves::bandana,gloves,bandana,3.0,6.0
top_k,50.0,novel_focus,mask::gloves::bandana,novel_focus::focus_alternative_study::mask,0.5,novel_focus,focus_alternative_study,0.054,0.832,0.054,0.832,Novel focus alternatives,9,mask::gloves::bandana,gloves,bandana,3.0,6.0
top_k,75.0,novel_focus,mask::gloves::bandana,novel_focus::focus_alternative_study::mask,0.5,novel_focus,focus_alternative_study,0.088,0.832,0.088,0.832,Novel focus alternatives,9,mask::gloves::bandana,gloves,bandana,3.0,6.0
top_k,100.0,novel_focus,mask::gloves::bandana,novel_focus::focus_alternative_study::mask,0.5,novel_focus,focus_alternative_study,0.134,0.832,0.132,0.834,Novel focus alternatives,9,mask::gloves::bandana,gloves,bandana,3.0,6.0
top_p,0.25,novel_focus,mask::gloves::bandana,novel_focus::focus_alternative_study::mask,0.5,novel_focus,focus_alternative_study,0.0,0.832,0.0,0.832,Novel focus alternatives,9,mask::gloves::bandana,gloves,bandana,3.0,6.0
top_p,0.5,novel_focus,mask::gloves::bandana,novel_focus::focus_alternative_study::mask,0.5,novel_focus,focus_alternative_study,0.0,0.832,0.0,0.832,Novel focus alternatives,9,mask::gloves::bandana,gloves,bandana,3.0,6.0
top_p,0.6,novel_focus,mask::gloves::bandana,novel_focus::focus_alternative_study::mask,0.5,novel_focus,focus_alternative_study,0.0,0.832,0.0,0.832,Novel focus alternatives,9,mask::gloves::bandana,gloves,bandana,3.0,6.0
top_p,0.7,novel_focus,mask::gloves::bandana,novel_focus::focus_alternative_study::mask,0.5,novel_focus,focus_alternative_study,0.004,0.832,0.004,0.832,Novel focus alternatives,9,mask::gloves::bandana,gloves,bandana,3.0,6.0
top_p,0.8,novel_focus,mask::gloves::bandana,novel_focus::focus_alternative_study::mask,0.5,novel_focus,focus_alternative_study,0.06,0.832,0.06,0.832,Novel focus alternatives,9,mask::gloves::bandana,gloves,bandana,3.0,6.0
top_p,0.9,novel_focus,mask::gloves::bandana,novel_focus::focus_alternative_study::mask,0.5,novel_focus,focus_alternative_study,0.628,0.832,0.57,0.89,Novel focus alternatives,9,mask::gloves::bandana,gloves,bandana,3.0,6.0
top_p,0.95,novel_focus,mask::gloves::bandana,novel_focus::focus_alternative_study::mask,0.5,novel_focus,focus_alternative_study,0.996,0.832,0.832,0.996,Novel focus alternatives,9,mask::gloves::bandana,gloves,bandana,3.0,6.0
top_k,1.0,novel_focus,mask::gloves::candy,novel_focus::focus_alternative_study::mask,0.2,novel_focus,focus_alternative_study,0.0,0.158,0.0,0.158,Novel focus alternatives,9,mask::gloves::candy,gloves,candy,1.0,5.0
top_k,2.0,novel_focus,mask::gloves::candy,novel_focus::focus_alternative_study::mask,0.2,novel_focus,focus_alternative_study,0.0,0.158,0.0,0.158,Novel focus alternatives,9,mask::gloves::candy,gloves,candy,1.0,5.0
top_k,3.0,novel_focus,mask::gloves::candy,novel_focus::focus_alternative_study::mask,0.2,novel_focus,focus_alternative_study,0.0,0.158,0.0,0.158,Novel focus alternatives,9,mask::gloves::candy,gloves,candy,1.0,5.0
top_k,5.0,novel_focus,mask::gloves::candy,novel_focus::focus_alternative_study::mask,0.2,novel_focus,focus_alternative_study,0.0,0.158,0.0,0.158,Novel focus alternatives,9,mask::gloves::candy,gloves,candy,1.0,5.0
top_k,10.0,novel_focus,mask::gloves::candy,novel_focus::focus_alternative_study::mask,0.2,novel_focus,focus_alternative_study,0.0,0.158,0.0,0.158,Novel focus alternatives,9,mask::gloves::candy,gloves,candy,1.0,5.0
top_k,20.0,novel_focus,mask::gloves::candy,novel_focus::focus_alternative_study::mask,0.2,novel_focus,focus_alternative_study,0.0,0.158,0.0,0.158,Novel focus alternatives,9,mask::gloves::candy,gloves,candy,1.0,5.0
top_k,30.0,novel_focus,mask::gloves::candy,novel_focus::focus_alternative_study::mask,0.2,novel_focus,focus_alternative_study,0.0,0.158,0.0,0.158,Novel focus alternatives,9,mask::gloves::candy,gloves,candy,1.0,5.0
top_k,50.0,novel_focus,mask::gloves::candy,novel_focus::focus_alternative_study::mask,0.2,novel_focus,focus_alternative_study,0.0,0.158,0.0,0.158,Novel focus alternatives,9,mask::gloves::candy,gloves,candy,1.0,5.0
top_k,75.0,novel_focus,mask::gloves::candy,novel_focus::focus_alternative_study::mask,0.2,novel_focus,focus_alternative_study,0.002,0.158,0.002,0.158,Novel focus alternatives,9,mask::gloves::candy,gloves,candy,1.0,5.0
top_k,100.0,novel_focus,mask::gloves::candy,novel_focus::focus_alternative_study::mask,0.2,novel_focus,focus_alternative_study,0.004,0.158,0.004,0.158,Novel focus alternatives,9,mask::gloves::candy,gloves,candy,1.0,5.0
top_p,0.25,novel_focus,mask::gloves::candy,novel_focus::focus_alternative_study::mask,0.2,novel_focus,focus_alternative_study,0.0,0.158,0.0,0.158,Novel focus alternatives,9,mask::gloves::candy,gloves,candy,1.0,5.0
top_p,0.5,novel_focus,mask::gloves::candy,novel_focus::focus_alternative_study::mask,0.2,novel_focus,focus_alternative_study,0.0,0.158,0.0,0.158,Novel focus alternatives,9,mask::gloves::candy,gloves,candy,1.0,5.0
top_p,0.6,novel_focus,mask::gloves::candy,novel_focus::focus_alternative_study::mask,0.2,novel_focus,focus_alternative_study,0.0,0.158,0.0,0.158,Novel focus alternatives,9,mask::gloves::candy,gloves,candy,1.0,5.0
top_p,0.7,novel_focus,mask::gloves::candy,novel_focus::focus_alternative_study::mask,0.2,novel_focus,focus_alternative_study,0.0,0.158,0.0,0.158,Novel focus alternatives,9,mask::gloves::candy,gloves,candy,1.0,5.0
top_p,0.8,novel_focus,mask::gloves::candy,novel_focus::focus_alternative_study::mask,0.2,novel_focus,focus_alternative_study,0.0,0.158,0.0,0.158,Novel focus alternatives,9,mask::gloves::candy,gloves,candy,1.0,5.0
top_p,0.9,novel_focus,mask::gloves::candy,novel_focus::focus_alternative_study::mask,0.2,novel_focus,focus_alternative_study,0.034,0.158,0.032,0.16,Novel focus alternatives,9,mask::gloves::candy,gloves,candy,1.0,5.0
top_p,0.95,novel_focus,mask::gloves::candy,novel_focus::focus_alternative_study::mask,0.2,novel_focus,focus_alternative_study,0.238,0.158,0.13,0.266,Novel focus alternatives,9,mask::gloves::candy,gloves,candy,1.0,5.0
top_k,1.0,novel_focus,mask::gloves::handkerchief,novel_focus::focus_alternative_study::mask,0.4,novel_focus,focus_alternative_study,0.0,0.722,0.0,0.722,Novel focus alternatives,9,mask::gloves::handkerchief,gloves,handkerchief,2.0,5.0
top_k,2.0,novel_focus,mask::gloves::handkerchief,novel_focus::focus_alternative_study::mask,0.4,novel_focus,focus_alternative_study,0.0,0.722,0.0,0.722,Novel focus alternatives,9,mask::gloves::handkerchief,gloves,handkerchief,2.0,5.0
top_k,3.0,novel_focus,mask::gloves::handkerchief,novel_focus::focus_alternative_study::mask,0.4,novel_focus,focus_alternative_study,0.0,0.722,0.0,0.722,Novel focus alternatives,9,mask::gloves::handkerchief,gloves,handkerchief,2.0,5.0
top_k,5.0,novel_focus,mask::gloves::handkerchief,novel_focus::focus_alternative_study::mask,0.4,novel_focus,focus_alternative_study,0.0,0.722,0.0,0.722,Novel focus alternatives,9,mask::gloves::handkerchief,gloves,handkerchief,2.0,5.0
top_k,10.0,novel_focus,mask::gloves::handkerchief,novel_focus::focus_alternative_study::mask,0.4,novel_focus,focus_alternative_study,0.002,0.722,0.002,0.722,Novel focus alternatives,9,mask::gloves::handkerchief,gloves,handkerchief,2.0,5.0
top_k,20.0,novel_focus,mask::gloves::handkerchief,novel_focus::focus_alternative_study::mask,0.4,novel_focus,focus_alternative_study,0.008,0.722,0.008,0.722,Novel focus alternatives,9,mask::gloves::handkerchief,gloves,handkerchief,2.0,5.0
top_k,30.0,novel_focus,mask::gloves::handkerchief,novel_focus::focus_alternative_study::mask,0.4,novel_focus,focus_alternative_study,0.016,0.722,0.016,0.722,Novel focus alternatives,9,mask::gloves::handkerchief,gloves,handkerchief,2.0,5.0
top_k,50.0,novel_focus,mask::gloves::handkerchief,novel_focus::focus_alternative_study::mask,0.4,novel_focus,focus_alternative_study,0.036,0.722,0.036,0.722,Novel focus alternatives,9,mask::gloves::handkerchief,gloves,handkerchief,2.0,5.0
top_k,75.0,novel_focus,mask::gloves::handkerchief,novel_focus::focus_alternative_study::mask,0.4,novel_focus,focus_alternative_study,0.062,0.722,0.062,0.722,Novel focus alternatives,9,mask::gloves::handkerchief,gloves,handkerchief,2.0,5.0
top_k,100.0,novel_focus,mask::gloves::handkerchief,novel_focus::focus_alternative_study::mask,0.4,novel_focus,focus_alternative_study,0.098,0.722,0.096,0.724,Novel focus alternatives,9,mask::gloves::handkerchief,gloves,handkerchief,2.0,5.0
top_p,0.25,novel_focus,mask::gloves::handkerchief,novel_focus::focus_alternative_study::mask,0.4,novel_focus,focus_alternative_study,0.0,0.722,0.0,0.722,Novel focus alternatives,9,mask::gloves::handkerchief,gloves,handkerchief,2.0,5.0
top_p,0.5,novel_focus,mask::gloves::handkerchief,novel_focus::focus_alternative_study::mask,0.4,novel_focus,focus_alternative_study,0.0,0.722,0.0,0.722,Novel focus alternatives,9,mask::gloves::handkerchief,gloves,handkerchief,2.0,5.0
top_p,0.6,novel_focus,mask::gloves::handkerchief,novel_focus::focus_alternative_study::mask,0.4,novel_focus,focus_alternative_study,0.0,0.722,0.0,0.722,Novel focus alternatives,9,mask::gloves::handkerchief,gloves,handkerchief,2.0,5.0
top_p,0.7,novel_focus,mask::gloves::handkerchief,novel_focus::focus_alternative_study::mask,0.4,novel_focus,focus_alternative_study,0.006,0.722,0.006,0.722,Novel focus alternatives,9,mask::gloves::handkerchief,gloves,handkerchief,2.0,5.0
top_p,0.8,novel_focus,mask::gloves::handkerchief,novel_focus::focus_alternative_study::mask,0.4,novel_focus,focus_alternative_study,0.046,0.722,0.046,0.722,Novel focus alternatives,9,mask::gloves::handkerchief,gloves,handkerchief,2.0,5.0
top_p,0.9,novel_focus,mask::gloves::handkerchief,novel_focus::focus_alternative_study::mask,0.4,novel_focus,focus_alternative_study,0.412,0.722,0.374,0.76,Novel focus alternatives,9,mask::gloves::handkerchief,gloves,handkerchief,2.0,5.0
top_p,0.95,novel_focus,mask::gloves::handkerchief,novel_focus::focus_alternative_study::mask,0.4,novel_focus,focus_alternative_study,0.972,0.722,0.716,0.978,Novel focus alternatives,9,mask::gloves::handkerchief,gloves,handkerchief,2.0,5.0
top_k,1.0,novel_focus,mask::gloves::napkins,novel_focus::focus_alternative_study::mask,0.5,novel_focus,focus_alternative_study,0.0,0.014,0.0,0.014,Novel focus alternatives,9,mask::gloves::napkins,gloves,napkins,2.0,4.0
top_k,2.0,novel_focus,mask::gloves::napkins,novel_focus::focus_alternative_study::mask,0.5,novel_focus,focus_alternative_study,0.0,0.014,0.0,0.014,Novel focus alternatives,9,mask::gloves::napkins,gloves,napkins,2.0,4.0
top_k,3.0,novel_focus,mask::gloves::napkins,novel_focus::focus_alternative_study::mask,0.5,novel_focus,focus_alternative_study,0.0,0.014,0.0,0.014,Novel focus alternatives,9,mask::gloves::napkins,gloves,napkins,2.0,4.0
top_k,5.0,novel_focus,mask::gloves::napkins,novel_focus::focus_alternative_study::mask,0.5,novel_focus,focus_alternative_study,0.0,0.014,0.0,0.014,Novel focus alternatives,9,mask::gloves::napkins,gloves,napkins,2.0,4.0
top_k,10.0,novel_focus,mask::gloves::napkins,novel_focus::focus_alternative_study::mask,0.5,novel_focus,focus_alternative_study,0.0,0.014,0.0,0.014,Novel focus alternatives,9,mask::gloves::napkins,gloves,napkins,2.0,4.0
top_k,20.0,novel_focus,mask::gloves::napkins,novel_focus::focus_alternative_study::mask,0.5,novel_focus,focus_alternative_study,0.0,0.014,0.0,0.014,Novel focus alternatives,9,mask::gloves::napkins,gloves,napkins,2.0,4.0
top_k,30.0,novel_focus,mask::gloves::napkins,novel_focus::focus_alternative_study::mask,0.5,novel_focus,focus_alternative_study,0.0,0.014,0.0,0.014,Novel focus alternatives,9,mask::gloves::napkins,gloves,napkins,2.0,4.0
top_k,50.0,novel_focus,mask::gloves::napkins,novel_focus::focus_alternative_study::mask,0.5,novel_focus,focus_alternative_study,0.0,0.014,0.0,0.014,Novel focus alternatives,9,mask::gloves::napkins,gloves,napkins,2.0,4.0
top_k,75.0,novel_focus,mask::gloves::napkins,novel_focus::focus_alternative_study::mask,0.5,novel_focus,focus_alternative_study,0.0,0.014,0.0,0.014,Novel focus alternatives,9,mask::gloves::napkins,gloves,napkins,2.0,4.0
top_k,100.0,novel_focus,mask::gloves::napkins,novel_focus::focus_alternative_study::mask,0.5,novel_focus,focus_alternative_study,0.0,0.014,0.0,0.014,Novel focus alternatives,9,mask::gloves::napkins,gloves,napkins,2.0,4.0
top_p,0.25,novel_focus,mask::gloves::napkins,novel_focus::focus_alternative_study::mask,0.5,novel_focus,focus_alternative_study,0.0,0.014,0.0,0.014,Novel focus alternatives,9,mask::gloves::napkins,gloves,napkins,2.0,4.0
top_p,0.5,novel_focus,mask::gloves::napkins,novel_focus::focus_alternative_study::mask,0.5,novel_focus,focus_alternative_study,0.0,0.014,0.0,0.014,Novel focus alternatives,9,mask::gloves::napkins,gloves,napkins,2.0,4.0
top_p,0.6,novel_focus,mask::gloves::napkins,novel_focus::focus_alternative_study::mask,0.5,novel_focus,focus_alternative_study,0.0,0.014,0.0,0.014,Novel focus alternatives,9,mask::gloves::napkins,gloves,napkins,2.0,4.0
top_p,0.7,novel_focus,mask::gloves::napkins,novel_focus::focus_alternative_study::mask,0.5,novel_focus,focus_alternative_study,0.0,0.014,0.0,0.014,Novel focus alternatives,9,mask::gloves::napkins,gloves,napkins,2.0,4.0
top_p,0.8,novel_focus,mask::gloves::napkins,novel_focus::focus_alternative_study::mask,0.5,novel_focus,focus_alternative_study,0.0,0.014,0.0,0.014,Novel focus alternatives,9,mask::gloves::napkins,gloves,napkins,2.0,4.0
top_p,0.9,novel_focus,mask::gloves::napkins,novel_focus::focus_alternative_study::mask,0.5,novel_focus,focus_alternative_study,0.004,0.014,0.004,0.014,Novel focus alternatives,9,mask::gloves::napkins,gloves,napkins,2.0,4.0
top_p,0.95,novel_focus,mask::gloves::napkins,novel_focus::focus_alternative_study::mask,0.5,novel_focus,focus_alternative_study,0.014,0.014,0.008,0.02,Novel focus alternatives,9,mask::gloves::napkins,gloves,napkins,2.0,4.0
top_k,1.0,novel_focus,mask::gloves::wallet,novel_focus::focus_alternative_study::mask,0.0,novel_focus,focus_alternative_study,0.0,0.448,0.0,0.448,Novel focus alternatives,9,mask::gloves::wallet,gloves,wallet,0.0,3.0
top_k,2.0,novel_focus,mask::gloves::wallet,novel_focus::focus_alternative_study::mask,0.0,novel_focus,focus_alternative_study,0.0,0.448,0.0,0.448,Novel focus alternatives,9,mask::gloves::wallet,gloves,wallet,0.0,3.0
top_k,3.0,novel_focus,mask::gloves::wallet,novel_focus::focus_alternative_study::mask,0.0,novel_focus,focus_alternative_study,0.0,0.448,0.0,0.448,Novel focus alternatives,9,mask::gloves::wallet,gloves,wallet,0.0,3.0
top_k,5.0,novel_focus,mask::gloves::wallet,novel_focus::focus_alternative_study::mask,0.0,novel_focus,focus_alternative_study,0.002,0.448,0.002,0.448,Novel focus alternatives,9,mask::gloves::wallet,gloves,wallet,0.0,3.0
top_k,10.0,novel_focus,mask::gloves::wallet,novel_focus::focus_alternative_study::mask,0.0,novel_focus,focus_alternative_study,0.002,0.448,0.002,0.448,Novel focus alternatives,9,mask::gloves::wallet,gloves,wallet,0.0,3.0
top_k,20.0,novel_focus,mask::gloves::wallet,novel_focus::focus_alternative_study::mask,0.0,novel_focus,focus_alternative_study,0.002,0.448,0.002,0.448,Novel focus alternatives,9,mask::gloves::wallet,gloves,wallet,0.0,3.0
top_k,30.0,novel_focus,mask::gloves::wallet,novel_focus::focus_alternative_study::mask,0.0,novel_focus,focus_alternative_study,0.002,0.448,0.002,0.448,Novel focus alternatives,9,mask::gloves::wallet,gloves,wallet,0.0,3.0
top_k,50.0,novel_focus,mask::gloves::wallet,novel_focus::focus_alternative_study::mask,0.0,novel_focus,focus_alternative_study,0.006,0.448,0.006,0.448,Novel focus alternatives,9,mask::gloves::wallet,gloves,wallet,0.0,3.0
top_k,75.0,novel_focus,mask::gloves::wallet,novel_focus::focus_alternative_study::mask,0.0,novel_focus,focus_alternative_study,0.018,0.448,0.018,0.448,Novel focus alternatives,9,mask::gloves::wallet,gloves,wallet,0.0,3.0
top_k,100.0,novel_focus,mask::gloves::wallet,novel_focus::focus_alternative_study::mask,0.0,novel_focus,focus_alternative_study,0.022,0.448,0.022,0.448,Novel focus alternatives,9,mask::gloves::wallet,gloves,wallet,0.0,3.0
top_p,0.25,novel_focus,mask::gloves::wallet,novel_focus::focus_alternative_study::mask,0.0,novel_focus,focus_alternative_study,0.0,0.448,0.0,0.448,Novel focus alternatives,9,mask::gloves::wallet,gloves,wallet,0.0,3.0
top_p,0.5,novel_focus,mask::gloves::wallet,novel_focus::focus_alternative_study::mask,0.0,novel_focus,focus_alternative_study,0.0,0.448,0.0,0.448,Novel focus alternatives,9,mask::gloves::wallet,gloves,wallet,0.0,3.0
top_p,0.6,novel_focus,mask::gloves::wallet,novel_focus::focus_alternative_study::mask,0.0,novel_focus,focus_alternative_study,0.0,0.448,0.0,0.448,Novel focus alternatives,9,mask::gloves::wallet,gloves,wallet,0.0,3.0
top_p,0.7,novel_focus,mask::gloves::wallet,novel_focus::focus_alternative_study::mask,0.0,novel_focus,focus_alternative_study,0.002,0.448,0.002,0.448,Novel focus alternatives,9,mask::gloves::wallet,gloves,wallet,0.0,3.0
top_p,0.8,novel_focus,mask::gloves::wallet,novel_focus::focus_alternative_study::mask,0.0,novel_focus,focus_alternative_study,0.012,0.448,0.012,0.448,Novel focus alternatives,9,mask::gloves::wallet,gloves,wallet,0.0,3.0
top_p,0.9,novel_focus,mask::gloves::wallet,novel_focus::focus_alternative_study::mask,0.0,novel_focus,focus_alternative_study,0.138,0.448,0.122,0.464,Novel focus alternatives,9,mask::gloves::wallet,gloves,wallet,0.0,3.0
top_p,0.95,novel_focus,mask::gloves::wallet,novel_focus::focus_alternative_study::mask,0.0,novel_focus,focus_alternative_study,0.652,0.448,0.398,0.702,Novel focus alternatives,9,mask::gloves::wallet,gloves,wallet,0.0,3.0
top_k,1.0,novel_focus,mask::handkerchief::bandana,novel_focus::focus_alternative_study::mask,1.0,novel_focus,focus_alternative_study,0.0,0.642,0.0,0.642,Novel focus alternatives,9,mask::handkerchief::bandana,handkerchief,bandana,3.0,3.0
top_k,2.0,novel_focus,mask::handkerchief::bandana,novel_focus::focus_alternative_study::mask,1.0,novel_focus,focus_alternative_study,0.002,0.642,0.002,0.642,Novel focus alternatives,9,mask::handkerchief::bandana,handkerchief,bandana,3.0,3.0
top_k,3.0,novel_focus,mask::handkerchief::bandana,novel_focus::focus_alternative_study::mask,1.0,novel_focus,focus_alternative_study,0.004,0.642,0.004,0.642,Novel focus alternatives,9,mask::handkerchief::bandana,handkerchief,bandana,3.0,3.0
top_k,5.0,novel_focus,mask::handkerchief::bandana,novel_focus::focus_alternative_study::mask,1.0,novel_focus,focus_alternative_study,0.004,0.642,0.004,0.642,Novel focus alternatives,9,mask::handkerchief::bandana,handkerchief,bandana,3.0,3.0
top_k,10.0,novel_focus,mask::handkerchief::bandana,novel_focus::focus_alternative_study::mask,1.0,novel_focus,focus_alternative_study,0.006,0.642,0.006,0.642,Novel focus alternatives,9,mask::handkerchief::bandana,handkerchief,bandana,3.0,3.0
top_k,20.0,novel_focus,mask::handkerchief::bandana,novel_focus::focus_alternative_study::mask,1.0,novel_focus,focus_alternative_study,0.01,0.642,0.01,0.642,Novel focus alternatives,9,mask::handkerchief::bandana,handkerchief,bandana,3.0,3.0
top_k,30.0,novel_focus,mask::handkerchief::bandana,novel_focus::focus_alternative_study::mask,1.0,novel_focus,focus_alternative_study,0.026,0.642,0.026,0.642,Novel focus alternatives,9,mask::handkerchief::bandana,handkerchief,bandana,3.0,3.0
top_k,50.0,novel_focus,mask::handkerchief::bandana,novel_focus::focus_alternative_study::mask,1.0,novel_focus,focus_alternative_study,0.054,0.642,0.052,0.644,Novel focus alternatives,9,mask::handkerchief::bandana,handkerchief,bandana,3.0,3.0
top_k,75.0,novel_focus,mask::handkerchief::bandana,novel_focus::focus_alternative_study::mask,1.0,novel_focus,focus_alternative_study,0.088,0.642,0.082,0.648,Novel focus alternatives,9,mask::handkerchief::bandana,handkerchief,bandana,3.0,3.0
top_k,100.0,novel_focus,mask::handkerchief::bandana,novel_focus::focus_alternative_study::mask,1.0,novel_focus,focus_alternative_study,0.134,0.642,0.124,0.652,Novel focus alternatives,9,mask::handkerchief::bandana,handkerchief,bandana,3.0,3.0
top_p,0.25,novel_focus,mask::handkerchief::bandana,novel_focus::focus_alternative_study::mask,1.0,novel_focus,focus_alternative_study,0.0,0.642,0.0,0.642,Novel focus alternatives,9,mask::handkerchief::bandana,handkerchief,bandana,3.0,3.0
top_p,0.5,novel_focus,mask::handkerchief::bandana,novel_focus::focus_alternative_study::mask,1.0,novel_focus,focus_alternative_study,0.0,0.642,0.0,0.642,Novel focus alternatives,9,mask::handkerchief::bandana,handkerchief,bandana,3.0,3.0
top_p,0.6,novel_focus,mask::handkerchief::bandana,novel_focus::focus_alternative_study::mask,1.0,novel_focus,focus_alternative_study,0.0,0.642,0.0,0.642,Novel focus alternatives,9,mask::handkerchief::bandana,handkerchief,bandana,3.0,3.0
top_p,0.7,novel_focus,mask::handkerchief::bandana,novel_focus::focus_alternative_study::mask,1.0,novel_focus,focus_alternative_study,0.004,0.642,0.004,0.642,Novel focus alternatives,9,mask::handkerchief::bandana,handkerchief,bandana,3.0,3.0
top_p,0.8,novel_focus,mask::handkerchief::bandana,novel_focus::focus_alternative_study::mask,1.0,novel_focus,focus_alternative_study,0.06,0.642,0.058,0.644,Novel focus alternatives,9,mask::handkerchief::bandana,handkerchief,bandana,3.0,3.0
top_p,0.9,novel_focus,mask::handkerchief::bandana,novel_focus::focus_alternative_study::mask,1.0,novel_focus,focus_alternative_study,0.628,0.642,0.492,0.778,Novel focus alternatives,9,mask::handkerchief::bandana,handkerchief,bandana,3.0,3.0
top_p,0.95,novel_focus,mask::handkerchief::bandana,novel_focus::focus_alternative_study::mask,1.0,novel_focus,focus_alternative_study,0.996,0.642,0.642,0.996,Novel focus alternatives,9,mask::handkerchief::bandana,handkerchief,bandana,3.0,3.0
top_k,1.0,novel_focus,mask::handkerchief::candy,novel_focus::focus_alternative_study::mask,0.0,novel_focus,focus_alternative_study,0.0,0.062,0.0,0.062,Novel focus alternatives,9,mask::handkerchief::candy,handkerchief,candy,0.0,6.0
top_k,2.0,novel_focus,mask::handkerchief::candy,novel_focus::focus_alternative_study::mask,0.0,novel_focus,focus_alternative_study,0.0,0.062,0.0,0.062,Novel focus alternatives,9,mask::handkerchief::candy,handkerchief,candy,0.0,6.0
top_k,3.0,novel_focus,mask::handkerchief::candy,novel_focus::focus_alternative_study::mask,0.0,novel_focus,focus_alternative_study,0.0,0.062,0.0,0.062,Novel focus alternatives,9,mask::handkerchief::candy,handkerchief,candy,0.0,6.0
top_k,5.0,novel_focus,mask::handkerchief::candy,novel_focus::focus_alternative_study::mask,0.0,novel_focus,focus_alternative_study,0.0,0.062,0.0,0.062,Novel focus alternatives,9,mask::handkerchief::candy,handkerchief,candy,0.0,6.0
top_k,10.0,novel_focus,mask::handkerchief::candy,novel_focus::focus_alternative_study::mask,0.0,novel_focus,focus_alternative_study,0.0,0.062,0.0,0.062,Novel focus alternatives,9,mask::handkerchief::candy,handkerchief,candy,0.0,6.0
top_k,20.0,novel_focus,mask::handkerchief::candy,novel_focus::focus_alternative_study::mask,0.0,novel_focus,focus_alternative_study,0.0,0.062,0.0,0.062,Novel focus alternatives,9,mask::handkerchief::candy,handkerchief,candy,0.0,6.0
top_k,30.0,novel_focus,mask::handkerchief::candy,novel_focus::focus_alternative_study::mask,0.0,novel_focus,focus_alternative_study,0.0,0.062,0.0,0.062,Novel focus alternatives,9,mask::handkerchief::candy,handkerchief,candy,0.0,6.0
top_k,50.0,novel_focus,mask::handkerchief::candy,novel_focus::focus_alternative_study::mask,0.0,novel_focus,focus_alternative_study,0.0,0.062,0.0,0.062,Novel focus alternatives,9,mask::handkerchief::candy,handkerchief,candy,0.0,6.0
top_k,75.0,novel_focus,mask::handkerchief::candy,novel_focus::focus_alternative_study::mask,0.0,novel_focus,focus_alternative_study,0.002,0.062,0.002,0.062,Novel focus alternatives,9,mask::handkerchief::candy,handkerchief,candy,0.0,6.0
top_k,100.0,novel_focus,mask::handkerchief::candy,novel_focus::focus_alternative_study::mask,0.0,novel_focus,focus_alternative_study,0.004,0.062,0.004,0.062,Novel focus alternatives,9,mask::handkerchief::candy,handkerchief,candy,0.0,6.0
top_p,0.25,novel_focus,mask::handkerchief::candy,novel_focus::focus_alternative_study::mask,0.0,novel_focus,focus_alternative_study,0.0,0.062,0.0,0.062,Novel focus alternatives,9,mask::handkerchief::candy,handkerchief,candy,0.0,6.0
top_p,0.5,novel_focus,mask::handkerchief::candy,novel_focus::focus_alternative_study::mask,0.0,novel_focus,focus_alternative_study,0.0,0.062,0.0,0.062,Novel focus alternatives,9,mask::handkerchief::candy,handkerchief,candy,0.0,6.0
top_p,0.6,novel_focus,mask::handkerchief::candy,novel_focus::focus_alternative_study::mask,0.0,novel_focus,focus_alternative_study,0.0,0.062,0.0,0.062,Novel focus alternatives,9,mask::handkerchief::candy,handkerchief,candy,0.0,6.0
top_p,0.7,novel_focus,mask::handkerchief::candy,novel_focus::focus_alternative_study::mask,0.0,novel_focus,focus_alternative_study,0.0,0.062,0.0,0.062,Novel focus alternatives,9,mask::handkerchief::candy,handkerchief,candy,0.0,6.0
top_p,0.8,novel_focus,mask::handkerchief::candy,novel_focus::focus_alternative_study::mask,0.0,novel_focus,focus_alternative_study,0.0,0.062,0.0,0.062,Novel focus alternatives,9,mask::handkerchief::candy,handkerchief,candy,0.0,6.0
top_p,0.9,novel_focus,mask::handkerchief::candy,novel_focus::focus_alternative_study::mask,0.0,novel_focus,focus_alternative_study,0.034,0.062,0.024,0.072,Novel focus alternatives,9,mask::handkerchief::candy,handkerchief,candy,0.0,6.0
top_p,0.95,novel_focus,mask::handkerchief::candy,novel_focus::focus_alternative_study::mask,0.0,novel_focus,focus_alternative_study,0.238,0.062,0.062,0.238,Novel focus alternatives,9,mask::handkerchief::candy,handkerchief,candy,0.0,6.0
top_k,1.0,novel_focus,mask::handkerchief::gloves,novel_focus::focus_alternative_study::mask,0.4,novel_focus,focus_alternative_study,0.0,0.278,0.0,0.278,Novel focus alternatives,9,mask::handkerchief::gloves,handkerchief,gloves,2.0,5.0
top_k,2.0,novel_focus,mask::handkerchief::gloves,novel_focus::focus_alternative_study::mask,0.4,novel_focus,focus_alternative_study,0.0,0.278,0.0,0.278,Novel focus alternatives,9,mask::handkerchief::gloves,handkerchief,gloves,2.0,5.0
top_k,3.0,novel_focus,mask::handkerchief::gloves,novel_focus::focus_alternative_study::mask,0.4,novel_focus,focus_alternative_study,0.002,0.278,0.002,0.278,Novel focus alternatives,9,mask::handkerchief::gloves,handkerchief,gloves,2.0,5.0
top_k,5.0,novel_focus,mask::handkerchief::gloves,novel_focus::focus_alternative_study::mask,0.4,novel_focus,focus_alternative_study,0.002,0.278,0.002,0.278,Novel focus alternatives,9,mask::handkerchief::gloves,handkerchief,gloves,2.0,5.0
top_k,10.0,novel_focus,mask::handkerchief::gloves,novel_focus::focus_alternative_study::mask,0.4,novel_focus,focus_alternative_study,0.002,0.278,0.002,0.278,Novel focus alternatives,9,mask::handkerchief::gloves,handkerchief,gloves,2.0,5.0
top_k,20.0,novel_focus,mask::handkerchief::gloves,novel_focus::focus_alternative_study::mask,0.4,novel_focus,focus_alternative_study,0.004,0.278,0.004,0.278,Novel focus alternatives,9,mask::handkerchief::gloves,handkerchief,gloves,2.0,5.0
top_k,30.0,novel_focus,mask::handkerchief::gloves,novel_focus::focus_alternative_study::mask,0.4,novel_focus,focus_alternative_study,0.004,0.278,0.004,0.278,Novel focus alternatives,9,mask::handkerchief::gloves,handkerchief,gloves,2.0,5.0
top_k,50.0,novel_focus,mask::handkerchief::gloves,novel_focus::focus_alternative_study::mask,0.4,novel_focus,focus_alternative_study,0.006,0.278,0.006,0.278,Novel focus alternatives,9,mask::handkerchief::gloves,handkerchief,gloves,2.0,5.0
top_k,75.0,novel_focus,mask::handkerchief::gloves,novel_focus::focus_alternative_study::mask,0.4,novel_focus,focus_alternative_study,0.012,0.278,0.01,0.28,Novel focus alternatives,9,mask::handkerchief::gloves,handkerchief,gloves,2.0,5.0
top_k,100.0,novel_focus,mask::handkerchief::gloves,novel_focus::focus_alternative_study::mask,0.4,novel_focus,focus_alternative_study,0.02,0.278,0.018,0.28,Novel focus alternatives,9,mask::handkerchief::gloves,handkerchief,gloves,2.0,5.0
top_p,0.25,novel_focus,mask::handkerchief::gloves,novel_focus::focus_alternative_study::mask,0.4,novel_focus,focus_alternative_study,0.0,0.278,0.0,0.278,Novel focus alternatives,9,mask::handkerchief::gloves,handkerchief,gloves,2.0,5.0
top_p,0.5,novel_focus,mask::handkerchief::gloves,novel_focus::focus_alternative_study::mask,0.4,novel_focus,focus_alternative_study,0.0,0.278,0.0,0.278,Novel focus alternatives,9,mask::handkerchief::gloves,handkerchief,gloves,2.0,5.0
top_p,0.6,novel_focus,mask::handkerchief::gloves,novel_focus::focus_alternative_study::mask,0.4,novel_focus,focus_alternative_study,0.0,0.278,0.0,0.278,Novel focus alternatives,9,mask::handkerchief::gloves,handkerchief,gloves,2.0,5.0
top_p,0.7,novel_focus,mask::handkerchief::gloves,novel_focus::focus_alternative_study::mask,0.4,novel_focus,focus_alternative_study,0.002,0.278,0.002,0.278,Novel focus alternatives,9,mask::handkerchief::gloves,handkerchief,gloves,2.0,5.0
top_p,0.8,novel_focus,mask::handkerchief::gloves,novel_focus::focus_alternative_study::mask,0.4,novel_focus,focus_alternative_study,0.008,0.278,0.006,0.28,Novel focus alternatives,9,mask::handkerchief::gloves,handkerchief,gloves,2.0,5.0
top_p,0.9,novel_focus,mask::handkerchief::gloves,novel_focus::focus_alternative_study::mask,0.4,novel_focus,focus_alternative_study,0.19,0.278,0.156,0.312,Novel focus alternatives,9,mask::handkerchief::gloves,handkerchief,gloves,2.0,5.0
top_p,0.95,novel_focus,mask::handkerchief::gloves,novel_focus::focus_alternative_study::mask,0.4,novel_focus,focus_alternative_study,0.74,0.278,0.278,0.74,Novel focus alternatives,9,mask::handkerchief::gloves,handkerchief,gloves,2.0,5.0
top_k,1.0,novel_focus,mask::handkerchief::napkins,novel_focus::focus_alternative_study::mask,0.3,novel_focus,focus_alternative_study,0.0,0.006,0.0,0.006,Novel focus alternatives,9,mask::handkerchief::napkins,handkerchief,napkins,6.0,20.0
top_k,2.0,novel_focus,mask::handkerchief::napkins,novel_focus::focus_alternative_study::mask,0.3,novel_focus,focus_alternative_study,0.0,0.006,0.0,0.006,Novel focus alternatives,9,mask::handkerchief::napkins,handkerchief,napkins,6.0,20.0
top_k,3.0,novel_focus,mask::handkerchief::napkins,novel_focus::focus_alternative_study::mask,0.3,novel_focus,focus_alternative_study,0.0,0.006,0.0,0.006,Novel focus alternatives,9,mask::handkerchief::napkins,handkerchief,napkins,6.0,20.0
top_k,5.0,novel_focus,mask::handkerchief::napkins,novel_focus::focus_alternative_study::mask,0.3,novel_focus,focus_alternative_study,0.0,0.006,0.0,0.006,Novel focus alternatives,9,mask::handkerchief::napkins,handkerchief,napkins,6.0,20.0
top_k,10.0,novel_focus,mask::handkerchief::napkins,novel_focus::focus_alternative_study::mask,0.3,novel_focus,focus_alternative_study,0.0,0.006,0.0,0.006,Novel focus alternatives,9,mask::handkerchief::napkins,handkerchief,napkins,6.0,20.0
top_k,20.0,novel_focus,mask::handkerchief::napkins,novel_focus::focus_alternative_study::mask,0.3,novel_focus,focus_alternative_study,0.0,0.006,0.0,0.006,Novel focus alternatives,9,mask::handkerchief::napkins,handkerchief,napkins,6.0,20.0
top_k,30.0,novel_focus,mask::handkerchief::napkins,novel_focus::focus_alternative_study::mask,0.3,novel_focus,focus_alternative_study,0.0,0.006,0.0,0.006,Novel focus alternatives,9,mask::handkerchief::napkins,handkerchief,napkins,6.0,20.0
top_k,50.0,novel_focus,mask::handkerchief::napkins,novel_focus::focus_alternative_study::mask,0.3,novel_focus,focus_alternative_study,0.0,0.006,0.0,0.006,Novel focus alternatives,9,mask::handkerchief::napkins,handkerchief,napkins,6.0,20.0
top_k,75.0,novel_focus,mask::handkerchief::napkins,novel_focus::focus_alternative_study::mask,0.3,novel_focus,focus_alternative_study,0.0,0.006,0.0,0.006,Novel focus alternatives,9,mask::handkerchief::napkins,handkerchief,napkins,6.0,20.0
top_k,100.0,novel_focus,mask::handkerchief::napkins,novel_focus::focus_alternative_study::mask,0.3,novel_focus,focus_alternative_study,0.0,0.006,0.0,0.006,Novel focus alternatives,9,mask::handkerchief::napkins,handkerchief,napkins,6.0,20.0
top_p,0.25,novel_focus,mask::handkerchief::napkins,novel_focus::focus_alternative_study::mask,0.3,novel_focus,focus_alternative_study,0.0,0.006,0.0,0.006,Novel focus alternatives,9,mask::handkerchief::napkins,handkerchief,napkins,6.0,20.0
top_p,0.5,novel_focus,mask::handkerchief::napkins,novel_focus::focus_alternative_study::mask,0.3,novel_focus,focus_alternative_study,0.0,0.006,0.0,0.006,Novel focus alternatives,9,mask::handkerchief::napkins,handkerchief,napkins,6.0,20.0
top_p,0.6,novel_focus,mask::handkerchief::napkins,novel_focus::focus_alternative_study::mask,0.3,novel_focus,focus_alternative_study,0.0,0.006,0.0,0.006,Novel focus alternatives,9,mask::handkerchief::napkins,handkerchief,napkins,6.0,20.0
top_p,0.7,novel_focus,mask::handkerchief::napkins,novel_focus::focus_alternative_study::mask,0.3,novel_focus,focus_alternative_study,0.0,0.006,0.0,0.006,Novel focus alternatives,9,mask::handkerchief::napkins,handkerchief,napkins,6.0,20.0
top_p,0.8,novel_focus,mask::handkerchief::napkins,novel_focus::focus_alternative_study::mask,0.3,novel_focus,focus_alternative_study,0.0,0.006,0.0,0.006,Novel focus alternatives,9,mask::handkerchief::napkins,handkerchief,napkins,6.0,20.0
top_p,0.9,novel_focus,mask::handkerchief::napkins,novel_focus::focus_alternative_study::mask,0.3,novel_focus,focus_alternative_study,0.004,0.006,0.002,0.008,Novel focus alternatives,9,mask::handkerchief::napkins,handkerchief,napkins,6.0,20.0
top_p,0.95,novel_focus,mask::handkerchief::napkins,novel_focus::focus_alternative_study::mask,0.3,novel_focus,focus_alternative_study,0.014,0.006,0.006,0.014,Novel focus alternatives,9,mask::handkerchief::napkins,handkerchief,napkins,6.0,20.0
top_k,1.0,novel_focus,mask::handkerchief::wallet,novel_focus::focus_alternative_study::mask,0.0,novel_focus,focus_alternative_study,0.0,0.214,0.0,0.214,Novel focus alternatives,9,mask::handkerchief::wallet,handkerchief,wallet,0.0,5.0
top_k,2.0,novel_focus,mask::handkerchief::wallet,novel_focus::focus_alternative_study::mask,0.0,novel_focus,focus_alternative_study,0.0,0.214,0.0,0.214,Novel focus alternatives,9,mask::handkerchief::wallet,handkerchief,wallet,0.0,5.0
top_k,3.0,novel_focus,mask::handkerchief::wallet,novel_focus::focus_alternative_study::mask,0.0,novel_focus,focus_alternative_study,0.0,0.214,0.0,0.214,Novel focus alternatives,9,mask::handkerchief::wallet,handkerchief,wallet,0.0,5.0
top_k,5.0,novel_focus,mask::handkerchief::wallet,novel_focus::focus_alternative_study::mask,0.0,novel_focus,focus_alternative_study,0.002,0.214,0.002,0.214,Novel focus alternatives,9,mask::handkerchief::wallet,handkerchief,wallet,0.0,5.0
top_k,10.0,novel_focus,mask::handkerchief::wallet,novel_focus::focus_alternative_study::mask,0.0,novel_focus,focus_alternative_study,0.002,0.214,0.002,0.214,Novel focus alternatives,9,mask::handkerchief::wallet,handkerchief,wallet,0.0,5.0
top_k,20.0,novel_focus,mask::handkerchief::wallet,novel_focus::focus_alternative_study::mask,0.0,novel_focus,focus_alternative_study,0.002,0.214,0.002,0.214,Novel focus alternatives,9,mask::handkerchief::wallet,handkerchief,wallet,0.0,5.0
top_k,30.0,novel_focus,mask::handkerchief::wallet,novel_focus::focus_alternative_study::mask,0.0,novel_focus,focus_alternative_study,0.002,0.214,0.002,0.214,Novel focus alternatives,9,mask::handkerchief::wallet,handkerchief,wallet,0.0,5.0
top_k,50.0,novel_focus,mask::handkerchief::wallet,novel_focus::focus_alternative_study::mask,0.0,novel_focus,focus_alternative_study,0.006,0.214,0.006,0.214,Novel focus alternatives,9,mask::handkerchief::wallet,handkerchief,wallet,0.0,5.0
top_k,75.0,novel_focus,mask::handkerchief::wallet,novel_focus::focus_alternative_study::mask,0.0,novel_focus,focus_alternative_study,0.018,0.214,0.018,0.214,Novel focus alternatives,9,mask::handkerchief::wallet,handkerchief,wallet,0.0,5.0
top_k,100.0,novel_focus,mask::handkerchief::wallet,novel_focus::focus_alternative_study::mask,0.0,novel_focus,focus_alternative_study,0.022,0.214,0.022,0.214,Novel focus alternatives,9,mask::handkerchief::wallet,handkerchief,wallet,0.0,5.0
top_p,0.25,novel_focus,mask::handkerchief::wallet,novel_focus::focus_alternative_study::mask,0.0,novel_focus,focus_alternative_study,0.0,0.214,0.0,0.214,Novel focus alternatives,9,mask::handkerchief::wallet,handkerchief,wallet,0.0,5.0
top_p,0.5,novel_focus,mask::handkerchief::wallet,novel_focus::focus_alternative_study::mask,0.0,novel_focus,focus_alternative_study,0.0,0.214,0.0,0.214,Novel focus alternatives,9,mask::handkerchief::wallet,handkerchief,wallet,0.0,5.0
top_p,0.6,novel_focus,mask::handkerchief::wallet,novel_focus::focus_alternative_study::mask,0.0,novel_focus,focus_alternative_study,0.0,0.214,0.0,0.214,Novel focus alternatives,9,mask::handkerchief::wallet,handkerchief,wallet,0.0,5.0
top_p,0.7,novel_focus,mask::handkerchief::wallet,novel_focus::focus_alternative_study::mask,0.0,novel_focus,focus_alternative_study,0.002,0.214,0.002,0.214,Novel focus alternatives,9,mask::handkerchief::wallet,handkerchief,wallet,0.0,5.0
top_p,0.8,novel_focus,mask::handkerchief::wallet,novel_focus::focus_alternative_study::mask,0.0,novel_focus,focus_alternative_study,0.012,0.214,0.012,0.214,Novel focus alternatives,9,mask::handkerchief::wallet,handkerchief,wallet,0.0,5.0
top_p,0.9,novel_focus,mask::handkerchief::wallet,novel_focus::focus_alternative_study::mask,0.0,novel_focus,focus_alternative_study,0.138,0.214,0.098,0.254,Novel focus alternatives,9,mask::handkerchief::wallet,handkerchief,wallet,0.0,5.0
top_p,0.95,novel_focus,mask::handkerchief::wallet,novel_focus::focus_alternative_study::mask,0.0,novel_focus,focus_alternative_study,0.652,0.214,0.214,0.652,Novel focus alternatives,9,mask::handkerchief::wallet,handkerchief,wallet,0.0,5.0
top_k,1.0,novel_focus,mask::napkins::bandana,novel_focus::focus_alternative_study::mask,1.0,novel_focus,focus_alternative_study,0.0,0.996,0.0,0.996,Novel focus alternatives,9,mask::napkins::bandana,napkins,bandana,5.0,5.0
top_k,2.0,novel_focus,mask::napkins::bandana,novel_focus::focus_alternative_study::mask,1.0,novel_focus,focus_alternative_study,0.002,0.996,0.002,0.996,Novel focus alternatives,9,mask::napkins::bandana,napkins,bandana,5.0,5.0
top_k,3.0,novel_focus,mask::napkins::bandana,novel_focus::focus_alternative_study::mask,1.0,novel_focus,focus_alternative_study,0.004,0.996,0.004,0.996,Novel focus alternatives,9,mask::napkins::bandana,napkins,bandana,5.0,5.0
top_k,5.0,novel_focus,mask::napkins::bandana,novel_focus::focus_alternative_study::mask,1.0,novel_focus,focus_alternative_study,0.004,0.996,0.004,0.996,Novel focus alternatives,9,mask::napkins::bandana,napkins,bandana,5.0,5.0
top_k,10.0,novel_focus,mask::napkins::bandana,novel_focus::focus_alternative_study::mask,1.0,novel_focus,focus_alternative_study,0.006,0.996,0.006,0.996,Novel focus alternatives,9,mask::napkins::bandana,napkins,bandana,5.0,5.0
top_k,20.0,novel_focus,mask::napkins::bandana,novel_focus::focus_alternative_study::mask,1.0,novel_focus,focus_alternative_study,0.01,0.996,0.01,0.996,Novel focus alternatives,9,mask::napkins::bandana,napkins,bandana,5.0,5.0
top_k,30.0,novel_focus,mask::napkins::bandana,novel_focus::focus_alternative_study::mask,1.0,novel_focus,focus_alternative_study,0.026,0.996,0.026,0.996,Novel focus alternatives,9,mask::napkins::bandana,napkins,bandana,5.0,5.0
top_k,50.0,novel_focus,mask::napkins::bandana,novel_focus::focus_alternative_study::mask,1.0,novel_focus,focus_alternative_study,0.054,0.996,0.054,0.996,Novel focus alternatives,9,mask::napkins::bandana,napkins,bandana,5.0,5.0
top_k,75.0,novel_focus,mask::napkins::bandana,novel_focus::focus_alternative_study::mask,1.0,novel_focus,focus_alternative_study,0.088,0.996,0.088,0.996,Novel focus alternatives,9,mask::napkins::bandana,napkins,bandana,5.0,5.0
top_k,100.0,novel_focus,mask::napkins::bandana,novel_focus::focus_alternative_study::mask,1.0,novel_focus,focus_alternative_study,0.134,0.996,0.134,0.996,Novel focus alternatives,9,mask::napkins::bandana,napkins,bandana,5.0,5.0
top_p,0.25,novel_focus,mask::napkins::bandana,novel_focus::focus_alternative_study::mask,1.0,novel_focus,focus_alternative_study,0.0,0.996,0.0,0.996,Novel focus alternatives,9,mask::napkins::bandana,napkins,bandana,5.0,5.0
top_p,0.5,novel_focus,mask::napkins::bandana,novel_focus::focus_alternative_study::mask,1.0,novel_focus,focus_alternative_study,0.0,0.996,0.0,0.996,Novel focus alternatives,9,mask::napkins::bandana,napkins,bandana,5.0,5.0
top_p,0.6,novel_focus,mask::napkins::bandana,novel_focus::focus_alternative_study::mask,1.0,novel_focus,focus_alternative_study,0.0,0.996,0.0,0.996,Novel focus alternatives,9,mask::napkins::bandana,napkins,bandana,5.0,5.0
top_p,0.7,novel_focus,mask::napkins::bandana,novel_focus::focus_alternative_study::mask,1.0,novel_focus,focus_alternative_study,0.004,0.996,0.004,0.996,Novel focus alternatives,9,mask::napkins::bandana,napkins,bandana,5.0,5.0
top_p,0.8,novel_focus,mask::napkins::bandana,novel_focus::focus_alternative_study::mask,1.0,novel_focus,focus_alternative_study,0.06,0.996,0.06,0.996,Novel focus alternatives,9,mask::napkins::bandana,napkins,bandana,5.0,5.0
top_p,0.9,novel_focus,mask::napkins::bandana,novel_focus::focus_alternative_study::mask,1.0,novel_focus,focus_alternative_study,0.628,0.996,0.628,0.996,Novel focus alternatives,9,mask::napkins::bandana,napkins,bandana,5.0,5.0
top_p,0.95,novel_focus,mask::napkins::bandana,novel_focus::focus_alternative_study::mask,1.0,novel_focus,focus_alternative_study,0.996,0.996,0.992,1.0,Novel focus alternatives,9,mask::napkins::bandana,napkins,bandana,5.0,5.0
top_k,1.0,novel_focus,mask::napkins::candy,novel_focus::focus_alternative_study::mask,0.2,novel_focus,focus_alternative_study,0.0,0.926,0.0,0.926,Novel focus alternatives,9,mask::napkins::candy,napkins,candy,1.0,5.0
top_k,2.0,novel_focus,mask::napkins::candy,novel_focus::focus_alternative_study::mask,0.2,novel_focus,focus_alternative_study,0.0,0.926,0.0,0.926,Novel focus alternatives,9,mask::napkins::candy,napkins,candy,1.0,5.0
top_k,3.0,novel_focus,mask::napkins::candy,novel_focus::focus_alternative_study::mask,0.2,novel_focus,focus_alternative_study,0.0,0.926,0.0,0.926,Novel focus alternatives,9,mask::napkins::candy,napkins,candy,1.0,5.0
top_k,5.0,novel_focus,mask::napkins::candy,novel_focus::focus_alternative_study::mask,0.2,novel_focus,focus_alternative_study,0.0,0.926,0.0,0.926,Novel focus alternatives,9,mask::napkins::candy,napkins,candy,1.0,5.0
top_k,10.0,novel_focus,mask::napkins::candy,novel_focus::focus_alternative_study::mask,0.2,novel_focus,focus_alternative_study,0.0,0.926,0.0,0.926,Novel focus alternatives,9,mask::napkins::candy,napkins,candy,1.0,5.0
top_k,20.0,novel_focus,mask::napkins::candy,novel_focus::focus_alternative_study::mask,0.2,novel_focus,focus_alternative_study,0.0,0.926,0.0,0.926,Novel focus alternatives,9,mask::napkins::candy,napkins,candy,1.0,5.0
top_k,30.0,novel_focus,mask::napkins::candy,novel_focus::focus_alternative_study::mask,0.2,novel_focus,focus_alternative_study,0.0,0.926,0.0,0.926,Novel focus alternatives,9,mask::napkins::candy,napkins,candy,1.0,5.0
top_k,50.0,novel_focus,mask::napkins::candy,novel_focus::focus_alternative_study::mask,0.2,novel_focus,focus_alternative_study,0.0,0.926,0.0,0.926,Novel focus alternatives,9,mask::napkins::candy,napkins,candy,1.0,5.0
top_k,75.0,novel_focus,mask::napkins::candy,novel_focus::focus_alternative_study::mask,0.2,novel_focus,focus_alternative_study,0.002,0.926,0.002,0.926,Novel focus alternatives,9,mask::napkins::candy,napkins,candy,1.0,5.0
top_k,100.0,novel_focus,mask::napkins::candy,novel_focus::focus_alternative_study::mask,0.2,novel_focus,focus_alternative_study,0.004,0.926,0.004,0.926,Novel focus alternatives,9,mask::napkins::candy,napkins,candy,1.0,5.0
top_p,0.25,novel_focus,mask::napkins::candy,novel_focus::focus_alternative_study::mask,0.2,novel_focus,focus_alternative_study,0.0,0.926,0.0,0.926,Novel focus alternatives,9,mask::napkins::candy,napkins,candy,1.0,5.0
top_p,0.5,novel_focus,mask::napkins::candy,novel_focus::focus_alternative_study::mask,0.2,novel_focus,focus_alternative_study,0.0,0.926,0.0,0.926,Novel focus alternatives,9,mask::napkins::candy,napkins,candy,1.0,5.0
top_p,0.6,novel_focus,mask::napkins::candy,novel_focus::focus_alternative_study::mask,0.2,novel_focus,focus_alternative_study,0.0,0.926,0.0,0.926,Novel focus alternatives,9,mask::napkins::candy,napkins,candy,1.0,5.0
top_p,0.7,novel_focus,mask::napkins::candy,novel_focus::focus_alternative_study::mask,0.2,novel_focus,focus_alternative_study,0.0,0.926,0.0,0.926,Novel focus alternatives,9,mask::napkins::candy,napkins,candy,1.0,5.0
top_p,0.8,novel_focus,mask::napkins::candy,novel_focus::focus_alternative_study::mask,0.2,novel_focus,focus_alternative_study,0.0,0.926,0.0,0.926,Novel focus alternatives,9,mask::napkins::candy,napkins,candy,1.0,5.0
top_p,0.9,novel_focus,mask::napkins::candy,novel_focus::focus_alternative_study::mask,0.2,novel_focus,focus_alternative_study,0.034,0.926,0.034,0.926,Novel focus alternatives,9,mask::napkins::candy,napkins,candy,1.0,5.0
top_p,0.95,novel_focus,mask::napkins::candy,novel_focus::focus_alternative_study::mask,0.2,novel_focus,focus_alternative_study,0.238,0.926,0.23,0.934,Novel focus alternatives,9,mask::napkins::candy,napkins,candy,1.0,5.0
top_k,1.0,novel_focus,mask::napkins::gloves,novel_focus::focus_alternative_study::mask,0.2,novel_focus,focus_alternative_study,0.0,0.986,0.0,0.986,Novel focus alternatives,9,mask::napkins::gloves,napkins,gloves,1.0,5.0
top_k,2.0,novel_focus,mask::napkins::gloves,novel_focus::focus_alternative_study::mask,0.2,novel_focus,focus_alternative_study,0.0,0.986,0.0,0.986,Novel focus alternatives,9,mask::napkins::gloves,napkins,gloves,1.0,5.0
top_k,3.0,novel_focus,mask::napkins::gloves,novel_focus::focus_alternative_study::mask,0.2,novel_focus,focus_alternative_study,0.002,0.986,0.002,0.986,Novel focus alternatives,9,mask::napkins::gloves,napkins,gloves,1.0,5.0
top_k,5.0,novel_focus,mask::napkins::gloves,novel_focus::focus_alternative_study::mask,0.2,novel_focus,focus_alternative_study,0.002,0.986,0.002,0.986,Novel focus alternatives,9,mask::napkins::gloves,napkins,gloves,1.0,5.0
top_k,10.0,novel_focus,mask::napkins::gloves,novel_focus::focus_alternative_study::mask,0.2,novel_focus,focus_alternative_study,0.002,0.986,0.002,0.986,Novel focus alternatives,9,mask::napkins::gloves,napkins,gloves,1.0,5.0
top_k,20.0,novel_focus,mask::napkins::gloves,novel_focus::focus_alternative_study::mask,0.2,novel_focus,focus_alternative_study,0.004,0.986,0.004,0.986,Novel focus alternatives,9,mask::napkins::gloves,napkins,gloves,1.0,5.0
top_k,30.0,novel_focus,mask::napkins::gloves,novel_focus::focus_alternative_study::mask,0.2,novel_focus,focus_alternative_study,0.004,0.986,0.004,0.986,Novel focus alternatives,9,mask::napkins::gloves,napkins,gloves,1.0,5.0
top_k,50.0,novel_focus,mask::napkins::gloves,novel_focus::focus_alternative_study::mask,0.2,novel_focus,focus_alternative_study,0.006,0.986,0.006,0.986,Novel focus alternatives,9,mask::napkins::gloves,napkins,gloves,1.0,5.0
top_k,75.0,novel_focus,mask::napkins::gloves,novel_focus::focus_alternative_study::mask,0.2,novel_focus,focus_alternative_study,0.012,0.986,0.012,0.986,Novel focus alternatives,9,mask::napkins::gloves,napkins,gloves,1.0,5.0
top_k,100.0,novel_focus,mask::napkins::gloves,novel_focus::focus_alternative_study::mask,0.2,novel_focus,focus_alternative_study,0.02,0.986,0.02,0.986,Novel focus alternatives,9,mask::napkins::gloves,napkins,gloves,1.0,5.0
top_p,0.25,novel_focus,mask::napkins::gloves,novel_focus::focus_alternative_study::mask,0.2,novel_focus,focus_alternative_study,0.0,0.986,0.0,0.986,Novel focus alternatives,9,mask::napkins::gloves,napkins,gloves,1.0,5.0
top_p,0.5,novel_focus,mask::napkins::gloves,novel_focus::focus_alternative_study::mask,0.2,novel_focus,focus_alternative_study,0.0,0.986,0.0,0.986,Novel focus alternatives,9,mask::napkins::gloves,napkins,gloves,1.0,5.0
top_p,0.6,novel_focus,mask::napkins::gloves,novel_focus::focus_alternative_study::mask,0.2,novel_focus,focus_alternative_study,0.0,0.986,0.0,0.986,Novel focus alternatives,9,mask::napkins::gloves,napkins,gloves,1.0,5.0
top_p,0.7,novel_focus,mask::napkins::gloves,novel_focus::focus_alternative_study::mask,0.2,novel_focus,focus_alternative_study,0.002,0.986,0.002,0.986,Novel focus alternatives,9,mask::napkins::gloves,napkins,gloves,1.0,5.0
top_p,0.8,novel_focus,mask::napkins::gloves,novel_focus::focus_alternative_study::mask,0.2,novel_focus,focus_alternative_study,0.008,0.986,0.008,0.986,Novel focus alternatives,9,mask::napkins::gloves,napkins,gloves,1.0,5.0
top_p,0.9,novel_focus,mask::napkins::gloves,novel_focus::focus_alternative_study::mask,0.2,novel_focus,focus_alternative_study,0.19,0.986,0.19,0.986,Novel focus alternatives,9,mask::napkins::gloves,napkins,gloves,1.0,5.0
top_p,0.95,novel_focus,mask::napkins::gloves,novel_focus::focus_alternative_study::mask,0.2,novel_focus,focus_alternative_study,0.74,0.986,0.734,0.992,Novel focus alternatives,9,mask::napkins::gloves,napkins,gloves,1.0,5.0
top_k,1.0,novel_focus,mask::napkins::handkerchief,novel_focus::focus_alternative_study::mask,0.6,novel_focus,focus_alternative_study,0.0,0.994,0.0,0.994,Novel focus alternatives,9,mask::napkins::handkerchief,napkins,handkerchief,3.0,5.0
top_k,2.0,novel_focus,mask::napkins::handkerchief,novel_focus::focus_alternative_study::mask,0.6,novel_focus,focus_alternative_study,0.0,0.994,0.0,0.994,Novel focus alternatives,9,mask::napkins::handkerchief,napkins,handkerchief,3.0,5.0
top_k,3.0,novel_focus,mask::napkins::handkerchief,novel_focus::focus_alternative_study::mask,0.6,novel_focus,focus_alternative_study,0.0,0.994,0.0,0.994,Novel focus alternatives,9,mask::napkins::handkerchief,napkins,handkerchief,3.0,5.0
top_k,5.0,novel_focus,mask::napkins::handkerchief,novel_focus::focus_alternative_study::mask,0.6,novel_focus,focus_alternative_study,0.0,0.994,0.0,0.994,Novel focus alternatives,9,mask::napkins::handkerchief,napkins,handkerchief,3.0,5.0
top_k,10.0,novel_focus,mask::napkins::handkerchief,novel_focus::focus_alternative_study::mask,0.6,novel_focus,focus_alternative_study,0.002,0.994,0.002,0.994,Novel focus alternatives,9,mask::napkins::handkerchief,napkins,handkerchief,3.0,5.0
top_k,20.0,novel_focus,mask::napkins::handkerchief,novel_focus::focus_alternative_study::mask,0.6,novel_focus,focus_alternative_study,0.008,0.994,0.008,0.994,Novel focus alternatives,9,mask::napkins::handkerchief,napkins,handkerchief,3.0,5.0
top_k,30.0,novel_focus,mask::napkins::handkerchief,novel_focus::focus_alternative_study::mask,0.6,novel_focus,focus_alternative_study,0.016,0.994,0.016,0.994,Novel focus alternatives,9,mask::napkins::handkerchief,napkins,handkerchief,3.0,5.0
top_k,50.0,novel_focus,mask::napkins::handkerchief,novel_focus::focus_alternative_study::mask,0.6,novel_focus,focus_alternative_study,0.036,0.994,0.036,0.994,Novel focus alternatives,9,mask::napkins::handkerchief,napkins,handkerchief,3.0,5.0
top_k,75.0,novel_focus,mask::napkins::handkerchief,novel_focus::focus_alternative_study::mask,0.6,novel_focus,focus_alternative_study,0.062,0.994,0.062,0.994,Novel focus alternatives,9,mask::napkins::handkerchief,napkins,handkerchief,3.0,5.0
top_k,100.0,novel_focus,mask::napkins::handkerchief,novel_focus::focus_alternative_study::mask,0.6,novel_focus,focus_alternative_study,0.098,0.994,0.098,0.994,Novel focus alternatives,9,mask::napkins::handkerchief,napkins,handkerchief,3.0,5.0
top_p,0.25,novel_focus,mask::napkins::handkerchief,novel_focus::focus_alternative_study::mask,0.6,novel_focus,focus_alternative_study,0.0,0.994,0.0,0.994,Novel focus alternatives,9,mask::napkins::handkerchief,napkins,handkerchief,3.0,5.0
top_p,0.5,novel_focus,mask::napkins::handkerchief,novel_focus::focus_alternative_study::mask,0.6,novel_focus,focus_alternative_study,0.0,0.994,0.0,0.994,Novel focus alternatives,9,mask::napkins::handkerchief,napkins,handkerchief,3.0,5.0
top_p,0.6,novel_focus,mask::napkins::handkerchief,novel_focus::focus_alternative_study::mask,0.6,novel_focus,focus_alternative_study,0.0,0.994,0.0,0.994,Novel focus alternatives,9,mask::napkins::handkerchief,napkins,handkerchief,3.0,5.0
top_p,0.7,novel_focus,mask::napkins::handkerchief,novel_focus::focus_alternative_study::mask,0.6,novel_focus,focus_alternative_study,0.006,0.994,0.006,0.994,Novel focus alternatives,9,mask::napkins::handkerchief,napkins,handkerchief,3.0,5.0
top_p,0.8,novel_focus,mask::napkins::handkerchief,novel_focus::focus_alternative_study::mask,0.6,novel_focus,focus_alternative_study,0.046,0.994,0.046,0.994,Novel focus alternatives,9,mask::napkins::handkerchief,napkins,handkerchief,3.0,5.0
top_p,0.9,novel_focus,mask::napkins::handkerchief,novel_focus::focus_alternative_study::mask,0.6,novel_focus,focus_alternative_study,0.412,0.994,0.412,0.994,Novel focus alternatives,9,mask::napkins::handkerchief,napkins,handkerchief,3.0,5.0
top_p,0.95,novel_focus,mask::napkins::handkerchief,novel_focus::focus_alternative_study::mask,0.6,novel_focus,focus_alternative_study,0.972,0.994,0.966,1.0,Novel focus alternatives,9,mask::napkins::handkerchief,napkins,handkerchief,3.0,5.0
top_k,1.0,novel_focus,mask::napkins::wallet,novel_focus::focus_alternative_study::mask,0.0,novel_focus,focus_alternative_study,0.0,0.988,0.0,0.988,Novel focus alternatives,9,mask::napkins::wallet,napkins,wallet,0.0,4.0
top_k,2.0,novel_focus,mask::napkins::wallet,novel_focus::focus_alternative_study::mask,0.0,novel_focus,focus_alternative_study,0.0,0.988,0.0,0.988,Novel focus alternatives,9,mask::napkins::wallet,napkins,wallet,0.0,4.0
top_k,3.0,novel_focus,mask::napkins::wallet,novel_focus::focus_alternative_study::mask,0.0,novel_focus,focus_alternative_study,0.0,0.988,0.0,0.988,Novel focus alternatives,9,mask::napkins::wallet,napkins,wallet,0.0,4.0
top_k,5.0,novel_focus,mask::napkins::wallet,novel_focus::focus_alternative_study::mask,0.0,novel_focus,focus_alternative_study,0.002,0.988,0.002,0.988,Novel focus alternatives,9,mask::napkins::wallet,napkins,wallet,0.0,4.0
top_k,10.0,novel_focus,mask::napkins::wallet,novel_focus::focus_alternative_study::mask,0.0,novel_focus,focus_alternative_study,0.002,0.988,0.002,0.988,Novel focus alternatives,9,mask::napkins::wallet,napkins,wallet,0.0,4.0
top_k,20.0,novel_focus,mask::napkins::wallet,novel_focus::focus_alternative_study::mask,0.0,novel_focus,focus_alternative_study,0.002,0.988,0.002,0.988,Novel focus alternatives,9,mask::napkins::wallet,napkins,wallet,0.0,4.0
top_k,30.0,novel_focus,mask::napkins::wallet,novel_focus::focus_alternative_study::mask,0.0,novel_focus,focus_alternative_study,0.002,0.988,0.002,0.988,Novel focus alternatives,9,mask::napkins::wallet,napkins,wallet,0.0,4.0
top_k,50.0,novel_focus,mask::napkins::wallet,novel_focus::focus_alternative_study::mask,0.0,novel_focus,focus_alternative_study,0.006,0.988,0.006,0.988,Novel focus alternatives,9,mask::napkins::wallet,napkins,wallet,0.0,4.0
top_k,75.0,novel_focus,mask::napkins::wallet,novel_focus::focus_alternative_study::mask,0.0,novel_focus,focus_alternative_study,0.018,0.988,0.018,0.988,Novel focus alternatives,9,mask::napkins::wallet,napkins,wallet,0.0,4.0
top_k,100.0,novel_focus,mask::napkins::wallet,novel_focus::focus_alternative_study::mask,0.0,novel_focus,focus_alternative_study,0.022,0.988,0.022,0.988,Novel focus alternatives,9,mask::napkins::wallet,napkins,wallet,0.0,4.0
top_p,0.25,novel_focus,mask::napkins::wallet,novel_focus::focus_alternative_study::mask,0.0,novel_focus,focus_alternative_study,0.0,0.988,0.0,0.988,Novel focus alternatives,9,mask::napkins::wallet,napkins,wallet,0.0,4.0
top_p,0.5,novel_focus,mask::napkins::wallet,novel_focus::focus_alternative_study::mask,0.0,novel_focus,focus_alternative_study,0.0,0.988,0.0,0.988,Novel focus alternatives,9,mask::napkins::wallet,napkins,wallet,0.0,4.0
top_p,0.6,novel_focus,mask::napkins::wallet,novel_focus::focus_alternative_study::mask,0.0,novel_focus,focus_alternative_study,0.0,0.988,0.0,0.988,Novel focus alternatives,9,mask::napkins::wallet,napkins,wallet,0.0,4.0
top_p,0.7,novel_focus,mask::napkins::wallet,novel_focus::focus_alternative_study::mask,0.0,novel_focus,focus_alternative_study,0.002,0.988,0.002,0.988,Novel focus alternatives,9,mask::napkins::wallet,napkins,wallet,0.0,4.0
top_p,0.8,novel_focus,mask::napkins::wallet,novel_focus::focus_alternative_study::mask,0.0,novel_focus,focus_alternative_study,0.012,0.988,0.012,0.988,Novel focus alternatives,9,mask::napkins::wallet,napkins,wallet,0.0,4.0
top_p,0.9,novel_focus,mask::napkins::wallet,novel_focus::focus_alternative_study::mask,0.0,novel_focus,focus_alternative_study,0.138,0.988,0.138,0.988,Novel focus alternatives,9,mask::napkins::wallet,napkins,wallet,0.0,4.0
top_p,0.95,novel_focus,mask::napkins::wallet,novel_focus::focus_alternative_study::mask,0.0,novel_focus,focus_alternative_study,0.652,0.988,0.646,0.994,Novel focus alternatives,9,mask::napkins::wallet,napkins,wallet,0.0,4.0
top_k,1.0,novel_focus,mask::wallet::bandana,novel_focus::focus_alternative_study::mask,0.8,novel_focus,focus_alternative_study,0.0,0.846,0.0,0.846,Novel focus alternatives,9,mask::wallet::bandana,wallet,bandana,4.0,5.0
top_k,2.0,novel_focus,mask::wallet::bandana,novel_focus::focus_alternative_study::mask,0.8,novel_focus,focus_alternative_study,0.002,0.846,0.002,0.846,Novel focus alternatives,9,mask::wallet::bandana,wallet,bandana,4.0,5.0
top_k,3.0,novel_focus,mask::wallet::bandana,novel_focus::focus_alternative_study::mask,0.8,novel_focus,focus_alternative_study,0.004,0.846,0.004,0.846,Novel focus alternatives,9,mask::wallet::bandana,wallet,bandana,4.0,5.0
top_k,5.0,novel_focus,mask::wallet::bandana,novel_focus::focus_alternative_study::mask,0.8,novel_focus,focus_alternative_study,0.004,0.846,0.004,0.846,Novel focus alternatives,9,mask::wallet::bandana,wallet,bandana,4.0,5.0
top_k,10.0,novel_focus,mask::wallet::bandana,novel_focus::focus_alternative_study::mask,0.8,novel_focus,focus_alternative_study,0.006,0.846,0.006,0.846,Novel focus alternatives,9,mask::wallet::bandana,wallet,bandana,4.0,5.0
top_k,20.0,novel_focus,mask::wallet::bandana,novel_focus::focus_alternative_study::mask,0.8,novel_focus,focus_alternative_study,0.01,0.846,0.01,0.846,Novel focus alternatives,9,mask::wallet::bandana,wallet,bandana,4.0,5.0
top_k,30.0,novel_focus,mask::wallet::bandana,novel_focus::focus_alternative_study::mask,0.8,novel_focus,focus_alternative_study,0.026,0.846,0.026,0.846,Novel focus alternatives,9,mask::wallet::bandana,wallet,bandana,4.0,5.0
top_k,50.0,novel_focus,mask::wallet::bandana,novel_focus::focus_alternative_study::mask,0.8,novel_focus,focus_alternative_study,0.054,0.846,0.052,0.848,Novel focus alternatives,9,mask::wallet::bandana,wallet,bandana,4.0,5.0
top_k,75.0,novel_focus,mask::wallet::bandana,novel_focus::focus_alternative_study::mask,0.8,novel_focus,focus_alternative_study,0.088,0.846,0.086,0.848,Novel focus alternatives,9,mask::wallet::bandana,wallet,bandana,4.0,5.0
top_k,100.0,novel_focus,mask::wallet::bandana,novel_focus::focus_alternative_study::mask,0.8,novel_focus,focus_alternative_study,0.134,0.846,0.132,0.848,Novel focus alternatives,9,mask::wallet::bandana,wallet,bandana,4.0,5.0
top_p,0.25,novel_focus,mask::wallet::bandana,novel_focus::focus_alternative_study::mask,0.8,novel_focus,focus_alternative_study,0.0,0.846,0.0,0.846,Novel focus alternatives,9,mask::wallet::bandana,wallet,bandana,4.0,5.0
top_p,0.5,novel_focus,mask::wallet::bandana,novel_focus::focus_alternative_study::mask,0.8,novel_focus,focus_alternative_study,0.0,0.846,0.0,0.846,Novel focus alternatives,9,mask::wallet::bandana,wallet,bandana,4.0,5.0
top_p,0.6,novel_focus,mask::wallet::bandana,novel_focus::focus_alternative_study::mask,0.8,novel_focus,focus_alternative_study,0.0,0.846,0.0,0.846,Novel focus alternatives,9,mask::wallet::bandana,wallet,bandana,4.0,5.0
top_p,0.7,novel_focus,mask::wallet::bandana,novel_focus::focus_alternative_study::mask,0.8,novel_focus,focus_alternative_study,0.004,0.846,0.004,0.846,Novel focus alternatives,9,mask::wallet::bandana,wallet,bandana,4.0,5.0
top_p,0.8,novel_focus,mask::wallet::bandana,novel_focus::focus_alternative_study::mask,0.8,novel_focus,focus_alternative_study,0.06,0.846,0.058,0.848,Novel focus alternatives,9,mask::wallet::bandana,wallet,bandana,4.0,5.0
top_p,0.9,novel_focus,mask::wallet::bandana,novel_focus::focus_alternative_study::mask,0.8,novel_focus,focus_alternative_study,0.628,0.846,0.58,0.894,Novel focus alternatives,9,mask::wallet::bandana,wallet,bandana,4.0,5.0
top_p,0.95,novel_focus,mask::wallet::bandana,novel_focus::focus_alternative_study::mask,0.8,novel_focus,focus_alternative_study,0.996,0.846,0.844,0.998,Novel focus alternatives,9,mask::wallet::bandana,wallet,bandana,4.0,5.0
top_k,1.0,novel_focus,mask::wallet::candy,novel_focus::focus_alternative_study::mask,0.2,novel_focus,focus_alternative_study,0.0,0.198,0.0,0.198,Novel focus alternatives,9,mask::wallet::candy,wallet,candy,1.0,5.0
top_k,2.0,novel_focus,mask::wallet::candy,novel_focus::focus_alternative_study::mask,0.2,novel_focus,focus_alternative_study,0.0,0.198,0.0,0.198,Novel focus alternatives,9,mask::wallet::candy,wallet,candy,1.0,5.0
top_k,3.0,novel_focus,mask::wallet::candy,novel_focus::focus_alternative_study::mask,0.2,novel_focus,focus_alternative_study,0.0,0.198,0.0,0.198,Novel focus alternatives,9,mask::wallet::candy,wallet,candy,1.0,5.0
top_k,5.0,novel_focus,mask::wallet::candy,novel_focus::focus_alternative_study::mask,0.2,novel_focus,focus_alternative_study,0.0,0.198,0.0,0.198,Novel focus alternatives,9,mask::wallet::candy,wallet,candy,1.0,5.0
top_k,10.0,novel_focus,mask::wallet::candy,novel_focus::focus_alternative_study::mask,0.2,novel_focus,focus_alternative_study,0.0,0.198,0.0,0.198,Novel focus alternatives,9,mask::wallet::candy,wallet,candy,1.0,5.0
top_k,20.0,novel_focus,mask::wallet::candy,novel_focus::focus_alternative_study::mask,0.2,novel_focus,focus_alternative_study,0.0,0.198,0.0,0.198,Novel focus alternatives,9,mask::wallet::candy,wallet,candy,1.0,5.0
top_k,30.0,novel_focus,mask::wallet::candy,novel_focus::focus_alternative_study::mask,0.2,novel_focus,focus_alternative_study,0.0,0.198,0.0,0.198,Novel focus alternatives,9,mask::wallet::candy,wallet,candy,1.0,5.0
top_k,50.0,novel_focus,mask::wallet::candy,novel_focus::focus_alternative_study::mask,0.2,novel_focus,focus_alternative_study,0.0,0.198,0.0,0.198,Novel focus alternatives,9,mask::wallet::candy,wallet,candy,1.0,5.0
top_k,75.0,novel_focus,mask::wallet::candy,novel_focus::focus_alternative_study::mask,0.2,novel_focus,focus_alternative_study,0.002,0.198,0.002,0.198,Novel focus alternatives,9,mask::wallet::candy,wallet,candy,1.0,5.0
top_k,100.0,novel_focus,mask::wallet::candy,novel_focus::focus_alternative_study::mask,0.2,novel_focus,focus_alternative_study,0.004,0.198,0.004,0.198,Novel focus alternatives,9,mask::wallet::candy,wallet,candy,1.0,5.0
top_p,0.25,novel_focus,mask::wallet::candy,novel_focus::focus_alternative_study::mask,0.2,novel_focus,focus_alternative_study,0.0,0.198,0.0,0.198,Novel focus alternatives,9,mask::wallet::candy,wallet,candy,1.0,5.0
top_p,0.5,novel_focus,mask::wallet::candy,novel_focus::focus_alternative_study::mask,0.2,novel_focus,focus_alternative_study,0.0,0.198,0.0,0.198,Novel focus alternatives,9,mask::wallet::candy,wallet,candy,1.0,5.0
top_p,0.6,novel_focus,mask::wallet::candy,novel_focus::focus_alternative_study::mask,0.2,novel_focus,focus_alternative_study,0.0,0.198,0.0,0.198,Novel focus alternatives,9,mask::wallet::candy,wallet,candy,1.0,5.0
top_p,0.7,novel_focus,mask::wallet::candy,novel_focus::focus_alternative_study::mask,0.2,novel_focus,focus_alternative_study,0.0,0.198,0.0,0.198,Novel focus alternatives,9,mask::wallet::candy,wallet,candy,1.0,5.0
top_p,0.8,novel_focus,mask::wallet::candy,novel_focus::focus_alternative_study::mask,0.2,novel_focus,focus_alternative_study,0.0,0.198,0.0,0.198,Novel focus alternatives,9,mask::wallet::candy,wallet,candy,1.0,5.0
top_p,0.9,novel_focus,mask::wallet::candy,novel_focus::focus_alternative_study::mask,0.2,novel_focus,focus_alternative_study,0.034,0.198,0.032,0.2,Novel focus alternatives,9,mask::wallet::candy,wallet,candy,1.0,5.0
top_p,0.95,novel_focus,mask::wallet::candy,novel_focus::focus_alternative_study::mask,0.2,novel_focus,focus_alternative_study,0.238,0.198,0.132,0.304,Novel focus alternatives,9,mask::wallet::candy,wallet,candy,1.0,5.0
top_k,1.0,novel_focus,mask::wallet::gloves,novel_focus::focus_alternative_study::mask,0.631578947368421,novel_focus,focus_alternative_study,0.0,0.552,0.0,0.552,Novel focus alternatives,9,mask::wallet::gloves,wallet,gloves,12.0,19.0
top_k,2.0,novel_focus,mask::wallet::gloves,novel_focus::focus_alternative_study::mask,0.631578947368421,novel_focus,focus_alternative_study,0.0,0.552,0.0,0.552,Novel focus alternatives,9,mask::wallet::gloves,wallet,gloves,12.0,19.0
top_k,3.0,novel_focus,mask::wallet::gloves,novel_focus::focus_alternative_study::mask,0.631578947368421,novel_focus,focus_alternative_study,0.002,0.552,0.002,0.552,Novel focus alternatives,9,mask::wallet::gloves,wallet,gloves,12.0,19.0
top_k,5.0,novel_focus,mask::wallet::gloves,novel_focus::focus_alternative_study::mask,0.631578947368421,novel_focus,focus_alternative_study,0.002,0.552,0.002,0.552,Novel focus alternatives,9,mask::wallet::gloves,wallet,gloves,12.0,19.0
top_k,10.0,novel_focus,mask::wallet::gloves,novel_focus::focus_alternative_study::mask,0.631578947368421,novel_focus,focus_alternative_study,0.002,0.552,0.002,0.552,Novel focus alternatives,9,mask::wallet::gloves,wallet,gloves,12.0,19.0
top_k,20.0,novel_focus,mask::wallet::gloves,novel_focus::focus_alternative_study::mask,0.631578947368421,novel_focus,focus_alternative_study,0.004,0.552,0.004,0.552,Novel focus alternatives,9,mask::wallet::gloves,wallet,gloves,12.0,19.0
top_k,30.0,novel_focus,mask::wallet::gloves,novel_focus::focus_alternative_study::mask,0.631578947368421,novel_focus,focus_alternative_study,0.004,0.552,0.004,0.552,Novel focus alternatives,9,mask::wallet::gloves,wallet,gloves,12.0,19.0
top_k,50.0,novel_focus,mask::wallet::gloves,novel_focus::focus_alternative_study::mask,0.631578947368421,novel_focus,focus_alternative_study,0.006,0.552,0.006,0.552,Novel focus alternatives,9,mask::wallet::gloves,wallet,gloves,12.0,19.0
top_k,75.0,novel_focus,mask::wallet::gloves,novel_focus::focus_alternative_study::mask,0.631578947368421,novel_focus,focus_alternative_study,0.012,0.552,0.012,0.552,Novel focus alternatives,9,mask::wallet::gloves,wallet,gloves,12.0,19.0
top_k,100.0,novel_focus,mask::wallet::gloves,novel_focus::focus_alternative_study::mask,0.631578947368421,novel_focus,focus_alternative_study,0.02,0.552,0.02,0.552,Novel focus alternatives,9,mask::wallet::gloves,wallet,gloves,12.0,19.0
top_p,0.25,novel_focus,mask::wallet::gloves,novel_focus::focus_alternative_study::mask,0.631578947368421,novel_focus,focus_alternative_study,0.0,0.552,0.0,0.552,Novel focus alternatives,9,mask::wallet::gloves,wallet,gloves,12.0,19.0
top_p,0.5,novel_focus,mask::wallet::gloves,novel_focus::focus_alternative_study::mask,0.631578947368421,novel_focus,focus_alternative_study,0.0,0.552,0.0,0.552,Novel focus alternatives,9,mask::wallet::gloves,wallet,gloves,12.0,19.0
top_p,0.6,novel_focus,mask::wallet::gloves,novel_focus::focus_alternative_study::mask,0.631578947368421,novel_focus,focus_alternative_study,0.0,0.552,0.0,0.552,Novel focus alternatives,9,mask::wallet::gloves,wallet,gloves,12.0,19.0
top_p,0.7,novel_focus,mask::wallet::gloves,novel_focus::focus_alternative_study::mask,0.631578947368421,novel_focus,focus_alternative_study,0.002,0.552,0.002,0.552,Novel focus alternatives,9,mask::wallet::gloves,wallet,gloves,12.0,19.0
top_p,0.8,novel_focus,mask::wallet::gloves,novel_focus::focus_alternative_study::mask,0.631578947368421,novel_focus,focus_alternative_study,0.008,0.552,0.008,0.552,Novel focus alternatives,9,mask::wallet::gloves,wallet,gloves,12.0,19.0
top_p,0.9,novel_focus,mask::wallet::gloves,novel_focus::focus_alternative_study::mask,0.631578947368421,novel_focus,focus_alternative_study,0.19,0.552,0.176,0.566,Novel focus alternatives,9,mask::wallet::gloves,wallet,gloves,12.0,19.0
top_p,0.95,novel_focus,mask::wallet::gloves,novel_focus::focus_alternative_study::mask,0.631578947368421,novel_focus,focus_alternative_study,0.74,0.552,0.502,0.79,Novel focus alternatives,9,mask::wallet::gloves,wallet,gloves,12.0,19.0
top_k,1.0,novel_focus,mask::wallet::handkerchief,novel_focus::focus_alternative_study::mask,0.6,novel_focus,focus_alternative_study,0.0,0.786,0.0,0.786,Novel focus alternatives,9,mask::wallet::handkerchief,wallet,handkerchief,3.0,5.0
top_k,2.0,novel_focus,mask::wallet::handkerchief,novel_focus::focus_alternative_study::mask,0.6,novel_focus,focus_alternative_study,0.0,0.786,0.0,0.786,Novel focus alternatives,9,mask::wallet::handkerchief,wallet,handkerchief,3.0,5.0
top_k,3.0,novel_focus,mask::wallet::handkerchief,novel_focus::focus_alternative_study::mask,0.6,novel_focus,focus_alternative_study,0.0,0.786,0.0,0.786,Novel focus alternatives,9,mask::wallet::handkerchief,wallet,handkerchief,3.0,5.0
top_k,5.0,novel_focus,mask::wallet::handkerchief,novel_focus::focus_alternative_study::mask,0.6,novel_focus,focus_alternative_study,0.0,0.786,0.0,0.786,Novel focus alternatives,9,mask::wallet::handkerchief,wallet,handkerchief,3.0,5.0
top_k,10.0,novel_focus,mask::wallet::handkerchief,novel_focus::focus_alternative_study::mask,0.6,novel_focus,focus_alternative_study,0.002,0.786,0.002,0.786,Novel focus alternatives,9,mask::wallet::handkerchief,wallet,handkerchief,3.0,5.0
top_k,20.0,novel_focus,mask::wallet::handkerchief,novel_focus::focus_alternative_study::mask,0.6,novel_focus,focus_alternative_study,0.008,0.786,0.008,0.786,Novel focus alternatives,9,mask::wallet::handkerchief,wallet,handkerchief,3.0,5.0
top_k,30.0,novel_focus,mask::wallet::handkerchief,novel_focus::focus_alternative_study::mask,0.6,novel_focus,focus_alternative_study,0.016,0.786,0.016,0.786,Novel focus alternatives,9,mask::wallet::handkerchief,wallet,handkerchief,3.0,5.0
top_k,50.0,novel_focus,mask::wallet::handkerchief,novel_focus::focus_alternative_study::mask,0.6,novel_focus,focus_alternative_study,0.036,0.786,0.036,0.786,Novel focus alternatives,9,mask::wallet::handkerchief,wallet,handkerchief,3.0,5.0
top_k,75.0,novel_focus,mask::wallet::handkerchief,novel_focus::focus_alternative_study::mask,0.6,novel_focus,focus_alternative_study,0.062,0.786,0.062,0.786,Novel focus alternatives,9,mask::wallet::handkerchief,wallet,handkerchief,3.0,5.0
top_k,100.0,novel_focus,mask::wallet::handkerchief,novel_focus::focus_alternative_study::mask,0.6,novel_focus,focus_alternative_study,0.098,0.786,0.098,0.786,Novel focus alternatives,9,mask::wallet::handkerchief,wallet,handkerchief,3.0,5.0
top_p,0.25,novel_focus,mask::wallet::handkerchief,novel_focus::focus_alternative_study::mask,0.6,novel_focus,focus_alternative_study,0.0,0.786,0.0,0.786,Novel focus alternatives,9,mask::wallet::handkerchief,wallet,handkerchief,3.0,5.0
top_p,0.5,novel_focus,mask::wallet::handkerchief,novel_focus::focus_alternative_study::mask,0.6,novel_focus,focus_alternative_study,0.0,0.786,0.0,0.786,Novel focus alternatives,9,mask::wallet::handkerchief,wallet,handkerchief,3.0,5.0
top_p,0.6,novel_focus,mask::wallet::handkerchief,novel_focus::focus_alternative_study::mask,0.6,novel_focus,focus_alternative_study,0.0,0.786,0.0,0.786,Novel focus alternatives,9,mask::wallet::handkerchief,wallet,handkerchief,3.0,5.0
top_p,0.7,novel_focus,mask::wallet::handkerchief,novel_focus::focus_alternative_study::mask,0.6,novel_focus,focus_alternative_study,0.006,0.786,0.006,0.786,Novel focus alternatives,9,mask::wallet::handkerchief,wallet,handkerchief,3.0,5.0
top_p,0.8,novel_focus,mask::wallet::handkerchief,novel_focus::focus_alternative_study::mask,0.6,novel_focus,focus_alternative_study,0.046,0.786,0.046,0.786,Novel focus alternatives,9,mask::wallet::handkerchief,wallet,handkerchief,3.0,5.0
top_p,0.9,novel_focus,mask::wallet::handkerchief,novel_focus::focus_alternative_study::mask,0.6,novel_focus,focus_alternative_study,0.412,0.786,0.384,0.814,Novel focus alternatives,9,mask::wallet::handkerchief,wallet,handkerchief,3.0,5.0
top_p,0.95,novel_focus,mask::wallet::handkerchief,novel_focus::focus_alternative_study::mask,0.6,novel_focus,focus_alternative_study,0.972,0.786,0.776,0.982,Novel focus alternatives,9,mask::wallet::handkerchief,wallet,handkerchief,3.0,5.0
top_k,1.0,novel_focus,mask::wallet::napkins,novel_focus::focus_alternative_study::mask,0.5,novel_focus,focus_alternative_study,0.0,0.012,0.0,0.012,Novel focus alternatives,9,mask::wallet::napkins,wallet,napkins,3.0,6.0
top_k,2.0,novel_focus,mask::wallet::napkins,novel_focus::focus_alternative_study::mask,0.5,novel_focus,focus_alternative_study,0.0,0.012,0.0,0.012,Novel focus alternatives,9,mask::wallet::napkins,wallet,napkins,3.0,6.0
top_k,3.0,novel_focus,mask::wallet::napkins,novel_focus::focus_alternative_study::mask,0.5,novel_focus,focus_alternative_study,0.0,0.012,0.0,0.012,Novel focus alternatives,9,mask::wallet::napkins,wallet,napkins,3.0,6.0
top_k,5.0,novel_focus,mask::wallet::napkins,novel_focus::focus_alternative_study::mask,0.5,novel_focus,focus_alternative_study,0.0,0.012,0.0,0.012,Novel focus alternatives,9,mask::wallet::napkins,wallet,napkins,3.0,6.0
top_k,10.0,novel_focus,mask::wallet::napkins,novel_focus::focus_alternative_study::mask,0.5,novel_focus,focus_alternative_study,0.0,0.012,0.0,0.012,Novel focus alternatives,9,mask::wallet::napkins,wallet,napkins,3.0,6.0
top_k,20.0,novel_focus,mask::wallet::napkins,novel_focus::focus_alternative_study::mask,0.5,novel_focus,focus_alternative_study,0.0,0.012,0.0,0.012,Novel focus alternatives,9,mask::wallet::napkins,wallet,napkins,3.0,6.0
top_k,30.0,novel_focus,mask::wallet::napkins,novel_focus::focus_alternative_study::mask,0.5,novel_focus,focus_alternative_study,0.0,0.012,0.0,0.012,Novel focus alternatives,9,mask::wallet::napkins,wallet,napkins,3.0,6.0
top_k,50.0,novel_focus,mask::wallet::napkins,novel_focus::focus_alternative_study::mask,0.5,novel_focus,focus_alternative_study,0.0,0.012,0.0,0.012,Novel focus alternatives,9,mask::wallet::napkins,wallet,napkins,3.0,6.0
top_k,75.0,novel_focus,mask::wallet::napkins,novel_focus::focus_alternative_study::mask,0.5,novel_focus,focus_alternative_study,0.0,0.012,0.0,0.012,Novel focus alternatives,9,mask::wallet::napkins,wallet,napkins,3.0,6.0
top_k,100.0,novel_focus,mask::wallet::napkins,novel_focus::focus_alternative_study::mask,0.5,novel_focus,focus_alternative_study,0.0,0.012,0.0,0.012,Novel focus alternatives,9,mask::wallet::napkins,wallet,napkins,3.0,6.0
top_p,0.25,novel_focus,mask::wallet::napkins,novel_focus::focus_alternative_study::mask,0.5,novel_focus,focus_alternative_study,0.0,0.012,0.0,0.012,Novel focus alternatives,9,mask::wallet::napkins,wallet,napkins,3.0,6.0
top_p,0.5,novel_focus,mask::wallet::napkins,novel_focus::focus_alternative_study::mask,0.5,novel_focus,focus_alternative_study,0.0,0.012,0.0,0.012,Novel focus alternatives,9,mask::wallet::napkins,wallet,napkins,3.0,6.0
top_p,0.6,novel_focus,mask::wallet::napkins,novel_focus::focus_alternative_study::mask,0.5,novel_focus,focus_alternative_study,0.0,0.012,0.0,0.012,Novel focus alternatives,9,mask::wallet::napkins,wallet,napkins,3.0,6.0
top_p,0.7,novel_focus,mask::wallet::napkins,novel_focus::focus_alternative_study::mask,0.5,novel_focus,focus_alternative_study,0.0,0.012,0.0,0.012,Novel focus alternatives,9,mask::wallet::napkins,wallet,napkins,3.0,6.0
top_p,0.8,novel_focus,mask::wallet::napkins,novel_focus::focus_alternative_study::mask,0.5,novel_focus,focus_alternative_study,0.0,0.012,0.0,0.012,Novel focus alternatives,9,mask::wallet::napkins,wallet,napkins,3.0,6.0
top_p,0.9,novel_focus,mask::wallet::napkins,novel_focus::focus_alternative_study::mask,0.5,novel_focus,focus_alternative_study,0.004,0.012,0.004,0.012,Novel focus alternatives,9,mask::wallet::napkins,wallet,napkins,3.0,6.0
top_p,0.95,novel_focus,mask::wallet::napkins,novel_focus::focus_alternative_study::mask,0.5,novel_focus,focus_alternative_study,0.014,0.012,0.006,0.02,Novel focus alternatives,9,mask::wallet::napkins,wallet,napkins,3.0,6.0
