llm_name,contexts_evaluated,mean_spearman,mean_kendall,mean_top1,weighted_spearman,weighted_kendall,weighted_top1
Qwen2-7B,10,0.54878198313899,0.43803701080634544,0.4,0.5188818529197814,0.41460628264508387,0.3433373349339736
Llama-3.2-3B,10,0.5005318788478157,0.39490083365124645,0.3,0.4864101322739533,0.3844507615503733,0.23529411764705882
BERT-Large-WWM,10,0.44120827806618534,0.34154718941436685,0.2,0.43390713422266325,0.3384323514554693,0.13310580204778158
DeepSeek-Coder-1.3B,10,0.4351554981247093,0.33956943253088134,0.3,0.41142370604485,0.3220183505993484,0.18967587034813926
GPT-2,10,0.38901359940184943,0.3002742451363165,0.0,0.3882743547844163,0.3017018105852499,0.0
