context,trigger,query,item_id,human_rate,human_total,model_value,structure,variant,cv_fold,boundary,model,human_rank,model_rank
bag,cash,chalk,bag::cash::chalk,1.0,5,2.9608495538469066e-05,No linking structure,direct,,,Qwen2-7B,5.0,12.0
bag,cash,crayons,bag::cash::crayons,1.0,2,0.00019152510174891271,No linking structure,direct,,,Qwen2-7B,5.0,7.0
bag,cash,headphones,bag::cash::headphones,0.0,3,2.2831620166455813e-06,No linking structure,direct,,,Qwen2-7B,26.0,22.0
bag,cash,makeup,bag::cash::makeup,0.10526315789473684,19,2.034960154472012e-05,No linking structure,direct,,,Qwen2-7B,22.0,17.0
bag,cash,pen,bag::cash::pen,1.0,5,0.020963996823953848,No linking structure,direct,,,Qwen2-7B,5.0,2.0
bag,chalk,cash,bag::chalk::cash,0.0,6,1.3422017084107954e-06,No linking structure,direct,,,Qwen2-7B,26.0,27.0
bag,chalk,crayons,bag::chalk::crayons,1.0,6,0.00019152510174891271,No linking structure,direct,,,Qwen2-7B,5.0,7.0
bag,chalk,headphones,bag::chalk::headphones,0.2,5,2.2831620166455813e-06,No linking structure,direct,,,Qwen2-7B,18.0,22.0
bag,chalk,makeup,bag::chalk::makeup,0.2,5,2.034960154472012e-05,No linking structure,direct,,,Qwen2-7B,18.0,17.0
bag,chalk,pen,bag::chalk::pen,1.0,5,0.020963996823953848,No linking structure,direct,,,Qwen2-7B,5.0,2.0
bag,crayons,cash,bag::crayons::cash,0.0,5,1.3422017084107954e-06,No linking structure,direct,,,Qwen2-7B,26.0,27.0
bag,crayons,chalk,bag::crayons::chalk,0.8888888888888888,18,2.9608495538469066e-05,No linking structure,direct,,,Qwen2-7B,11.0,12.0
bag,crayons,headphones,bag::crayons::headphones,0.25,4,2.2831620166455813e-06,No linking structure,direct,,,Qwen2-7B,15.0,22.0
bag,crayons,makeup,bag::crayons::makeup,0.0,5,2.034960154472012e-05,No linking structure,direct,,,Qwen2-7B,26.0,17.0
bag,crayons,pen,bag::crayons::pen,1.0,4,0.020963996823953848,No linking structure,direct,,,Qwen2-7B,5.0,2.0
bag,headphones,cash,bag::headphones::cash,0.14285714285714285,14,1.3422017084107954e-06,No linking structure,direct,,,Qwen2-7B,21.0,27.0
bag,headphones,chalk,bag::headphones::chalk,0.4,5,2.9608495538469066e-05,No linking structure,direct,,,Qwen2-7B,14.0,12.0
bag,headphones,crayons,bag::headphones::crayons,1.0,3,0.00019152510174891271,No linking structure,direct,,,Qwen2-7B,5.0,7.0
bag,headphones,makeup,bag::headphones::makeup,0.21052631578947367,19,2.034960154472012e-05,No linking structure,direct,,,Qwen2-7B,16.0,17.0
bag,headphones,pen,bag::headphones::pen,1.0,5,0.020963996823953848,No linking structure,direct,,,Qwen2-7B,5.0,2.0
bag,makeup,cash,bag::makeup::cash,0.2,5,1.3422017084107954e-06,No linking structure,direct,,,Qwen2-7B,18.0,27.0
bag,makeup,chalk,bag::makeup::chalk,1.0,2,2.9608495538469066e-05,No linking structure,direct,,,Qwen2-7B,5.0,12.0
bag,makeup,crayons,bag::makeup::crayons,1.0,2,0.00019152510174891271,No linking structure,direct,,,Qwen2-7B,5.0,7.0
bag,makeup,headphones,bag::makeup::headphones,0.0,4,2.2831620166455813e-06,No linking structure,direct,,,Qwen2-7B,26.0,22.0
bag,makeup,pen,bag::makeup::pen,1.0,3,0.020963996823953848,No linking structure,direct,,,Qwen2-7B,5.0,2.0
bag,pen,cash,bag::pen::cash,0.0,5,1.3422017084107954e-06,No linking structure,direct,,,Qwen2-7B,26.0,27.0
bag,pen,chalk,bag::pen::chalk,0.8571428571428571,21,2.9608495538469066e-05,No linking structure,direct,,,Qwen2-7B,13.0,12.0
bag,pen,crayons,bag::pen::crayons,0.8823529411764706,17,0.00019152510174891271,No linking structure,direct,,,Qwen2-7B,12.0,7.0
bag,pen,headphones,bag::pen::headphones,0.0,5,2.2831620166455813e-06,No linking structure,direct,,,Qwen2-7B,26.0,22.0
bag,pen,makeup,bag::pen::makeup,0.16666666666666666,6,2.034960154472012e-05,No linking structure,direct,,,Qwen2-7B,20.0,17.0
bakery,cakes,ice cream,bakery::cakes::ice cream,0.8421052631578947,19,0.022727741692932173,No linking structure,direct,,,Qwen2-7B,9.0,7.0
bakery,cakes,muffins,bakery::cakes::muffins,0.8888888888888888,18,0.003344562494658966,No linking structure,direct,,,Qwen2-7B,8.0,12.0
bakery,cakes,pretzels,bakery::cakes::pretzels,0.5,6,0.00044242398395466417,No linking structure,direct,,,Qwen2-7B,17.0,17.0
bakery,cakes,sandwiches,bakery::cakes::sandwiches,0.4,5,9.81156727195331e-05,No linking structure,direct,,,Qwen2-7B,21.0,22.0
bakery,cakes,water,bakery::cakes::water,0.0,5,6.957443011942533e-05,No linking structure,direct,,,Qwen2-7B,27.0,27.0
bakery,ice cream,cakes,bakery::ice cream::cakes,1.0,5,0.028068328401024318,No linking structure,direct,,,Qwen2-7B,3.5,2.0
bakery,ice cream,muffins,bakery::ice cream::muffins,0.5882352941176471,17,0.003344562494658966,No linking structure,direct,,,Qwen2-7B,13.0,12.0
bakery,ice cream,pretzels,bakery::ice cream::pretzels,0.5,2,0.00044242398395466417,No linking structure,direct,,,Qwen2-7B,17.0,17.0
bakery,ice cream,sandwiches,bakery::ice cream::sandwiches,0.25,4,9.81156727195331e-05,No linking structure,direct,,,Qwen2-7B,23.0,22.0
bakery,ice cream,water,bakery::ice cream::water,0.16666666666666666,6,6.957443011942533e-05,No linking structure,direct,,,Qwen2-7B,24.0,27.0
bakery,muffins,cakes,bakery::muffins::cakes,1.0,5,0.028068328401024318,No linking structure,direct,,,Qwen2-7B,3.5,2.0
bakery,muffins,ice cream,bakery::muffins::ice cream,1.0,2,0.022727741692932173,No linking structure,direct,,,Qwen2-7B,3.5,7.0
bakery,muffins,pretzels,bakery::muffins::pretzels,0.4,5,0.00044242398395466417,No linking structure,direct,,,Qwen2-7B,21.0,17.0
bakery,muffins,sandwiches,bakery::muffins::sandwiches,0.0,2,9.81156727195331e-05,No linking structure,direct,,,Qwen2-7B,27.0,22.0
bakery,muffins,water,bakery::muffins::water,0.0,5,6.957443011942533e-05,No linking structure,direct,,,Qwen2-7B,27.0,27.0
bakery,pretzels,cakes,bakery::pretzels::cakes,1.0,5,0.028068328401024318,No linking structure,direct,,,Qwen2-7B,3.5,2.0
bakery,pretzels,ice cream,bakery::pretzels::ice cream,1.0,5,0.022727741692932173,No linking structure,direct,,,Qwen2-7B,3.5,7.0
bakery,pretzels,muffins,bakery::pretzels::muffins,1.0,3,0.003344562494658966,No linking structure,direct,,,Qwen2-7B,3.5,12.0
bakery,pretzels,sandwiches,bakery::pretzels::sandwiches,0.4,5,9.81156727195331e-05,No linking structure,direct,,,Qwen2-7B,21.0,22.0
bakery,pretzels,water,bakery::pretzels::water,0.0,4,6.957443011942533e-05,No linking structure,direct,,,Qwen2-7B,27.0,27.0
bakery,sandwiches,cakes,bakery::sandwiches::cakes,1.0,3,0.028068328401024318,No linking structure,direct,,,Qwen2-7B,3.5,2.0
bakery,sandwiches,ice cream,bakery::sandwiches::ice cream,1.0,5,0.022727741692932173,No linking structure,direct,,,Qwen2-7B,3.5,7.0
bakery,sandwiches,muffins,bakery::sandwiches::muffins,0.6666666666666666,3,0.003344562494658966,No linking structure,direct,,,Qwen2-7B,11.0,12.0
bakery,sandwiches,pretzels,bakery::sandwiches::pretzels,0.55,20,0.00044242398395466417,No linking structure,direct,,,Qwen2-7B,14.0,17.0
bakery,sandwiches,water,bakery::sandwiches::water,0.0,5,6.957443011942533e-05,No linking structure,direct,,,Qwen2-7B,27.0,27.0
bakery,water,cakes,bakery::water::cakes,0.6666666666666666,3,0.028068328401024318,No linking structure,direct,,,Qwen2-7B,11.0,2.0
bakery,water,ice cream,bakery::water::ice cream,0.6666666666666666,6,0.022727741692932173,No linking structure,direct,,,Qwen2-7B,11.0,7.0
bakery,water,muffins,bakery::water::muffins,0.5,6,0.003344562494658966,No linking structure,direct,,,Qwen2-7B,17.0,12.0
bakery,water,pretzels,bakery::water::pretzels,0.5384615384615384,13,0.00044242398395466417,No linking structure,direct,,,Qwen2-7B,15.0,17.0
bakery,water,sandwiches,bakery::water::sandwiches,0.42857142857142855,21,9.81156727195331e-05,No linking structure,direct,,,Qwen2-7B,19.0,22.0
beach,bikini,coat,beach::bikini::coat,0.3333333333333333,3,0.00018325719038345763,No linking structure,direct,,,Qwen2-7B,21.0,27.0
beach,bikini,jacket,beach::bikini::jacket,0.25,4,0.0004260857333882055,No linking structure,direct,,,Qwen2-7B,23.0,22.0
beach,bikini,jeans,beach::bikini::jeans,0.5,6,0.003797660803361987,No linking structure,direct,,,Qwen2-7B,17.0,12.0
beach,bikini,shorts,beach::bikini::shorts,0.7,20,0.024763865083255884,No linking structure,direct,,,Qwen2-7B,10.0,7.0
beach,bikini,sunglasses,beach::bikini::sunglasses,0.16666666666666666,18,0.0013970813340994986,No linking structure,direct,,,Qwen2-7B,25.0,17.0
beach,coat,bikini,beach::coat::bikini,1.0,6,0.05242510279264671,No linking structure,direct,,,Qwen2-7B,3.0,2.0
beach,coat,jacket,beach::coat::jacket,0.5454545454545454,11,0.0004260857333882055,No linking structure,direct,,,Qwen2-7B,14.0,22.0
beach,coat,jeans,beach::coat::jeans,0.5,16,0.003797660803361987,No linking structure,direct,,,Qwen2-7B,17.0,12.0
beach,coat,shorts,beach::coat::shorts,1.0,5,0.024763865083255884,No linking structure,direct,,,Qwen2-7B,3.0,7.0
beach,coat,sunglasses,beach::coat::sunglasses,0.0,3,0.0013970813340994986,No linking structure,direct,,,Qwen2-7B,28.0,17.0
beach,jacket,bikini,beach::jacket::bikini,1.0,2,0.05242510279264671,No linking structure,direct,,,Qwen2-7B,3.0,2.0
beach,jacket,coat,beach::jacket::coat,1.0,3,0.00018325719038345763,No linking structure,direct,,,Qwen2-7B,3.0,27.0
beach,jacket,jeans,beach::jacket::jeans,0.45,20,0.003797660803361987,No linking structure,direct,,,Qwen2-7B,20.0,12.0
beach,jacket,shorts,beach::jacket::shorts,0.6,5,0.024763865083255884,No linking structure,direct,,,Qwen2-7B,12.0,7.0
beach,jacket,sunglasses,beach::jacket::sunglasses,0.5,4,0.0013970813340994986,No linking structure,direct,,,Qwen2-7B,17.0,17.0
beach,jeans,bikini,beach::jeans::bikini,1.0,5,0.05242510279264671,No linking structure,direct,,,Qwen2-7B,3.0,2.0
beach,jeans,coat,beach::jeans::coat,0.6,5,0.00018325719038345763,No linking structure,direct,,,Qwen2-7B,12.0,27.0
beach,jeans,jacket,beach::jeans::jacket,0.0,6,0.0004260857333882055,No linking structure,direct,,,Qwen2-7B,28.0,22.0
beach,jeans,shorts,beach::jeans::shorts,1.0,5,0.024763865083255884,No linking structure,direct,,,Qwen2-7B,3.0,7.0
beach,jeans,sunglasses,beach::jeans::sunglasses,0.25,4,0.0013970813340994986,No linking structure,direct,,,Qwen2-7B,23.0,17.0
beach,shorts,bikini,beach::shorts::bikini,0.75,4,0.05242510279264671,No linking structure,direct,,,Qwen2-7B,8.5,2.0
beach,shorts,coat,beach::shorts::coat,0.75,4,0.00018325719038345763,No linking structure,direct,,,Qwen2-7B,8.5,27.0
beach,shorts,jacket,beach::shorts::jacket,0.25,4,0.0004260857333882055,No linking structure,direct,,,Qwen2-7B,23.0,22.0
beach,shorts,jeans,beach::shorts::jeans,0.6,5,0.003797660803361987,No linking structure,direct,,,Qwen2-7B,12.0,12.0
beach,shorts,sunglasses,beach::shorts::sunglasses,0.15,20,0.0013970813340994986,No linking structure,direct,,,Qwen2-7B,26.0,17.0
beach,sunglasses,bikini,beach::sunglasses::bikini,1.0,5,0.05242510279264671,No linking structure,direct,,,Qwen2-7B,3.0,2.0
beach,sunglasses,coat,beach::sunglasses::coat,0.0,5,0.00018325719038345763,No linking structure,direct,,,Qwen2-7B,28.0,27.0
beach,sunglasses,jacket,beach::sunglasses::jacket,0.8,5,0.0004260857333882055,No linking structure,direct,,,Qwen2-7B,7.0,22.0
beach,sunglasses,jeans,beach::sunglasses::jeans,0.5,6,0.003797660803361987,No linking structure,direct,,,Qwen2-7B,17.0,12.0
beach,sunglasses,shorts,beach::sunglasses::shorts,0.5,4,0.024763865083255884,No linking structure,direct,,,Qwen2-7B,17.0,7.0
cold,blankets,fridge,cold::blankets::fridge,0.0,4,0.0008476709110923122,No linking structure,direct,,,Qwen2-7B,24.5,7.0
cold,blankets,heater,cold::blankets::heater,1.0,2,0.18304599194425594,No linking structure,direct,,,Qwen2-7B,1.0,2.0
cold,blankets,microwave,cold::blankets::microwave,0.0,5,0.00037615168663119176,No linking structure,direct,,,Qwen2-7B,24.5,12.0
cold,blankets,sink,cold::blankets::sink,0.0,4,9.81250302054365e-05,No linking structure,direct,,,Qwen2-7B,24.5,17.0
cold,blankets,tea,cold::blankets::tea,0.2,20,5.282331033596424e-06,No linking structure,direct,,,Qwen2-7B,17.0,27.0
cold,fridge,blankets,cold::fridge::blankets,0.3333333333333333,3,7.5665898510842385e-06,No linking structure,direct,,,Qwen2-7B,12.5,22.0
cold,fridge,heater,cold::fridge::heater,0.8,5,0.18304599194425594,No linking structure,direct,,,Qwen2-7B,4.0,2.0
cold,fridge,microwave,cold::fridge::microwave,0.6923076923076923,13,0.00037615168663119176,No linking structure,direct,,,Qwen2-7B,5.0,12.0
cold,fridge,sink,cold::fridge::sink,0.23809523809523808,21,9.81250302054365e-05,No linking structure,direct,,,Qwen2-7B,15.0,17.0
cold,fridge,tea,cold::fridge::tea,0.5,6,5.282331033596424e-06,No linking structure,direct,,,Qwen2-7B,10.0,27.0
cold,heater,blankets,cold::heater::blankets,0.8333333333333334,18,7.5665898510842385e-06,No linking structure,direct,,,Qwen2-7B,3.0,22.0
cold,heater,fridge,cold::heater::fridge,0.0,4,0.0008476709110923122,No linking structure,direct,,,Qwen2-7B,24.5,7.0
cold,heater,microwave,cold::heater::microwave,0.2,5,0.00037615168663119176,No linking structure,direct,,,Qwen2-7B,17.0,12.0
cold,heater,sink,cold::heater::sink,0.0,5,9.81250302054365e-05,No linking structure,direct,,,Qwen2-7B,24.5,17.0
cold,heater,tea,cold::heater::tea,0.125,16,5.282331033596424e-06,No linking structure,direct,,,Qwen2-7B,19.0,27.0
cold,microwave,blankets,cold::microwave::blankets,0.6,5,7.5665898510842385e-06,No linking structure,direct,,,Qwen2-7B,6.5,22.0
cold,microwave,fridge,cold::microwave::fridge,0.5,4,0.0008476709110923122,No linking structure,direct,,,Qwen2-7B,10.0,7.0
cold,microwave,heater,cold::microwave::heater,1.0,5,0.18304599194425594,No linking structure,direct,,,Qwen2-7B,1.0,2.0
cold,microwave,sink,cold::microwave::sink,0.0,4,9.81250302054365e-05,No linking structure,direct,,,Qwen2-7B,24.5,17.0
cold,microwave,tea,cold::microwave::tea,0.2,5,5.282331033596424e-06,No linking structure,direct,,,Qwen2-7B,17.0,27.0
cold,sink,blankets,cold::sink::blankets,0.3333333333333333,3,7.5665898510842385e-06,No linking structure,direct,,,Qwen2-7B,12.5,22.0
cold,sink,fridge,cold::sink::fridge,0.25,4,0.0008476709110923122,No linking structure,direct,,,Qwen2-7B,14.0,7.0
cold,sink,heater,cold::sink::heater,1.0,4,0.18304599194425594,No linking structure,direct,,,Qwen2-7B,1.0,2.0
cold,sink,microwave,cold::sink::microwave,0.5294117647058824,17,0.00037615168663119176,No linking structure,direct,,,Qwen2-7B,8.0,12.0
cold,sink,tea,cold::sink::tea,0.0,5,5.282331033596424e-06,No linking structure,direct,,,Qwen2-7B,24.5,27.0
cold,tea,blankets,cold::tea::blankets,0.6,5,7.5665898510842385e-06,No linking structure,direct,,,Qwen2-7B,6.5,22.0
cold,tea,fridge,cold::tea::fridge,0.0,6,0.0008476709110923122,No linking structure,direct,,,Qwen2-7B,24.5,7.0
cold,tea,heater,cold::tea::heater,0.5,6,0.18304599194425594,No linking structure,direct,,,Qwen2-7B,10.0,2.0
cold,tea,microwave,cold::tea::microwave,0.0,5,0.00037615168663119176,No linking structure,direct,,,Qwen2-7B,24.5,12.0
cold,tea,sink,cold::tea::sink,0.0,4,9.81250302054365e-05,No linking structure,direct,,,Qwen2-7B,24.5,17.0
cut,batteries,keys,cut::batteries::keys,0.16666666666666666,6,0.00047616100066493096,No linking structure,direct,,,Qwen2-7B,20.5,17.0
cut,batteries,nail clippers,cut::batteries::nail clippers,0.8,5,0.003920075247342479,No linking structure,direct,,,Qwen2-7B,4.5,7.0
cut,batteries,scissors,cut::batteries::scissors,0.8,5,0.28837190767797577,No linking structure,direct,,,Qwen2-7B,4.5,2.0
cut,batteries,stapler,cut::batteries::stapler,0.4444444444444444,18,0.0019170241283580469,No linking structure,direct,,,Qwen2-7B,12.0,12.0
cut,batteries,thumb tacks,cut::batteries::thumb tacks,0.38095238095238093,21,1.371987828905735e-06,No linking structure,direct,,,Qwen2-7B,13.0,27.0
cut,keys,batteries,cut::keys::batteries,0.25,4,3.4492987197353704e-05,No linking structure,direct,,,Qwen2-7B,16.0,22.0
cut,keys,nail clippers,cut::keys::nail clippers,0.8,5,0.003920075247342479,No linking structure,direct,,,Qwen2-7B,4.5,7.0
cut,keys,scissors,cut::keys::scissors,1.0,5,0.28837190767797577,No linking structure,direct,,,Qwen2-7B,1.0,2.0
cut,keys,stapler,cut::keys::stapler,0.2,5,0.0019170241283580469,No linking structure,direct,,,Qwen2-7B,18.0,12.0
cut,keys,thumb tacks,cut::keys::thumb tacks,0.2,5,1.371987828905735e-06,No linking structure,direct,,,Qwen2-7B,18.0,27.0
cut,nail clippers,batteries,cut::nail clippers::batteries,0.0,5,3.4492987197353704e-05,No linking structure,direct,,,Qwen2-7B,26.5,22.0
cut,nail clippers,keys,cut::nail clippers::keys,0.3125,16,0.00047616100066493096,No linking structure,direct,,,Qwen2-7B,15.0,17.0
cut,nail clippers,scissors,cut::nail clippers::scissors,1.0,4,0.28837190767797577,No linking structure,direct,,,Qwen2-7B,1.0,2.0
cut,nail clippers,stapler,cut::nail clippers::stapler,0.5,2,0.0019170241283580469,No linking structure,direct,,,Qwen2-7B,11.0,12.0
cut,nail clippers,thumb tacks,cut::nail clippers::thumb tacks,0.6666666666666666,3,1.371987828905735e-06,No linking structure,direct,,,Qwen2-7B,7.5,27.0
cut,scissors,batteries,cut::scissors::batteries,0.0,4,3.4492987197353704e-05,No linking structure,direct,,,Qwen2-7B,26.5,22.0
cut,scissors,keys,cut::scissors::keys,0.15,20,0.00047616100066493096,No linking structure,direct,,,Qwen2-7B,22.0,17.0
cut,scissors,nail clippers,cut::scissors::nail clippers,0.6363636363636364,11,0.003920075247342479,No linking structure,direct,,,Qwen2-7B,9.0,7.0
cut,scissors,stapler,cut::scissors::stapler,0.16666666666666666,6,0.0019170241283580469,No linking structure,direct,,,Qwen2-7B,20.5,12.0
cut,scissors,thumb tacks,cut::scissors::thumb tacks,0.0,4,1.371987828905735e-06,No linking structure,direct,,,Qwen2-7B,26.5,27.0
cut,stapler,batteries,cut::stapler::batteries,0.0,5,3.4492987197353704e-05,No linking structure,direct,,,Qwen2-7B,26.5,22.0
cut,stapler,keys,cut::stapler::keys,0.2,5,0.00047616100066493096,No linking structure,direct,,,Qwen2-7B,18.0,17.0
cut,stapler,nail clippers,cut::stapler::nail clippers,0.6666666666666666,6,0.003920075247342479,No linking structure,direct,,,Qwen2-7B,7.5,7.0
cut,stapler,scissors,cut::stapler::scissors,1.0,4,0.28837190767797577,No linking structure,direct,,,Qwen2-7B,1.0,2.0
cut,stapler,thumb tacks,cut::stapler::thumb tacks,0.11764705882352941,17,1.371987828905735e-06,No linking structure,direct,,,Qwen2-7B,23.0,27.0
cut,thumb tacks,batteries,cut::thumb tacks::batteries,0.0,4,3.4492987197353704e-05,No linking structure,direct,,,Qwen2-7B,26.5,22.0
cut,thumb tacks,keys,cut::thumb tacks::keys,0.3333333333333333,3,0.00047616100066493096,No linking structure,direct,,,Qwen2-7B,14.0,17.0
cut,thumb tacks,nail clippers,cut::thumb tacks::nail clippers,0.6,5,0.003920075247342479,No linking structure,direct,,,Qwen2-7B,10.0,7.0
cut,thumb tacks,scissors,cut::thumb tacks::scissors,0.8,5,0.28837190767797577,No linking structure,direct,,,Qwen2-7B,4.5,2.0
cut,thumb tacks,stapler,cut::thumb tacks::stapler,0.0,5,0.0019170241283580469,No linking structure,direct,,,Qwen2-7B,26.5,12.0
fridge,juice,ketchup,fridge::juice::ketchup,0.3333333333333333,6,3.904618229534004e-06,No linking structure,direct,,,Qwen2-7B,17.0,22.0
fridge,juice,meat,fridge::juice::meat,0.0,3,1.1334065415000177e-06,No linking structure,direct,,,Qwen2-7B,25.5,27.0
fridge,juice,milk,fridge::juice::milk,1.0,15,0.0022157654826684865,No linking structure,direct,,,Qwen2-7B,5.0,12.0
fridge,juice,water,fridge::juice::water,1.0,6,0.05714534497480362,No linking structure,direct,,,Qwen2-7B,5.0,2.0
fridge,juice,yogurt,fridge::juice::yogurt,0.0,5,1.8008659693827032e-05,No linking structure,direct,,,Qwen2-7B,25.5,17.0
fridge,ketchup,juice,fridge::ketchup::juice,1.0,5,0.01057082591162501,No linking structure,direct,,,Qwen2-7B,5.0,7.0
fridge,ketchup,meat,fridge::ketchup::meat,0.0,4,1.1334065415000177e-06,No linking structure,direct,,,Qwen2-7B,25.5,27.0
fridge,ketchup,milk,fridge::ketchup::milk,1.0,5,0.0022157654826684865,No linking structure,direct,,,Qwen2-7B,5.0,12.0
fridge,ketchup,water,fridge::ketchup::water,1.0,2,0.05714534497480362,No linking structure,direct,,,Qwen2-7B,5.0,2.0
fridge,ketchup,yogurt,fridge::ketchup::yogurt,0.2222222222222222,18,1.8008659693827032e-05,No linking structure,direct,,,Qwen2-7B,18.0,17.0
fridge,meat,juice,fridge::meat::juice,1.0,5,0.01057082591162501,No linking structure,direct,,,Qwen2-7B,5.0,7.0
fridge,meat,ketchup,fridge::meat::ketchup,0.16666666666666666,18,3.904618229534004e-06,No linking structure,direct,,,Qwen2-7B,21.0,22.0
fridge,meat,milk,fridge::meat::milk,0.6666666666666666,3,0.0022157654826684865,No linking structure,direct,,,Qwen2-7B,14.0,12.0
fridge,meat,water,fridge::meat::water,1.0,2,0.05714534497480362,No linking structure,direct,,,Qwen2-7B,5.0,2.0
fridge,meat,yogurt,fridge::meat::yogurt,0.625,16,1.8008659693827032e-05,No linking structure,direct,,,Qwen2-7B,15.0,17.0
fridge,milk,juice,fridge::milk::juice,1.0,5,0.01057082591162501,No linking structure,direct,,,Qwen2-7B,5.0,7.0
fridge,milk,ketchup,fridge::milk::ketchup,0.0,5,3.904618229534004e-06,No linking structure,direct,,,Qwen2-7B,25.5,22.0
fridge,milk,meat,fridge::milk::meat,0.0,6,1.1334065415000177e-06,No linking structure,direct,,,Qwen2-7B,25.5,27.0
fridge,milk,water,fridge::milk::water,0.8333333333333334,6,0.05714534497480362,No linking structure,direct,,,Qwen2-7B,12.0,2.0
fridge,milk,yogurt,fridge::milk::yogurt,0.2,5,1.8008659693827032e-05,No linking structure,direct,,,Qwen2-7B,19.5,17.0
fridge,water,juice,fridge::water::juice,1.0,22,0.01057082591162501,No linking structure,direct,,,Qwen2-7B,5.0,7.0
fridge,water,ketchup,fridge::water::ketchup,0.0,4,3.904618229534004e-06,No linking structure,direct,,,Qwen2-7B,25.5,22.0
fridge,water,meat,fridge::water::meat,0.0,3,1.1334065415000177e-06,No linking structure,direct,,,Qwen2-7B,25.5,27.0
fridge,water,milk,fridge::water::milk,0.9444444444444444,18,0.0022157654826684865,No linking structure,direct,,,Qwen2-7B,11.0,12.0
fridge,water,yogurt,fridge::water::yogurt,0.0,5,1.8008659693827032e-05,No linking structure,direct,,,Qwen2-7B,25.5,17.0
fridge,yogurt,juice,fridge::yogurt::juice,1.0,5,0.01057082591162501,No linking structure,direct,,,Qwen2-7B,5.0,7.0
fridge,yogurt,ketchup,fridge::yogurt::ketchup,0.2,5,3.904618229534004e-06,No linking structure,direct,,,Qwen2-7B,19.5,22.0
fridge,yogurt,meat,fridge::yogurt::meat,0.4,5,1.1334065415000177e-06,No linking structure,direct,,,Qwen2-7B,16.0,27.0
fridge,yogurt,milk,fridge::yogurt::milk,0.75,4,0.0022157654826684865,No linking structure,direct,,,Qwen2-7B,13.0,12.0
fridge,yogurt,water,fridge::yogurt::water,1.0,2,0.05714534497480362,No linking structure,direct,,,Qwen2-7B,5.0,2.0
gym,basketball,lacrosse,gym::basketball::lacrosse,0.9333333333333333,15,0.00117796848708969,No linking structure,direct,,,Qwen2-7B,11.0,17.0
gym,basketball,meditation,gym::basketball::meditation,0.0,2,3.347983177369654e-05,No linking structure,direct,,,Qwen2-7B,28.0,27.0
gym,basketball,softball,gym::basketball::softball,0.9,20,0.01191964574654508,No linking structure,direct,,,Qwen2-7B,12.0,7.0
gym,basketball,swimming,gym::basketball::swimming,0.4,5,0.005289310737148764,No linking structure,direct,,,Qwen2-7B,23.5,12.0
gym,basketball,weightlifting,gym::basketball::weightlifting,0.8,5,0.00026476954942302545,No linking structure,direct,,,Qwen2-7B,15.5,22.0
gym,lacrosse,basketball,gym::lacrosse::basketball,1.0,4,0.13641313810043787,No linking structure,direct,,,Qwen2-7B,4.5,2.0
gym,lacrosse,meditation,gym::lacrosse::meditation,0.0,2,3.347983177369654e-05,No linking structure,direct,,,Qwen2-7B,28.0,27.0
gym,lacrosse,softball,gym::lacrosse::softball,1.0,3,0.01191964574654508,No linking structure,direct,,,Qwen2-7B,4.5,7.0
gym,lacrosse,swimming,gym::lacrosse::swimming,0.3333333333333333,3,0.005289310737148764,No linking structure,direct,,,Qwen2-7B,25.5,12.0
gym,lacrosse,weightlifting,gym::lacrosse::weightlifting,0.6666666666666666,3,0.00026476954942302545,No linking structure,direct,,,Qwen2-7B,20.0,22.0
gym,meditation,basketball,gym::meditation::basketball,0.75,4,0.13641313810043787,No linking structure,direct,,,Qwen2-7B,18.5,2.0
gym,meditation,lacrosse,gym::meditation::lacrosse,1.0,4,0.00117796848708969,No linking structure,direct,,,Qwen2-7B,4.5,17.0
gym,meditation,softball,gym::meditation::softball,1.0,4,0.01191964574654508,No linking structure,direct,,,Qwen2-7B,4.5,7.0
gym,meditation,swimming,gym::meditation::swimming,0.7894736842105263,19,0.005289310737148764,No linking structure,direct,,,Qwen2-7B,17.0,12.0
gym,meditation,weightlifting,gym::meditation::weightlifting,0.55,20,0.00026476954942302545,No linking structure,direct,,,Qwen2-7B,22.0,22.0
gym,softball,basketball,gym::softball::basketball,1.0,6,0.13641313810043787,No linking structure,direct,,,Qwen2-7B,4.5,2.0
gym,softball,lacrosse,gym::softball::lacrosse,0.9473684210526315,19,0.00117796848708969,No linking structure,direct,,,Qwen2-7B,10.0,17.0
gym,softball,meditation,gym::softball::meditation,0.6,5,3.347983177369654e-05,No linking structure,direct,,,Qwen2-7B,21.0,27.0
gym,softball,swimming,gym::softball::swimming,0.8,5,0.005289310737148764,No linking structure,direct,,,Qwen2-7B,15.5,12.0
gym,softball,weightlifting,gym::softball::weightlifting,0.3333333333333333,3,0.00026476954942302545,No linking structure,direct,,,Qwen2-7B,25.5,22.0
gym,swimming,basketball,gym::swimming::basketball,1.0,5,0.13641313810043787,No linking structure,direct,,,Qwen2-7B,4.5,2.0
gym,swimming,lacrosse,gym::swimming::lacrosse,1.0,4,0.00117796848708969,No linking structure,direct,,,Qwen2-7B,4.5,17.0
gym,swimming,meditation,gym::swimming::meditation,0.0,5,3.347983177369654e-05,No linking structure,direct,,,Qwen2-7B,28.0,27.0
gym,swimming,softball,gym::swimming::softball,0.75,4,0.01191964574654508,No linking structure,direct,,,Qwen2-7B,18.5,7.0
gym,swimming,weightlifting,gym::swimming::weightlifting,0.4,5,0.00026476954942302545,No linking structure,direct,,,Qwen2-7B,23.5,22.0
gym,weightlifting,basketball,gym::weightlifting::basketball,1.0,5,0.13641313810043787,No linking structure,direct,,,Qwen2-7B,4.5,2.0
gym,weightlifting,lacrosse,gym::weightlifting::lacrosse,1.0,6,0.00117796848708969,No linking structure,direct,,,Qwen2-7B,4.5,17.0
gym,weightlifting,meditation,gym::weightlifting::meditation,1.0,2,3.347983177369654e-05,No linking structure,direct,,,Qwen2-7B,4.5,27.0
gym,weightlifting,softball,gym::weightlifting::softball,0.8333333333333334,6,0.01191964574654508,No linking structure,direct,,,Qwen2-7B,14.0,7.0
gym,weightlifting,swimming,gym::weightlifting::swimming,0.85,20,0.005289310737148764,No linking structure,direct,,,Qwen2-7B,13.0,12.0
hot,blankets,couch,hot::blankets::couch,0.0,12,9.765745262153553e-06,No linking structure,direct,,,Qwen2-7B,23.5,27.0
hot,blankets,fan,hot::blankets::fan,0.2,5,0.004903136612510628,No linking structure,direct,,,Qwen2-7B,14.0,2.0
hot,blankets,heater,hot::blankets::heater,0.75,4,0.004327002873489754,No linking structure,direct,,,Qwen2-7B,4.0,7.0
hot,blankets,pool,hot::blankets::pool,0.0,5,9.55959907240925e-05,No linking structure,direct,,,Qwen2-7B,23.5,12.0
hot,blankets,shower,hot::blankets::shower,0.2,5,4.8068682863490865e-05,No linking structure,direct,,,Qwen2-7B,14.0,17.0
hot,couch,blankets,hot::couch::blankets,0.2,5,3.30370903776806e-05,No linking structure,direct,,,Qwen2-7B,14.0,22.0
hot,couch,fan,hot::couch::fan,0.0,3,0.004903136612510628,No linking structure,direct,,,Qwen2-7B,23.5,2.0
hot,couch,heater,hot::couch::heater,0.0,3,0.004327002873489754,No linking structure,direct,,,Qwen2-7B,23.5,7.0
hot,couch,pool,hot::couch::pool,0.5,6,9.55959907240925e-05,No linking structure,direct,,,Qwen2-7B,6.0,12.0
hot,couch,shower,hot::couch::shower,1.0,2,4.8068682863490865e-05,No linking structure,direct,,,Qwen2-7B,1.0,17.0
hot,fan,blankets,hot::fan::blankets,0.0,4,3.30370903776806e-05,No linking structure,direct,,,Qwen2-7B,23.5,22.0
hot,fan,couch,hot::fan::couch,0.0,4,9.765745262153553e-06,No linking structure,direct,,,Qwen2-7B,23.5,27.0
hot,fan,heater,hot::fan::heater,0.16666666666666666,6,0.004327002873489754,No linking structure,direct,,,Qwen2-7B,16.0,7.0
hot,fan,pool,hot::fan::pool,0.55,20,9.55959907240925e-05,No linking structure,direct,,,Qwen2-7B,5.0,12.0
hot,fan,shower,hot::fan::shower,0.05,20,4.8068682863490865e-05,No linking structure,direct,,,Qwen2-7B,17.0,17.0
hot,heater,blankets,hot::heater::blankets,0.23076923076923078,13,3.30370903776806e-05,No linking structure,direct,,,Qwen2-7B,12.0,22.0
hot,heater,couch,hot::heater::couch,0.0,20,9.765745262153553e-06,No linking structure,direct,,,Qwen2-7B,23.5,27.0
hot,heater,fan,hot::heater::fan,1.0,5,0.004903136612510628,No linking structure,direct,,,Qwen2-7B,1.0,2.0
hot,heater,pool,hot::heater::pool,0.25,4,9.55959907240925e-05,No linking structure,direct,,,Qwen2-7B,10.5,12.0
hot,heater,shower,hot::heater::shower,0.0,5,4.8068682863490865e-05,No linking structure,direct,,,Qwen2-7B,23.5,17.0
hot,pool,blankets,hot::pool::blankets,0.4,5,3.30370903776806e-05,No linking structure,direct,,,Qwen2-7B,7.0,22.0
hot,pool,couch,hot::pool::couch,0.0,4,9.765745262153553e-06,No linking structure,direct,,,Qwen2-7B,23.5,27.0
hot,pool,fan,hot::pool::fan,0.25,4,0.004903136612510628,No linking structure,direct,,,Qwen2-7B,10.5,2.0
hot,pool,heater,hot::pool::heater,0.0,4,0.004327002873489754,No linking structure,direct,,,Qwen2-7B,23.5,7.0
hot,pool,shower,hot::pool::shower,0.2631578947368421,19,4.8068682863490865e-05,No linking structure,direct,,,Qwen2-7B,9.0,17.0
hot,shower,blankets,hot::shower::blankets,0.0,4,3.30370903776806e-05,No linking structure,direct,,,Qwen2-7B,23.5,22.0
hot,shower,couch,hot::shower::couch,0.0,6,9.765745262153553e-06,No linking structure,direct,,,Qwen2-7B,23.5,27.0
hot,shower,fan,hot::shower::fan,0.8,5,0.004903136612510628,No linking structure,direct,,,Qwen2-7B,3.0,2.0
hot,shower,heater,hot::shower::heater,0.3333333333333333,6,0.004327002873489754,No linking structure,direct,,,Qwen2-7B,8.0,7.0
hot,shower,pool,hot::shower::pool,1.0,5,9.55959907240925e-05,No linking structure,direct,,,Qwen2-7B,1.0,12.0
mall,burger joint,coffee shop,mall::burger joint::coffee shop,0.625,16,0.0005743637310202907,No linking structure,direct,,,Qwen2-7B,15.0,2.0
mall,burger joint,electronics store,mall::burger joint::electronics store,0.0,6,1.0191910275860165e-07,No linking structure,direct,,,Qwen2-7B,27.0,27.0
mall,burger joint,gift shop,mall::burger joint::gift shop,0.16666666666666666,6,3.7230821011148176e-06,No linking structure,direct,,,Qwen2-7B,24.0,22.0
mall,burger joint,grocery store,mall::burger joint::grocery store,0.8,5,0.0004890885217530884,No linking structure,direct,,,Qwen2-7B,11.0,7.0
mall,burger joint,pretzel stand,mall::burger joint::pretzel stand,0.8421052631578947,19,4.70222731870018e-06,No linking structure,direct,,,Qwen2-7B,7.5,17.0
mall,coffee shop,burger joint,mall::coffee shop::burger joint,0.5,2,0.0004673275761914715,No linking structure,direct,,,Qwen2-7B,20.0,12.0
mall,coffee shop,electronics store,mall::coffee shop::electronics store,0.4,5,1.0191910275860165e-07,No linking structure,direct,,,Qwen2-7B,22.0,27.0
mall,coffee shop,gift shop,mall::coffee shop::gift shop,0.0,4,3.7230821011148176e-06,No linking structure,direct,,,Qwen2-7B,27.0,22.0
mall,coffee shop,grocery store,mall::coffee shop::grocery store,0.6,5,0.0004890885217530884,No linking structure,direct,,,Qwen2-7B,17.0,7.0
mall,coffee shop,pretzel stand,mall::coffee shop::pretzel stand,1.0,5,4.70222731870018e-06,No linking structure,direct,,,Qwen2-7B,2.5,17.0
mall,electronics store,burger joint,mall::electronics store::burger joint,1.0,5,0.0004673275761914715,No linking structure,direct,,,Qwen2-7B,2.5,12.0
mall,electronics store,coffee shop,mall::electronics store::coffee shop,0.8,5,0.0005743637310202907,No linking structure,direct,,,Qwen2-7B,11.0,2.0
mall,electronics store,gift shop,mall::electronics store::gift shop,0.6,20,3.7230821011148176e-06,No linking structure,direct,,,Qwen2-7B,17.0,22.0
mall,electronics store,grocery store,mall::electronics store::grocery store,0.8421052631578947,19,0.0004890885217530884,No linking structure,direct,,,Qwen2-7B,7.5,7.0
mall,electronics store,pretzel stand,mall::electronics store::pretzel stand,0.6666666666666666,3,4.70222731870018e-06,No linking structure,direct,,,Qwen2-7B,14.0,17.0
mall,gift shop,burger joint,mall::gift shop::burger joint,1.0,3,0.0004673275761914715,No linking structure,direct,,,Qwen2-7B,2.5,12.0
mall,gift shop,coffee shop,mall::gift shop::coffee shop,0.5,2,0.0005743637310202907,No linking structure,direct,,,Qwen2-7B,20.0,2.0
mall,gift shop,electronics store,mall::gift shop::electronics store,0.5,4,1.0191910275860165e-07,No linking structure,direct,,,Qwen2-7B,20.0,27.0
mall,gift shop,grocery store,mall::gift shop::grocery store,0.8666666666666667,15,0.0004890885217530884,No linking structure,direct,,,Qwen2-7B,6.0,7.0
mall,gift shop,pretzel stand,mall::gift shop::pretzel stand,1.0,3,4.70222731870018e-06,No linking structure,direct,,,Qwen2-7B,2.5,17.0
mall,grocery store,burger joint,mall::grocery store::burger joint,1.0,5,0.0004673275761914715,No linking structure,direct,,,Qwen2-7B,2.5,12.0
mall,grocery store,coffee shop,mall::grocery store::coffee shop,0.8,5,0.0005743637310202907,No linking structure,direct,,,Qwen2-7B,11.0,2.0
mall,grocery store,electronics store,mall::grocery store::electronics store,0.0,3,1.0191910275860165e-07,No linking structure,direct,,,Qwen2-7B,27.0,27.0
mall,grocery store,gift shop,mall::grocery store::gift shop,0.2,5,3.7230821011148176e-06,No linking structure,direct,,,Qwen2-7B,23.0,22.0
mall,grocery store,pretzel stand,mall::grocery store::pretzel stand,0.8,5,4.70222731870018e-06,No linking structure,direct,,,Qwen2-7B,11.0,17.0
mall,pretzel stand,burger joint,mall::pretzel stand::burger joint,1.0,2,0.0004673275761914715,No linking structure,direct,,,Qwen2-7B,2.5,12.0
mall,pretzel stand,coffee shop,mall::pretzel stand::coffee shop,0.8,20,0.0005743637310202907,No linking structure,direct,,,Qwen2-7B,11.0,2.0
mall,pretzel stand,electronics store,mall::pretzel stand::electronics store,0.0,5,1.0191910275860165e-07,No linking structure,direct,,,Qwen2-7B,27.0,27.0
mall,pretzel stand,gift shop,mall::pretzel stand::gift shop,0.0,6,3.7230821011148176e-06,No linking structure,direct,,,Qwen2-7B,27.0,22.0
mall,pretzel stand,grocery store,mall::pretzel stand::grocery store,0.6,5,0.0004890885217530884,No linking structure,direct,,,Qwen2-7B,17.0,7.0
mask,bandana,candy,mask::bandana::candy,0.0,4,3.5119284852753616e-06,No linking structure,direct,,,Qwen2-7B,27.0,22.0
mask,bandana,gloves,mask::bandana::gloves,0.5,2,0.00010104240827271411,No linking structure,direct,,,Qwen2-7B,11.0,12.0
mask,bandana,handkerchief,mask::bandana::handkerchief,0.6153846153846154,13,3.666008901236262e-05,No linking structure,direct,,,Qwen2-7B,6.0,17.0
mask,bandana,napkins,mask::bandana::napkins,0.16666666666666666,12,2.2981719345439451e-07,No linking structure,direct,,,Qwen2-7B,23.0,27.0
mask,bandana,wallet,mask::bandana::wallet,0.4,5,0.0002009468233487783,No linking structure,direct,,,Qwen2-7B,15.0,7.0
mask,candy,bandana,mask::candy::bandana,0.8,5,0.00024146149725427007,No linking structure,direct,,,Qwen2-7B,2.5,2.0
mask,candy,gloves,mask::candy::gloves,0.0625,16,0.00010104240827271411,No linking structure,direct,,,Qwen2-7B,24.0,12.0
mask,candy,handkerchief,mask::candy::handkerchief,0.6666666666666666,6,3.666008901236262e-05,No linking structure,direct,,,Qwen2-7B,4.0,17.0
mask,candy,napkins,mask::candy::napkins,0.5,4,2.2981719345439451e-07,No linking structure,direct,,,Qwen2-7B,11.0,27.0
mask,candy,wallet,mask::candy::wallet,0.2,20,0.0002009468233487783,No linking structure,direct,,,Qwen2-7B,20.0,7.0
mask,gloves,bandana,mask::gloves::bandana,0.5,6,0.00024146149725427007,No linking structure,direct,,,Qwen2-7B,11.0,2.0
mask,gloves,candy,mask::gloves::candy,0.2,5,3.5119284852753616e-06,No linking structure,direct,,,Qwen2-7B,20.0,22.0
mask,gloves,handkerchief,mask::gloves::handkerchief,0.4,5,3.666008901236262e-05,No linking structure,direct,,,Qwen2-7B,15.0,17.0
mask,gloves,napkins,mask::gloves::napkins,0.5,4,2.2981719345439451e-07,No linking structure,direct,,,Qwen2-7B,11.0,27.0
mask,gloves,wallet,mask::gloves::wallet,0.0,3,0.0002009468233487783,No linking structure,direct,,,Qwen2-7B,27.0,7.0
mask,handkerchief,bandana,mask::handkerchief::bandana,1.0,3,0.00024146149725427007,No linking structure,direct,,,Qwen2-7B,0.5,2.0
mask,handkerchief,candy,mask::handkerchief::candy,0.0,6,3.5119284852753616e-06,No linking structure,direct,,,Qwen2-7B,27.0,22.0
mask,handkerchief,gloves,mask::handkerchief::gloves,0.4,5,0.00010104240827271411,No linking structure,direct,,,Qwen2-7B,15.0,12.0
mask,handkerchief,napkins,mask::handkerchief::napkins,0.3,20,2.2981719345439451e-07,No linking structure,direct,,,Qwen2-7B,17.0,27.0
mask,handkerchief,wallet,mask::handkerchief::wallet,0.0,5,0.0002009468233487783,No linking structure,direct,,,Qwen2-7B,27.0,7.0
mask,napkins,bandana,mask::napkins::bandana,1.0,5,0.00024146149725427007,No linking structure,direct,,,Qwen2-7B,0.5,2.0
mask,napkins,candy,mask::napkins::candy,0.2,5,3.5119284852753616e-06,No linking structure,direct,,,Qwen2-7B,20.0,22.0
mask,napkins,gloves,mask::napkins::gloves,0.2,5,0.00010104240827271411,No linking structure,direct,,,Qwen2-7B,20.0,12.0
mask,napkins,handkerchief,mask::napkins::handkerchief,0.6,5,3.666008901236262e-05,No linking structure,direct,,,Qwen2-7B,7.5,17.0
mask,napkins,wallet,mask::napkins::wallet,0.0,4,0.0002009468233487783,No linking structure,direct,,,Qwen2-7B,27.0,7.0
mask,wallet,bandana,mask::wallet::bandana,0.8,5,0.00024146149725427007,No linking structure,direct,,,Qwen2-7B,2.5,2.0
mask,wallet,candy,mask::wallet::candy,0.2,5,3.5119284852753616e-06,No linking structure,direct,,,Qwen2-7B,20.0,22.0
mask,wallet,gloves,mask::wallet::gloves,0.631578947368421,19,0.00010104240827271411,No linking structure,direct,,,Qwen2-7B,5.0,12.0
mask,wallet,handkerchief,mask::wallet::handkerchief,0.6,5,3.666008901236262e-05,No linking structure,direct,,,Qwen2-7B,7.5,17.0
mask,wallet,napkins,mask::wallet::napkins,0.5,6,2.2981719345439451e-07,No linking structure,direct,,,Qwen2-7B,11.0,27.0
meat,chicken,crab,meat::chicken::crab,0.7647058823529411,17,0.0004148536370918721,No linking structure,direct,,,Qwen2-7B,13.0,27.0
meat,chicken,mushrooms,meat::chicken::mushrooms,0.2,5,0.0015902965326022008,No linking structure,direct,,,Qwen2-7B,20.0,22.0
meat,chicken,rice,meat::chicken::rice,0.5,2,0.004601675596768143,No linking structure,direct,,,Qwen2-7B,16.5,12.0
meat,chicken,tofu,meat::chicken::tofu,0.0,5,0.01037003603678711,No linking structure,direct,,,Qwen2-7B,25.5,7.0
meat,chicken,turkey,meat::chicken::turkey,0.9523809523809523,21,0.0019182637831740735,No linking structure,direct,,,Qwen2-7B,10.0,17.0
meat,crab,chicken,meat::crab::chicken,1.0,5,0.08156665162209543,No linking structure,direct,,,Qwen2-7B,4.5,2.0
meat,crab,mushrooms,meat::crab::mushrooms,0.0,3,0.0015902965326022008,No linking structure,direct,,,Qwen2-7B,25.5,22.0
meat,crab,rice,meat::crab::rice,0.0,5,0.004601675596768143,No linking structure,direct,,,Qwen2-7B,25.5,12.0
meat,crab,tofu,meat::crab::tofu,0.6666666666666666,3,0.01037003603678711,No linking structure,direct,,,Qwen2-7B,14.0,7.0
meat,crab,turkey,meat::crab::turkey,1.0,5,0.0019182637831740735,No linking structure,direct,,,Qwen2-7B,4.5,17.0
meat,mushrooms,chicken,meat::mushrooms::chicken,1.0,6,0.08156665162209543,No linking structure,direct,,,Qwen2-7B,4.5,2.0
meat,mushrooms,crab,meat::mushrooms::crab,1.0,5,0.0004148536370918721,No linking structure,direct,,,Qwen2-7B,4.5,27.0
meat,mushrooms,rice,meat::mushrooms::rice,0.0,6,0.004601675596768143,No linking structure,direct,,,Qwen2-7B,25.5,12.0
meat,mushrooms,tofu,meat::mushrooms::tofu,0.5263157894736842,19,0.01037003603678711,No linking structure,direct,,,Qwen2-7B,15.0,7.0
meat,mushrooms,turkey,meat::mushrooms::turkey,1.0,6,0.0019182637831740735,No linking structure,direct,,,Qwen2-7B,4.5,17.0
meat,rice,chicken,meat::rice::chicken,1.0,2,0.08156665162209543,No linking structure,direct,,,Qwen2-7B,4.5,2.0
meat,rice,crab,meat::rice::crab,0.5,2,0.0004148536370918721,No linking structure,direct,,,Qwen2-7B,16.5,27.0
meat,rice,mushrooms,meat::rice::mushrooms,0.23529411764705882,17,0.0015902965326022008,No linking structure,direct,,,Qwen2-7B,19.0,22.0
meat,rice,tofu,meat::rice::tofu,0.3888888888888889,18,0.01037003603678711,No linking structure,direct,,,Qwen2-7B,18.0,7.0
meat,rice,turkey,meat::rice::turkey,1.0,5,0.0019182637831740735,No linking structure,direct,,,Qwen2-7B,4.5,17.0
meat,tofu,chicken,meat::tofu::chicken,1.0,4,0.08156665162209543,No linking structure,direct,,,Qwen2-7B,4.5,2.0
meat,tofu,crab,meat::tofu::crab,0.8,5,0.0004148536370918721,No linking structure,direct,,,Qwen2-7B,11.0,27.0
meat,tofu,mushrooms,meat::tofu::mushrooms,0.0,5,0.0015902965326022008,No linking structure,direct,,,Qwen2-7B,25.5,22.0
meat,tofu,rice,meat::tofu::rice,0.0,5,0.004601675596768143,No linking structure,direct,,,Qwen2-7B,25.5,12.0
meat,tofu,turkey,meat::tofu::turkey,1.0,5,0.0019182637831740735,No linking structure,direct,,,Qwen2-7B,4.5,17.0
meat,turkey,chicken,meat::turkey::chicken,1.0,4,0.08156665162209543,No linking structure,direct,,,Qwen2-7B,4.5,2.0
meat,turkey,crab,meat::turkey::crab,0.7692307692307693,13,0.0004148536370918721,No linking structure,direct,,,Qwen2-7B,12.0,27.0
meat,turkey,mushrooms,meat::turkey::mushrooms,0.0,4,0.0015902965326022008,No linking structure,direct,,,Qwen2-7B,25.5,22.0
meat,turkey,rice,meat::turkey::rice,0.0,5,0.004601675596768143,No linking structure,direct,,,Qwen2-7B,25.5,12.0
meat,turkey,tofu,meat::turkey::tofu,0.16666666666666666,6,0.01037003603678711,No linking structure,direct,,,Qwen2-7B,21.0,7.0
restaurant,cake,cocktails,restaurant::cake::cocktails,1.0,4,0.005229608175133813,No linking structure,direct,,,Qwen2-7B,3.5,2.0
restaurant,cake,salad,restaurant::cake::salad,0.6,5,1.2962902647225122e-05,No linking structure,direct,,,Qwen2-7B,13.0,22.0
restaurant,cake,soda,restaurant::cake::soda,0.8,5,0.0014075299456215563,No linking structure,direct,,,Qwen2-7B,9.0,12.0
restaurant,cake,soup,restaurant::cake::soup,0.3888888888888889,18,1.276193146944111e-05,No linking structure,direct,,,Qwen2-7B,19.0,27.0
restaurant,cake,vodka,restaurant::cake::vodka,1.0,6,0.0033764888120704044,No linking structure,direct,,,Qwen2-7B,3.5,7.0
restaurant,cocktails,cake,restaurant::cocktails::cake,0.6,5,0.00022977294726728316,No linking structure,direct,,,Qwen2-7B,13.0,17.0
restaurant,cocktails,salad,restaurant::cocktails::salad,0.0,4,1.2962902647225122e-05,No linking structure,direct,,,Qwen2-7B,25.5,22.0
restaurant,cocktails,soda,restaurant::cocktails::soda,0.42105263157894735,19,0.0014075299456215563,No linking structure,direct,,,Qwen2-7B,18.0,12.0
restaurant,cocktails,soup,restaurant::cocktails::soup,0.0,2,1.276193146944111e-05,No linking structure,direct,,,Qwen2-7B,25.5,27.0
restaurant,cocktails,vodka,restaurant::cocktails::vodka,0.5,14,0.0033764888120704044,No linking structure,direct,,,Qwen2-7B,16.5,7.0
restaurant,salad,cake,restaurant::salad::cake,0.55,20,0.00022977294726728316,No linking structure,direct,,,Qwen2-7B,15.0,17.0
restaurant,salad,cocktails,restaurant::salad::cocktails,0.75,4,0.005229608175133813,No linking structure,direct,,,Qwen2-7B,10.0,2.0
restaurant,salad,soda,restaurant::salad::soda,0.6,5,0.0014075299456215563,No linking structure,direct,,,Qwen2-7B,13.0,12.0
restaurant,salad,soup,restaurant::salad::soup,0.7,20,1.276193146944111e-05,No linking structure,direct,,,Qwen2-7B,11.0,27.0
restaurant,salad,vodka,restaurant::salad::vodka,1.0,5,0.0033764888120704044,No linking structure,direct,,,Qwen2-7B,3.5,7.0
restaurant,soda,cake,restaurant::soda::cake,0.0,3,0.00022977294726728316,No linking structure,direct,,,Qwen2-7B,25.5,17.0
restaurant,soda,cocktails,restaurant::soda::cocktails,1.0,3,0.005229608175133813,No linking structure,direct,,,Qwen2-7B,3.5,2.0
restaurant,soda,salad,restaurant::soda::salad,0.0,5,1.2962902647225122e-05,No linking structure,direct,,,Qwen2-7B,25.5,22.0
restaurant,soda,soup,restaurant::soda::soup,0.0,2,1.276193146944111e-05,No linking structure,direct,,,Qwen2-7B,25.5,27.0
restaurant,soda,vodka,restaurant::soda::vodka,1.0,5,0.0033764888120704044,No linking structure,direct,,,Qwen2-7B,3.5,7.0
restaurant,soup,cake,restaurant::soup::cake,0.3333333333333333,3,0.00022977294726728316,No linking structure,direct,,,Qwen2-7B,20.0,17.0
restaurant,soup,cocktails,restaurant::soup::cocktails,1.0,6,0.005229608175133813,No linking structure,direct,,,Qwen2-7B,3.5,2.0
restaurant,soup,salad,restaurant::soup::salad,0.5,6,1.2962902647225122e-05,No linking structure,direct,,,Qwen2-7B,16.5,22.0
restaurant,soup,soda,restaurant::soup::soda,0.8333333333333334,6,0.0014075299456215563,No linking structure,direct,,,Qwen2-7B,8.0,12.0
restaurant,soup,vodka,restaurant::soup::vodka,1.0,4,0.0033764888120704044,No linking structure,direct,,,Qwen2-7B,3.5,7.0
restaurant,vodka,cake,restaurant::vodka::cake,0.0,5,0.00022977294726728316,No linking structure,direct,,,Qwen2-7B,25.5,17.0
restaurant,vodka,cocktails,restaurant::vodka::cocktails,1.0,3,0.005229608175133813,No linking structure,direct,,,Qwen2-7B,3.5,2.0
restaurant,vodka,salad,restaurant::vodka::salad,0.0,2,1.2962902647225122e-05,No linking structure,direct,,,Qwen2-7B,25.5,22.0
restaurant,vodka,soda,restaurant::vodka::soda,0.3157894736842105,19,0.0014075299456215563,No linking structure,direct,,,Qwen2-7B,21.0,12.0
restaurant,vodka,soup,restaurant::vodka::soup,0.0,5,1.276193146944111e-05,No linking structure,direct,,,Qwen2-7B,25.5,27.0
salad,chips,cigarettes,salad::chips::cigarettes,0.16666666666666666,6,3.7085575640020403e-06,No linking structure,direct,,,Qwen2-7B,20.0,27.0
salad,chips,dressing,salad::chips::dressing,0.4,5,0.0006236837824880336,No linking structure,direct,,,Qwen2-7B,13.0,7.0
salad,chips,lettuce,salad::chips::lettuce,1.0,6,0.20859364621010548,No linking structure,direct,,,Qwen2-7B,2.0,2.0
salad,chips,meat,salad::chips::meat,0.2857142857142857,21,1.7148196440341067e-05,No linking structure,direct,,,Qwen2-7B,18.0,22.0
salad,chips,tuna,salad::chips::tuna,0.2,5,0.00019625071584100374,No linking structure,direct,,,Qwen2-7B,19.0,12.0
salad,cigarettes,chips,salad::cigarettes::chips,0.4375,16,8.180946976883386e-05,No linking structure,direct,,,Qwen2-7B,11.5,17.0
salad,cigarettes,dressing,salad::cigarettes::dressing,1.0,4,0.0006236837824880336,No linking structure,direct,,,Qwen2-7B,2.0,7.0
salad,cigarettes,lettuce,salad::cigarettes::lettuce,0.75,4,0.20859364621010548,No linking structure,direct,,,Qwen2-7B,6.5,2.0
salad,cigarettes,meat,salad::cigarettes::meat,0.5789473684210527,19,1.7148196440341067e-05,No linking structure,direct,,,Qwen2-7B,10.0,22.0
salad,cigarettes,tuna,salad::cigarettes::tuna,0.3333333333333333,6,0.00019625071584100374,No linking structure,direct,,,Qwen2-7B,16.0,12.0
salad,dressing,chips,salad::dressing::chips,0.0,2,8.180946976883386e-05,No linking structure,direct,,,Qwen2-7B,25.0,17.0
salad,dressing,cigarettes,salad::dressing::cigarettes,0.0,5,3.7085575640020403e-06,No linking structure,direct,,,Qwen2-7B,25.0,27.0
salad,dressing,lettuce,salad::dressing::lettuce,1.0,3,0.20859364621010548,No linking structure,direct,,,Qwen2-7B,2.0,2.0
salad,dressing,meat,salad::dressing::meat,0.3333333333333333,3,1.7148196440341067e-05,No linking structure,direct,,,Qwen2-7B,16.0,22.0
salad,dressing,tuna,salad::dressing::tuna,0.4375,16,0.00019625071584100374,No linking structure,direct,,,Qwen2-7B,11.5,12.0
salad,lettuce,chips,salad::lettuce::chips,0.0,2,8.180946976883386e-05,No linking structure,direct,,,Qwen2-7B,25.0,17.0
salad,lettuce,cigarettes,salad::lettuce::cigarettes,0.0,6,3.7085575640020403e-06,No linking structure,direct,,,Qwen2-7B,25.0,27.0
salad,lettuce,dressing,salad::lettuce::dressing,0.6111111111111112,18,0.0006236837824880336,No linking structure,direct,,,Qwen2-7B,8.0,7.0
salad,lettuce,meat,salad::lettuce::meat,0.75,4,1.7148196440341067e-05,No linking structure,direct,,,Qwen2-7B,6.5,22.0
salad,lettuce,tuna,salad::lettuce::tuna,0.3888888888888889,18,0.00019625071584100374,No linking structure,direct,,,Qwen2-7B,14.0,12.0
salad,meat,chips,salad::meat::chips,0.0,2,8.180946976883386e-05,No linking structure,direct,,,Qwen2-7B,25.0,17.0
salad,meat,cigarettes,salad::meat::cigarettes,0.0,5,3.7085575640020403e-06,No linking structure,direct,,,Qwen2-7B,25.0,27.0
salad,meat,dressing,salad::meat::dressing,0.0,3,0.0006236837824880336,No linking structure,direct,,,Qwen2-7B,25.0,7.0
salad,meat,lettuce,salad::meat::lettuce,1.0,6,0.20859364621010548,No linking structure,direct,,,Qwen2-7B,2.0,2.0
salad,meat,tuna,salad::meat::tuna,0.3333333333333333,3,0.00019625071584100374,No linking structure,direct,,,Qwen2-7B,16.0,12.0
salad,tuna,chips,salad::tuna::chips,0.0,5,8.180946976883386e-05,No linking structure,direct,,,Qwen2-7B,25.0,17.0
salad,tuna,cigarettes,salad::tuna::cigarettes,0.0,5,3.7085575640020403e-06,No linking structure,direct,,,Qwen2-7B,25.0,27.0
salad,tuna,dressing,salad::tuna::dressing,0.6,5,0.0006236837824880336,No linking structure,direct,,,Qwen2-7B,9.0,7.0
salad,tuna,lettuce,salad::tuna::lettuce,1.0,5,0.20859364621010548,No linking structure,direct,,,Qwen2-7B,2.0,2.0
salad,tuna,meat,salad::tuna::meat,0.8,5,1.7148196440341067e-05,No linking structure,direct,,,Qwen2-7B,5.0,22.0
science,art,geology,science::art::geology,1.0,4,0.01138783021883045,No linking structure,direct,,,Qwen2-7B,3.0,7.0
science,art,math,science::art::math,0.7,20,0.005259367217936848,No linking structure,direct,,,Qwen2-7B,15.0,12.0
science,art,philosophy,science::art::philosophy,0.6111111111111112,18,0.0003061318825174483,No linking structure,direct,,,Qwen2-7B,21.0,22.0
science,art,physics,science::art::physics,1.0,5,0.28715175467547105,No linking structure,direct,,,Qwen2-7B,3.0,2.0
science,art,zoology,science::art::zoology,0.8,5,0.002173687758452255,No linking structure,direct,,,Qwen2-7B,11.0,17.0
science,geology,art,science::geology::art,0.6,5,0.00011261962586528051,No linking structure,direct,,,Qwen2-7B,22.0,27.0
science,geology,math,science::geology::math,0.8333333333333334,6,0.005259367217936848,No linking structure,direct,,,Qwen2-7B,8.5,12.0
science,geology,philosophy,science::geology::philosophy,0.6666666666666666,3,0.0003061318825174483,No linking structure,direct,,,Qwen2-7B,18.0,22.0
science,geology,physics,science::geology::physics,1.0,4,0.28715175467547105,No linking structure,direct,,,Qwen2-7B,3.0,2.0
science,geology,zoology,science::geology::zoology,1.0,13,0.002173687758452255,No linking structure,direct,,,Qwen2-7B,3.0,17.0
science,math,art,science::math::art,0.5,2,0.00011261962586528051,No linking structure,direct,,,Qwen2-7B,23.5,27.0
science,math,geology,science::math::geology,0.75,4,0.01138783021883045,No linking structure,direct,,,Qwen2-7B,13.5,7.0
science,math,philosophy,science::math::philosophy,0.4,5,0.0003061318825174483,No linking structure,direct,,,Qwen2-7B,26.0,22.0
science,math,physics,science::math::physics,0.5,4,0.28715175467547105,No linking structure,direct,,,Qwen2-7B,23.5,2.0
science,math,zoology,science::math::zoology,0.8,5,0.002173687758452255,No linking structure,direct,,,Qwen2-7B,11.0,17.0
science,philosophy,art,science::philosophy::art,1.0,5,0.00011261962586528051,No linking structure,direct,,,Qwen2-7B,3.0,27.0
science,philosophy,geology,science::philosophy::geology,0.8,5,0.01138783021883045,No linking structure,direct,,,Qwen2-7B,11.0,7.0
science,philosophy,math,science::philosophy::math,0.6875,16,0.005259367217936848,No linking structure,direct,,,Qwen2-7B,16.0,12.0
science,philosophy,physics,science::philosophy::physics,1.0,4,0.28715175467547105,No linking structure,direct,,,Qwen2-7B,3.0,2.0
science,philosophy,zoology,science::philosophy::zoology,0.8333333333333334,6,0.002173687758452255,No linking structure,direct,,,Qwen2-7B,8.5,17.0
science,physics,art,science::physics::art,0.4,5,0.00011261962586528051,No linking structure,direct,,,Qwen2-7B,26.0,27.0
science,physics,geology,science::physics::geology,0.8571428571428571,21,0.01138783021883045,No linking structure,direct,,,Qwen2-7B,7.0,7.0
science,physics,math,science::physics::math,0.3333333333333333,3,0.005259367217936848,No linking structure,direct,,,Qwen2-7B,28.5,12.0
science,physics,philosophy,science::physics::philosophy,0.3333333333333333,3,0.0003061318825174483,No linking structure,direct,,,Qwen2-7B,28.5,22.0
science,physics,zoology,science::physics::zoology,0.65,20,0.002173687758452255,No linking structure,direct,,,Qwen2-7B,20.0,17.0
science,zoology,art,science::zoology::art,0.6666666666666666,3,0.00011261962586528051,No linking structure,direct,,,Qwen2-7B,18.0,27.0
science,zoology,geology,science::zoology::geology,0.75,4,0.01138783021883045,No linking structure,direct,,,Qwen2-7B,13.5,7.0
science,zoology,math,science::zoology::math,0.4,5,0.005259367217936848,No linking structure,direct,,,Qwen2-7B,26.0,12.0
science,zoology,philosophy,science::zoology::philosophy,0.6666666666666666,6,0.0003061318825174483,No linking structure,direct,,,Qwen2-7B,18.0,22.0
science,zoology,physics,science::zoology::physics,1.0,4,0.28715175467547105,No linking structure,direct,,,Qwen2-7B,3.0,2.0
throw,beach ball,boomerang,throw::beach ball::boomerang,0.631578947368421,19,6.269631235122632e-05,No linking structure,direct,,,Qwen2-7B,12.0,17.0
throw,beach ball,football,throw::beach ball::football,1.0,5,0.07010249737103116,No linking structure,direct,,,Qwen2-7B,2.5,2.0
throw,beach ball,lawnmower,throw::beach ball::lawnmower,0.0,3,1.8169908727314258e-05,No linking structure,direct,,,Qwen2-7B,24.5,22.0
throw,beach ball,shovel,throw::beach ball::shovel,0.0,6,0.00011219222538546057,No linking structure,direct,,,Qwen2-7B,24.5,12.0
throw,beach ball,tires,throw::beach ball::tires,0.0,6,1.3267252636365016e-06,No linking structure,direct,,,Qwen2-7B,24.5,27.0
throw,boomerang,beach ball,throw::boomerang::beach ball,0.75,4,0.0016439787822974988,No linking structure,direct,,,Qwen2-7B,10.5,7.0
throw,boomerang,football,throw::boomerang::football,1.0,4,0.07010249737103116,No linking structure,direct,,,Qwen2-7B,2.5,2.0
throw,boomerang,lawnmower,throw::boomerang::lawnmower,0.0,5,1.8169908727314258e-05,No linking structure,direct,,,Qwen2-7B,24.5,22.0
throw,boomerang,shovel,throw::boomerang::shovel,0.0,4,0.00011219222538546057,No linking structure,direct,,,Qwen2-7B,24.5,12.0
throw,boomerang,tires,throw::boomerang::tires,0.0,5,1.3267252636365016e-06,No linking structure,direct,,,Qwen2-7B,24.5,27.0
throw,football,beach ball,throw::football::beach ball,0.875,16,0.0016439787822974988,No linking structure,direct,,,Qwen2-7B,6.0,7.0
throw,football,boomerang,throw::football::boomerang,0.6190476190476191,21,6.269631235122632e-05,No linking structure,direct,,,Qwen2-7B,13.0,17.0
throw,football,lawnmower,throw::football::lawnmower,0.0,3,1.8169908727314258e-05,No linking structure,direct,,,Qwen2-7B,24.5,22.0
throw,football,shovel,throw::football::shovel,0.0,4,0.00011219222538546057,No linking structure,direct,,,Qwen2-7B,24.5,12.0
throw,football,tires,throw::football::tires,0.0,3,1.3267252636365016e-06,No linking structure,direct,,,Qwen2-7B,24.5,27.0
throw,lawnmower,beach ball,throw::lawnmower::beach ball,1.0,2,0.0016439787822974988,No linking structure,direct,,,Qwen2-7B,2.5,7.0
throw,lawnmower,boomerang,throw::lawnmower::boomerang,0.8,5,6.269631235122632e-05,No linking structure,direct,,,Qwen2-7B,8.0,17.0
throw,lawnmower,football,throw::lawnmower::football,1.0,5,0.07010249737103116,No linking structure,direct,,,Qwen2-7B,2.5,2.0
throw,lawnmower,shovel,throw::lawnmower::shovel,0.3333333333333333,21,0.00011219222538546057,No linking structure,direct,,,Qwen2-7B,16.5,12.0
throw,lawnmower,tires,throw::lawnmower::tires,0.07692307692307693,13,1.3267252636365016e-06,No linking structure,direct,,,Qwen2-7B,19.0,27.0
throw,shovel,beach ball,throw::shovel::beach ball,0.75,4,0.0016439787822974988,No linking structure,direct,,,Qwen2-7B,10.5,7.0
throw,shovel,boomerang,throw::shovel::boomerang,0.6,5,6.269631235122632e-05,No linking structure,direct,,,Qwen2-7B,14.5,17.0
throw,shovel,football,throw::shovel::football,1.0,4,0.07010249737103116,No linking structure,direct,,,Qwen2-7B,2.5,2.0
throw,shovel,lawnmower,throw::shovel::lawnmower,0.0,5,1.8169908727314258e-05,No linking structure,direct,,,Qwen2-7B,24.5,22.0
throw,shovel,tires,throw::shovel::tires,0.125,16,1.3267252636365016e-06,No linking structure,direct,,,Qwen2-7B,18.0,27.0
throw,tires,beach ball,throw::tires::beach ball,0.6,5,0.0016439787822974988,No linking structure,direct,,,Qwen2-7B,14.5,7.0
throw,tires,boomerang,throw::tires::boomerang,1.0,4,6.269631235122632e-05,No linking structure,direct,,,Qwen2-7B,2.5,17.0
throw,tires,football,throw::tires::football,0.8,5,0.07010249737103116,No linking structure,direct,,,Qwen2-7B,8.0,2.0
throw,tires,lawnmower,throw::tires::lawnmower,0.8,5,1.8169908727314258e-05,No linking structure,direct,,,Qwen2-7B,8.0,22.0
throw,tires,shovel,throw::tires::shovel,0.3333333333333333,6,0.00011219222538546057,No linking structure,direct,,,Qwen2-7B,16.5,12.0
transport,car,chairs,transport::car::chairs,0.0,5,5.282162107007573e-07,No linking structure,direct,,,Qwen2-7B,26.5,27.0
transport,car,hammer,transport::car::hammer,0.2,5,1.3569765064932681e-05,No linking structure,direct,,,Qwen2-7B,20.0,22.0
transport,car,lawnmower,transport::car::lawnmower,0.25,4,0.0002984215920362344,No linking structure,direct,,,Qwen2-7B,17.5,12.0
transport,car,motorcycle,transport::car::motorcycle,0.9047619047619048,21,0.045836852396460376,No linking structure,direct,,,Qwen2-7B,5.0,7.0
transport,car,roller blades,transport::car::roller blades,0.5625,16,0.00019451653210013974,No linking structure,direct,,,Qwen2-7B,11.0,17.0
transport,chairs,car,transport::chairs::car,1.0,3,0.13263333018799742,No linking structure,direct,,,Qwen2-7B,2.0,2.0
transport,chairs,hammer,transport::chairs::hammer,0.0,4,1.3569765064932681e-05,No linking structure,direct,,,Qwen2-7B,26.5,22.0
transport,chairs,lawnmower,transport::chairs::lawnmower,0.09090909090909091,22,0.0002984215920362344,No linking structure,direct,,,Qwen2-7B,22.0,12.0
transport,chairs,motorcycle,transport::chairs::motorcycle,0.6,5,0.045836852396460376,No linking structure,direct,,,Qwen2-7B,9.5,7.0
transport,chairs,roller blades,transport::chairs::roller blades,0.6666666666666666,3,0.00019451653210013974,No linking structure,direct,,,Qwen2-7B,8.0,17.0
transport,hammer,car,transport::hammer::car,0.6,5,0.13263333018799742,No linking structure,direct,,,Qwen2-7B,9.5,2.0
transport,hammer,chairs,transport::hammer::chairs,0.06666666666666667,15,5.282162107007573e-07,No linking structure,direct,,,Qwen2-7B,23.0,27.0
transport,hammer,lawnmower,transport::hammer::lawnmower,0.5555555555555556,18,0.0002984215920362344,No linking structure,direct,,,Qwen2-7B,12.0,12.0
transport,hammer,motorcycle,transport::hammer::motorcycle,0.5,4,0.045836852396460376,No linking structure,direct,,,Qwen2-7B,15.0,7.0
transport,hammer,roller blades,transport::hammer::roller blades,0.8,5,0.00019451653210013974,No linking structure,direct,,,Qwen2-7B,6.5,17.0
transport,lawnmower,car,transport::lawnmower::car,1.0,6,0.13263333018799742,No linking structure,direct,,,Qwen2-7B,2.0,2.0
transport,lawnmower,chairs,transport::lawnmower::chairs,0.2,5,5.282162107007573e-07,No linking structure,direct,,,Qwen2-7B,20.0,27.0
transport,lawnmower,hammer,transport::lawnmower::hammer,0.25,4,1.3569765064932681e-05,No linking structure,direct,,,Qwen2-7B,17.5,22.0
transport,lawnmower,motorcycle,transport::lawnmower::motorcycle,1.0,5,0.045836852396460376,No linking structure,direct,,,Qwen2-7B,2.0,7.0
transport,lawnmower,roller blades,transport::lawnmower::roller blades,0.5,4,0.00019451653210013974,No linking structure,direct,,,Qwen2-7B,15.0,17.0
transport,motorcycle,car,transport::motorcycle::car,0.8,5,0.13263333018799742,No linking structure,direct,,,Qwen2-7B,6.5,2.0
transport,motorcycle,chairs,transport::motorcycle::chairs,0.0,4,5.282162107007573e-07,No linking structure,direct,,,Qwen2-7B,26.5,27.0
transport,motorcycle,hammer,transport::motorcycle::hammer,0.0,5,1.3569765064932681e-05,No linking structure,direct,,,Qwen2-7B,26.5,22.0
transport,motorcycle,lawnmower,transport::motorcycle::lawnmower,0.0,5,0.0002984215920362344,No linking structure,direct,,,Qwen2-7B,26.5,12.0
transport,motorcycle,roller blades,transport::motorcycle::roller blades,0.5384615384615384,13,0.00019451653210013974,No linking structure,direct,,,Qwen2-7B,13.0,17.0
transport,roller blades,car,transport::roller blades::car,1.0,5,0.13263333018799742,No linking structure,direct,,,Qwen2-7B,2.0,2.0
transport,roller blades,chairs,transport::roller blades::chairs,0.5,2,5.282162107007573e-07,No linking structure,direct,,,Qwen2-7B,15.0,27.0
transport,roller blades,hammer,transport::roller blades::hammer,0.2,5,1.3569765064932681e-05,No linking structure,direct,,,Qwen2-7B,20.0,22.0
transport,roller blades,lawnmower,transport::roller blades::lawnmower,0.0,4,0.0002984215920362344,No linking structure,direct,,,Qwen2-7B,26.5,12.0
transport,roller blades,motorcycle,transport::roller blades::motorcycle,1.0,6,0.045836852396460376,No linking structure,direct,,,Qwen2-7B,2.0,7.0
bag,cash,chalk,bag::cash::chalk,1.0,5,0.0004039157053866397,X but not Y,direct,,,Qwen2-7B,5.0,10.0
bag,cash,crayons,bag::cash::crayons,1.0,2,0.0005436530689098947,X but not Y,direct,,,Qwen2-7B,5.0,9.0
bag,cash,headphones,bag::cash::headphones,0.0,3,1.1458206591564588e-05,X but not Y,direct,,,Qwen2-7B,26.0,14.0
bag,cash,makeup,bag::cash::makeup,0.10526315789473684,19,1.889138893158895e-05,X but not Y,direct,,,Qwen2-7B,22.0,13.0
bag,cash,pen,bag::cash::pen,1.0,5,0.10520919366699226,X but not Y,direct,,,Qwen2-7B,5.0,0.0
bag,chalk,cash,bag::chalk::cash,0.0,6,4.951536214807201e-06,X but not Y,direct,,,Qwen2-7B,26.0,22.0
bag,chalk,crayons,bag::chalk::crayons,1.0,6,0.005350971693828208,X but not Y,direct,,,Qwen2-7B,5.0,4.0
bag,chalk,headphones,bag::chalk::headphones,0.2,5,2.1972308760897475e-06,X but not Y,direct,,,Qwen2-7B,18.0,26.0
bag,chalk,makeup,bag::chalk::makeup,0.2,5,3.4031377539822212e-06,X but not Y,direct,,,Qwen2-7B,18.0,23.0
bag,chalk,pen,bag::chalk::pen,1.0,5,0.0011031747056157286,X but not Y,direct,,,Qwen2-7B,5.0,6.0
bag,crayons,cash,bag::crayons::cash,0.0,5,2.380899074666166e-06,X but not Y,direct,,,Qwen2-7B,26.0,25.0
bag,crayons,chalk,bag::crayons::chalk,0.8888888888888888,18,0.0010549289056721823,X but not Y,direct,,,Qwen2-7B,11.0,7.0
bag,crayons,headphones,bag::crayons::headphones,0.25,4,6.471954690059995e-06,X but not Y,direct,,,Qwen2-7B,15.0,20.0
bag,crayons,makeup,bag::crayons::makeup,0.0,5,9.71555470332474e-06,X but not Y,direct,,,Qwen2-7B,26.0,16.0
bag,crayons,pen,bag::crayons::pen,1.0,4,0.01207302200087316,X but not Y,direct,,,Qwen2-7B,5.0,3.0
bag,headphones,cash,bag::headphones::cash,0.14285714285714285,14,6.1810973348085385e-06,X but not Y,direct,,,Qwen2-7B,21.0,21.0
bag,headphones,chalk,bag::headphones::chalk,0.4,5,0.0001321576883041112,X but not Y,direct,,,Qwen2-7B,14.0,11.0
bag,headphones,crayons,bag::headphones::crayons,1.0,3,0.00010918367151093498,X but not Y,direct,,,Qwen2-7B,5.0,12.0
bag,headphones,makeup,bag::headphones::makeup,0.21052631578947367,19,6.579743862935638e-06,X but not Y,direct,,,Qwen2-7B,16.0,19.0
bag,headphones,pen,bag::headphones::pen,1.0,5,0.03900698674570621,X but not Y,direct,,,Qwen2-7B,5.0,2.0
bag,makeup,cash,bag::makeup::cash,0.2,5,8.900703618121173e-06,X but not Y,direct,,,Qwen2-7B,18.0,17.0
bag,makeup,chalk,bag::makeup::chalk,1.0,2,0.0008266491260922588,X but not Y,direct,,,Qwen2-7B,5.0,8.0
bag,makeup,crayons,bag::makeup::crayons,1.0,2,0.0028266011334004974,X but not Y,direct,,,Qwen2-7B,5.0,5.0
bag,makeup,headphones,bag::makeup::headphones,0.0,4,1.008581853608031e-05,X but not Y,direct,,,Qwen2-7B,26.0,15.0
bag,makeup,pen,bag::makeup::pen,1.0,3,0.05795256403375735,X but not Y,direct,,,Qwen2-7B,5.0,1.0
bag,pen,cash,bag::pen::cash,0.0,5,3.2530992365163814e-06,X but not Y,direct,,,Qwen2-7B,26.0,24.0
bag,pen,chalk,bag::pen::chalk,0.8571428571428571,21,6.886811137747859e-06,X but not Y,direct,,,Qwen2-7B,13.0,18.0
bag,pen,crayons,bag::pen::crayons,0.8823529411764706,17,1.7776741739946458e-06,X but not Y,direct,,,Qwen2-7B,12.0,27.0
bag,pen,headphones,bag::pen::headphones,0.0,5,4.135851557351555e-07,X but not Y,direct,,,Qwen2-7B,26.0,28.0
bag,pen,makeup,bag::pen::makeup,0.16666666666666666,6,3.765735696098341e-07,X but not Y,direct,,,Qwen2-7B,20.0,29.0
bakery,cakes,ice cream,bakery::cakes::ice cream,0.8421052631578947,19,0.05881626093353265,X but not Y,direct,,,Qwen2-7B,9.0,0.0
bakery,cakes,muffins,bakery::cakes::muffins,0.8888888888888888,18,0.03307395252506651,X but not Y,direct,,,Qwen2-7B,8.0,2.0
bakery,cakes,pretzels,bakery::cakes::pretzels,0.5,6,0.0001903360695143977,X but not Y,direct,,,Qwen2-7B,17.0,23.0
bakery,cakes,sandwiches,bakery::cakes::sandwiches,0.4,5,0.001992959810609001,X but not Y,direct,,,Qwen2-7B,21.0,13.0
bakery,cakes,water,bakery::cakes::water,0.0,5,9.617088215686522e-05,X but not Y,direct,,,Qwen2-7B,27.0,24.0
bakery,ice cream,cakes,bakery::ice cream::cakes,1.0,5,0.025044503735085443,X but not Y,direct,,,Qwen2-7B,3.5,4.0
bakery,ice cream,muffins,bakery::ice cream::muffins,0.5882352941176471,17,0.004876222672376609,X but not Y,direct,,,Qwen2-7B,13.0,11.0
bakery,ice cream,pretzels,bakery::ice cream::pretzels,0.5,2,8.861698915477017e-05,X but not Y,direct,,,Qwen2-7B,17.0,25.0
bakery,ice cream,sandwiches,bakery::ice cream::sandwiches,0.25,4,0.0005197820923970985,X but not Y,direct,,,Qwen2-7B,23.0,18.0
bakery,ice cream,water,bakery::ice cream::water,0.16666666666666666,6,0.00031526362507897825,X but not Y,direct,,,Qwen2-7B,24.0,20.0
bakery,muffins,cakes,bakery::muffins::cakes,1.0,5,0.04566006737679155,X but not Y,direct,,,Qwen2-7B,3.5,1.0
bakery,muffins,ice cream,bakery::muffins::ice cream,1.0,2,0.012648825914580046,X but not Y,direct,,,Qwen2-7B,3.5,8.0
bakery,muffins,pretzels,bakery::muffins::pretzels,0.4,5,0.0002692140094995383,X but not Y,direct,,,Qwen2-7B,21.0,21.0
bakery,muffins,sandwiches,bakery::muffins::sandwiches,0.0,2,0.0007380262519400594,X but not Y,direct,,,Qwen2-7B,27.0,17.0
bakery,muffins,water,bakery::muffins::water,0.0,5,5.871697802706255e-05,X but not Y,direct,,,Qwen2-7B,27.0,27.0
bakery,pretzels,cakes,bakery::pretzels::cakes,1.0,5,0.02494555598741918,X but not Y,direct,,,Qwen2-7B,3.5,5.0
bakery,pretzels,ice cream,bakery::pretzels::ice cream,1.0,5,0.02426888562663054,X but not Y,direct,,,Qwen2-7B,3.5,6.0
bakery,pretzels,muffins,bakery::pretzels::muffins,1.0,3,0.01248265921830324,X but not Y,direct,,,Qwen2-7B,3.5,9.0
bakery,pretzels,sandwiches,bakery::pretzels::sandwiches,0.4,5,0.0038255249113789717,X but not Y,direct,,,Qwen2-7B,21.0,12.0
bakery,pretzels,water,bakery::pretzels::water,0.0,4,0.0002027454893533152,X but not Y,direct,,,Qwen2-7B,27.0,22.0
bakery,sandwiches,cakes,bakery::sandwiches::cakes,1.0,3,0.023262294796397437,X but not Y,direct,,,Qwen2-7B,3.5,7.0
bakery,sandwiches,ice cream,bakery::sandwiches::ice cream,1.0,5,0.009330906702988393,X but not Y,direct,,,Qwen2-7B,3.5,10.0
bakery,sandwiches,muffins,bakery::sandwiches::muffins,0.6666666666666666,3,0.0011518648368360283,X but not Y,direct,,,Qwen2-7B,11.0,15.0
bakery,sandwiches,pretzels,bakery::sandwiches::pretzels,0.55,20,3.359740268661126e-05,X but not Y,direct,,,Qwen2-7B,14.0,29.0
bakery,sandwiches,water,bakery::sandwiches::water,0.0,5,6.138030877294028e-05,X but not Y,direct,,,Qwen2-7B,27.0,26.0
bakery,water,cakes,bakery::water::cakes,0.6666666666666666,3,0.0017220321842588435,X but not Y,direct,,,Qwen2-7B,11.0,14.0
bakery,water,ice cream,bakery::water::ice cream,0.6666666666666666,6,0.03016282884571904,X but not Y,direct,,,Qwen2-7B,11.0,3.0
bakery,water,muffins,bakery::water::muffins,0.5,6,0.0009046818103314413,X but not Y,direct,,,Qwen2-7B,17.0,16.0
bakery,water,pretzels,bakery::water::pretzels,0.5384615384615384,13,5.297686398411435e-05,X but not Y,direct,,,Qwen2-7B,15.0,28.0
bakery,water,sandwiches,bakery::water::sandwiches,0.42857142857142855,21,0.0003498520584069203,X but not Y,direct,,,Qwen2-7B,19.0,19.0
beach,bikini,coat,beach::bikini::coat,0.3333333333333333,3,2.56620317660207e-06,X but not Y,direct,,,Qwen2-7B,21.0,29.0
beach,bikini,jacket,beach::bikini::jacket,0.25,4,1.9563731988009467e-05,X but not Y,direct,,,Qwen2-7B,23.0,24.0
beach,bikini,jeans,beach::bikini::jeans,0.5,6,0.00017436964515930267,X but not Y,direct,,,Qwen2-7B,17.0,16.0
beach,bikini,shorts,beach::bikini::shorts,0.7,20,0.003968634831321209,X but not Y,direct,,,Qwen2-7B,10.0,4.0
beach,bikini,sunglasses,beach::bikini::sunglasses,0.16666666666666666,18,0.00014455751316384602,X but not Y,direct,,,Qwen2-7B,25.0,18.0
beach,coat,bikini,beach::coat::bikini,1.0,6,0.0007851964128934633,X but not Y,direct,,,Qwen2-7B,3.0,6.0
beach,coat,jacket,beach::coat::jacket,0.5454545454545454,11,8.27590535851273e-05,X but not Y,direct,,,Qwen2-7B,14.0,20.0
beach,coat,jeans,beach::coat::jeans,0.5,16,0.0008358372306872713,X but not Y,direct,,,Qwen2-7B,17.0,5.0
beach,coat,shorts,beach::coat::shorts,1.0,5,0.011538377058499314,X but not Y,direct,,,Qwen2-7B,3.0,3.0
beach,coat,sunglasses,beach::coat::sunglasses,0.0,3,0.0005744619674656981,X but not Y,direct,,,Qwen2-7B,28.0,10.0
beach,jacket,bikini,beach::jacket::bikini,1.0,2,0.0007295413832671524,X but not Y,direct,,,Qwen2-7B,3.0,8.0
beach,jacket,coat,beach::jacket::coat,1.0,3,1.8263702455403406e-05,X but not Y,direct,,,Qwen2-7B,3.0,25.0
beach,jacket,jeans,beach::jacket::jeans,0.45,20,0.0007765927600391541,X but not Y,direct,,,Qwen2-7B,20.0,7.0
beach,jacket,shorts,beach::jacket::shorts,0.6,5,0.013765436041350495,X but not Y,direct,,,Qwen2-7B,12.0,1.0
beach,jacket,sunglasses,beach::jacket::sunglasses,0.5,4,0.00041568015011606306,X but not Y,direct,,,Qwen2-7B,17.0,12.0
beach,jeans,bikini,beach::jeans::bikini,1.0,5,0.0003459748946583944,X but not Y,direct,,,Qwen2-7B,3.0,15.0
beach,jeans,coat,beach::jeans::coat,0.6,5,4.2211843350819275e-06,X but not Y,direct,,,Qwen2-7B,12.0,26.0
beach,jeans,jacket,beach::jeans::jacket,0.0,6,4.68225880345959e-05,X but not Y,direct,,,Qwen2-7B,28.0,22.0
beach,jeans,shorts,beach::jeans::shorts,1.0,5,0.07952812210133126,X but not Y,direct,,,Qwen2-7B,3.0,0.0
beach,jeans,sunglasses,beach::jeans::sunglasses,0.25,4,0.00015352535565363572,X but not Y,direct,,,Qwen2-7B,23.0,17.0
beach,shorts,bikini,beach::shorts::bikini,0.75,4,0.00043031491717570474,X but not Y,direct,,,Qwen2-7B,8.5,11.0
beach,shorts,coat,beach::shorts::coat,0.75,4,2.6399680883173265e-06,X but not Y,direct,,,Qwen2-7B,8.5,28.0
beach,shorts,jacket,beach::shorts::jacket,0.25,4,7.024694567456865e-05,X but not Y,direct,,,Qwen2-7B,23.0,21.0
beach,shorts,jeans,beach::shorts::jeans,0.6,5,0.000404243454318356,X but not Y,direct,,,Qwen2-7B,12.0,13.0
beach,shorts,sunglasses,beach::shorts::sunglasses,0.15,20,0.0001232872291433888,X but not Y,direct,,,Qwen2-7B,26.0,19.0
beach,sunglasses,bikini,beach::sunglasses::bikini,1.0,5,0.0006491782544249021,X but not Y,direct,,,Qwen2-7B,3.0,9.0
beach,sunglasses,coat,beach::sunglasses::coat,0.0,5,3.6262817642992066e-06,X but not Y,direct,,,Qwen2-7B,28.0,27.0
beach,sunglasses,jacket,beach::sunglasses::jacket,0.8,5,3.549734184101043e-05,X but not Y,direct,,,Qwen2-7B,7.0,23.0
beach,sunglasses,jeans,beach::sunglasses::jeans,0.5,6,0.0003937465149274317,X but not Y,direct,,,Qwen2-7B,17.0,14.0
beach,sunglasses,shorts,beach::sunglasses::shorts,0.5,4,0.012249095042013776,X but not Y,direct,,,Qwen2-7B,17.0,2.0
cold,blankets,fridge,cold::blankets::fridge,0.0,4,5.982429465489474e-06,X but not Y,direct,,,Qwen2-7B,24.5,20.0
cold,blankets,heater,cold::blankets::heater,1.0,2,0.0010380271582785274,X but not Y,direct,,,Qwen2-7B,1.0,1.0
cold,blankets,microwave,cold::blankets::microwave,0.0,5,2.0880730553383396e-05,X but not Y,direct,,,Qwen2-7B,24.5,16.0
cold,blankets,sink,cold::blankets::sink,0.0,4,2.8755834522857506e-07,X but not Y,direct,,,Qwen2-7B,24.5,29.0
cold,blankets,tea,cold::blankets::tea,0.2,20,3.3367312415951833e-05,X but not Y,direct,,,Qwen2-7B,17.0,14.0
cold,fridge,blankets,cold::fridge::blankets,0.3333333333333333,3,9.3936635732824e-05,X but not Y,direct,,,Qwen2-7B,12.5,9.0
cold,fridge,heater,cold::fridge::heater,0.8,5,0.0012967558751045714,X but not Y,direct,,,Qwen2-7B,4.0,0.0
cold,fridge,microwave,cold::fridge::microwave,0.6923076923076923,13,4.4372524797202495e-05,X but not Y,direct,,,Qwen2-7B,5.0,12.0
cold,fridge,sink,cold::fridge::sink,0.23809523809523808,21,1.667574986183243e-06,X but not Y,direct,,,Qwen2-7B,15.0,24.0
cold,fridge,tea,cold::fridge::tea,0.5,6,4.000304435192506e-06,X but not Y,direct,,,Qwen2-7B,10.0,23.0
cold,heater,blankets,cold::heater::blankets,0.8333333333333334,18,0.0007507194745929632,X but not Y,direct,,,Qwen2-7B,3.0,2.0
cold,heater,fridge,cold::heater::fridge,0.0,4,1.1760912927146258e-05,X but not Y,direct,,,Qwen2-7B,24.5,17.0
cold,heater,microwave,cold::heater::microwave,0.2,5,6.91388403810185e-06,X but not Y,direct,,,Qwen2-7B,17.0,18.0
cold,heater,sink,cold::heater::sink,0.0,5,6.635053043896617e-07,X but not Y,direct,,,Qwen2-7B,24.5,27.0
cold,heater,tea,cold::heater::tea,0.125,16,7.401936552895651e-07,X but not Y,direct,,,Qwen2-7B,19.0,26.0
cold,microwave,blankets,cold::microwave::blankets,0.6,5,0.0007174001762901272,X but not Y,direct,,,Qwen2-7B,6.5,3.0
cold,microwave,fridge,cold::microwave::fridge,0.5,4,0.0002639167759499062,X but not Y,direct,,,Qwen2-7B,10.0,7.0
cold,microwave,heater,cold::microwave::heater,1.0,5,0.00036073146268059586,X but not Y,direct,,,Qwen2-7B,1.0,6.0
cold,microwave,sink,cold::microwave::sink,0.0,4,6.816756763228738e-06,X but not Y,direct,,,Qwen2-7B,24.5,19.0
cold,microwave,tea,cold::microwave::tea,0.2,5,2.1663608190671855e-05,X but not Y,direct,,,Qwen2-7B,17.0,15.0
cold,sink,blankets,cold::sink::blankets,0.3333333333333333,3,5.318016654840786e-06,X but not Y,direct,,,Qwen2-7B,12.5,21.0
cold,sink,fridge,cold::sink::fridge,0.25,4,8.062835805978102e-05,X but not Y,direct,,,Qwen2-7B,14.0,11.0
cold,sink,heater,cold::sink::heater,1.0,4,0.0006341911608979629,X but not Y,direct,,,Qwen2-7B,1.0,4.0
cold,sink,microwave,cold::sink::microwave,0.5294117647058824,17,4.315725011421902e-05,X but not Y,direct,,,Qwen2-7B,8.0,13.0
cold,sink,tea,cold::sink::tea,0.0,5,1.4313247651313861e-06,X but not Y,direct,,,Qwen2-7B,24.5,25.0
cold,tea,blankets,cold::tea::blankets,0.6,5,0.00037031363835251515,X but not Y,direct,,,Qwen2-7B,6.5,5.0
cold,tea,fridge,cold::tea::fridge,0.0,6,4.734969654206188e-06,X but not Y,direct,,,Qwen2-7B,24.5,22.0
cold,tea,heater,cold::tea::heater,0.5,6,9.074925990464003e-05,X but not Y,direct,,,Qwen2-7B,10.0,10.0
cold,tea,microwave,cold::tea::microwave,0.0,5,0.00012403953157110392,X but not Y,direct,,,Qwen2-7B,24.5,8.0
cold,tea,sink,cold::tea::sink,0.0,4,4.875013680903148e-07,X but not Y,direct,,,Qwen2-7B,24.5,28.0
cut,batteries,keys,cut::batteries::keys,0.16666666666666666,6,0.00013654046483048944,X but not Y,direct,,,Qwen2-7B,20.5,12.0
cut,batteries,nail clippers,cut::batteries::nail clippers,0.8,5,8.922518350939793e-05,X but not Y,direct,,,Qwen2-7B,4.5,15.0
cut,batteries,scissors,cut::batteries::scissors,0.8,5,0.011912827221521295,X but not Y,direct,,,Qwen2-7B,4.5,4.0
cut,batteries,stapler,cut::batteries::stapler,0.4444444444444444,18,9.867302725614627e-05,X but not Y,direct,,,Qwen2-7B,12.0,14.0
cut,batteries,thumb tacks,cut::batteries::thumb tacks,0.38095238095238093,21,1.588932501100417e-06,X but not Y,direct,,,Qwen2-7B,13.0,27.0
cut,keys,batteries,cut::keys::batteries,0.25,4,0.00010231256520809421,X but not Y,direct,,,Qwen2-7B,16.0,13.0
cut,keys,nail clippers,cut::keys::nail clippers,0.8,5,0.000271160739856068,X but not Y,direct,,,Qwen2-7B,4.5,9.0
cut,keys,scissors,cut::keys::scissors,1.0,5,0.07021256007614811,X but not Y,direct,,,Qwen2-7B,1.0,1.0
cut,keys,stapler,cut::keys::stapler,0.2,5,0.00024223162029263795,X but not Y,direct,,,Qwen2-7B,18.0,11.0
cut,keys,thumb tacks,cut::keys::thumb tacks,0.2,5,8.585429158954065e-07,X but not Y,direct,,,Qwen2-7B,18.0,28.0
cut,nail clippers,batteries,cut::nail clippers::batteries,0.0,5,1.3273916347467806e-05,X but not Y,direct,,,Qwen2-7B,26.5,18.0
cut,nail clippers,keys,cut::nail clippers::keys,0.3125,16,2.100238548328444e-06,X but not Y,direct,,,Qwen2-7B,15.0,26.0
cut,nail clippers,scissors,cut::nail clippers::scissors,1.0,4,0.13386022125773273,X but not Y,direct,,,Qwen2-7B,1.0,0.0
cut,nail clippers,stapler,cut::nail clippers::stapler,0.5,2,3.358428199212221e-05,X but not Y,direct,,,Qwen2-7B,11.0,16.0
cut,nail clippers,thumb tacks,cut::nail clippers::thumb tacks,0.6666666666666666,3,1.2381210745477703e-05,X but not Y,direct,,,Qwen2-7B,7.5,20.0
cut,scissors,batteries,cut::scissors::batteries,0.0,4,2.5820247405457035e-06,X but not Y,direct,,,Qwen2-7B,26.5,25.0
cut,scissors,keys,cut::scissors::keys,0.15,20,1.2709171196588106e-05,X but not Y,direct,,,Qwen2-7B,22.0,19.0
cut,scissors,nail clippers,cut::scissors::nail clippers,0.6363636363636364,11,0.00024925051411501007,X but not Y,direct,,,Qwen2-7B,9.0,10.0
cut,scissors,stapler,cut::scissors::stapler,0.16666666666666666,6,0.0003344905062382667,X but not Y,direct,,,Qwen2-7B,20.5,8.0
cut,scissors,thumb tacks,cut::scissors::thumb tacks,0.0,4,6.724848320916876e-07,X but not Y,direct,,,Qwen2-7B,26.5,29.0
cut,stapler,batteries,cut::stapler::batteries,0.0,5,9.846225682520152e-06,X but not Y,direct,,,Qwen2-7B,26.5,21.0
cut,stapler,keys,cut::stapler::keys,0.2,5,8.42192312915795e-06,X but not Y,direct,,,Qwen2-7B,18.0,23.0
cut,stapler,nail clippers,cut::stapler::nail clippers,0.6666666666666666,6,0.0003484678982821529,X but not Y,direct,,,Qwen2-7B,7.5,7.0
cut,stapler,scissors,cut::stapler::scissors,1.0,4,0.04690308259044325,X but not Y,direct,,,Qwen2-7B,1.0,3.0
cut,stapler,thumb tacks,cut::stapler::thumb tacks,0.11764705882352941,17,5.84755399994458e-06,X but not Y,direct,,,Qwen2-7B,23.0,24.0
cut,thumb tacks,batteries,cut::thumb tacks::batteries,0.0,4,8.518744260120644e-06,X but not Y,direct,,,Qwen2-7B,26.5,22.0
cut,thumb tacks,keys,cut::thumb tacks::keys,0.3333333333333333,3,2.5037981768121065e-05,X but not Y,direct,,,Qwen2-7B,14.0,17.0
cut,thumb tacks,nail clippers,cut::thumb tacks::nail clippers,0.6,5,0.0018084619008883686,X but not Y,direct,,,Qwen2-7B,10.0,5.0
cut,thumb tacks,scissors,cut::thumb tacks::scissors,0.8,5,0.06586707287035762,X but not Y,direct,,,Qwen2-7B,4.5,2.0
cut,thumb tacks,stapler,cut::thumb tacks::stapler,0.0,5,0.0004986761144587418,X but not Y,direct,,,Qwen2-7B,26.5,6.0
fridge,juice,ketchup,fridge::juice::ketchup,0.3333333333333333,6,3.3176115593337835e-05,X but not Y,direct,,,Qwen2-7B,17.0,23.0
fridge,juice,meat,fridge::juice::meat,0.0,3,7.627600971517954e-06,X but not Y,direct,,,Qwen2-7B,25.5,28.0
fridge,juice,milk,fridge::juice::milk,1.0,15,0.05286638113431486,X but not Y,direct,,,Qwen2-7B,5.0,11.0
fridge,juice,water,fridge::juice::water,1.0,6,0.44264481618956975,X but not Y,direct,,,Qwen2-7B,5.0,1.0
fridge,juice,yogurt,fridge::juice::yogurt,0.0,5,7.46658910453202e-05,X but not Y,direct,,,Qwen2-7B,25.5,20.0
fridge,ketchup,juice,fridge::ketchup::juice,1.0,5,0.05289114183016655,X but not Y,direct,,,Qwen2-7B,5.0,10.0
fridge,ketchup,meat,fridge::ketchup::meat,0.0,4,1.7197098466177704e-05,X but not Y,direct,,,Qwen2-7B,25.5,24.0
fridge,ketchup,milk,fridge::ketchup::milk,1.0,5,0.04384829667101746,X but not Y,direct,,,Qwen2-7B,5.0,12.0
fridge,ketchup,water,fridge::ketchup::water,1.0,2,0.39081559082517303,X but not Y,direct,,,Qwen2-7B,5.0,3.0
fridge,ketchup,yogurt,fridge::ketchup::yogurt,0.2222222222222222,18,0.00019075515138729227,X but not Y,direct,,,Qwen2-7B,18.0,17.0
fridge,meat,juice,fridge::meat::juice,1.0,5,0.1341246085949757,X but not Y,direct,,,Qwen2-7B,5.0,7.0
fridge,meat,ketchup,fridge::meat::ketchup,0.16666666666666666,18,0.0001101159462019124,X but not Y,direct,,,Qwen2-7B,21.0,18.0
fridge,meat,milk,fridge::meat::milk,0.6666666666666666,3,0.1427749196739741,X but not Y,direct,,,Qwen2-7B,14.0,6.0
fridge,meat,water,fridge::meat::water,1.0,2,0.23539604698898328,X but not Y,direct,,,Qwen2-7B,5.0,4.0
fridge,meat,yogurt,fridge::meat::yogurt,0.625,16,0.00029339652993359947,X but not Y,direct,,,Qwen2-7B,15.0,16.0
fridge,milk,juice,fridge::milk::juice,1.0,5,0.11575382080059912,X but not Y,direct,,,Qwen2-7B,5.0,8.0
fridge,milk,ketchup,fridge::milk::ketchup,0.0,5,7.084563382708624e-05,X but not Y,direct,,,Qwen2-7B,25.5,21.0
fridge,milk,meat,fridge::milk::meat,0.0,6,1.1842804922569347e-05,X but not Y,direct,,,Qwen2-7B,25.5,27.0
fridge,milk,water,fridge::milk::water,0.8333333333333334,6,0.43007756764384397,X but not Y,direct,,,Qwen2-7B,12.0,2.0
fridge,milk,yogurt,fridge::milk::yogurt,0.2,5,0.0003054299645260702,X but not Y,direct,,,Qwen2-7B,19.5,15.0
fridge,water,juice,fridge::water::juice,1.0,22,0.04281805327891123,X but not Y,direct,,,Qwen2-7B,5.0,13.0
fridge,water,ketchup,fridge::water::ketchup,0.0,4,1.1963227352273855e-05,X but not Y,direct,,,Qwen2-7B,25.5,26.0
fridge,water,meat,fridge::water::meat,0.0,3,6.5762496535429145e-06,X but not Y,direct,,,Qwen2-7B,25.5,29.0
fridge,water,milk,fridge::water::milk,0.9444444444444444,18,0.008975151542902194,X but not Y,direct,,,Qwen2-7B,11.0,14.0
fridge,water,yogurt,fridge::water::yogurt,0.0,5,3.445708447239214e-05,X but not Y,direct,,,Qwen2-7B,25.5,22.0
fridge,yogurt,juice,fridge::yogurt::juice,1.0,5,0.07460653522264893,X but not Y,direct,,,Qwen2-7B,5.0,9.0
fridge,yogurt,ketchup,fridge::yogurt::ketchup,0.2,5,0.00010377366184120372,X but not Y,direct,,,Qwen2-7B,19.5,19.0
fridge,yogurt,meat,fridge::yogurt::meat,0.4,5,1.258471407772657e-05,X but not Y,direct,,,Qwen2-7B,16.0,25.0
fridge,yogurt,milk,fridge::yogurt::milk,0.75,4,0.45702043566858164,X but not Y,direct,,,Qwen2-7B,13.0,0.0
fridge,yogurt,water,fridge::yogurt::water,1.0,2,0.19051446184715676,X but not Y,direct,,,Qwen2-7B,5.0,5.0
gym,basketball,lacrosse,gym::basketball::lacrosse,0.9333333333333333,15,0.0032494206531565157,X but not Y,direct,,,Qwen2-7B,11.0,12.0
gym,basketball,meditation,gym::basketball::meditation,0.0,2,2.541691146070755e-06,X but not Y,direct,,,Qwen2-7B,28.0,28.0
gym,basketball,softball,gym::basketball::softball,0.9,20,0.035034196398594376,X but not Y,direct,,,Qwen2-7B,12.0,4.0
gym,basketball,swimming,gym::basketball::swimming,0.4,5,0.0004997358530970433,X but not Y,direct,,,Qwen2-7B,23.5,20.0
gym,basketball,weightlifting,gym::basketball::weightlifting,0.8,5,3.582248955739955e-05,X but not Y,direct,,,Qwen2-7B,15.5,24.0
gym,lacrosse,basketball,gym::lacrosse::basketball,1.0,4,0.03722237739370249,X but not Y,direct,,,Qwen2-7B,4.5,3.0
gym,lacrosse,meditation,gym::lacrosse::meditation,0.0,2,3.3607549648889977e-06,X but not Y,direct,,,Qwen2-7B,28.0,27.0
gym,lacrosse,softball,gym::lacrosse::softball,1.0,3,0.034967187552617136,X but not Y,direct,,,Qwen2-7B,4.5,5.0
gym,lacrosse,swimming,gym::lacrosse::swimming,0.3333333333333333,3,0.000822349626225261,X but not Y,direct,,,Qwen2-7B,25.5,18.0
gym,lacrosse,weightlifting,gym::lacrosse::weightlifting,0.6666666666666666,3,4.213430301966507e-05,X but not Y,direct,,,Qwen2-7B,20.0,23.0
gym,meditation,basketball,gym::meditation::basketball,0.75,4,0.02140142252795243,X but not Y,direct,,,Qwen2-7B,18.5,6.0
gym,meditation,lacrosse,gym::meditation::lacrosse,1.0,4,0.0007306315830201564,X but not Y,direct,,,Qwen2-7B,4.5,19.0
gym,meditation,softball,gym::meditation::softball,1.0,4,0.0027208855388794113,X but not Y,direct,,,Qwen2-7B,4.5,13.0
gym,meditation,swimming,gym::meditation::swimming,0.7894736842105263,19,0.0022556933389670016,X but not Y,direct,,,Qwen2-7B,17.0,14.0
gym,meditation,weightlifting,gym::meditation::weightlifting,0.55,20,0.004033755422478764,X but not Y,direct,,,Qwen2-7B,22.0,11.0
gym,softball,basketball,gym::softball::basketball,1.0,6,0.08668806179243768,X but not Y,direct,,,Qwen2-7B,4.5,0.0
gym,softball,lacrosse,gym::softball::lacrosse,0.9473684210526315,19,0.004882888493817647,X but not Y,direct,,,Qwen2-7B,10.0,10.0
gym,softball,meditation,gym::softball::meditation,0.6,5,1.978959535127373e-06,X but not Y,direct,,,Qwen2-7B,21.0,29.0
gym,softball,swimming,gym::softball::swimming,0.8,5,0.0002937036363444198,X but not Y,direct,,,Qwen2-7B,15.5,21.0
gym,softball,weightlifting,gym::softball::weightlifting,0.3333333333333333,3,1.3487230612423925e-05,X but not Y,direct,,,Qwen2-7B,25.5,26.0
gym,swimming,basketball,gym::swimming::basketball,1.0,5,0.08356089414442475,X but not Y,direct,,,Qwen2-7B,4.5,1.0
gym,swimming,lacrosse,gym::swimming::lacrosse,1.0,4,0.0019533924381159636,X but not Y,direct,,,Qwen2-7B,4.5,15.0
gym,swimming,meditation,gym::swimming::meditation,0.0,5,2.5523023221197086e-05,X but not Y,direct,,,Qwen2-7B,28.0,25.0
gym,swimming,softball,gym::swimming::softball,0.75,4,0.011308737276540335,X but not Y,direct,,,Qwen2-7B,18.5,8.0
gym,swimming,weightlifting,gym::swimming::weightlifting,0.4,5,0.0010971116507514948,X but not Y,direct,,,Qwen2-7B,23.5,17.0
gym,weightlifting,basketball,gym::weightlifting::basketball,1.0,5,0.06604898672424944,X but not Y,direct,,,Qwen2-7B,4.5,2.0
gym,weightlifting,lacrosse,gym::weightlifting::lacrosse,1.0,6,0.0015492657135536749,X but not Y,direct,,,Qwen2-7B,4.5,16.0
gym,weightlifting,meditation,gym::weightlifting::meditation,1.0,2,4.546314368439938e-05,X but not Y,direct,,,Qwen2-7B,4.5,22.0
gym,weightlifting,softball,gym::weightlifting::softball,0.8333333333333334,6,0.013844619727194384,X but not Y,direct,,,Qwen2-7B,14.0,7.0
gym,weightlifting,swimming,gym::weightlifting::swimming,0.85,20,0.005093150968471396,X but not Y,direct,,,Qwen2-7B,13.0,9.0
hot,blankets,couch,hot::blankets::couch,0.0,12,1.6885920442912755e-06,X but not Y,direct,,,Qwen2-7B,23.5,21.0
hot,blankets,fan,hot::blankets::fan,0.2,5,0.00022116191311957493,X but not Y,direct,,,Qwen2-7B,14.0,4.0
hot,blankets,heater,hot::blankets::heater,0.75,4,4.782961803722191e-05,X but not Y,direct,,,Qwen2-7B,4.0,10.0
hot,blankets,pool,hot::blankets::pool,0.0,5,8.847589701556961e-06,X but not Y,direct,,,Qwen2-7B,23.5,14.0
hot,blankets,shower,hot::blankets::shower,0.2,5,1.0672230332483554e-05,X but not Y,direct,,,Qwen2-7B,14.0,12.0
hot,couch,blankets,hot::couch::blankets,0.2,5,0.00015113997656261886,X but not Y,direct,,,Qwen2-7B,14.0,5.0
hot,couch,fan,hot::couch::fan,0.0,3,0.00035141097396074026,X but not Y,direct,,,Qwen2-7B,23.5,3.0
hot,couch,heater,hot::couch::heater,0.0,3,1.362568213870157e-05,X but not Y,direct,,,Qwen2-7B,23.5,11.0
hot,couch,pool,hot::couch::pool,0.5,6,5.3890618260693246e-05,X but not Y,direct,,,Qwen2-7B,6.0,9.0
hot,couch,shower,hot::couch::shower,1.0,2,6.851423250733777e-06,X but not Y,direct,,,Qwen2-7B,1.0,15.0
hot,fan,blankets,hot::fan::blankets,0.0,4,1.233068579907581e-06,X but not Y,direct,,,Qwen2-7B,23.5,22.0
hot,fan,couch,hot::fan::couch,0.0,4,2.5994529758470293e-08,X but not Y,direct,,,Qwen2-7B,23.5,29.0
hot,fan,heater,hot::fan::heater,0.16666666666666666,6,3.6812627908224014e-06,X but not Y,direct,,,Qwen2-7B,16.0,17.0
hot,fan,pool,hot::fan::pool,0.55,20,1.794104197400988e-06,X but not Y,direct,,,Qwen2-7B,5.0,20.0
hot,fan,shower,hot::fan::shower,0.05,20,2.3036753896490293e-06,X but not Y,direct,,,Qwen2-7B,17.0,19.0
hot,heater,blankets,hot::heater::blankets,0.23076923076923078,13,3.9096595686413926e-07,X but not Y,direct,,,Qwen2-7B,12.0,25.0
hot,heater,couch,hot::heater::couch,0.0,20,4.386520649256821e-08,X but not Y,direct,,,Qwen2-7B,23.5,28.0
hot,heater,fan,hot::heater::fan,1.0,5,0.0005335835614271393,X but not Y,direct,,,Qwen2-7B,1.0,1.0
hot,heater,pool,hot::heater::pool,0.25,4,5.513503711394516e-07,X but not Y,direct,,,Qwen2-7B,10.5,23.0
hot,heater,shower,hot::heater::shower,0.0,5,4.715949636633431e-07,X but not Y,direct,,,Qwen2-7B,23.5,24.0
hot,pool,blankets,hot::pool::blankets,0.4,5,5.1117851604606685e-06,X but not Y,direct,,,Qwen2-7B,7.0,16.0
hot,pool,couch,hot::pool::couch,0.0,4,5.170497311461378e-08,X but not Y,direct,,,Qwen2-7B,23.5,27.0
hot,pool,fan,hot::pool::fan,0.25,4,6.629063860280867e-05,X but not Y,direct,,,Qwen2-7B,10.5,8.0
hot,pool,heater,hot::pool::heater,0.0,4,9.853223787205737e-06,X but not Y,direct,,,Qwen2-7B,23.5,13.0
hot,pool,shower,hot::pool::shower,0.2631578947368421,19,7.056601747081619e-05,X but not Y,direct,,,Qwen2-7B,9.0,7.0
hot,shower,blankets,hot::shower::blankets,0.0,4,2.9349669836115426e-06,X but not Y,direct,,,Qwen2-7B,23.5,18.0
hot,shower,couch,hot::shower::couch,0.0,6,3.7533195885467866e-07,X but not Y,direct,,,Qwen2-7B,23.5,26.0
hot,shower,fan,hot::shower::fan,0.8,5,0.00038741973971388684,X but not Y,direct,,,Qwen2-7B,3.0,2.0
hot,shower,heater,hot::shower::heater,0.3333333333333333,6,7.628746995423415e-05,X but not Y,direct,,,Qwen2-7B,8.0,6.0
hot,shower,pool,hot::shower::pool,1.0,5,0.0006190949812838498,X but not Y,direct,,,Qwen2-7B,1.0,0.0
mall,burger joint,coffee shop,mall::burger joint::coffee shop,0.625,16,3.8541520981291774e-05,X but not Y,direct,,,Qwen2-7B,15.0,4.0
mall,burger joint,electronics store,mall::burger joint::electronics store,0.0,6,5.497905332393404e-09,X but not Y,direct,,,Qwen2-7B,27.0,28.0
mall,burger joint,gift shop,mall::burger joint::gift shop,0.16666666666666666,6,1.4046239060659119e-08,X but not Y,direct,,,Qwen2-7B,24.0,23.0
mall,burger joint,grocery store,mall::burger joint::grocery store,0.8,5,3.375946043189431e-07,X but not Y,direct,,,Qwen2-7B,11.0,17.0
mall,burger joint,pretzel stand,mall::burger joint::pretzel stand,0.8421052631578947,19,2.4868732397456457e-07,X but not Y,direct,,,Qwen2-7B,7.5,18.0
mall,coffee shop,burger joint,mall::coffee shop::burger joint,0.5,2,1.1196467422492579e-05,X but not Y,direct,,,Qwen2-7B,20.0,9.0
mall,coffee shop,electronics store,mall::coffee shop::electronics store,0.4,5,2.9704475012059948e-08,X but not Y,direct,,,Qwen2-7B,22.0,22.0
mall,coffee shop,gift shop,mall::coffee shop::gift shop,0.0,4,7.578119036402426e-08,X but not Y,direct,,,Qwen2-7B,27.0,20.0
mall,coffee shop,grocery store,mall::coffee shop::grocery store,0.6,5,3.0270289757018567e-06,X but not Y,direct,,,Qwen2-7B,17.0,13.0
mall,coffee shop,pretzel stand,mall::coffee shop::pretzel stand,1.0,5,5.914290118231033e-09,X but not Y,direct,,,Qwen2-7B,2.5,27.0
mall,electronics store,burger joint,mall::electronics store::burger joint,1.0,5,2.35545659706152e-05,X but not Y,direct,,,Qwen2-7B,2.5,6.0
mall,electronics store,coffee shop,mall::electronics store::coffee shop,0.8,5,0.00020789148599591246,X but not Y,direct,,,Qwen2-7B,11.0,0.0
mall,electronics store,gift shop,mall::electronics store::gift shop,0.6,20,4.200494630450099e-06,X but not Y,direct,,,Qwen2-7B,17.0,11.0
mall,electronics store,grocery store,mall::electronics store::grocery store,0.8421052631578947,19,0.000186552443266736,X but not Y,direct,,,Qwen2-7B,7.5,1.0
mall,electronics store,pretzel stand,mall::electronics store::pretzel stand,0.6666666666666666,3,1.1210501740076358e-08,X but not Y,direct,,,Qwen2-7B,14.0,24.0
mall,gift shop,burger joint,mall::gift shop::burger joint,1.0,3,9.119767027464484e-06,X but not Y,direct,,,Qwen2-7B,2.5,10.0
mall,gift shop,coffee shop,mall::gift shop::coffee shop,0.5,2,0.00013655220911298118,X but not Y,direct,,,Qwen2-7B,20.0,2.0
mall,gift shop,electronics store,mall::gift shop::electronics store,0.5,4,2.8266761836960642e-06,X but not Y,direct,,,Qwen2-7B,20.0,14.0
mall,gift shop,grocery store,mall::gift shop::grocery store,0.8666666666666667,15,5.74257945590709e-05,X but not Y,direct,,,Qwen2-7B,6.0,3.0
mall,gift shop,pretzel stand,mall::gift shop::pretzel stand,1.0,3,9.80635553060323e-09,X but not Y,direct,,,Qwen2-7B,2.5,25.0
mall,grocery store,burger joint,mall::grocery store::burger joint,1.0,5,3.067221705404407e-06,X but not Y,direct,,,Qwen2-7B,2.5,12.0
mall,grocery store,coffee shop,mall::grocery store::coffee shop,0.8,5,1.7552947852156705e-05,X but not Y,direct,,,Qwen2-7B,11.0,7.0
mall,grocery store,electronics store,mall::grocery store::electronics store,0.0,3,6.686966459237388e-07,X but not Y,direct,,,Qwen2-7B,27.0,16.0
mall,grocery store,gift shop,mall::grocery store::gift shop,0.2,5,1.3900951279539359e-07,X but not Y,direct,,,Qwen2-7B,23.0,19.0
mall,grocery store,pretzel stand,mall::grocery store::pretzel stand,0.8,5,8.267488973924542e-10,X but not Y,direct,,,Qwen2-7B,11.0,29.0
mall,pretzel stand,burger joint,mall::pretzel stand::burger joint,1.0,2,1.2552844928899308e-05,X but not Y,direct,,,Qwen2-7B,2.5,8.0
mall,pretzel stand,coffee shop,mall::pretzel stand::coffee shop,0.8,20,2.8078425768884827e-05,X but not Y,direct,,,Qwen2-7B,11.0,5.0
mall,pretzel stand,electronics store,mall::pretzel stand::electronics store,0.0,5,7.537559715382704e-09,X but not Y,direct,,,Qwen2-7B,27.0,26.0
mall,pretzel stand,gift shop,mall::pretzel stand::gift shop,0.0,6,7.200789656990331e-08,X but not Y,direct,,,Qwen2-7B,27.0,21.0
mall,pretzel stand,grocery store,mall::pretzel stand::grocery store,0.6,5,8.345145364140314e-07,X but not Y,direct,,,Qwen2-7B,17.0,15.0
mask,bandana,candy,mask::bandana::candy,0.0,4,1.5196690337706274e-07,X but not Y,direct,,,Qwen2-7B,27.0,22.0
mask,bandana,gloves,mask::bandana::gloves,0.5,2,0.00012579548800582797,X but not Y,direct,,,Qwen2-7B,11.0,1.0
mask,bandana,handkerchief,mask::bandana::handkerchief,0.6153846153846154,13,5.683990060740609e-08,X but not Y,direct,,,Qwen2-7B,6.0,28.0
mask,bandana,napkins,mask::bandana::napkins,0.16666666666666666,12,1.1113147228191847e-06,X but not Y,direct,,,Qwen2-7B,23.0,13.0
mask,bandana,wallet,mask::bandana::wallet,0.4,5,5.140974074698669e-07,X but not Y,direct,,,Qwen2-7B,15.0,17.0
mask,candy,bandana,mask::candy::bandana,0.8,5,7.016552527145972e-07,X but not Y,direct,,,Qwen2-7B,2.5,15.0
mask,candy,gloves,mask::candy::gloves,0.0625,16,4.028249219318764e-05,X but not Y,direct,,,Qwen2-7B,24.0,3.0
mask,candy,handkerchief,mask::candy::handkerchief,0.6666666666666666,6,7.064941990060791e-08,X but not Y,direct,,,Qwen2-7B,4.0,26.0
mask,candy,napkins,mask::candy::napkins,0.5,4,1.2597966044414009e-06,X but not Y,direct,,,Qwen2-7B,11.0,10.0
mask,candy,wallet,mask::candy::wallet,0.2,20,2.9180539472086437e-06,X but not Y,direct,,,Qwen2-7B,20.0,6.0
mask,gloves,bandana,mask::gloves::bandana,0.5,6,3.6027623264240703e-07,X but not Y,direct,,,Qwen2-7B,11.0,20.0
mask,gloves,candy,mask::gloves::candy,0.2,5,1.4443189380189542e-07,X but not Y,direct,,,Qwen2-7B,20.0,24.0
mask,gloves,handkerchief,mask::gloves::handkerchief,0.4,5,4.2228832249217885e-08,X but not Y,direct,,,Qwen2-7B,15.0,29.0
mask,gloves,napkins,mask::gloves::napkins,0.5,4,3.51829910549201e-07,X but not Y,direct,,,Qwen2-7B,11.0,21.0
mask,gloves,wallet,mask::gloves::wallet,0.0,3,4.4488155280973805e-07,X but not Y,direct,,,Qwen2-7B,27.0,18.0
mask,handkerchief,bandana,mask::handkerchief::bandana,1.0,3,1.0934684548298701e-05,X but not Y,direct,,,Qwen2-7B,0.5,5.0
mask,handkerchief,candy,mask::handkerchief::candy,0.0,6,1.3932253056783995e-07,X but not Y,direct,,,Qwen2-7B,27.0,25.0
mask,handkerchief,gloves,mask::handkerchief::gloves,0.4,5,0.00011898962804878133,X but not Y,direct,,,Qwen2-7B,15.0,2.0
mask,handkerchief,napkins,mask::handkerchief::napkins,0.3,20,1.2173660301344557e-06,X but not Y,direct,,,Qwen2-7B,17.0,11.0
mask,handkerchief,wallet,mask::handkerchief::wallet,0.0,5,8.534539692607744e-07,X but not Y,direct,,,Qwen2-7B,27.0,14.0
mask,napkins,bandana,mask::napkins::bandana,1.0,5,1.7247175600675085e-06,X but not Y,direct,,,Qwen2-7B,0.5,7.0
mask,napkins,candy,mask::napkins::candy,0.2,5,1.602003623616617e-06,X but not Y,direct,,,Qwen2-7B,20.0,8.5
mask,napkins,gloves,mask::napkins::gloves,0.2,5,0.00016340881209742843,X but not Y,direct,,,Qwen2-7B,20.0,0.0
mask,napkins,handkerchief,mask::napkins::handkerchief,0.6,5,1.1179728816256148e-06,X but not Y,direct,,,Qwen2-7B,7.5,12.0
mask,napkins,wallet,mask::napkins::wallet,0.0,4,1.602003623616617e-06,X but not Y,direct,,,Qwen2-7B,27.0,8.5
mask,wallet,bandana,mask::wallet::bandana,0.8,5,6.129818876366615e-07,X but not Y,direct,,,Qwen2-7B,2.5,16.0
mask,wallet,candy,mask::wallet::candy,0.2,5,1.4776621656001855e-07,X but not Y,direct,,,Qwen2-7B,20.0,23.0
mask,wallet,gloves,mask::wallet::gloves,0.631578947368421,19,2.997537250520827e-05,X but not Y,direct,,,Qwen2-7B,5.0,4.0
mask,wallet,handkerchief,mask::wallet::handkerchief,0.6,5,6.249782690245425e-08,X but not Y,direct,,,Qwen2-7B,7.5,27.0
mask,wallet,napkins,mask::wallet::napkins,0.5,6,3.839920631080344e-07,X but not Y,direct,,,Qwen2-7B,11.0,19.0
meat,chicken,crab,meat::chicken::crab,0.7647058823529411,17,0.0004625557987112505,X but not Y,direct,,,Qwen2-7B,13.0,25.0
meat,chicken,mushrooms,meat::chicken::mushrooms,0.2,5,0.00019282194446477747,X but not Y,direct,,,Qwen2-7B,20.0,27.0
meat,chicken,rice,meat::chicken::rice,0.5,2,0.000716420435852896,X but not Y,direct,,,Qwen2-7B,16.5,22.0
meat,chicken,tofu,meat::chicken::tofu,0.0,5,0.012698856074774985,X but not Y,direct,,,Qwen2-7B,25.5,7.0
meat,chicken,turkey,meat::chicken::turkey,0.9523809523809523,21,0.01351786192619337,X but not Y,direct,,,Qwen2-7B,10.0,6.0
meat,crab,chicken,meat::crab::chicken,1.0,5,0.11862576442054898,X but not Y,direct,,,Qwen2-7B,4.5,1.0
meat,crab,mushrooms,meat::crab::mushrooms,0.0,3,0.0006224908814137872,X but not Y,direct,,,Qwen2-7B,25.5,23.0
meat,crab,rice,meat::crab::rice,0.0,5,0.0010925055203405882,X but not Y,direct,,,Qwen2-7B,25.5,18.0
meat,crab,tofu,meat::crab::tofu,0.6666666666666666,3,0.012503063582984258,X but not Y,direct,,,Qwen2-7B,14.0,8.0
meat,crab,turkey,meat::crab::turkey,1.0,5,0.004320943153161293,X but not Y,direct,,,Qwen2-7B,4.5,11.0
meat,mushrooms,chicken,meat::mushrooms::chicken,1.0,6,0.04665359448643412,X but not Y,direct,,,Qwen2-7B,4.5,3.0
meat,mushrooms,crab,meat::mushrooms::crab,1.0,5,0.0010971873784012655,X but not Y,direct,,,Qwen2-7B,4.5,17.0
meat,mushrooms,rice,meat::mushrooms::rice,0.0,6,0.0018089561687138767,X but not Y,direct,,,Qwen2-7B,25.5,13.0
meat,mushrooms,tofu,meat::mushrooms::tofu,0.5263157894736842,19,0.01716289826830847,X but not Y,direct,,,Qwen2-7B,15.0,4.0
meat,mushrooms,turkey,meat::mushrooms::turkey,1.0,6,0.0020498158842438222,X but not Y,direct,,,Qwen2-7B,4.5,12.0
meat,rice,chicken,meat::rice::chicken,1.0,2,0.012257239856884426,X but not Y,direct,,,Qwen2-7B,4.5,9.0
meat,rice,crab,meat::rice::crab,0.5,2,0.0001128853302532808,X but not Y,direct,,,Qwen2-7B,16.5,29.0
meat,rice,mushrooms,meat::rice::mushrooms,0.23529411764705882,17,0.0008341156402503789,X but not Y,direct,,,Qwen2-7B,19.0,20.0
meat,rice,tofu,meat::rice::tofu,0.3888888888888889,18,0.011514611235595208,X but not Y,direct,,,Qwen2-7B,18.0,10.0
meat,rice,turkey,meat::rice::turkey,1.0,5,0.0007361044689183261,X but not Y,direct,,,Qwen2-7B,4.5,21.0
meat,tofu,chicken,meat::tofu::chicken,1.0,4,0.04690670588187013,X but not Y,direct,,,Qwen2-7B,4.5,2.0
meat,tofu,crab,meat::tofu::crab,0.8,5,0.00040582252227236627,X but not Y,direct,,,Qwen2-7B,11.0,26.0
meat,tofu,mushrooms,meat::tofu::mushrooms,0.0,5,0.0012500213707737555,X but not Y,direct,,,Qwen2-7B,25.5,16.0
meat,tofu,rice,meat::tofu::rice,0.0,5,0.0015078135898499833,X but not Y,direct,,,Qwen2-7B,25.5,15.0
meat,tofu,turkey,meat::tofu::turkey,1.0,5,0.0017085766368516468,X but not Y,direct,,,Qwen2-7B,4.5,14.0
meat,turkey,chicken,meat::turkey::chicken,1.0,4,0.35362310734339114,X but not Y,direct,,,Qwen2-7B,4.5,0.0
meat,turkey,crab,meat::turkey::crab,0.7692307692307693,13,0.0005659393723250055,X but not Y,direct,,,Qwen2-7B,12.0,24.0
meat,turkey,mushrooms,meat::turkey::mushrooms,0.0,4,0.00014763403567609357,X but not Y,direct,,,Qwen2-7B,25.5,28.0
meat,turkey,rice,meat::turkey::rice,0.0,5,0.0008765440470469521,X but not Y,direct,,,Qwen2-7B,25.5,19.0
meat,turkey,tofu,meat::turkey::tofu,0.16666666666666666,6,0.015537114995049651,X but not Y,direct,,,Qwen2-7B,21.0,5.0
restaurant,cake,cocktails,restaurant::cake::cocktails,1.0,4,0.010689246976466487,X but not Y,direct,,,Qwen2-7B,3.5,4.0
restaurant,cake,salad,restaurant::cake::salad,0.6,5,0.0007743264538543394,X but not Y,direct,,,Qwen2-7B,13.0,17.0
restaurant,cake,soda,restaurant::cake::soda,0.8,5,0.018760208212663606,X but not Y,direct,,,Qwen2-7B,9.0,3.0
restaurant,cake,soup,restaurant::cake::soup,0.3888888888888889,18,0.001446632267146198,X but not Y,direct,,,Qwen2-7B,19.0,13.0
restaurant,cake,vodka,restaurant::cake::vodka,1.0,6,0.0030625205335809325,X but not Y,direct,,,Qwen2-7B,3.5,9.0
restaurant,cocktails,cake,restaurant::cocktails::cake,0.6,5,0.00032182152283656784,X but not Y,direct,,,Qwen2-7B,13.0,20.0
restaurant,cocktails,salad,restaurant::cocktails::salad,0.0,4,3.499646705018186e-05,X but not Y,direct,,,Qwen2-7B,25.5,26.0
restaurant,cocktails,soda,restaurant::cocktails::soda,0.42105263157894735,19,0.0053588094666944565,X but not Y,direct,,,Qwen2-7B,18.0,5.0
restaurant,cocktails,soup,restaurant::cocktails::soup,0.0,2,2.9934064563641236e-05,X but not Y,direct,,,Qwen2-7B,25.5,27.0
restaurant,cocktails,vodka,restaurant::cocktails::vodka,0.5,14,0.0019713958319517917,X but not Y,direct,,,Qwen2-7B,16.5,12.0
restaurant,salad,cake,restaurant::salad::cake,0.55,20,0.02772849418663236,X but not Y,direct,,,Qwen2-7B,15.0,2.0
restaurant,salad,cocktails,restaurant::salad::cocktails,0.75,4,0.0027454927182150135,X but not Y,direct,,,Qwen2-7B,10.0,11.0
restaurant,salad,soda,restaurant::salad::soda,0.6,5,0.004526552243073406,X but not Y,direct,,,Qwen2-7B,13.0,7.0
restaurant,salad,soup,restaurant::salad::soup,0.7,20,0.09091823221298885,X but not Y,direct,,,Qwen2-7B,11.0,1.0
restaurant,salad,vodka,restaurant::salad::vodka,1.0,5,0.0010751503964531786,X but not Y,direct,,,Qwen2-7B,3.5,16.0
restaurant,soda,cake,restaurant::soda::cake,0.0,3,0.0006136816554596181,X but not Y,direct,,,Qwen2-7B,25.5,18.0
restaurant,soda,cocktails,restaurant::soda::cocktails,1.0,3,0.0012991640748029054,X but not Y,direct,,,Qwen2-7B,3.5,15.0
restaurant,soda,salad,restaurant::soda::salad,0.0,5,4.445495001787196e-05,X but not Y,direct,,,Qwen2-7B,25.5,24.0
restaurant,soda,soup,restaurant::soda::soup,0.0,2,3.80243337734718e-05,X but not Y,direct,,,Qwen2-7B,25.5,25.0
restaurant,soda,vodka,restaurant::soda::vodka,1.0,5,0.004001707072716914,X but not Y,direct,,,Qwen2-7B,3.5,8.0
restaurant,soup,cake,restaurant::soup::cake,0.3333333333333333,3,0.005328116803524709,X but not Y,direct,,,Qwen2-7B,20.0,6.0
restaurant,soup,cocktails,restaurant::soup::cocktails,1.0,6,0.0013471588990036653,X but not Y,direct,,,Qwen2-7B,3.5,14.0
restaurant,soup,salad,restaurant::soup::salad,0.5,6,0.37352973648597654,X but not Y,direct,,,Qwen2-7B,16.5,0.0
restaurant,soup,soda,restaurant::soup::soda,0.8333333333333334,6,0.002851935411570672,X but not Y,direct,,,Qwen2-7B,8.0,10.0
restaurant,soup,vodka,restaurant::soup::vodka,1.0,4,0.00018810552989331503,X but not Y,direct,,,Qwen2-7B,3.5,22.0
restaurant,vodka,cake,restaurant::vodka::cake,0.0,5,4.5887014730410206e-05,X but not Y,direct,,,Qwen2-7B,25.5,23.0
restaurant,vodka,cocktails,restaurant::vodka::cocktails,1.0,3,0.0003185190145565816,X but not Y,direct,,,Qwen2-7B,3.5,21.0
restaurant,vodka,salad,restaurant::vodka::salad,0.0,2,7.72863431441793e-06,X but not Y,direct,,,Qwen2-7B,25.5,29.0
restaurant,vodka,soda,restaurant::vodka::soda,0.3157894736842105,19,0.0004933319004363201,X but not Y,direct,,,Qwen2-7B,21.0,19.0
restaurant,vodka,soup,restaurant::vodka::soup,0.0,5,1.5370224649782382e-05,X but not Y,direct,,,Qwen2-7B,25.5,28.0
salad,chips,cigarettes,salad::chips::cigarettes,0.16666666666666666,6,3.2103508991639636e-05,X but not Y,direct,,,Qwen2-7B,20.0,25.0
salad,chips,dressing,salad::chips::dressing,0.4,5,0.015141814055559153,X but not Y,direct,,,Qwen2-7B,13.0,5.0
salad,chips,lettuce,salad::chips::lettuce,1.0,6,0.11909956466420282,X but not Y,direct,,,Qwen2-7B,2.0,3.0
salad,chips,meat,salad::chips::meat,0.2857142857142857,21,0.0005181243848063708,X but not Y,direct,,,Qwen2-7B,18.0,20.0
salad,chips,tuna,salad::chips::tuna,0.2,5,0.0016988644538709723,X but not Y,direct,,,Qwen2-7B,19.0,9.0
salad,cigarettes,chips,salad::cigarettes::chips,0.4375,16,0.00041084575357350754,X but not Y,direct,,,Qwen2-7B,11.5,21.0
salad,cigarettes,dressing,salad::cigarettes::dressing,1.0,4,0.002086446896292297,X but not Y,direct,,,Qwen2-7B,2.0,7.0
salad,cigarettes,lettuce,salad::cigarettes::lettuce,0.75,4,0.3976063045667717,X but not Y,direct,,,Qwen2-7B,6.5,1.0
salad,cigarettes,meat,salad::cigarettes::meat,0.5789473684210527,19,5.736692103471952e-05,X but not Y,direct,,,Qwen2-7B,10.0,24.0
salad,cigarettes,tuna,salad::cigarettes::tuna,0.3333333333333333,6,0.0007210567531015476,X but not Y,direct,,,Qwen2-7B,16.0,17.0
salad,dressing,chips,salad::dressing::chips,0.0,2,0.0008259978081999578,X but not Y,direct,,,Qwen2-7B,25.0,14.0
salad,dressing,cigarettes,salad::dressing::cigarettes,0.0,5,2.8873572666685333e-06,X but not Y,direct,,,Qwen2-7B,25.0,28.0
salad,dressing,lettuce,salad::dressing::lettuce,1.0,3,0.45547318291919076,X but not Y,direct,,,Qwen2-7B,2.0,0.0
salad,dressing,meat,salad::dressing::meat,0.3333333333333333,3,0.0007759531308783402,X but not Y,direct,,,Qwen2-7B,16.0,16.0
salad,dressing,tuna,salad::dressing::tuna,0.4375,16,0.0005333042676969713,X but not Y,direct,,,Qwen2-7B,11.5,19.0
salad,lettuce,chips,salad::lettuce::chips,0.0,2,0.00013511803350084046,X but not Y,direct,,,Qwen2-7B,25.0,23.0
salad,lettuce,cigarettes,salad::lettuce::cigarettes,0.0,6,1.0478848654688694e-06,X but not Y,direct,,,Qwen2-7B,25.0,29.0
salad,lettuce,dressing,salad::lettuce::dressing,0.6111111111111112,18,0.011074480857771097,X but not Y,direct,,,Qwen2-7B,8.0,6.0
salad,lettuce,meat,salad::lettuce::meat,0.75,4,0.0008539722666989287,X but not Y,direct,,,Qwen2-7B,6.5,13.0
salad,lettuce,tuna,salad::lettuce::tuna,0.3888888888888889,18,0.001096522095587867,X but not Y,direct,,,Qwen2-7B,14.0,10.0
salad,meat,chips,salad::meat::chips,0.0,2,0.00022947906484191527,X but not Y,direct,,,Qwen2-7B,25.0,22.0
salad,meat,cigarettes,salad::meat::cigarettes,0.0,5,3.027347442555009e-06,X but not Y,direct,,,Qwen2-7B,25.0,27.0
salad,meat,dressing,salad::meat::dressing,0.0,3,0.0009076077405348335,X but not Y,direct,,,Qwen2-7B,25.0,12.0
salad,meat,lettuce,salad::meat::lettuce,1.0,6,0.22208426529492253,X but not Y,direct,,,Qwen2-7B,2.0,2.0
salad,meat,tuna,salad::meat::tuna,0.3333333333333333,3,0.0009661434106702885,X but not Y,direct,,,Qwen2-7B,16.0,11.0
salad,tuna,chips,salad::tuna::chips,0.0,5,0.0006660403211529063,X but not Y,direct,,,Qwen2-7B,25.0,18.0
salad,tuna,cigarettes,salad::tuna::cigarettes,0.0,5,2.0751119789495155e-05,X but not Y,direct,,,Qwen2-7B,25.0,26.0
salad,tuna,dressing,salad::tuna::dressing,0.6,5,0.0020515486192739583,X but not Y,direct,,,Qwen2-7B,9.0,8.0
salad,tuna,lettuce,salad::tuna::lettuce,1.0,5,0.05632253342795064,X but not Y,direct,,,Qwen2-7B,2.0,4.0
salad,tuna,meat,salad::tuna::meat,0.8,5,0.0008033979827087002,X but not Y,direct,,,Qwen2-7B,5.0,15.0
science,art,geology,science::art::geology,1.0,4,0.0010028362606108545,X but not Y,direct,,,Qwen2-7B,3.0,22.0
science,art,math,science::art::math,0.7,20,0.00755255393774747,X but not Y,direct,,,Qwen2-7B,15.0,8.0
science,art,philosophy,science::art::philosophy,0.6111111111111112,18,0.004303315516582409,X but not Y,direct,,,Qwen2-7B,21.0,12.0
science,art,physics,science::art::physics,1.0,5,0.014110028362485523,X but not Y,direct,,,Qwen2-7B,3.0,6.0
science,art,zoology,science::art::zoology,0.8,5,0.0004490945042266037,X but not Y,direct,,,Qwen2-7B,11.0,23.0
science,geology,art,science::geology::art,0.6,5,2.7839101826842398e-05,X but not Y,direct,,,Qwen2-7B,22.0,28.0
science,geology,math,science::geology::math,0.8333333333333334,6,0.0015199634583299212,X but not Y,direct,,,Qwen2-7B,8.5,17.0
science,geology,philosophy,science::geology::philosophy,0.6666666666666666,3,0.0028396655864695755,X but not Y,direct,,,Qwen2-7B,18.0,14.0
science,geology,physics,science::geology::physics,1.0,4,0.07795925309668277,X but not Y,direct,,,Qwen2-7B,3.0,2.0
science,geology,zoology,science::geology::zoology,1.0,13,0.008736019639894791,X but not Y,direct,,,Qwen2-7B,3.0,7.0
science,math,art,science::math::art,0.5,2,0.0001860667533208564,X but not Y,direct,,,Qwen2-7B,23.5,24.0
science,math,geology,science::math::geology,0.75,4,0.0010398451565721521,X but not Y,direct,,,Qwen2-7B,13.5,21.0
science,math,philosophy,science::math::philosophy,0.4,5,0.0074324139330010286,X but not Y,direct,,,Qwen2-7B,26.0,9.0
science,math,physics,science::math::physics,0.5,4,0.1026013095196714,X but not Y,direct,,,Qwen2-7B,23.5,0.0
science,math,zoology,science::math::zoology,0.8,5,0.00018467470460166487,X but not Y,direct,,,Qwen2-7B,11.0,25.0
science,philosophy,art,science::philosophy::art,1.0,5,0.00015275394573717625,X but not Y,direct,,,Qwen2-7B,3.0,26.0
science,philosophy,geology,science::philosophy::geology,0.8,5,0.0017747953521595212,X but not Y,direct,,,Qwen2-7B,11.0,16.0
science,philosophy,math,science::philosophy::math,0.6875,16,0.005384762200783385,X but not Y,direct,,,Qwen2-7B,16.0,10.0
science,philosophy,physics,science::philosophy::physics,1.0,4,0.035113060317299154,X but not Y,direct,,,Qwen2-7B,3.0,4.0
science,philosophy,zoology,science::philosophy::zoology,0.8333333333333334,6,0.0010484544219920044,X but not Y,direct,,,Qwen2-7B,8.5,20.0
science,physics,art,science::physics::art,0.4,5,1.6129870041901264e-05,X but not Y,direct,,,Qwen2-7B,26.0,29.0
science,physics,geology,science::physics::geology,0.8571428571428571,21,0.01770899112449935,X but not Y,direct,,,Qwen2-7B,7.0,5.0
science,physics,math,science::physics::math,0.3333333333333333,3,0.004614334049322551,X but not Y,direct,,,Qwen2-7B,28.5,11.0
science,physics,philosophy,science::physics::philosophy,0.3333333333333333,3,0.0021796570680739807,X but not Y,direct,,,Qwen2-7B,28.5,15.0
science,physics,zoology,science::physics::zoology,0.65,20,0.0014049094934394425,X but not Y,direct,,,Qwen2-7B,20.0,19.0
science,zoology,art,science::zoology::art,0.6666666666666666,3,4.731645219847074e-05,X but not Y,direct,,,Qwen2-7B,18.0,27.0
science,zoology,geology,science::zoology::geology,0.75,4,0.04696924211208814,X but not Y,direct,,,Qwen2-7B,13.5,3.0
science,zoology,math,science::zoology::math,0.4,5,0.0014266831945266658,X but not Y,direct,,,Qwen2-7B,26.0,18.0
science,zoology,philosophy,science::zoology::philosophy,0.6666666666666666,6,0.0034224350676680735,X but not Y,direct,,,Qwen2-7B,18.0,13.0
science,zoology,physics,science::zoology::physics,1.0,4,0.08291801145626461,X but not Y,direct,,,Qwen2-7B,3.0,1.0
throw,beach ball,boomerang,throw::beach ball::boomerang,0.631578947368421,19,2.199619527982974e-08,X but not Y,direct,,,Qwen2-7B,12.0,26.0
throw,beach ball,football,throw::beach ball::football,1.0,5,0.0006480153804985585,X but not Y,direct,,,Qwen2-7B,2.5,3.0
throw,beach ball,lawnmower,throw::beach ball::lawnmower,0.0,3,7.282534167844683e-08,X but not Y,direct,,,Qwen2-7B,24.5,23.0
throw,beach ball,shovel,throw::beach ball::shovel,0.0,6,2.314049563618441e-07,X but not Y,direct,,,Qwen2-7B,24.5,20.0
throw,beach ball,tires,throw::beach ball::tires,0.0,6,3.0009051342250263e-06,X but not Y,direct,,,Qwen2-7B,24.5,12.0
throw,boomerang,beach ball,throw::boomerang::beach ball,0.75,4,5.317167220324212e-06,X but not Y,direct,,,Qwen2-7B,10.5,9.0
throw,boomerang,football,throw::boomerang::football,1.0,4,0.0022287302680708138,X but not Y,direct,,,Qwen2-7B,2.5,1.0
throw,boomerang,lawnmower,throw::boomerang::lawnmower,0.0,5,3.281168884846632e-08,X but not Y,direct,,,Qwen2-7B,24.5,25.0
throw,boomerang,shovel,throw::boomerang::shovel,0.0,4,2.5838290039036794e-07,X but not Y,direct,,,Qwen2-7B,24.5,19.0
throw,boomerang,tires,throw::boomerang::tires,0.0,5,1.1695303088514053e-05,X but not Y,direct,,,Qwen2-7B,24.5,6.0
throw,football,beach ball,throw::football::beach ball,0.875,16,1.93981708330848e-05,X but not Y,direct,,,Qwen2-7B,6.0,5.0
throw,football,boomerang,throw::football::boomerang,0.6190476190476191,21,1.6161686140465438e-08,X but not Y,direct,,,Qwen2-7B,13.0,27.0
throw,football,lawnmower,throw::football::lawnmower,0.0,3,1.0856690781928902e-07,X but not Y,direct,,,Qwen2-7B,24.5,22.0
throw,football,shovel,throw::football::shovel,0.0,4,6.314936468441588e-07,X but not Y,direct,,,Qwen2-7B,24.5,17.0
throw,football,tires,throw::football::tires,0.0,3,8.189334216687473e-06,X but not Y,direct,,,Qwen2-7B,24.5,7.0
throw,lawnmower,beach ball,throw::lawnmower::beach ball,1.0,2,9.599107517263562e-07,X but not Y,direct,,,Qwen2-7B,2.5,15.0
throw,lawnmower,boomerang,throw::lawnmower::boomerang,0.8,5,6.389713690322404e-08,X but not Y,direct,,,Qwen2-7B,8.0,24.0
throw,lawnmower,football,throw::lawnmower::football,1.0,5,0.001615219133586908,X but not Y,direct,,,Qwen2-7B,2.5,2.0
throw,lawnmower,shovel,throw::lawnmower::shovel,0.3333333333333333,21,6.957435931876856e-07,X but not Y,direct,,,Qwen2-7B,16.5,16.0
throw,lawnmower,tires,throw::lawnmower::tires,0.07692307692307693,13,5.472447258864802e-06,X but not Y,direct,,,Qwen2-7B,19.0,8.0
throw,shovel,beach ball,throw::shovel::beach ball,0.75,4,2.384637999624741e-06,X but not Y,direct,,,Qwen2-7B,10.5,13.0
throw,shovel,boomerang,throw::shovel::boomerang,0.6,5,1.2055134853509028e-08,X but not Y,direct,,,Qwen2-7B,14.5,29.0
throw,shovel,football,throw::shovel::football,1.0,4,0.0004081201754570399,X but not Y,direct,,,Qwen2-7B,2.5,4.0
throw,shovel,lawnmower,throw::shovel::lawnmower,0.0,5,1.6967020692560387e-07,X but not Y,direct,,,Qwen2-7B,24.5,21.0
throw,shovel,tires,throw::shovel::tires,0.125,16,3.1160345063907654e-06,X but not Y,direct,,,Qwen2-7B,18.0,11.0
throw,tires,beach ball,throw::tires::beach ball,0.6,5,3.4032683872635305e-06,X but not Y,direct,,,Qwen2-7B,14.5,10.0
throw,tires,boomerang,throw::tires::boomerang,1.0,4,1.290222708628192e-08,X but not Y,direct,,,Qwen2-7B,2.5,28.0
throw,tires,football,throw::tires::football,0.8,5,0.00296871708424491,X but not Y,direct,,,Qwen2-7B,8.0,0.0
throw,tires,lawnmower,throw::tires::lawnmower,0.8,5,4.3897478980038375e-07,X but not Y,direct,,,Qwen2-7B,8.0,18.0
throw,tires,shovel,throw::tires::shovel,0.3333333333333333,6,2.244279879733664e-06,X but not Y,direct,,,Qwen2-7B,16.5,14.0
transport,car,chairs,transport::car::chairs,0.0,5,7.601643200601912e-07,X but not Y,direct,,,Qwen2-7B,26.5,23.0
transport,car,hammer,transport::car::hammer,0.2,5,7.949722540742765e-08,X but not Y,direct,,,Qwen2-7B,20.0,27.0
transport,car,lawnmower,transport::car::lawnmower,0.25,4,1.9055692751196473e-06,X but not Y,direct,,,Qwen2-7B,17.5,17.0
transport,car,motorcycle,transport::car::motorcycle,0.9047619047619048,21,8.000021654907135e-05,X but not Y,direct,,,Qwen2-7B,5.0,7.0
transport,car,roller blades,transport::car::roller blades,0.5625,16,4.294021199323492e-08,X but not Y,direct,,,Qwen2-7B,11.0,29.0
transport,chairs,car,transport::chairs::car,1.0,3,0.0015503264153664113,X but not Y,direct,,,Qwen2-7B,2.0,2.0
transport,chairs,hammer,transport::chairs::hammer,0.0,4,8.641864613634725e-07,X but not Y,direct,,,Qwen2-7B,26.5,21.0
transport,chairs,lawnmower,transport::chairs::lawnmower,0.09090909090909091,22,7.557680106771686e-06,X but not Y,direct,,,Qwen2-7B,22.0,12.0
transport,chairs,motorcycle,transport::chairs::motorcycle,0.6,5,9.605978694535309e-05,X but not Y,direct,,,Qwen2-7B,9.5,6.0
transport,chairs,roller blades,transport::chairs::roller blades,0.6666666666666666,3,1.0915988577752707e-05,X but not Y,direct,,,Qwen2-7B,8.0,11.0
transport,hammer,car,transport::hammer::car,0.6,5,0.0006018613380020987,X but not Y,direct,,,Qwen2-7B,9.5,4.0
transport,hammer,chairs,transport::hammer::chairs,0.06666666666666667,15,1.4802553152958053e-06,X but not Y,direct,,,Qwen2-7B,23.0,19.0
transport,hammer,lawnmower,transport::hammer::lawnmower,0.5555555555555556,18,4.915367183146596e-06,X but not Y,direct,,,Qwen2-7B,12.0,14.0
transport,hammer,motorcycle,transport::hammer::motorcycle,0.5,4,1.6039061379407108e-05,X but not Y,direct,,,Qwen2-7B,15.0,9.0
transport,hammer,roller blades,transport::hammer::roller blades,0.8,5,1.4564523046997745e-06,X but not Y,direct,,,Qwen2-7B,6.5,20.0
transport,lawnmower,car,transport::lawnmower::car,1.0,6,0.0024587635067246567,X but not Y,direct,,,Qwen2-7B,2.0,0.0
transport,lawnmower,chairs,transport::lawnmower::chairs,0.2,5,1.1747775024213778e-05,X but not Y,direct,,,Qwen2-7B,20.0,10.0
transport,lawnmower,hammer,transport::lawnmower::hammer,0.25,4,5.409323052017656e-07,X but not Y,direct,,,Qwen2-7B,17.5,24.0
transport,lawnmower,motorcycle,transport::lawnmower::motorcycle,1.0,5,0.0007982436391088282,X but not Y,direct,,,Qwen2-7B,2.0,3.0
transport,lawnmower,roller blades,transport::lawnmower::roller blades,0.5,4,3.3476861451357025e-06,X but not Y,direct,,,Qwen2-7B,15.0,15.0
transport,motorcycle,car,transport::motorcycle::car,0.8,5,0.0015841577390142522,X but not Y,direct,,,Qwen2-7B,6.5,1.0
transport,motorcycle,chairs,transport::motorcycle::chairs,0.0,4,1.6888674394798194e-06,X but not Y,direct,,,Qwen2-7B,26.5,18.0
transport,motorcycle,hammer,transport::motorcycle::hammer,0.0,5,4.4743852192476504e-08,X but not Y,direct,,,Qwen2-7B,26.5,28.0
transport,motorcycle,lawnmower,transport::motorcycle::lawnmower,0.0,5,6.022778321960025e-06,X but not Y,direct,,,Qwen2-7B,26.5,13.0
transport,motorcycle,roller blades,transport::motorcycle::roller blades,0.5384615384615384,13,3.3386066398079387e-07,X but not Y,direct,,,Qwen2-7B,13.0,25.0
transport,roller blades,car,transport::roller blades::car,1.0,5,0.00011198847844491856,X but not Y,direct,,,Qwen2-7B,2.0,5.0
transport,roller blades,chairs,transport::roller blades::chairs,0.5,2,8.617487664584599e-07,X but not Y,direct,,,Qwen2-7B,15.0,22.0
transport,roller blades,hammer,transport::roller blades::hammer,0.2,5,1.7068557972935255e-07,X but not Y,direct,,,Qwen2-7B,20.0,26.0
transport,roller blades,lawnmower,transport::roller blades::lawnmower,0.0,4,1.9317245967357882e-06,X but not Y,direct,,,Qwen2-7B,26.5,16.0
transport,roller blades,motorcycle,transport::roller blades::motorcycle,1.0,6,4.668374330527185e-05,X but not Y,direct,,,Qwen2-7B,2.0,8.0
bag,cash,chalk,bag::cash::chalk,1.0,5,0.578,set,top_k,0.0,100.0,Qwen2-7B,5.0,12.0
bag,cash,crayons,bag::cash::crayons,1.0,2,0.854,set,top_k,0.0,100.0,Qwen2-7B,5.0,7.0
bag,cash,headphones,bag::cash::headphones,0.0,3,0.004,set,top_k,0.0,100.0,Qwen2-7B,26.0,27.0
bag,cash,makeup,bag::cash::makeup,0.10526315789473684,19,0.132,set,top_k,0.0,100.0,Qwen2-7B,22.0,17.0
bag,cash,pen,bag::cash::pen,1.0,5,1.0,set,top_k,0.0,100.0,Qwen2-7B,5.0,2.0
bag,chalk,cash,bag::chalk::cash,0.0,6,0.006,set,top_k,0.0,100.0,Qwen2-7B,26.0,22.0
bag,chalk,crayons,bag::chalk::crayons,1.0,6,0.854,set,top_k,0.0,100.0,Qwen2-7B,5.0,7.0
bag,chalk,headphones,bag::chalk::headphones,0.2,5,0.004,set,top_k,0.0,100.0,Qwen2-7B,18.0,27.0
bag,chalk,makeup,bag::chalk::makeup,0.2,5,0.132,set,top_k,0.0,100.0,Qwen2-7B,18.0,17.0
bag,chalk,pen,bag::chalk::pen,1.0,5,1.0,set,top_k,0.0,100.0,Qwen2-7B,5.0,2.0
bag,crayons,cash,bag::crayons::cash,0.0,5,0.006,set,top_k,0.0,100.0,Qwen2-7B,26.0,22.0
bag,crayons,chalk,bag::crayons::chalk,0.8888888888888888,18,0.578,set,top_k,0.0,100.0,Qwen2-7B,11.0,12.0
bag,crayons,headphones,bag::crayons::headphones,0.25,4,0.004,set,top_k,0.0,100.0,Qwen2-7B,15.0,27.0
bag,crayons,makeup,bag::crayons::makeup,0.0,5,0.132,set,top_k,0.0,100.0,Qwen2-7B,26.0,17.0
bag,crayons,pen,bag::crayons::pen,1.0,4,1.0,set,top_k,0.0,100.0,Qwen2-7B,5.0,2.0
bag,headphones,cash,bag::headphones::cash,0.14285714285714285,14,0.006,set,top_k,0.0,100.0,Qwen2-7B,21.0,22.0
bag,headphones,chalk,bag::headphones::chalk,0.4,5,0.578,set,top_k,0.0,100.0,Qwen2-7B,14.0,12.0
bag,headphones,crayons,bag::headphones::crayons,1.0,3,0.854,set,top_k,0.0,100.0,Qwen2-7B,5.0,7.0
bag,headphones,makeup,bag::headphones::makeup,0.21052631578947367,19,0.132,set,top_k,0.0,100.0,Qwen2-7B,16.0,17.0
bag,headphones,pen,bag::headphones::pen,1.0,5,1.0,set,top_k,0.0,100.0,Qwen2-7B,5.0,2.0
bag,makeup,cash,bag::makeup::cash,0.2,5,0.006,set,top_k,0.0,100.0,Qwen2-7B,18.0,22.0
bag,makeup,chalk,bag::makeup::chalk,1.0,2,0.578,set,top_k,0.0,100.0,Qwen2-7B,5.0,12.0
bag,makeup,crayons,bag::makeup::crayons,1.0,2,0.854,set,top_k,0.0,100.0,Qwen2-7B,5.0,7.0
bag,makeup,headphones,bag::makeup::headphones,0.0,4,0.004,set,top_k,0.0,100.0,Qwen2-7B,26.0,27.0
bag,makeup,pen,bag::makeup::pen,1.0,3,1.0,set,top_k,0.0,100.0,Qwen2-7B,5.0,2.0
bag,pen,cash,bag::pen::cash,0.0,5,0.006,set,top_k,0.0,100.0,Qwen2-7B,26.0,22.0
bag,pen,chalk,bag::pen::chalk,0.8571428571428571,21,0.578,set,top_k,0.0,100.0,Qwen2-7B,13.0,12.0
bag,pen,crayons,bag::pen::crayons,0.8823529411764706,17,0.854,set,top_k,0.0,100.0,Qwen2-7B,12.0,7.0
bag,pen,headphones,bag::pen::headphones,0.0,5,0.004,set,top_k,0.0,100.0,Qwen2-7B,26.0,27.0
bag,pen,makeup,bag::pen::makeup,0.16666666666666666,6,0.132,set,top_k,0.0,100.0,Qwen2-7B,20.0,17.0
bakery,cakes,ice cream,bakery::cakes::ice cream,0.8421052631578947,19,0.85,set,top_k,1.0,100.0,Qwen2-7B,9.0,7.0
bakery,cakes,muffins,bakery::cakes::muffins,0.8888888888888888,18,0.112,set,top_k,1.0,100.0,Qwen2-7B,8.0,12.0
bakery,cakes,pretzels,bakery::cakes::pretzels,0.5,6,0.098,set,top_k,1.0,100.0,Qwen2-7B,17.0,17.0
bakery,cakes,sandwiches,bakery::cakes::sandwiches,0.4,5,0.028,set,top_k,1.0,100.0,Qwen2-7B,21.0,27.0
bakery,cakes,water,bakery::cakes::water,0.0,5,0.054,set,top_k,1.0,100.0,Qwen2-7B,27.0,22.0
bakery,ice cream,cakes,bakery::ice cream::cakes,1.0,5,0.972,set,top_k,1.0,100.0,Qwen2-7B,3.5,2.0
bakery,ice cream,muffins,bakery::ice cream::muffins,0.5882352941176471,17,0.112,set,top_k,1.0,100.0,Qwen2-7B,13.0,12.0
bakery,ice cream,pretzels,bakery::ice cream::pretzels,0.5,2,0.098,set,top_k,1.0,100.0,Qwen2-7B,17.0,17.0
bakery,ice cream,sandwiches,bakery::ice cream::sandwiches,0.25,4,0.028,set,top_k,1.0,100.0,Qwen2-7B,23.0,27.0
bakery,ice cream,water,bakery::ice cream::water,0.16666666666666666,6,0.054,set,top_k,1.0,100.0,Qwen2-7B,24.0,22.0
bakery,muffins,cakes,bakery::muffins::cakes,1.0,5,0.972,set,top_k,1.0,100.0,Qwen2-7B,3.5,2.0
bakery,muffins,ice cream,bakery::muffins::ice cream,1.0,2,0.85,set,top_k,1.0,100.0,Qwen2-7B,3.5,7.0
bakery,muffins,pretzels,bakery::muffins::pretzels,0.4,5,0.098,set,top_k,1.0,100.0,Qwen2-7B,21.0,17.0
bakery,muffins,sandwiches,bakery::muffins::sandwiches,0.0,2,0.028,set,top_k,1.0,100.0,Qwen2-7B,27.0,27.0
bakery,muffins,water,bakery::muffins::water,0.0,5,0.054,set,top_k,1.0,100.0,Qwen2-7B,27.0,22.0
bakery,pretzels,cakes,bakery::pretzels::cakes,1.0,5,0.972,set,top_k,1.0,100.0,Qwen2-7B,3.5,2.0
bakery,pretzels,ice cream,bakery::pretzels::ice cream,1.0,5,0.85,set,top_k,1.0,100.0,Qwen2-7B,3.5,7.0
bakery,pretzels,muffins,bakery::pretzels::muffins,1.0,3,0.112,set,top_k,1.0,100.0,Qwen2-7B,3.5,12.0
bakery,pretzels,sandwiches,bakery::pretzels::sandwiches,0.4,5,0.028,set,top_k,1.0,100.0,Qwen2-7B,21.0,27.0
bakery,pretzels,water,bakery::pretzels::water,0.0,4,0.054,set,top_k,1.0,100.0,Qwen2-7B,27.0,22.0
bakery,sandwiches,cakes,bakery::sandwiches::cakes,1.0,3,0.972,set,top_k,1.0,100.0,Qwen2-7B,3.5,2.0
bakery,sandwiches,ice cream,bakery::sandwiches::ice cream,1.0,5,0.85,set,top_k,1.0,100.0,Qwen2-7B,3.5,7.0
bakery,sandwiches,muffins,bakery::sandwiches::muffins,0.6666666666666666,3,0.112,set,top_k,1.0,100.0,Qwen2-7B,11.0,12.0
bakery,sandwiches,pretzels,bakery::sandwiches::pretzels,0.55,20,0.098,set,top_k,1.0,100.0,Qwen2-7B,14.0,17.0
bakery,sandwiches,water,bakery::sandwiches::water,0.0,5,0.054,set,top_k,1.0,100.0,Qwen2-7B,27.0,22.0
bakery,water,cakes,bakery::water::cakes,0.6666666666666666,3,0.972,set,top_k,1.0,100.0,Qwen2-7B,11.0,2.0
bakery,water,ice cream,bakery::water::ice cream,0.6666666666666666,6,0.85,set,top_k,1.0,100.0,Qwen2-7B,11.0,7.0
bakery,water,muffins,bakery::water::muffins,0.5,6,0.112,set,top_k,1.0,100.0,Qwen2-7B,17.0,12.0
bakery,water,pretzels,bakery::water::pretzels,0.5384615384615384,13,0.098,set,top_k,1.0,100.0,Qwen2-7B,15.0,17.0
bakery,water,sandwiches,bakery::water::sandwiches,0.42857142857142855,21,0.028,set,top_k,1.0,100.0,Qwen2-7B,19.0,27.0
beach,bikini,coat,beach::bikini::coat,0.3333333333333333,3,0.07,set,top_k,2.0,100.0,Qwen2-7B,21.0,27.0
beach,bikini,jacket,beach::bikini::jacket,0.25,4,0.182,set,top_k,2.0,100.0,Qwen2-7B,23.0,22.0
beach,bikini,jeans,beach::bikini::jeans,0.5,6,0.688,set,top_k,2.0,100.0,Qwen2-7B,17.0,7.0
beach,bikini,shorts,beach::bikini::shorts,0.7,20,1.0,set,top_k,2.0,100.0,Qwen2-7B,10.0,2.0
beach,bikini,sunglasses,beach::bikini::sunglasses,0.16666666666666666,18,0.432,set,top_k,2.0,100.0,Qwen2-7B,25.0,17.0
beach,coat,bikini,beach::coat::bikini,1.0,6,0.616,set,top_k,2.0,100.0,Qwen2-7B,3.0,12.0
beach,coat,jacket,beach::coat::jacket,0.5454545454545454,11,0.182,set,top_k,2.0,100.0,Qwen2-7B,14.0,22.0
beach,coat,jeans,beach::coat::jeans,0.5,16,0.688,set,top_k,2.0,100.0,Qwen2-7B,17.0,7.0
beach,coat,shorts,beach::coat::shorts,1.0,5,1.0,set,top_k,2.0,100.0,Qwen2-7B,3.0,2.0
beach,coat,sunglasses,beach::coat::sunglasses,0.0,3,0.432,set,top_k,2.0,100.0,Qwen2-7B,28.0,17.0
beach,jacket,bikini,beach::jacket::bikini,1.0,2,0.616,set,top_k,2.0,100.0,Qwen2-7B,3.0,12.0
beach,jacket,coat,beach::jacket::coat,1.0,3,0.07,set,top_k,2.0,100.0,Qwen2-7B,3.0,27.0
beach,jacket,jeans,beach::jacket::jeans,0.45,20,0.688,set,top_k,2.0,100.0,Qwen2-7B,20.0,7.0
beach,jacket,shorts,beach::jacket::shorts,0.6,5,1.0,set,top_k,2.0,100.0,Qwen2-7B,12.0,2.0
beach,jacket,sunglasses,beach::jacket::sunglasses,0.5,4,0.432,set,top_k,2.0,100.0,Qwen2-7B,17.0,17.0
beach,jeans,bikini,beach::jeans::bikini,1.0,5,0.616,set,top_k,2.0,100.0,Qwen2-7B,3.0,12.0
beach,jeans,coat,beach::jeans::coat,0.6,5,0.07,set,top_k,2.0,100.0,Qwen2-7B,12.0,27.0
beach,jeans,jacket,beach::jeans::jacket,0.0,6,0.182,set,top_k,2.0,100.0,Qwen2-7B,28.0,22.0
beach,jeans,shorts,beach::jeans::shorts,1.0,5,1.0,set,top_k,2.0,100.0,Qwen2-7B,3.0,2.0
beach,jeans,sunglasses,beach::jeans::sunglasses,0.25,4,0.432,set,top_k,2.0,100.0,Qwen2-7B,23.0,17.0
beach,shorts,bikini,beach::shorts::bikini,0.75,4,0.616,set,top_k,2.0,100.0,Qwen2-7B,8.5,12.0
beach,shorts,coat,beach::shorts::coat,0.75,4,0.07,set,top_k,2.0,100.0,Qwen2-7B,8.5,27.0
beach,shorts,jacket,beach::shorts::jacket,0.25,4,0.182,set,top_k,2.0,100.0,Qwen2-7B,23.0,22.0
beach,shorts,jeans,beach::shorts::jeans,0.6,5,0.688,set,top_k,2.0,100.0,Qwen2-7B,12.0,7.0
beach,shorts,sunglasses,beach::shorts::sunglasses,0.15,20,0.432,set,top_k,2.0,100.0,Qwen2-7B,26.0,17.0
beach,sunglasses,bikini,beach::sunglasses::bikini,1.0,5,0.616,set,top_k,2.0,100.0,Qwen2-7B,3.0,12.0
beach,sunglasses,coat,beach::sunglasses::coat,0.0,5,0.07,set,top_k,2.0,100.0,Qwen2-7B,28.0,27.0
beach,sunglasses,jacket,beach::sunglasses::jacket,0.8,5,0.182,set,top_k,2.0,100.0,Qwen2-7B,7.0,22.0
beach,sunglasses,jeans,beach::sunglasses::jeans,0.5,6,0.688,set,top_k,2.0,100.0,Qwen2-7B,17.0,7.0
beach,sunglasses,shorts,beach::sunglasses::shorts,0.5,4,1.0,set,top_k,2.0,100.0,Qwen2-7B,17.0,2.0
cold,blankets,fridge,cold::blankets::fridge,0.0,4,0.018,set,top_k,3.0,100.0,Qwen2-7B,24.5,12.0
cold,blankets,heater,cold::blankets::heater,1.0,2,0.996,set,top_k,3.0,100.0,Qwen2-7B,1.0,2.0
cold,blankets,microwave,cold::blankets::microwave,0.0,5,0.142,set,top_k,3.0,100.0,Qwen2-7B,24.5,7.0
cold,blankets,sink,cold::blankets::sink,0.0,4,0.008,set,top_k,3.0,100.0,Qwen2-7B,24.5,17.0
cold,blankets,tea,cold::blankets::tea,0.2,20,0.004,set,top_k,3.0,100.0,Qwen2-7B,17.0,22.0
cold,fridge,blankets,cold::fridge::blankets,0.3333333333333333,3,0.002,set,top_k,3.0,100.0,Qwen2-7B,12.5,27.0
cold,fridge,heater,cold::fridge::heater,0.8,5,0.996,set,top_k,3.0,100.0,Qwen2-7B,4.0,2.0
cold,fridge,microwave,cold::fridge::microwave,0.6923076923076923,13,0.142,set,top_k,3.0,100.0,Qwen2-7B,5.0,7.0
cold,fridge,sink,cold::fridge::sink,0.23809523809523808,21,0.008,set,top_k,3.0,100.0,Qwen2-7B,15.0,17.0
cold,fridge,tea,cold::fridge::tea,0.5,6,0.004,set,top_k,3.0,100.0,Qwen2-7B,10.0,22.0
cold,heater,blankets,cold::heater::blankets,0.8333333333333334,18,0.002,set,top_k,3.0,100.0,Qwen2-7B,3.0,27.0
cold,heater,fridge,cold::heater::fridge,0.0,4,0.018,set,top_k,3.0,100.0,Qwen2-7B,24.5,12.0
cold,heater,microwave,cold::heater::microwave,0.2,5,0.142,set,top_k,3.0,100.0,Qwen2-7B,17.0,7.0
cold,heater,sink,cold::heater::sink,0.0,5,0.008,set,top_k,3.0,100.0,Qwen2-7B,24.5,17.0
cold,heater,tea,cold::heater::tea,0.125,16,0.004,set,top_k,3.0,100.0,Qwen2-7B,19.0,22.0
cold,microwave,blankets,cold::microwave::blankets,0.6,5,0.002,set,top_k,3.0,100.0,Qwen2-7B,6.5,27.0
cold,microwave,fridge,cold::microwave::fridge,0.5,4,0.018,set,top_k,3.0,100.0,Qwen2-7B,10.0,12.0
cold,microwave,heater,cold::microwave::heater,1.0,5,0.996,set,top_k,3.0,100.0,Qwen2-7B,1.0,2.0
cold,microwave,sink,cold::microwave::sink,0.0,4,0.008,set,top_k,3.0,100.0,Qwen2-7B,24.5,17.0
cold,microwave,tea,cold::microwave::tea,0.2,5,0.004,set,top_k,3.0,100.0,Qwen2-7B,17.0,22.0
cold,sink,blankets,cold::sink::blankets,0.3333333333333333,3,0.002,set,top_k,3.0,100.0,Qwen2-7B,12.5,27.0
cold,sink,fridge,cold::sink::fridge,0.25,4,0.018,set,top_k,3.0,100.0,Qwen2-7B,14.0,12.0
cold,sink,heater,cold::sink::heater,1.0,4,0.996,set,top_k,3.0,100.0,Qwen2-7B,1.0,2.0
cold,sink,microwave,cold::sink::microwave,0.5294117647058824,17,0.142,set,top_k,3.0,100.0,Qwen2-7B,8.0,7.0
cold,sink,tea,cold::sink::tea,0.0,5,0.004,set,top_k,3.0,100.0,Qwen2-7B,24.5,22.0
cold,tea,blankets,cold::tea::blankets,0.6,5,0.002,set,top_k,3.0,100.0,Qwen2-7B,6.5,27.0
cold,tea,fridge,cold::tea::fridge,0.0,6,0.018,set,top_k,3.0,100.0,Qwen2-7B,24.5,12.0
cold,tea,heater,cold::tea::heater,0.5,6,0.996,set,top_k,3.0,100.0,Qwen2-7B,10.0,2.0
cold,tea,microwave,cold::tea::microwave,0.0,5,0.142,set,top_k,3.0,100.0,Qwen2-7B,24.5,7.0
cold,tea,sink,cold::tea::sink,0.0,4,0.008,set,top_k,3.0,100.0,Qwen2-7B,24.5,17.0
cut,batteries,keys,cut::batteries::keys,0.16666666666666666,6,0.284,set,top_k,4.0,100.0,Qwen2-7B,20.5,12.0
cut,batteries,nail clippers,cut::batteries::nail clippers,0.8,5,0.564,set,top_k,4.0,100.0,Qwen2-7B,4.5,7.0
cut,batteries,scissors,cut::batteries::scissors,0.8,5,1.0,set,top_k,4.0,100.0,Qwen2-7B,4.5,2.0
cut,batteries,stapler,cut::batteries::stapler,0.4444444444444444,18,0.166,set,top_k,4.0,100.0,Qwen2-7B,12.0,17.0
cut,batteries,thumb tacks,cut::batteries::thumb tacks,0.38095238095238093,21,0.0,set,top_k,4.0,100.0,Qwen2-7B,13.0,27.0
cut,keys,batteries,cut::keys::batteries,0.25,4,0.02,set,top_k,4.0,100.0,Qwen2-7B,16.0,22.0
cut,keys,nail clippers,cut::keys::nail clippers,0.8,5,0.564,set,top_k,4.0,100.0,Qwen2-7B,4.5,7.0
cut,keys,scissors,cut::keys::scissors,1.0,5,1.0,set,top_k,4.0,100.0,Qwen2-7B,1.0,2.0
cut,keys,stapler,cut::keys::stapler,0.2,5,0.166,set,top_k,4.0,100.0,Qwen2-7B,18.0,17.0
cut,keys,thumb tacks,cut::keys::thumb tacks,0.2,5,0.0,set,top_k,4.0,100.0,Qwen2-7B,18.0,27.0
cut,nail clippers,batteries,cut::nail clippers::batteries,0.0,5,0.02,set,top_k,4.0,100.0,Qwen2-7B,26.5,22.0
cut,nail clippers,keys,cut::nail clippers::keys,0.3125,16,0.284,set,top_k,4.0,100.0,Qwen2-7B,15.0,12.0
cut,nail clippers,scissors,cut::nail clippers::scissors,1.0,4,1.0,set,top_k,4.0,100.0,Qwen2-7B,1.0,2.0
cut,nail clippers,stapler,cut::nail clippers::stapler,0.5,2,0.166,set,top_k,4.0,100.0,Qwen2-7B,11.0,17.0
cut,nail clippers,thumb tacks,cut::nail clippers::thumb tacks,0.6666666666666666,3,0.0,set,top_k,4.0,100.0,Qwen2-7B,7.5,27.0
cut,scissors,batteries,cut::scissors::batteries,0.0,4,0.02,set,top_k,4.0,100.0,Qwen2-7B,26.5,22.0
cut,scissors,keys,cut::scissors::keys,0.15,20,0.284,set,top_k,4.0,100.0,Qwen2-7B,22.0,12.0
cut,scissors,nail clippers,cut::scissors::nail clippers,0.6363636363636364,11,0.564,set,top_k,4.0,100.0,Qwen2-7B,9.0,7.0
cut,scissors,stapler,cut::scissors::stapler,0.16666666666666666,6,0.166,set,top_k,4.0,100.0,Qwen2-7B,20.5,17.0
cut,scissors,thumb tacks,cut::scissors::thumb tacks,0.0,4,0.0,set,top_k,4.0,100.0,Qwen2-7B,26.5,27.0
cut,stapler,batteries,cut::stapler::batteries,0.0,5,0.02,set,top_k,4.0,100.0,Qwen2-7B,26.5,22.0
cut,stapler,keys,cut::stapler::keys,0.2,5,0.284,set,top_k,4.0,100.0,Qwen2-7B,18.0,12.0
cut,stapler,nail clippers,cut::stapler::nail clippers,0.6666666666666666,6,0.564,set,top_k,4.0,100.0,Qwen2-7B,7.5,7.0
cut,stapler,scissors,cut::stapler::scissors,1.0,4,1.0,set,top_k,4.0,100.0,Qwen2-7B,1.0,2.0
cut,stapler,thumb tacks,cut::stapler::thumb tacks,0.11764705882352941,17,0.0,set,top_k,4.0,100.0,Qwen2-7B,23.0,27.0
cut,thumb tacks,batteries,cut::thumb tacks::batteries,0.0,4,0.02,set,top_k,4.0,100.0,Qwen2-7B,26.5,22.0
cut,thumb tacks,keys,cut::thumb tacks::keys,0.3333333333333333,3,0.284,set,top_k,4.0,100.0,Qwen2-7B,14.0,12.0
cut,thumb tacks,nail clippers,cut::thumb tacks::nail clippers,0.6,5,0.564,set,top_k,4.0,100.0,Qwen2-7B,10.0,7.0
cut,thumb tacks,scissors,cut::thumb tacks::scissors,0.8,5,1.0,set,top_k,4.0,100.0,Qwen2-7B,4.5,2.0
cut,thumb tacks,stapler,cut::thumb tacks::stapler,0.0,5,0.166,set,top_k,4.0,100.0,Qwen2-7B,26.5,17.0
fridge,juice,ketchup,fridge::juice::ketchup,0.3333333333333333,6,0.006,set,top_k,5.0,100.0,Qwen2-7B,17.0,27.0
fridge,juice,meat,fridge::juice::meat,0.0,3,0.01,set,top_k,5.0,100.0,Qwen2-7B,25.5,22.0
fridge,juice,milk,fridge::juice::milk,1.0,15,0.916,set,top_k,5.0,100.0,Qwen2-7B,5.0,7.0
fridge,juice,water,fridge::juice::water,1.0,6,1.0,set,top_k,5.0,100.0,Qwen2-7B,5.0,2.0
fridge,juice,yogurt,fridge::juice::yogurt,0.0,5,0.038,set,top_k,5.0,100.0,Qwen2-7B,25.5,17.0
fridge,ketchup,juice,fridge::ketchup::juice,1.0,5,0.726,set,top_k,5.0,100.0,Qwen2-7B,5.0,12.0
fridge,ketchup,meat,fridge::ketchup::meat,0.0,4,0.01,set,top_k,5.0,100.0,Qwen2-7B,25.5,22.0
fridge,ketchup,milk,fridge::ketchup::milk,1.0,5,0.916,set,top_k,5.0,100.0,Qwen2-7B,5.0,7.0
fridge,ketchup,water,fridge::ketchup::water,1.0,2,1.0,set,top_k,5.0,100.0,Qwen2-7B,5.0,2.0
fridge,ketchup,yogurt,fridge::ketchup::yogurt,0.2222222222222222,18,0.038,set,top_k,5.0,100.0,Qwen2-7B,18.0,17.0
fridge,meat,juice,fridge::meat::juice,1.0,5,0.726,set,top_k,5.0,100.0,Qwen2-7B,5.0,12.0
fridge,meat,ketchup,fridge::meat::ketchup,0.16666666666666666,18,0.006,set,top_k,5.0,100.0,Qwen2-7B,21.0,27.0
fridge,meat,milk,fridge::meat::milk,0.6666666666666666,3,0.916,set,top_k,5.0,100.0,Qwen2-7B,14.0,7.0
fridge,meat,water,fridge::meat::water,1.0,2,1.0,set,top_k,5.0,100.0,Qwen2-7B,5.0,2.0
fridge,meat,yogurt,fridge::meat::yogurt,0.625,16,0.038,set,top_k,5.0,100.0,Qwen2-7B,15.0,17.0
fridge,milk,juice,fridge::milk::juice,1.0,5,0.726,set,top_k,5.0,100.0,Qwen2-7B,5.0,12.0
fridge,milk,ketchup,fridge::milk::ketchup,0.0,5,0.006,set,top_k,5.0,100.0,Qwen2-7B,25.5,27.0
fridge,milk,meat,fridge::milk::meat,0.0,6,0.01,set,top_k,5.0,100.0,Qwen2-7B,25.5,22.0
fridge,milk,water,fridge::milk::water,0.8333333333333334,6,1.0,set,top_k,5.0,100.0,Qwen2-7B,12.0,2.0
fridge,milk,yogurt,fridge::milk::yogurt,0.2,5,0.038,set,top_k,5.0,100.0,Qwen2-7B,19.5,17.0
fridge,water,juice,fridge::water::juice,1.0,22,0.726,set,top_k,5.0,100.0,Qwen2-7B,5.0,12.0
fridge,water,ketchup,fridge::water::ketchup,0.0,4,0.006,set,top_k,5.0,100.0,Qwen2-7B,25.5,27.0
fridge,water,meat,fridge::water::meat,0.0,3,0.01,set,top_k,5.0,100.0,Qwen2-7B,25.5,22.0
fridge,water,milk,fridge::water::milk,0.9444444444444444,18,0.916,set,top_k,5.0,100.0,Qwen2-7B,11.0,7.0
fridge,water,yogurt,fridge::water::yogurt,0.0,5,0.038,set,top_k,5.0,100.0,Qwen2-7B,25.5,17.0
fridge,yogurt,juice,fridge::yogurt::juice,1.0,5,0.726,set,top_k,5.0,100.0,Qwen2-7B,5.0,12.0
fridge,yogurt,ketchup,fridge::yogurt::ketchup,0.2,5,0.006,set,top_k,5.0,100.0,Qwen2-7B,19.5,27.0
fridge,yogurt,meat,fridge::yogurt::meat,0.4,5,0.01,set,top_k,5.0,100.0,Qwen2-7B,16.0,22.0
fridge,yogurt,milk,fridge::yogurt::milk,0.75,4,0.916,set,top_k,5.0,100.0,Qwen2-7B,13.0,7.0
fridge,yogurt,water,fridge::yogurt::water,1.0,2,1.0,set,top_k,5.0,100.0,Qwen2-7B,5.0,2.0
gym,basketball,lacrosse,gym::basketball::lacrosse,0.9333333333333333,15,0.234,set,top_k,6.0,100.0,Qwen2-7B,11.0,22.0
gym,basketball,meditation,gym::basketball::meditation,0.0,2,0.006,set,top_k,6.0,100.0,Qwen2-7B,28.0,27.0
gym,basketball,softball,gym::basketball::softball,0.9,20,1.0,set,top_k,6.0,100.0,Qwen2-7B,12.0,4.5
gym,basketball,swimming,gym::basketball::swimming,0.4,5,0.424,set,top_k,6.0,100.0,Qwen2-7B,23.5,17.0
gym,basketball,weightlifting,gym::basketball::weightlifting,0.8,5,0.462,set,top_k,6.0,100.0,Qwen2-7B,15.5,12.0
gym,lacrosse,basketball,gym::lacrosse::basketball,1.0,4,1.0,set,top_k,6.0,100.0,Qwen2-7B,4.5,4.5
gym,lacrosse,meditation,gym::lacrosse::meditation,0.0,2,0.006,set,top_k,6.0,100.0,Qwen2-7B,28.0,27.0
gym,lacrosse,softball,gym::lacrosse::softball,1.0,3,1.0,set,top_k,6.0,100.0,Qwen2-7B,4.5,4.5
gym,lacrosse,swimming,gym::lacrosse::swimming,0.3333333333333333,3,0.424,set,top_k,6.0,100.0,Qwen2-7B,25.5,17.0
gym,lacrosse,weightlifting,gym::lacrosse::weightlifting,0.6666666666666666,3,0.462,set,top_k,6.0,100.0,Qwen2-7B,20.0,12.0
gym,meditation,basketball,gym::meditation::basketball,0.75,4,1.0,set,top_k,6.0,100.0,Qwen2-7B,18.5,4.5
gym,meditation,lacrosse,gym::meditation::lacrosse,1.0,4,0.234,set,top_k,6.0,100.0,Qwen2-7B,4.5,22.0
gym,meditation,softball,gym::meditation::softball,1.0,4,1.0,set,top_k,6.0,100.0,Qwen2-7B,4.5,4.5
gym,meditation,swimming,gym::meditation::swimming,0.7894736842105263,19,0.424,set,top_k,6.0,100.0,Qwen2-7B,17.0,17.0
gym,meditation,weightlifting,gym::meditation::weightlifting,0.55,20,0.462,set,top_k,6.0,100.0,Qwen2-7B,22.0,12.0
gym,softball,basketball,gym::softball::basketball,1.0,6,1.0,set,top_k,6.0,100.0,Qwen2-7B,4.5,4.5
gym,softball,lacrosse,gym::softball::lacrosse,0.9473684210526315,19,0.234,set,top_k,6.0,100.0,Qwen2-7B,10.0,22.0
gym,softball,meditation,gym::softball::meditation,0.6,5,0.006,set,top_k,6.0,100.0,Qwen2-7B,21.0,27.0
gym,softball,swimming,gym::softball::swimming,0.8,5,0.424,set,top_k,6.0,100.0,Qwen2-7B,15.5,17.0
gym,softball,weightlifting,gym::softball::weightlifting,0.3333333333333333,3,0.462,set,top_k,6.0,100.0,Qwen2-7B,25.5,12.0
gym,swimming,basketball,gym::swimming::basketball,1.0,5,1.0,set,top_k,6.0,100.0,Qwen2-7B,4.5,4.5
gym,swimming,lacrosse,gym::swimming::lacrosse,1.0,4,0.234,set,top_k,6.0,100.0,Qwen2-7B,4.5,22.0
gym,swimming,meditation,gym::swimming::meditation,0.0,5,0.006,set,top_k,6.0,100.0,Qwen2-7B,28.0,27.0
gym,swimming,softball,gym::swimming::softball,0.75,4,1.0,set,top_k,6.0,100.0,Qwen2-7B,18.5,4.5
gym,swimming,weightlifting,gym::swimming::weightlifting,0.4,5,0.462,set,top_k,6.0,100.0,Qwen2-7B,23.5,12.0
gym,weightlifting,basketball,gym::weightlifting::basketball,1.0,5,1.0,set,top_k,6.0,100.0,Qwen2-7B,4.5,4.5
gym,weightlifting,lacrosse,gym::weightlifting::lacrosse,1.0,6,0.234,set,top_k,6.0,100.0,Qwen2-7B,4.5,22.0
gym,weightlifting,meditation,gym::weightlifting::meditation,1.0,2,0.006,set,top_k,6.0,100.0,Qwen2-7B,4.5,27.0
gym,weightlifting,softball,gym::weightlifting::softball,0.8333333333333334,6,1.0,set,top_k,6.0,100.0,Qwen2-7B,14.0,4.5
gym,weightlifting,swimming,gym::weightlifting::swimming,0.85,20,0.424,set,top_k,6.0,100.0,Qwen2-7B,13.0,17.0
hot,blankets,couch,hot::blankets::couch,0.0,12,0.012,set,top_k,7.0,100.0,Qwen2-7B,23.5,22.0
hot,blankets,fan,hot::blankets::fan,0.2,5,0.994,set,top_k,7.0,100.0,Qwen2-7B,14.0,2.0
hot,blankets,heater,hot::blankets::heater,0.75,4,0.806,set,top_k,7.0,100.0,Qwen2-7B,4.0,7.0
hot,blankets,pool,hot::blankets::pool,0.0,5,0.046,set,top_k,7.0,100.0,Qwen2-7B,23.5,12.0
hot,blankets,shower,hot::blankets::shower,0.2,5,0.036,set,top_k,7.0,100.0,Qwen2-7B,14.0,17.0
hot,couch,blankets,hot::couch::blankets,0.2,5,0.0,set,top_k,7.0,100.0,Qwen2-7B,14.0,27.0
hot,couch,fan,hot::couch::fan,0.0,3,0.994,set,top_k,7.0,100.0,Qwen2-7B,23.5,2.0
hot,couch,heater,hot::couch::heater,0.0,3,0.806,set,top_k,7.0,100.0,Qwen2-7B,23.5,7.0
hot,couch,pool,hot::couch::pool,0.5,6,0.046,set,top_k,7.0,100.0,Qwen2-7B,6.0,12.0
hot,couch,shower,hot::couch::shower,1.0,2,0.036,set,top_k,7.0,100.0,Qwen2-7B,1.0,17.0
hot,fan,blankets,hot::fan::blankets,0.0,4,0.0,set,top_k,7.0,100.0,Qwen2-7B,23.5,27.0
hot,fan,couch,hot::fan::couch,0.0,4,0.012,set,top_k,7.0,100.0,Qwen2-7B,23.5,22.0
hot,fan,heater,hot::fan::heater,0.16666666666666666,6,0.806,set,top_k,7.0,100.0,Qwen2-7B,16.0,7.0
hot,fan,pool,hot::fan::pool,0.55,20,0.046,set,top_k,7.0,100.0,Qwen2-7B,5.0,12.0
hot,fan,shower,hot::fan::shower,0.05,20,0.036,set,top_k,7.0,100.0,Qwen2-7B,17.0,17.0
hot,heater,blankets,hot::heater::blankets,0.23076923076923078,13,0.0,set,top_k,7.0,100.0,Qwen2-7B,12.0,27.0
hot,heater,couch,hot::heater::couch,0.0,20,0.012,set,top_k,7.0,100.0,Qwen2-7B,23.5,22.0
hot,heater,fan,hot::heater::fan,1.0,5,0.994,set,top_k,7.0,100.0,Qwen2-7B,1.0,2.0
hot,heater,pool,hot::heater::pool,0.25,4,0.046,set,top_k,7.0,100.0,Qwen2-7B,10.5,12.0
hot,heater,shower,hot::heater::shower,0.0,5,0.036,set,top_k,7.0,100.0,Qwen2-7B,23.5,17.0
hot,pool,blankets,hot::pool::blankets,0.4,5,0.0,set,top_k,7.0,100.0,Qwen2-7B,7.0,27.0
hot,pool,couch,hot::pool::couch,0.0,4,0.012,set,top_k,7.0,100.0,Qwen2-7B,23.5,22.0
hot,pool,fan,hot::pool::fan,0.25,4,0.994,set,top_k,7.0,100.0,Qwen2-7B,10.5,2.0
hot,pool,heater,hot::pool::heater,0.0,4,0.806,set,top_k,7.0,100.0,Qwen2-7B,23.5,7.0
hot,pool,shower,hot::pool::shower,0.2631578947368421,19,0.036,set,top_k,7.0,100.0,Qwen2-7B,9.0,17.0
hot,shower,blankets,hot::shower::blankets,0.0,4,0.0,set,top_k,7.0,100.0,Qwen2-7B,23.5,27.0
hot,shower,couch,hot::shower::couch,0.0,6,0.012,set,top_k,7.0,100.0,Qwen2-7B,23.5,22.0
hot,shower,fan,hot::shower::fan,0.8,5,0.994,set,top_k,7.0,100.0,Qwen2-7B,3.0,2.0
hot,shower,heater,hot::shower::heater,0.3333333333333333,6,0.806,set,top_k,7.0,100.0,Qwen2-7B,8.0,7.0
hot,shower,pool,hot::shower::pool,1.0,5,0.046,set,top_k,7.0,100.0,Qwen2-7B,1.0,12.0
mall,burger joint,coffee shop,mall::burger joint::coffee shop,0.625,16,0.71,set,top_k,8.0,100.0,Qwen2-7B,15.0,2.0
mall,burger joint,electronics store,mall::burger joint::electronics store,0.0,6,0.0,set,top_k,8.0,100.0,Qwen2-7B,27.0,22.0
mall,burger joint,gift shop,mall::burger joint::gift shop,0.16666666666666666,6,0.0,set,top_k,8.0,100.0,Qwen2-7B,24.0,22.0
mall,burger joint,grocery store,mall::burger joint::grocery store,0.8,5,0.338,set,top_k,8.0,100.0,Qwen2-7B,11.0,9.5
mall,burger joint,pretzel stand,mall::burger joint::pretzel stand,0.8421052631578947,19,0.0,set,top_k,8.0,100.0,Qwen2-7B,7.5,22.0
mall,coffee shop,burger joint,mall::coffee shop::burger joint,0.5,2,0.338,set,top_k,8.0,100.0,Qwen2-7B,20.0,9.5
mall,coffee shop,electronics store,mall::coffee shop::electronics store,0.4,5,0.0,set,top_k,8.0,100.0,Qwen2-7B,22.0,22.0
mall,coffee shop,gift shop,mall::coffee shop::gift shop,0.0,4,0.0,set,top_k,8.0,100.0,Qwen2-7B,27.0,22.0
mall,coffee shop,grocery store,mall::coffee shop::grocery store,0.6,5,0.338,set,top_k,8.0,100.0,Qwen2-7B,17.0,9.5
mall,coffee shop,pretzel stand,mall::coffee shop::pretzel stand,1.0,5,0.0,set,top_k,8.0,100.0,Qwen2-7B,2.5,22.0
mall,electronics store,burger joint,mall::electronics store::burger joint,1.0,5,0.338,set,top_k,8.0,100.0,Qwen2-7B,2.5,9.5
mall,electronics store,coffee shop,mall::electronics store::coffee shop,0.8,5,0.71,set,top_k,8.0,100.0,Qwen2-7B,11.0,2.0
mall,electronics store,gift shop,mall::electronics store::gift shop,0.6,20,0.0,set,top_k,8.0,100.0,Qwen2-7B,17.0,22.0
mall,electronics store,grocery store,mall::electronics store::grocery store,0.8421052631578947,19,0.338,set,top_k,8.0,100.0,Qwen2-7B,7.5,9.5
mall,electronics store,pretzel stand,mall::electronics store::pretzel stand,0.6666666666666666,3,0.0,set,top_k,8.0,100.0,Qwen2-7B,14.0,22.0
mall,gift shop,burger joint,mall::gift shop::burger joint,1.0,3,0.338,set,top_k,8.0,100.0,Qwen2-7B,2.5,9.5
mall,gift shop,coffee shop,mall::gift shop::coffee shop,0.5,2,0.71,set,top_k,8.0,100.0,Qwen2-7B,20.0,2.0
mall,gift shop,electronics store,mall::gift shop::electronics store,0.5,4,0.0,set,top_k,8.0,100.0,Qwen2-7B,20.0,22.0
mall,gift shop,grocery store,mall::gift shop::grocery store,0.8666666666666667,15,0.338,set,top_k,8.0,100.0,Qwen2-7B,6.0,9.5
mall,gift shop,pretzel stand,mall::gift shop::pretzel stand,1.0,3,0.0,set,top_k,8.0,100.0,Qwen2-7B,2.5,22.0
mall,grocery store,burger joint,mall::grocery store::burger joint,1.0,5,0.338,set,top_k,8.0,100.0,Qwen2-7B,2.5,9.5
mall,grocery store,coffee shop,mall::grocery store::coffee shop,0.8,5,0.71,set,top_k,8.0,100.0,Qwen2-7B,11.0,2.0
mall,grocery store,electronics store,mall::grocery store::electronics store,0.0,3,0.0,set,top_k,8.0,100.0,Qwen2-7B,27.0,22.0
mall,grocery store,gift shop,mall::grocery store::gift shop,0.2,5,0.0,set,top_k,8.0,100.0,Qwen2-7B,23.0,22.0
mall,grocery store,pretzel stand,mall::grocery store::pretzel stand,0.8,5,0.0,set,top_k,8.0,100.0,Qwen2-7B,11.0,22.0
mall,pretzel stand,burger joint,mall::pretzel stand::burger joint,1.0,2,0.338,set,top_k,8.0,100.0,Qwen2-7B,2.5,9.5
mall,pretzel stand,coffee shop,mall::pretzel stand::coffee shop,0.8,20,0.71,set,top_k,8.0,100.0,Qwen2-7B,11.0,2.0
mall,pretzel stand,electronics store,mall::pretzel stand::electronics store,0.0,5,0.0,set,top_k,8.0,100.0,Qwen2-7B,27.0,22.0
mall,pretzel stand,gift shop,mall::pretzel stand::gift shop,0.0,6,0.0,set,top_k,8.0,100.0,Qwen2-7B,27.0,22.0
mall,pretzel stand,grocery store,mall::pretzel stand::grocery store,0.6,5,0.338,set,top_k,8.0,100.0,Qwen2-7B,17.0,9.5
mask,bandana,candy,mask::bandana::candy,0.0,4,0.004,set,top_k,9.0,100.0,Qwen2-7B,27.0,22.0
mask,bandana,gloves,mask::bandana::gloves,0.5,2,0.02,set,top_k,9.0,100.0,Qwen2-7B,11.0,17.0
mask,bandana,handkerchief,mask::bandana::handkerchief,0.6153846153846154,13,0.098,set,top_k,9.0,100.0,Qwen2-7B,6.0,7.0
mask,bandana,napkins,mask::bandana::napkins,0.16666666666666666,12,0.0,set,top_k,9.0,100.0,Qwen2-7B,23.0,27.0
mask,bandana,wallet,mask::bandana::wallet,0.4,5,0.022,set,top_k,9.0,100.0,Qwen2-7B,15.0,12.0
mask,candy,bandana,mask::candy::bandana,0.8,5,0.134,set,top_k,9.0,100.0,Qwen2-7B,2.5,2.0
mask,candy,gloves,mask::candy::gloves,0.0625,16,0.02,set,top_k,9.0,100.0,Qwen2-7B,24.0,17.0
mask,candy,handkerchief,mask::candy::handkerchief,0.6666666666666666,6,0.098,set,top_k,9.0,100.0,Qwen2-7B,4.0,7.0
mask,candy,napkins,mask::candy::napkins,0.5,4,0.0,set,top_k,9.0,100.0,Qwen2-7B,11.0,27.0
mask,candy,wallet,mask::candy::wallet,0.2,20,0.022,set,top_k,9.0,100.0,Qwen2-7B,20.0,12.0
mask,gloves,bandana,mask::gloves::bandana,0.5,6,0.134,set,top_k,9.0,100.0,Qwen2-7B,11.0,2.0
mask,gloves,candy,mask::gloves::candy,0.2,5,0.004,set,top_k,9.0,100.0,Qwen2-7B,20.0,22.0
mask,gloves,handkerchief,mask::gloves::handkerchief,0.4,5,0.098,set,top_k,9.0,100.0,Qwen2-7B,15.0,7.0
mask,gloves,napkins,mask::gloves::napkins,0.5,4,0.0,set,top_k,9.0,100.0,Qwen2-7B,11.0,27.0
mask,gloves,wallet,mask::gloves::wallet,0.0,3,0.022,set,top_k,9.0,100.0,Qwen2-7B,27.0,12.0
mask,handkerchief,bandana,mask::handkerchief::bandana,1.0,3,0.134,set,top_k,9.0,100.0,Qwen2-7B,0.5,2.0
mask,handkerchief,candy,mask::handkerchief::candy,0.0,6,0.004,set,top_k,9.0,100.0,Qwen2-7B,27.0,22.0
mask,handkerchief,gloves,mask::handkerchief::gloves,0.4,5,0.02,set,top_k,9.0,100.0,Qwen2-7B,15.0,17.0
mask,handkerchief,napkins,mask::handkerchief::napkins,0.3,20,0.0,set,top_k,9.0,100.0,Qwen2-7B,17.0,27.0
mask,handkerchief,wallet,mask::handkerchief::wallet,0.0,5,0.022,set,top_k,9.0,100.0,Qwen2-7B,27.0,12.0
mask,napkins,bandana,mask::napkins::bandana,1.0,5,0.134,set,top_k,9.0,100.0,Qwen2-7B,0.5,2.0
mask,napkins,candy,mask::napkins::candy,0.2,5,0.004,set,top_k,9.0,100.0,Qwen2-7B,20.0,22.0
mask,napkins,gloves,mask::napkins::gloves,0.2,5,0.02,set,top_k,9.0,100.0,Qwen2-7B,20.0,17.0
mask,napkins,handkerchief,mask::napkins::handkerchief,0.6,5,0.098,set,top_k,9.0,100.0,Qwen2-7B,7.5,7.0
mask,napkins,wallet,mask::napkins::wallet,0.0,4,0.022,set,top_k,9.0,100.0,Qwen2-7B,27.0,12.0
mask,wallet,bandana,mask::wallet::bandana,0.8,5,0.134,set,top_k,9.0,100.0,Qwen2-7B,2.5,2.0
mask,wallet,candy,mask::wallet::candy,0.2,5,0.004,set,top_k,9.0,100.0,Qwen2-7B,20.0,22.0
mask,wallet,gloves,mask::wallet::gloves,0.631578947368421,19,0.02,set,top_k,9.0,100.0,Qwen2-7B,5.0,17.0
mask,wallet,handkerchief,mask::wallet::handkerchief,0.6,5,0.098,set,top_k,9.0,100.0,Qwen2-7B,7.5,7.0
mask,wallet,napkins,mask::wallet::napkins,0.5,6,0.0,set,top_k,9.0,100.0,Qwen2-7B,11.0,27.0
meat,chicken,crab,meat::chicken::crab,0.7647058823529411,17,0.04,set,top_k,0.0,100.0,Qwen2-7B,13.0,22.0
meat,chicken,mushrooms,meat::chicken::mushrooms,0.2,5,0.022,set,top_k,0.0,100.0,Qwen2-7B,20.0,27.0
meat,chicken,rice,meat::chicken::rice,0.5,2,0.284,set,top_k,0.0,100.0,Qwen2-7B,16.5,7.0
meat,chicken,tofu,meat::chicken::tofu,0.0,5,0.28,set,top_k,0.0,100.0,Qwen2-7B,25.5,12.0
meat,chicken,turkey,meat::chicken::turkey,0.9523809523809523,21,0.1,set,top_k,0.0,100.0,Qwen2-7B,10.0,17.0
meat,crab,chicken,meat::crab::chicken,1.0,5,1.0,set,top_k,0.0,100.0,Qwen2-7B,4.5,2.0
meat,crab,mushrooms,meat::crab::mushrooms,0.0,3,0.022,set,top_k,0.0,100.0,Qwen2-7B,25.5,27.0
meat,crab,rice,meat::crab::rice,0.0,5,0.284,set,top_k,0.0,100.0,Qwen2-7B,25.5,7.0
meat,crab,tofu,meat::crab::tofu,0.6666666666666666,3,0.28,set,top_k,0.0,100.0,Qwen2-7B,14.0,12.0
meat,crab,turkey,meat::crab::turkey,1.0,5,0.1,set,top_k,0.0,100.0,Qwen2-7B,4.5,17.0
meat,mushrooms,chicken,meat::mushrooms::chicken,1.0,6,1.0,set,top_k,0.0,100.0,Qwen2-7B,4.5,2.0
meat,mushrooms,crab,meat::mushrooms::crab,1.0,5,0.04,set,top_k,0.0,100.0,Qwen2-7B,4.5,22.0
meat,mushrooms,rice,meat::mushrooms::rice,0.0,6,0.284,set,top_k,0.0,100.0,Qwen2-7B,25.5,7.0
meat,mushrooms,tofu,meat::mushrooms::tofu,0.5263157894736842,19,0.28,set,top_k,0.0,100.0,Qwen2-7B,15.0,12.0
meat,mushrooms,turkey,meat::mushrooms::turkey,1.0,6,0.1,set,top_k,0.0,100.0,Qwen2-7B,4.5,17.0
meat,rice,chicken,meat::rice::chicken,1.0,2,1.0,set,top_k,0.0,100.0,Qwen2-7B,4.5,2.0
meat,rice,crab,meat::rice::crab,0.5,2,0.04,set,top_k,0.0,100.0,Qwen2-7B,16.5,22.0
meat,rice,mushrooms,meat::rice::mushrooms,0.23529411764705882,17,0.022,set,top_k,0.0,100.0,Qwen2-7B,19.0,27.0
meat,rice,tofu,meat::rice::tofu,0.3888888888888889,18,0.28,set,top_k,0.0,100.0,Qwen2-7B,18.0,12.0
meat,rice,turkey,meat::rice::turkey,1.0,5,0.1,set,top_k,0.0,100.0,Qwen2-7B,4.5,17.0
meat,tofu,chicken,meat::tofu::chicken,1.0,4,1.0,set,top_k,0.0,100.0,Qwen2-7B,4.5,2.0
meat,tofu,crab,meat::tofu::crab,0.8,5,0.04,set,top_k,0.0,100.0,Qwen2-7B,11.0,22.0
meat,tofu,mushrooms,meat::tofu::mushrooms,0.0,5,0.022,set,top_k,0.0,100.0,Qwen2-7B,25.5,27.0
meat,tofu,rice,meat::tofu::rice,0.0,5,0.284,set,top_k,0.0,100.0,Qwen2-7B,25.5,7.0
meat,tofu,turkey,meat::tofu::turkey,1.0,5,0.1,set,top_k,0.0,100.0,Qwen2-7B,4.5,17.0
meat,turkey,chicken,meat::turkey::chicken,1.0,4,1.0,set,top_k,0.0,100.0,Qwen2-7B,4.5,2.0
meat,turkey,crab,meat::turkey::crab,0.7692307692307693,13,0.04,set,top_k,0.0,100.0,Qwen2-7B,12.0,22.0
meat,turkey,mushrooms,meat::turkey::mushrooms,0.0,4,0.022,set,top_k,0.0,100.0,Qwen2-7B,25.5,27.0
meat,turkey,rice,meat::turkey::rice,0.0,5,0.284,set,top_k,0.0,100.0,Qwen2-7B,25.5,7.0
meat,turkey,tofu,meat::turkey::tofu,0.16666666666666666,6,0.28,set,top_k,0.0,100.0,Qwen2-7B,21.0,12.0
restaurant,cake,cocktails,restaurant::cake::cocktails,1.0,4,0.088,set,top_k,1.0,100.0,Qwen2-7B,3.5,12.0
restaurant,cake,salad,restaurant::cake::salad,0.6,5,0.002,set,top_k,1.0,100.0,Qwen2-7B,13.0,27.0
restaurant,cake,soda,restaurant::cake::soda,0.8,5,0.256,set,top_k,1.0,100.0,Qwen2-7B,9.0,2.0
restaurant,cake,soup,restaurant::cake::soup,0.3888888888888889,18,0.016,set,top_k,1.0,100.0,Qwen2-7B,19.0,17.0
restaurant,cake,vodka,restaurant::cake::vodka,1.0,6,0.18,set,top_k,1.0,100.0,Qwen2-7B,3.5,7.0
restaurant,cocktails,cake,restaurant::cocktails::cake,0.6,5,0.012,set,top_k,1.0,100.0,Qwen2-7B,13.0,22.0
restaurant,cocktails,salad,restaurant::cocktails::salad,0.0,4,0.002,set,top_k,1.0,100.0,Qwen2-7B,25.5,27.0
restaurant,cocktails,soda,restaurant::cocktails::soda,0.42105263157894735,19,0.256,set,top_k,1.0,100.0,Qwen2-7B,18.0,2.0
restaurant,cocktails,soup,restaurant::cocktails::soup,0.0,2,0.016,set,top_k,1.0,100.0,Qwen2-7B,25.5,17.0
restaurant,cocktails,vodka,restaurant::cocktails::vodka,0.5,14,0.18,set,top_k,1.0,100.0,Qwen2-7B,16.5,7.0
restaurant,salad,cake,restaurant::salad::cake,0.55,20,0.012,set,top_k,1.0,100.0,Qwen2-7B,15.0,22.0
restaurant,salad,cocktails,restaurant::salad::cocktails,0.75,4,0.088,set,top_k,1.0,100.0,Qwen2-7B,10.0,12.0
restaurant,salad,soda,restaurant::salad::soda,0.6,5,0.256,set,top_k,1.0,100.0,Qwen2-7B,13.0,2.0
restaurant,salad,soup,restaurant::salad::soup,0.7,20,0.016,set,top_k,1.0,100.0,Qwen2-7B,11.0,17.0
restaurant,salad,vodka,restaurant::salad::vodka,1.0,5,0.18,set,top_k,1.0,100.0,Qwen2-7B,3.5,7.0
restaurant,soda,cake,restaurant::soda::cake,0.0,3,0.012,set,top_k,1.0,100.0,Qwen2-7B,25.5,22.0
restaurant,soda,cocktails,restaurant::soda::cocktails,1.0,3,0.088,set,top_k,1.0,100.0,Qwen2-7B,3.5,12.0
restaurant,soda,salad,restaurant::soda::salad,0.0,5,0.002,set,top_k,1.0,100.0,Qwen2-7B,25.5,27.0
restaurant,soda,soup,restaurant::soda::soup,0.0,2,0.016,set,top_k,1.0,100.0,Qwen2-7B,25.5,17.0
restaurant,soda,vodka,restaurant::soda::vodka,1.0,5,0.18,set,top_k,1.0,100.0,Qwen2-7B,3.5,7.0
restaurant,soup,cake,restaurant::soup::cake,0.3333333333333333,3,0.012,set,top_k,1.0,100.0,Qwen2-7B,20.0,22.0
restaurant,soup,cocktails,restaurant::soup::cocktails,1.0,6,0.088,set,top_k,1.0,100.0,Qwen2-7B,3.5,12.0
restaurant,soup,salad,restaurant::soup::salad,0.5,6,0.002,set,top_k,1.0,100.0,Qwen2-7B,16.5,27.0
restaurant,soup,soda,restaurant::soup::soda,0.8333333333333334,6,0.256,set,top_k,1.0,100.0,Qwen2-7B,8.0,2.0
restaurant,soup,vodka,restaurant::soup::vodka,1.0,4,0.18,set,top_k,1.0,100.0,Qwen2-7B,3.5,7.0
restaurant,vodka,cake,restaurant::vodka::cake,0.0,5,0.012,set,top_k,1.0,100.0,Qwen2-7B,25.5,22.0
restaurant,vodka,cocktails,restaurant::vodka::cocktails,1.0,3,0.088,set,top_k,1.0,100.0,Qwen2-7B,3.5,12.0
restaurant,vodka,salad,restaurant::vodka::salad,0.0,2,0.002,set,top_k,1.0,100.0,Qwen2-7B,25.5,27.0
restaurant,vodka,soda,restaurant::vodka::soda,0.3157894736842105,19,0.256,set,top_k,1.0,100.0,Qwen2-7B,21.0,2.0
restaurant,vodka,soup,restaurant::vodka::soup,0.0,5,0.016,set,top_k,1.0,100.0,Qwen2-7B,25.5,17.0
salad,chips,cigarettes,salad::chips::cigarettes,0.16666666666666666,6,0.002,set,top_k,2.0,100.0,Qwen2-7B,20.0,27.0
salad,chips,dressing,salad::chips::dressing,0.4,5,0.01,set,top_k,2.0,100.0,Qwen2-7B,13.0,22.0
salad,chips,lettuce,salad::chips::lettuce,1.0,6,1.0,set,top_k,2.0,100.0,Qwen2-7B,2.0,2.0
salad,chips,meat,salad::chips::meat,0.2857142857142857,21,0.066,set,top_k,2.0,100.0,Qwen2-7B,18.0,7.0
salad,chips,tuna,salad::chips::tuna,0.2,5,0.016,set,top_k,2.0,100.0,Qwen2-7B,19.0,17.0
salad,cigarettes,chips,salad::cigarettes::chips,0.4375,16,0.018,set,top_k,2.0,100.0,Qwen2-7B,11.5,12.0
salad,cigarettes,dressing,salad::cigarettes::dressing,1.0,4,0.01,set,top_k,2.0,100.0,Qwen2-7B,2.0,22.0
salad,cigarettes,lettuce,salad::cigarettes::lettuce,0.75,4,1.0,set,top_k,2.0,100.0,Qwen2-7B,6.5,2.0
salad,cigarettes,meat,salad::cigarettes::meat,0.5789473684210527,19,0.066,set,top_k,2.0,100.0,Qwen2-7B,10.0,7.0
salad,cigarettes,tuna,salad::cigarettes::tuna,0.3333333333333333,6,0.016,set,top_k,2.0,100.0,Qwen2-7B,16.0,17.0
salad,dressing,chips,salad::dressing::chips,0.0,2,0.018,set,top_k,2.0,100.0,Qwen2-7B,25.0,12.0
salad,dressing,cigarettes,salad::dressing::cigarettes,0.0,5,0.002,set,top_k,2.0,100.0,Qwen2-7B,25.0,27.0
salad,dressing,lettuce,salad::dressing::lettuce,1.0,3,1.0,set,top_k,2.0,100.0,Qwen2-7B,2.0,2.0
salad,dressing,meat,salad::dressing::meat,0.3333333333333333,3,0.066,set,top_k,2.0,100.0,Qwen2-7B,16.0,7.0
salad,dressing,tuna,salad::dressing::tuna,0.4375,16,0.016,set,top_k,2.0,100.0,Qwen2-7B,11.5,17.0
salad,lettuce,chips,salad::lettuce::chips,0.0,2,0.018,set,top_k,2.0,100.0,Qwen2-7B,25.0,12.0
salad,lettuce,cigarettes,salad::lettuce::cigarettes,0.0,6,0.002,set,top_k,2.0,100.0,Qwen2-7B,25.0,27.0
salad,lettuce,dressing,salad::lettuce::dressing,0.6111111111111112,18,0.01,set,top_k,2.0,100.0,Qwen2-7B,8.0,22.0
salad,lettuce,meat,salad::lettuce::meat,0.75,4,0.066,set,top_k,2.0,100.0,Qwen2-7B,6.5,7.0
salad,lettuce,tuna,salad::lettuce::tuna,0.3888888888888889,18,0.016,set,top_k,2.0,100.0,Qwen2-7B,14.0,17.0
salad,meat,chips,salad::meat::chips,0.0,2,0.018,set,top_k,2.0,100.0,Qwen2-7B,25.0,12.0
salad,meat,cigarettes,salad::meat::cigarettes,0.0,5,0.002,set,top_k,2.0,100.0,Qwen2-7B,25.0,27.0
salad,meat,dressing,salad::meat::dressing,0.0,3,0.01,set,top_k,2.0,100.0,Qwen2-7B,25.0,22.0
salad,meat,lettuce,salad::meat::lettuce,1.0,6,1.0,set,top_k,2.0,100.0,Qwen2-7B,2.0,2.0
salad,meat,tuna,salad::meat::tuna,0.3333333333333333,3,0.016,set,top_k,2.0,100.0,Qwen2-7B,16.0,17.0
salad,tuna,chips,salad::tuna::chips,0.0,5,0.018,set,top_k,2.0,100.0,Qwen2-7B,25.0,12.0
salad,tuna,cigarettes,salad::tuna::cigarettes,0.0,5,0.002,set,top_k,2.0,100.0,Qwen2-7B,25.0,27.0
salad,tuna,dressing,salad::tuna::dressing,0.6,5,0.01,set,top_k,2.0,100.0,Qwen2-7B,9.0,22.0
salad,tuna,lettuce,salad::tuna::lettuce,1.0,5,1.0,set,top_k,2.0,100.0,Qwen2-7B,2.0,2.0
salad,tuna,meat,salad::tuna::meat,0.8,5,0.066,set,top_k,2.0,100.0,Qwen2-7B,5.0,7.0
science,art,geology,science::art::geology,1.0,4,0.642,set,top_k,3.0,100.0,Qwen2-7B,3.0,7.0
science,art,math,science::art::math,0.7,20,0.372,set,top_k,3.0,100.0,Qwen2-7B,15.0,12.0
science,art,philosophy,science::art::philosophy,0.6111111111111112,18,0.014,set,top_k,3.0,100.0,Qwen2-7B,21.0,22.0
science,art,physics,science::art::physics,1.0,5,1.0,set,top_k,3.0,100.0,Qwen2-7B,3.0,2.0
science,art,zoology,science::art::zoology,0.8,5,0.12,set,top_k,3.0,100.0,Qwen2-7B,11.0,17.0
science,geology,art,science::geology::art,0.6,5,0.012,set,top_k,3.0,100.0,Qwen2-7B,22.0,27.0
science,geology,math,science::geology::math,0.8333333333333334,6,0.372,set,top_k,3.0,100.0,Qwen2-7B,8.5,12.0
science,geology,philosophy,science::geology::philosophy,0.6666666666666666,3,0.014,set,top_k,3.0,100.0,Qwen2-7B,18.0,22.0
science,geology,physics,science::geology::physics,1.0,4,1.0,set,top_k,3.0,100.0,Qwen2-7B,3.0,2.0
science,geology,zoology,science::geology::zoology,1.0,13,0.12,set,top_k,3.0,100.0,Qwen2-7B,3.0,17.0
science,math,art,science::math::art,0.5,2,0.012,set,top_k,3.0,100.0,Qwen2-7B,23.5,27.0
science,math,geology,science::math::geology,0.75,4,0.642,set,top_k,3.0,100.0,Qwen2-7B,13.5,7.0
science,math,philosophy,science::math::philosophy,0.4,5,0.014,set,top_k,3.0,100.0,Qwen2-7B,26.0,22.0
science,math,physics,science::math::physics,0.5,4,1.0,set,top_k,3.0,100.0,Qwen2-7B,23.5,2.0
science,math,zoology,science::math::zoology,0.8,5,0.12,set,top_k,3.0,100.0,Qwen2-7B,11.0,17.0
science,philosophy,art,science::philosophy::art,1.0,5,0.012,set,top_k,3.0,100.0,Qwen2-7B,3.0,27.0
science,philosophy,geology,science::philosophy::geology,0.8,5,0.642,set,top_k,3.0,100.0,Qwen2-7B,11.0,7.0
science,philosophy,math,science::philosophy::math,0.6875,16,0.372,set,top_k,3.0,100.0,Qwen2-7B,16.0,12.0
science,philosophy,physics,science::philosophy::physics,1.0,4,1.0,set,top_k,3.0,100.0,Qwen2-7B,3.0,2.0
science,philosophy,zoology,science::philosophy::zoology,0.8333333333333334,6,0.12,set,top_k,3.0,100.0,Qwen2-7B,8.5,17.0
science,physics,art,science::physics::art,0.4,5,0.012,set,top_k,3.0,100.0,Qwen2-7B,26.0,27.0
science,physics,geology,science::physics::geology,0.8571428571428571,21,0.642,set,top_k,3.0,100.0,Qwen2-7B,7.0,7.0
science,physics,math,science::physics::math,0.3333333333333333,3,0.372,set,top_k,3.0,100.0,Qwen2-7B,28.5,12.0
science,physics,philosophy,science::physics::philosophy,0.3333333333333333,3,0.014,set,top_k,3.0,100.0,Qwen2-7B,28.5,22.0
science,physics,zoology,science::physics::zoology,0.65,20,0.12,set,top_k,3.0,100.0,Qwen2-7B,20.0,17.0
science,zoology,art,science::zoology::art,0.6666666666666666,3,0.012,set,top_k,3.0,100.0,Qwen2-7B,18.0,27.0
science,zoology,geology,science::zoology::geology,0.75,4,0.642,set,top_k,3.0,100.0,Qwen2-7B,13.5,7.0
science,zoology,math,science::zoology::math,0.4,5,0.372,set,top_k,3.0,100.0,Qwen2-7B,26.0,12.0
science,zoology,philosophy,science::zoology::philosophy,0.6666666666666666,6,0.014,set,top_k,3.0,100.0,Qwen2-7B,18.0,22.0
science,zoology,physics,science::zoology::physics,1.0,4,1.0,set,top_k,3.0,100.0,Qwen2-7B,3.0,2.0
throw,beach ball,boomerang,throw::beach ball::boomerang,0.631578947368421,19,0.026,set,top_k,4.0,100.0,Qwen2-7B,12.0,12.0
throw,beach ball,football,throw::beach ball::football,1.0,5,1.0,set,top_k,4.0,100.0,Qwen2-7B,2.5,2.0
throw,beach ball,lawnmower,throw::beach ball::lawnmower,0.0,3,0.014,set,top_k,4.0,100.0,Qwen2-7B,24.5,17.0
throw,beach ball,shovel,throw::beach ball::shovel,0.0,6,0.002,set,top_k,4.0,100.0,Qwen2-7B,24.5,22.0
throw,beach ball,tires,throw::beach ball::tires,0.0,6,0.0,set,top_k,4.0,100.0,Qwen2-7B,24.5,27.0
throw,boomerang,beach ball,throw::boomerang::beach ball,0.75,4,0.474,set,top_k,4.0,100.0,Qwen2-7B,10.5,7.0
throw,boomerang,football,throw::boomerang::football,1.0,4,1.0,set,top_k,4.0,100.0,Qwen2-7B,2.5,2.0
throw,boomerang,lawnmower,throw::boomerang::lawnmower,0.0,5,0.014,set,top_k,4.0,100.0,Qwen2-7B,24.5,17.0
throw,boomerang,shovel,throw::boomerang::shovel,0.0,4,0.002,set,top_k,4.0,100.0,Qwen2-7B,24.5,22.0
throw,boomerang,tires,throw::boomerang::tires,0.0,5,0.0,set,top_k,4.0,100.0,Qwen2-7B,24.5,27.0
throw,football,beach ball,throw::football::beach ball,0.875,16,0.474,set,top_k,4.0,100.0,Qwen2-7B,6.0,7.0
throw,football,boomerang,throw::football::boomerang,0.6190476190476191,21,0.026,set,top_k,4.0,100.0,Qwen2-7B,13.0,12.0
throw,football,lawnmower,throw::football::lawnmower,0.0,3,0.014,set,top_k,4.0,100.0,Qwen2-7B,24.5,17.0
throw,football,shovel,throw::football::shovel,0.0,4,0.002,set,top_k,4.0,100.0,Qwen2-7B,24.5,22.0
throw,football,tires,throw::football::tires,0.0,3,0.0,set,top_k,4.0,100.0,Qwen2-7B,24.5,27.0
throw,lawnmower,beach ball,throw::lawnmower::beach ball,1.0,2,0.474,set,top_k,4.0,100.0,Qwen2-7B,2.5,7.0
throw,lawnmower,boomerang,throw::lawnmower::boomerang,0.8,5,0.026,set,top_k,4.0,100.0,Qwen2-7B,8.0,12.0
throw,lawnmower,football,throw::lawnmower::football,1.0,5,1.0,set,top_k,4.0,100.0,Qwen2-7B,2.5,2.0
throw,lawnmower,shovel,throw::lawnmower::shovel,0.3333333333333333,21,0.002,set,top_k,4.0,100.0,Qwen2-7B,16.5,22.0
throw,lawnmower,tires,throw::lawnmower::tires,0.07692307692307693,13,0.0,set,top_k,4.0,100.0,Qwen2-7B,19.0,27.0
throw,shovel,beach ball,throw::shovel::beach ball,0.75,4,0.474,set,top_k,4.0,100.0,Qwen2-7B,10.5,7.0
throw,shovel,boomerang,throw::shovel::boomerang,0.6,5,0.026,set,top_k,4.0,100.0,Qwen2-7B,14.5,12.0
throw,shovel,football,throw::shovel::football,1.0,4,1.0,set,top_k,4.0,100.0,Qwen2-7B,2.5,2.0
throw,shovel,lawnmower,throw::shovel::lawnmower,0.0,5,0.014,set,top_k,4.0,100.0,Qwen2-7B,24.5,17.0
throw,shovel,tires,throw::shovel::tires,0.125,16,0.0,set,top_k,4.0,100.0,Qwen2-7B,18.0,27.0
throw,tires,beach ball,throw::tires::beach ball,0.6,5,0.474,set,top_k,4.0,100.0,Qwen2-7B,14.5,7.0
throw,tires,boomerang,throw::tires::boomerang,1.0,4,0.026,set,top_k,4.0,100.0,Qwen2-7B,2.5,12.0
throw,tires,football,throw::tires::football,0.8,5,1.0,set,top_k,4.0,100.0,Qwen2-7B,8.0,2.0
throw,tires,lawnmower,throw::tires::lawnmower,0.8,5,0.014,set,top_k,4.0,100.0,Qwen2-7B,8.0,17.0
throw,tires,shovel,throw::tires::shovel,0.3333333333333333,6,0.002,set,top_k,4.0,100.0,Qwen2-7B,16.5,22.0
transport,car,chairs,transport::car::chairs,0.0,5,0.0,set,top_k,5.0,100.0,Qwen2-7B,26.5,27.0
transport,car,hammer,transport::car::hammer,0.2,5,0.006,set,top_k,5.0,100.0,Qwen2-7B,20.0,22.0
transport,car,lawnmower,transport::car::lawnmower,0.25,4,0.122,set,top_k,5.0,100.0,Qwen2-7B,17.5,12.0
transport,car,motorcycle,transport::car::motorcycle,0.9047619047619048,21,0.984,set,top_k,5.0,100.0,Qwen2-7B,5.0,7.0
transport,car,roller blades,transport::car::roller blades,0.5625,16,0.012,set,top_k,5.0,100.0,Qwen2-7B,11.0,17.0
transport,chairs,car,transport::chairs::car,1.0,3,1.0,set,top_k,5.0,100.0,Qwen2-7B,2.0,2.0
transport,chairs,hammer,transport::chairs::hammer,0.0,4,0.006,set,top_k,5.0,100.0,Qwen2-7B,26.5,22.0
transport,chairs,lawnmower,transport::chairs::lawnmower,0.09090909090909091,22,0.122,set,top_k,5.0,100.0,Qwen2-7B,22.0,12.0
transport,chairs,motorcycle,transport::chairs::motorcycle,0.6,5,0.984,set,top_k,5.0,100.0,Qwen2-7B,9.5,7.0
transport,chairs,roller blades,transport::chairs::roller blades,0.6666666666666666,3,0.012,set,top_k,5.0,100.0,Qwen2-7B,8.0,17.0
transport,hammer,car,transport::hammer::car,0.6,5,1.0,set,top_k,5.0,100.0,Qwen2-7B,9.5,2.0
transport,hammer,chairs,transport::hammer::chairs,0.06666666666666667,15,0.0,set,top_k,5.0,100.0,Qwen2-7B,23.0,27.0
transport,hammer,lawnmower,transport::hammer::lawnmower,0.5555555555555556,18,0.122,set,top_k,5.0,100.0,Qwen2-7B,12.0,12.0
transport,hammer,motorcycle,transport::hammer::motorcycle,0.5,4,0.984,set,top_k,5.0,100.0,Qwen2-7B,15.0,7.0
transport,hammer,roller blades,transport::hammer::roller blades,0.8,5,0.012,set,top_k,5.0,100.0,Qwen2-7B,6.5,17.0
transport,lawnmower,car,transport::lawnmower::car,1.0,6,1.0,set,top_k,5.0,100.0,Qwen2-7B,2.0,2.0
transport,lawnmower,chairs,transport::lawnmower::chairs,0.2,5,0.0,set,top_k,5.0,100.0,Qwen2-7B,20.0,27.0
transport,lawnmower,hammer,transport::lawnmower::hammer,0.25,4,0.006,set,top_k,5.0,100.0,Qwen2-7B,17.5,22.0
transport,lawnmower,motorcycle,transport::lawnmower::motorcycle,1.0,5,0.984,set,top_k,5.0,100.0,Qwen2-7B,2.0,7.0
transport,lawnmower,roller blades,transport::lawnmower::roller blades,0.5,4,0.012,set,top_k,5.0,100.0,Qwen2-7B,15.0,17.0
transport,motorcycle,car,transport::motorcycle::car,0.8,5,1.0,set,top_k,5.0,100.0,Qwen2-7B,6.5,2.0
transport,motorcycle,chairs,transport::motorcycle::chairs,0.0,4,0.0,set,top_k,5.0,100.0,Qwen2-7B,26.5,27.0
transport,motorcycle,hammer,transport::motorcycle::hammer,0.0,5,0.006,set,top_k,5.0,100.0,Qwen2-7B,26.5,22.0
transport,motorcycle,lawnmower,transport::motorcycle::lawnmower,0.0,5,0.122,set,top_k,5.0,100.0,Qwen2-7B,26.5,12.0
transport,motorcycle,roller blades,transport::motorcycle::roller blades,0.5384615384615384,13,0.012,set,top_k,5.0,100.0,Qwen2-7B,13.0,17.0
transport,roller blades,car,transport::roller blades::car,1.0,5,1.0,set,top_k,5.0,100.0,Qwen2-7B,2.0,2.0
transport,roller blades,chairs,transport::roller blades::chairs,0.5,2,0.0,set,top_k,5.0,100.0,Qwen2-7B,15.0,27.0
transport,roller blades,hammer,transport::roller blades::hammer,0.2,5,0.006,set,top_k,5.0,100.0,Qwen2-7B,20.0,22.0
transport,roller blades,lawnmower,transport::roller blades::lawnmower,0.0,4,0.122,set,top_k,5.0,100.0,Qwen2-7B,26.5,12.0
transport,roller blades,motorcycle,transport::roller blades::motorcycle,1.0,6,0.984,set,top_k,5.0,100.0,Qwen2-7B,2.0,7.0
bag,cash,chalk,bag::cash::chalk,1.0,5,0.99,ordering,top_k,0.0,100.0,Qwen2-7B,5.0,6.0
bag,cash,crayons,bag::cash::crayons,1.0,2,0.996,ordering,top_k,0.0,100.0,Qwen2-7B,5.0,3.0
bag,cash,headphones,bag::cash::headphones,0.0,3,0.496,ordering,top_k,0.0,100.0,Qwen2-7B,26.0,15.0
bag,cash,makeup,bag::cash::makeup,0.10526315789473684,19,0.944,ordering,top_k,0.0,100.0,Qwen2-7B,22.0,9.0
bag,cash,pen,bag::cash::pen,1.0,5,0.998,ordering,top_k,0.0,100.0,Qwen2-7B,5.0,1.0
bag,chalk,cash,bag::chalk::cash,0.0,6,0.01,ordering,top_k,0.0,100.0,Qwen2-7B,26.0,23.0
bag,chalk,crayons,bag::chalk::crayons,1.0,6,0.698,ordering,top_k,0.0,100.0,Qwen2-7B,5.0,13.0
bag,chalk,headphones,bag::chalk::headphones,0.2,5,0.004,ordering,top_k,0.0,100.0,Qwen2-7B,18.0,26.0
bag,chalk,makeup,bag::chalk::makeup,0.2,5,0.136,ordering,top_k,0.0,100.0,Qwen2-7B,18.0,18.0
bag,chalk,pen,bag::chalk::pen,1.0,5,0.936,ordering,top_k,0.0,100.0,Qwen2-7B,5.0,10.0
bag,crayons,cash,bag::crayons::cash,0.0,5,0.004,ordering,top_k,0.0,100.0,Qwen2-7B,26.0,26.0
bag,crayons,chalk,bag::crayons::chalk,0.8888888888888888,18,0.302,ordering,top_k,0.0,100.0,Qwen2-7B,11.0,16.0
bag,crayons,headphones,bag::crayons::headphones,0.25,4,0.004,ordering,top_k,0.0,100.0,Qwen2-7B,15.0,26.0
bag,crayons,makeup,bag::crayons::makeup,0.0,5,0.054,ordering,top_k,0.0,100.0,Qwen2-7B,26.0,21.0
bag,crayons,pen,bag::crayons::pen,1.0,4,0.86,ordering,top_k,0.0,100.0,Qwen2-7B,5.0,12.0
bag,headphones,cash,bag::headphones::cash,0.14285714285714285,14,0.504,ordering,top_k,0.0,100.0,Qwen2-7B,21.0,14.0
bag,headphones,chalk,bag::headphones::chalk,0.4,5,0.996,ordering,top_k,0.0,100.0,Qwen2-7B,14.0,3.0
bag,headphones,crayons,bag::headphones::crayons,1.0,3,0.996,ordering,top_k,0.0,100.0,Qwen2-7B,5.0,3.0
bag,headphones,makeup,bag::headphones::makeup,0.21052631578947367,19,0.948,ordering,top_k,0.0,100.0,Qwen2-7B,16.0,7.0
bag,headphones,pen,bag::headphones::pen,1.0,5,1.0,ordering,top_k,0.0,100.0,Qwen2-7B,5.0,0.0
bag,makeup,cash,bag::makeup::cash,0.2,5,0.056,ordering,top_k,0.0,100.0,Qwen2-7B,18.0,20.0
bag,makeup,chalk,bag::makeup::chalk,1.0,2,0.864,ordering,top_k,0.0,100.0,Qwen2-7B,5.0,11.0
bag,makeup,crayons,bag::makeup::crayons,1.0,2,0.946,ordering,top_k,0.0,100.0,Qwen2-7B,5.0,8.0
bag,makeup,headphones,bag::makeup::headphones,0.0,4,0.052,ordering,top_k,0.0,100.0,Qwen2-7B,26.0,22.0
bag,makeup,pen,bag::makeup::pen,1.0,3,0.992,ordering,top_k,0.0,100.0,Qwen2-7B,5.0,5.0
bag,pen,cash,bag::pen::cash,0.0,5,0.002,ordering,top_k,0.0,100.0,Qwen2-7B,26.0,28.0
bag,pen,chalk,bag::pen::chalk,0.8571428571428571,21,0.064,ordering,top_k,0.0,100.0,Qwen2-7B,13.0,19.0
bag,pen,crayons,bag::pen::crayons,0.8823529411764706,17,0.14,ordering,top_k,0.0,100.0,Qwen2-7B,12.0,17.0
bag,pen,headphones,bag::pen::headphones,0.0,5,0.0,ordering,top_k,0.0,100.0,Qwen2-7B,26.0,29.0
bag,pen,makeup,bag::pen::makeup,0.16666666666666666,6,0.008,ordering,top_k,0.0,100.0,Qwen2-7B,20.0,24.0
bakery,cakes,ice cream,bakery::cakes::ice cream,0.8421052631578947,19,0.362,ordering,top_k,1.0,100.0,Qwen2-7B,9.0,16.0
bakery,cakes,muffins,bakery::cakes::muffins,0.8888888888888888,18,0.034,ordering,top_k,1.0,100.0,Qwen2-7B,8.0,24.0
bakery,cakes,pretzels,bakery::cakes::pretzels,0.5,6,0.026,ordering,top_k,1.0,100.0,Qwen2-7B,17.0,26.0
bakery,cakes,sandwiches,bakery::cakes::sandwiches,0.4,5,0.01,ordering,top_k,1.0,100.0,Qwen2-7B,21.0,28.5
bakery,cakes,water,bakery::cakes::water,0.0,5,0.016,ordering,top_k,1.0,100.0,Qwen2-7B,27.0,27.0
bakery,ice cream,cakes,bakery::ice cream::cakes,1.0,5,0.638,ordering,top_k,1.0,100.0,Qwen2-7B,3.5,13.0
bakery,ice cream,muffins,bakery::ice cream::muffins,0.5882352941176471,17,0.044,ordering,top_k,1.0,100.0,Qwen2-7B,13.0,23.0
bakery,ice cream,pretzels,bakery::ice cream::pretzels,0.5,2,0.056,ordering,top_k,1.0,100.0,Qwen2-7B,17.0,22.0
bakery,ice cream,sandwiches,bakery::ice cream::sandwiches,0.25,4,0.01,ordering,top_k,1.0,100.0,Qwen2-7B,23.0,28.5
bakery,ice cream,water,bakery::ice cream::water,0.16666666666666666,6,0.03,ordering,top_k,1.0,100.0,Qwen2-7B,24.0,25.0
bakery,muffins,cakes,bakery::muffins::cakes,1.0,5,0.966,ordering,top_k,1.0,100.0,Qwen2-7B,3.5,5.0
bakery,muffins,ice cream,bakery::muffins::ice cream,1.0,2,0.956,ordering,top_k,1.0,100.0,Qwen2-7B,3.5,6.0
bakery,muffins,pretzels,bakery::muffins::pretzels,0.4,5,0.486,ordering,top_k,1.0,100.0,Qwen2-7B,21.0,15.0
bakery,muffins,sandwiches,bakery::muffins::sandwiches,0.0,2,0.168,ordering,top_k,1.0,100.0,Qwen2-7B,27.0,21.0
bakery,muffins,water,bakery::muffins::water,0.0,5,0.348,ordering,top_k,1.0,100.0,Qwen2-7B,27.0,18.0
bakery,pretzels,cakes,bakery::pretzels::cakes,1.0,5,0.974,ordering,top_k,1.0,100.0,Qwen2-7B,3.5,3.0
bakery,pretzels,ice cream,bakery::pretzels::ice cream,1.0,5,0.944,ordering,top_k,1.0,100.0,Qwen2-7B,3.5,7.0
bakery,pretzels,muffins,bakery::pretzels::muffins,1.0,3,0.514,ordering,top_k,1.0,100.0,Qwen2-7B,3.5,14.0
bakery,pretzels,sandwiches,bakery::pretzels::sandwiches,0.4,5,0.18,ordering,top_k,1.0,100.0,Qwen2-7B,21.0,20.0
bakery,pretzels,water,bakery::pretzels::water,0.0,4,0.354,ordering,top_k,1.0,100.0,Qwen2-7B,27.0,17.0
bakery,sandwiches,cakes,bakery::sandwiches::cakes,1.0,3,0.99,ordering,top_k,1.0,100.0,Qwen2-7B,3.5,0.5
bakery,sandwiches,ice cream,bakery::sandwiches::ice cream,1.0,5,0.99,ordering,top_k,1.0,100.0,Qwen2-7B,3.5,0.5
bakery,sandwiches,muffins,bakery::sandwiches::muffins,0.6666666666666666,3,0.832,ordering,top_k,1.0,100.0,Qwen2-7B,11.0,8.0
bakery,sandwiches,pretzels,bakery::sandwiches::pretzels,0.55,20,0.82,ordering,top_k,1.0,100.0,Qwen2-7B,14.0,9.0
bakery,sandwiches,water,bakery::sandwiches::water,0.0,5,0.696,ordering,top_k,1.0,100.0,Qwen2-7B,27.0,10.0
bakery,water,cakes,bakery::water::cakes,0.6666666666666666,3,0.984,ordering,top_k,1.0,100.0,Qwen2-7B,11.0,2.0
bakery,water,ice cream,bakery::water::ice cream,0.6666666666666666,6,0.97,ordering,top_k,1.0,100.0,Qwen2-7B,11.0,4.0
bakery,water,muffins,bakery::water::muffins,0.5,6,0.652,ordering,top_k,1.0,100.0,Qwen2-7B,17.0,11.0
bakery,water,pretzels,bakery::water::pretzels,0.5384615384615384,13,0.646,ordering,top_k,1.0,100.0,Qwen2-7B,15.0,12.0
bakery,water,sandwiches,bakery::water::sandwiches,0.42857142857142855,21,0.304,ordering,top_k,1.0,100.0,Qwen2-7B,19.0,19.0
beach,bikini,coat,beach::bikini::coat,0.3333333333333333,3,0.058,ordering,top_k,2.0,100.0,Qwen2-7B,21.0,26.0
beach,bikini,jacket,beach::bikini::jacket,0.25,4,0.162,ordering,top_k,2.0,100.0,Qwen2-7B,23.0,20.5
beach,bikini,jeans,beach::bikini::jeans,0.5,6,0.542,ordering,top_k,2.0,100.0,Qwen2-7B,17.0,14.0
beach,bikini,shorts,beach::bikini::shorts,0.7,20,0.918,ordering,top_k,2.0,100.0,Qwen2-7B,10.0,5.0
beach,bikini,sunglasses,beach::bikini::sunglasses,0.16666666666666666,18,0.38,ordering,top_k,2.0,100.0,Qwen2-7B,25.0,16.0
beach,coat,bikini,beach::coat::bikini,1.0,6,0.942,ordering,top_k,2.0,100.0,Qwen2-7B,3.0,3.0
beach,coat,jacket,beach::coat::jacket,0.5454545454545454,11,0.748,ordering,top_k,2.0,100.0,Qwen2-7B,14.0,11.0
beach,coat,jeans,beach::coat::jeans,0.5,16,0.938,ordering,top_k,2.0,100.0,Qwen2-7B,17.0,4.0
beach,coat,shorts,beach::coat::shorts,1.0,5,0.992,ordering,top_k,2.0,100.0,Qwen2-7B,3.0,0.0
beach,coat,sunglasses,beach::coat::sunglasses,0.0,3,0.894,ordering,top_k,2.0,100.0,Qwen2-7B,28.0,6.0
beach,jacket,bikini,beach::jacket::bikini,1.0,2,0.838,ordering,top_k,2.0,100.0,Qwen2-7B,3.0,8.5
beach,jacket,coat,beach::jacket::coat,1.0,3,0.252,ordering,top_k,2.0,100.0,Qwen2-7B,3.0,18.0
beach,jacket,jeans,beach::jacket::jeans,0.45,20,0.838,ordering,top_k,2.0,100.0,Qwen2-7B,20.0,8.5
beach,jacket,shorts,beach::jacket::shorts,0.6,5,0.98,ordering,top_k,2.0,100.0,Qwen2-7B,12.0,1.0
beach,jacket,sunglasses,beach::jacket::sunglasses,0.5,4,0.754,ordering,top_k,2.0,100.0,Qwen2-7B,17.0,10.0
beach,jeans,bikini,beach::jeans::bikini,1.0,5,0.458,ordering,top_k,2.0,100.0,Qwen2-7B,3.0,15.0
beach,jeans,coat,beach::jeans::coat,0.6,5,0.062,ordering,top_k,2.0,100.0,Qwen2-7B,12.0,25.0
beach,jeans,jacket,beach::jeans::jacket,0.0,6,0.162,ordering,top_k,2.0,100.0,Qwen2-7B,28.0,20.5
beach,jeans,shorts,beach::jeans::shorts,1.0,5,0.884,ordering,top_k,2.0,100.0,Qwen2-7B,3.0,7.0
beach,jeans,sunglasses,beach::jeans::sunglasses,0.25,4,0.34,ordering,top_k,2.0,100.0,Qwen2-7B,23.0,17.0
beach,shorts,bikini,beach::shorts::bikini,0.75,4,0.082,ordering,top_k,2.0,100.0,Qwen2-7B,8.5,24.0
beach,shorts,coat,beach::shorts::coat,0.75,4,0.008,ordering,top_k,2.0,100.0,Qwen2-7B,8.5,29.0
beach,shorts,jacket,beach::shorts::jacket,0.25,4,0.02,ordering,top_k,2.0,100.0,Qwen2-7B,23.0,28.0
beach,shorts,jeans,beach::shorts::jeans,0.6,5,0.116,ordering,top_k,2.0,100.0,Qwen2-7B,12.0,22.0
beach,shorts,sunglasses,beach::shorts::sunglasses,0.15,20,0.052,ordering,top_k,2.0,100.0,Qwen2-7B,26.0,27.0
beach,sunglasses,bikini,beach::sunglasses::bikini,1.0,5,0.62,ordering,top_k,2.0,100.0,Qwen2-7B,3.0,13.0
beach,sunglasses,coat,beach::sunglasses::coat,0.0,5,0.106,ordering,top_k,2.0,100.0,Qwen2-7B,28.0,23.0
beach,sunglasses,jacket,beach::sunglasses::jacket,0.8,5,0.246,ordering,top_k,2.0,100.0,Qwen2-7B,7.0,19.0
beach,sunglasses,jeans,beach::sunglasses::jeans,0.5,6,0.66,ordering,top_k,2.0,100.0,Qwen2-7B,17.0,12.0
beach,sunglasses,shorts,beach::sunglasses::shorts,0.5,4,0.948,ordering,top_k,2.0,100.0,Qwen2-7B,17.0,2.0
cold,blankets,fridge,cold::blankets::fridge,0.0,4,0.914,ordering,top_k,3.0,100.0,Qwen2-7B,24.5,8.0
cold,blankets,heater,cold::blankets::heater,1.0,2,1.0,ordering,top_k,3.0,100.0,Qwen2-7B,1.0,0.5
cold,blankets,microwave,cold::blankets::microwave,0.0,5,0.996,ordering,top_k,3.0,100.0,Qwen2-7B,24.5,4.0
cold,blankets,sink,cold::blankets::sink,0.0,4,0.852,ordering,top_k,3.0,100.0,Qwen2-7B,24.5,11.0
cold,blankets,tea,cold::blankets::tea,0.2,20,0.634,ordering,top_k,3.0,100.0,Qwen2-7B,17.0,14.0
cold,fridge,blankets,cold::fridge::blankets,0.3333333333333333,3,0.086,ordering,top_k,3.0,100.0,Qwen2-7B,12.5,21.0
cold,fridge,heater,cold::fridge::heater,0.8,5,0.998,ordering,top_k,3.0,100.0,Qwen2-7B,4.0,2.5
cold,fridge,microwave,cold::fridge::microwave,0.6923076923076923,13,0.862,ordering,top_k,3.0,100.0,Qwen2-7B,5.0,10.0
cold,fridge,sink,cold::fridge::sink,0.23809523809523808,21,0.334,ordering,top_k,3.0,100.0,Qwen2-7B,15.0,16.0
cold,fridge,tea,cold::fridge::tea,0.5,6,0.09,ordering,top_k,3.0,100.0,Qwen2-7B,10.0,20.0
cold,heater,blankets,cold::heater::blankets,0.8333333333333334,18,0.0,ordering,top_k,3.0,100.0,Qwen2-7B,3.0,28.5
cold,heater,fridge,cold::heater::fridge,0.0,4,0.002,ordering,top_k,3.0,100.0,Qwen2-7B,24.5,26.5
cold,heater,microwave,cold::heater::microwave,0.2,5,0.014,ordering,top_k,3.0,100.0,Qwen2-7B,17.0,24.0
cold,heater,sink,cold::heater::sink,0.0,5,0.0,ordering,top_k,3.0,100.0,Qwen2-7B,24.5,28.5
cold,heater,tea,cold::heater::tea,0.125,16,0.002,ordering,top_k,3.0,100.0,Qwen2-7B,19.0,26.5
cold,microwave,blankets,cold::microwave::blankets,0.6,5,0.004,ordering,top_k,3.0,100.0,Qwen2-7B,6.5,25.0
cold,microwave,fridge,cold::microwave::fridge,0.5,4,0.138,ordering,top_k,3.0,100.0,Qwen2-7B,10.0,19.0
cold,microwave,heater,cold::microwave::heater,1.0,5,0.986,ordering,top_k,3.0,100.0,Qwen2-7B,1.0,5.0
cold,microwave,sink,cold::microwave::sink,0.0,4,0.066,ordering,top_k,3.0,100.0,Qwen2-7B,24.5,22.0
cold,microwave,tea,cold::microwave::tea,0.2,5,0.018,ordering,top_k,3.0,100.0,Qwen2-7B,17.0,23.0
cold,sink,blankets,cold::sink::blankets,0.3333333333333333,3,0.148,ordering,top_k,3.0,100.0,Qwen2-7B,12.5,18.0
cold,sink,fridge,cold::sink::fridge,0.25,4,0.666,ordering,top_k,3.0,100.0,Qwen2-7B,14.0,13.0
cold,sink,heater,cold::sink::heater,1.0,4,1.0,ordering,top_k,3.0,100.0,Qwen2-7B,1.0,0.5
cold,sink,microwave,cold::sink::microwave,0.5294117647058824,17,0.934,ordering,top_k,3.0,100.0,Qwen2-7B,8.0,7.0
cold,sink,tea,cold::sink::tea,0.0,5,0.162,ordering,top_k,3.0,100.0,Qwen2-7B,24.5,17.0
cold,tea,blankets,cold::tea::blankets,0.6,5,0.366,ordering,top_k,3.0,100.0,Qwen2-7B,6.5,15.0
cold,tea,fridge,cold::tea::fridge,0.0,6,0.91,ordering,top_k,3.0,100.0,Qwen2-7B,24.5,9.0
cold,tea,heater,cold::tea::heater,0.5,6,0.998,ordering,top_k,3.0,100.0,Qwen2-7B,10.0,2.5
cold,tea,microwave,cold::tea::microwave,0.0,5,0.982,ordering,top_k,3.0,100.0,Qwen2-7B,24.5,6.0
cold,tea,sink,cold::tea::sink,0.0,4,0.838,ordering,top_k,3.0,100.0,Qwen2-7B,24.5,12.0
cut,batteries,keys,cut::batteries::keys,0.16666666666666666,6,0.942,ordering,top_k,4.0,100.0,Qwen2-7B,20.5,10.0
cut,batteries,nail clippers,cut::batteries::nail clippers,0.8,5,0.972,ordering,top_k,4.0,100.0,Qwen2-7B,4.5,9.0
cut,batteries,scissors,cut::batteries::scissors,0.8,5,1.0,ordering,top_k,4.0,100.0,Qwen2-7B,4.5,1.5
cut,batteries,stapler,cut::batteries::stapler,0.4444444444444444,18,0.902,ordering,top_k,4.0,100.0,Qwen2-7B,12.0,11.0
cut,batteries,thumb tacks,cut::batteries::thumb tacks,0.38095238095238093,21,0.026,ordering,top_k,4.0,100.0,Qwen2-7B,13.0,21.0
cut,keys,batteries,cut::keys::batteries,0.25,4,0.058,ordering,top_k,4.0,100.0,Qwen2-7B,16.0,19.0
cut,keys,nail clippers,cut::keys::nail clippers,0.8,5,0.654,ordering,top_k,4.0,100.0,Qwen2-7B,4.5,13.0
cut,keys,scissors,cut::keys::scissors,1.0,5,0.988,ordering,top_k,4.0,100.0,Qwen2-7B,1.0,6.0
cut,keys,stapler,cut::keys::stapler,0.2,5,0.352,ordering,top_k,4.0,100.0,Qwen2-7B,18.0,15.0
cut,keys,thumb tacks,cut::keys::thumb tacks,0.2,5,0.0,ordering,top_k,4.0,100.0,Qwen2-7B,18.0,27.5
cut,nail clippers,batteries,cut::nail clippers::batteries,0.0,5,0.028,ordering,top_k,4.0,100.0,Qwen2-7B,26.5,20.0
cut,nail clippers,keys,cut::nail clippers::keys,0.3125,16,0.346,ordering,top_k,4.0,100.0,Qwen2-7B,15.0,16.0
cut,nail clippers,scissors,cut::nail clippers::scissors,1.0,4,0.98,ordering,top_k,4.0,100.0,Qwen2-7B,1.0,7.0
cut,nail clippers,stapler,cut::nail clippers::stapler,0.5,2,0.154,ordering,top_k,4.0,100.0,Qwen2-7B,11.0,17.0
cut,nail clippers,thumb tacks,cut::nail clippers::thumb tacks,0.6666666666666666,3,0.002,ordering,top_k,4.0,100.0,Qwen2-7B,7.5,25.0
cut,scissors,batteries,cut::scissors::batteries,0.0,4,0.0,ordering,top_k,4.0,100.0,Qwen2-7B,26.5,27.5
cut,scissors,keys,cut::scissors::keys,0.15,20,0.012,ordering,top_k,4.0,100.0,Qwen2-7B,22.0,23.0
cut,scissors,nail clippers,cut::scissors::nail clippers,0.6363636363636364,11,0.02,ordering,top_k,4.0,100.0,Qwen2-7B,9.0,22.0
cut,scissors,stapler,cut::scissors::stapler,0.16666666666666666,6,0.004,ordering,top_k,4.0,100.0,Qwen2-7B,20.5,24.0
cut,scissors,thumb tacks,cut::scissors::thumb tacks,0.0,4,0.0,ordering,top_k,4.0,100.0,Qwen2-7B,26.5,27.5
cut,stapler,batteries,cut::stapler::batteries,0.0,5,0.098,ordering,top_k,4.0,100.0,Qwen2-7B,26.5,18.0
cut,stapler,keys,cut::stapler::keys,0.2,5,0.648,ordering,top_k,4.0,100.0,Qwen2-7B,18.0,14.0
cut,stapler,nail clippers,cut::stapler::nail clippers,0.6666666666666666,6,0.846,ordering,top_k,4.0,100.0,Qwen2-7B,7.5,12.0
cut,stapler,scissors,cut::stapler::scissors,1.0,4,0.996,ordering,top_k,4.0,100.0,Qwen2-7B,1.0,5.0
cut,stapler,thumb tacks,cut::stapler::thumb tacks,0.11764705882352941,17,0.0,ordering,top_k,4.0,100.0,Qwen2-7B,23.0,27.5
cut,thumb tacks,batteries,cut::thumb tacks::batteries,0.0,4,0.974,ordering,top_k,4.0,100.0,Qwen2-7B,26.5,8.0
cut,thumb tacks,keys,cut::thumb tacks::keys,0.3333333333333333,3,1.0,ordering,top_k,4.0,100.0,Qwen2-7B,14.0,1.5
cut,thumb tacks,nail clippers,cut::thumb tacks::nail clippers,0.6,5,0.998,ordering,top_k,4.0,100.0,Qwen2-7B,10.0,4.0
cut,thumb tacks,scissors,cut::thumb tacks::scissors,0.8,5,1.0,ordering,top_k,4.0,100.0,Qwen2-7B,4.5,1.5
cut,thumb tacks,stapler,cut::thumb tacks::stapler,0.0,5,1.0,ordering,top_k,4.0,100.0,Qwen2-7B,26.5,1.5
fridge,juice,ketchup,fridge::juice::ketchup,0.3333333333333333,6,0.004,ordering,top_k,5.0,100.0,Qwen2-7B,17.0,24.5
fridge,juice,meat,fridge::juice::meat,0.0,3,0.01,ordering,top_k,5.0,100.0,Qwen2-7B,25.5,23.0
fridge,juice,milk,fridge::juice::milk,1.0,15,0.64,ordering,top_k,5.0,100.0,Qwen2-7B,5.0,14.0
fridge,juice,water,fridge::juice::water,1.0,6,0.974,ordering,top_k,5.0,100.0,Qwen2-7B,5.0,8.0
fridge,juice,yogurt,fridge::juice::yogurt,0.0,5,0.03,ordering,top_k,5.0,100.0,Qwen2-7B,25.5,20.0
fridge,ketchup,juice,fridge::ketchup::juice,1.0,5,0.996,ordering,top_k,5.0,100.0,Qwen2-7B,5.0,4.5
fridge,ketchup,meat,fridge::ketchup::meat,0.0,4,0.746,ordering,top_k,5.0,100.0,Qwen2-7B,25.5,12.0
fridge,ketchup,milk,fridge::ketchup::milk,1.0,5,0.996,ordering,top_k,5.0,100.0,Qwen2-7B,5.0,4.5
fridge,ketchup,water,fridge::ketchup::water,1.0,2,1.0,ordering,top_k,5.0,100.0,Qwen2-7B,5.0,1.0
fridge,ketchup,yogurt,fridge::ketchup::yogurt,0.2222222222222222,18,0.852,ordering,top_k,5.0,100.0,Qwen2-7B,18.0,11.0
fridge,meat,juice,fridge::meat::juice,1.0,5,0.99,ordering,top_k,5.0,100.0,Qwen2-7B,5.0,6.0
fridge,meat,ketchup,fridge::meat::ketchup,0.16666666666666666,18,0.254,ordering,top_k,5.0,100.0,Qwen2-7B,21.0,17.0
fridge,meat,milk,fridge::meat::milk,0.6666666666666666,3,0.998,ordering,top_k,5.0,100.0,Qwen2-7B,14.0,3.0
fridge,meat,water,fridge::meat::water,1.0,2,1.0,ordering,top_k,5.0,100.0,Qwen2-7B,5.0,1.0
fridge,meat,yogurt,fridge::meat::yogurt,0.625,16,0.706,ordering,top_k,5.0,100.0,Qwen2-7B,15.0,13.0
fridge,milk,juice,fridge::milk::juice,1.0,5,0.36,ordering,top_k,5.0,100.0,Qwen2-7B,5.0,15.0
fridge,milk,ketchup,fridge::milk::ketchup,0.0,5,0.004,ordering,top_k,5.0,100.0,Qwen2-7B,25.5,24.5
fridge,milk,meat,fridge::milk::meat,0.0,6,0.002,ordering,top_k,5.0,100.0,Qwen2-7B,25.5,26.0
fridge,milk,water,fridge::milk::water,0.8333333333333334,6,0.968,ordering,top_k,5.0,100.0,Qwen2-7B,12.0,10.0
fridge,milk,yogurt,fridge::milk::yogurt,0.2,5,0.016,ordering,top_k,5.0,100.0,Qwen2-7B,19.5,22.0
fridge,water,juice,fridge::water::juice,1.0,22,0.026,ordering,top_k,5.0,100.0,Qwen2-7B,5.0,21.0
fridge,water,ketchup,fridge::water::ketchup,0.0,4,0.0,ordering,top_k,5.0,100.0,Qwen2-7B,25.5,28.0
fridge,water,meat,fridge::water::meat,0.0,3,0.0,ordering,top_k,5.0,100.0,Qwen2-7B,25.5,28.0
fridge,water,milk,fridge::water::milk,0.9444444444444444,18,0.032,ordering,top_k,5.0,100.0,Qwen2-7B,11.0,19.0
fridge,water,yogurt,fridge::water::yogurt,0.0,5,0.0,ordering,top_k,5.0,100.0,Qwen2-7B,25.5,28.0
fridge,yogurt,juice,fridge::yogurt::juice,1.0,5,0.97,ordering,top_k,5.0,100.0,Qwen2-7B,5.0,9.0
fridge,yogurt,ketchup,fridge::yogurt::ketchup,0.2,5,0.148,ordering,top_k,5.0,100.0,Qwen2-7B,19.5,18.0
fridge,yogurt,meat,fridge::yogurt::meat,0.4,5,0.294,ordering,top_k,5.0,100.0,Qwen2-7B,16.0,16.0
fridge,yogurt,milk,fridge::yogurt::milk,0.75,4,0.984,ordering,top_k,5.0,100.0,Qwen2-7B,13.0,7.0
fridge,yogurt,water,fridge::yogurt::water,1.0,2,1.0,ordering,top_k,5.0,100.0,Qwen2-7B,5.0,1.0
gym,basketball,lacrosse,gym::basketball::lacrosse,0.9333333333333333,15,0.008,ordering,top_k,6.0,100.0,Qwen2-7B,11.0,26.5
gym,basketball,meditation,gym::basketball::meditation,0.0,2,0.0,ordering,top_k,6.0,100.0,Qwen2-7B,28.0,28.5
gym,basketball,softball,gym::basketball::softball,0.9,20,0.234,ordering,top_k,6.0,100.0,Qwen2-7B,12.0,18.0
gym,basketball,swimming,gym::basketball::swimming,0.4,5,0.01,ordering,top_k,6.0,100.0,Qwen2-7B,23.5,25.0
gym,basketball,weightlifting,gym::basketball::weightlifting,0.8,5,0.016,ordering,top_k,6.0,100.0,Qwen2-7B,15.5,23.0
gym,lacrosse,basketball,gym::lacrosse::basketball,1.0,4,0.992,ordering,top_k,6.0,100.0,Qwen2-7B,4.5,2.5
gym,lacrosse,meditation,gym::lacrosse::meditation,0.0,2,0.02,ordering,top_k,6.0,100.0,Qwen2-7B,28.0,22.0
gym,lacrosse,softball,gym::lacrosse::softball,1.0,3,0.976,ordering,top_k,6.0,100.0,Qwen2-7B,4.5,8.0
gym,lacrosse,swimming,gym::lacrosse::swimming,0.3333333333333333,3,0.676,ordering,top_k,6.0,100.0,Qwen2-7B,25.5,13.0
gym,lacrosse,weightlifting,gym::lacrosse::weightlifting,0.6666666666666666,3,0.706,ordering,top_k,6.0,100.0,Qwen2-7B,20.0,12.0
gym,meditation,basketball,gym::meditation::basketball,0.75,4,1.0,ordering,top_k,6.0,100.0,Qwen2-7B,18.5,0.5
gym,meditation,lacrosse,gym::meditation::lacrosse,1.0,4,0.98,ordering,top_k,6.0,100.0,Qwen2-7B,4.5,7.0
gym,meditation,softball,gym::meditation::softball,1.0,4,1.0,ordering,top_k,6.0,100.0,Qwen2-7B,4.5,0.5
gym,meditation,swimming,gym::meditation::swimming,0.7894736842105263,19,0.992,ordering,top_k,6.0,100.0,Qwen2-7B,17.0,2.5
gym,meditation,weightlifting,gym::meditation::weightlifting,0.55,20,0.988,ordering,top_k,6.0,100.0,Qwen2-7B,22.0,5.0
gym,softball,basketball,gym::softball::basketball,1.0,6,0.766,ordering,top_k,6.0,100.0,Qwen2-7B,4.5,11.0
gym,softball,lacrosse,gym::softball::lacrosse,0.9473684210526315,19,0.024,ordering,top_k,6.0,100.0,Qwen2-7B,10.0,21.0
gym,softball,meditation,gym::softball::meditation,0.6,5,0.0,ordering,top_k,6.0,100.0,Qwen2-7B,21.0,28.5
gym,softball,swimming,gym::softball::swimming,0.8,5,0.038,ordering,top_k,6.0,100.0,Qwen2-7B,15.5,20.0
gym,softball,weightlifting,gym::softball::weightlifting,0.3333333333333333,3,0.058,ordering,top_k,6.0,100.0,Qwen2-7B,25.5,19.0
gym,swimming,basketball,gym::swimming::basketball,1.0,5,0.99,ordering,top_k,6.0,100.0,Qwen2-7B,4.5,4.0
gym,swimming,lacrosse,gym::swimming::lacrosse,1.0,4,0.324,ordering,top_k,6.0,100.0,Qwen2-7B,4.5,16.0
gym,swimming,meditation,gym::swimming::meditation,0.0,5,0.008,ordering,top_k,6.0,100.0,Qwen2-7B,28.0,26.5
gym,swimming,softball,gym::swimming::softball,0.75,4,0.962,ordering,top_k,6.0,100.0,Qwen2-7B,18.5,9.0
gym,swimming,weightlifting,gym::swimming::weightlifting,0.4,5,0.518,ordering,top_k,6.0,100.0,Qwen2-7B,23.5,14.0
gym,weightlifting,basketball,gym::weightlifting::basketball,1.0,5,0.984,ordering,top_k,6.0,100.0,Qwen2-7B,4.5,6.0
gym,weightlifting,lacrosse,gym::weightlifting::lacrosse,1.0,6,0.294,ordering,top_k,6.0,100.0,Qwen2-7B,4.5,17.0
gym,weightlifting,meditation,gym::weightlifting::meditation,1.0,2,0.012,ordering,top_k,6.0,100.0,Qwen2-7B,4.5,24.0
gym,weightlifting,softball,gym::weightlifting::softball,0.8333333333333334,6,0.942,ordering,top_k,6.0,100.0,Qwen2-7B,14.0,10.0
gym,weightlifting,swimming,gym::weightlifting::swimming,0.85,20,0.482,ordering,top_k,6.0,100.0,Qwen2-7B,13.0,15.0
hot,blankets,couch,hot::blankets::couch,0.0,12,0.856,ordering,top_k,7.0,100.0,Qwen2-7B,23.5,11.0
hot,blankets,fan,hot::blankets::fan,0.2,5,1.0,ordering,top_k,7.0,100.0,Qwen2-7B,14.0,0.0
hot,blankets,heater,hot::blankets::heater,0.75,4,0.998,ordering,top_k,7.0,100.0,Qwen2-7B,4.0,1.5
hot,blankets,pool,hot::blankets::pool,0.0,5,0.966,ordering,top_k,7.0,100.0,Qwen2-7B,23.5,7.5
hot,blankets,shower,hot::blankets::shower,0.2,5,0.966,ordering,top_k,7.0,100.0,Qwen2-7B,14.0,7.5
hot,couch,blankets,hot::couch::blankets,0.2,5,0.144,ordering,top_k,7.0,100.0,Qwen2-7B,14.0,18.0
hot,couch,fan,hot::couch::fan,0.0,3,0.998,ordering,top_k,7.0,100.0,Qwen2-7B,23.5,1.5
hot,couch,heater,hot::couch::heater,0.0,3,0.986,ordering,top_k,7.0,100.0,Qwen2-7B,23.5,5.0
hot,couch,pool,hot::couch::pool,0.5,6,0.872,ordering,top_k,7.0,100.0,Qwen2-7B,6.0,10.0
hot,couch,shower,hot::couch::shower,1.0,2,0.84,ordering,top_k,7.0,100.0,Qwen2-7B,1.0,12.0
hot,fan,blankets,hot::fan::blankets,0.0,4,0.0,ordering,top_k,7.0,100.0,Qwen2-7B,23.5,29.0
hot,fan,couch,hot::fan::couch,0.0,4,0.002,ordering,top_k,7.0,100.0,Qwen2-7B,23.5,27.5
hot,fan,heater,hot::fan::heater,0.16666666666666666,6,0.224,ordering,top_k,7.0,100.0,Qwen2-7B,16.0,16.0
hot,fan,pool,hot::fan::pool,0.55,20,0.01,ordering,top_k,7.0,100.0,Qwen2-7B,5.0,25.0
hot,fan,shower,hot::fan::shower,0.05,20,0.004,ordering,top_k,7.0,100.0,Qwen2-7B,17.0,26.0
hot,heater,blankets,hot::heater::blankets,0.23076923076923078,13,0.002,ordering,top_k,7.0,100.0,Qwen2-7B,12.0,27.5
hot,heater,couch,hot::heater::couch,0.0,20,0.014,ordering,top_k,7.0,100.0,Qwen2-7B,23.5,24.0
hot,heater,fan,hot::heater::fan,1.0,5,0.776,ordering,top_k,7.0,100.0,Qwen2-7B,1.0,13.0
hot,heater,pool,hot::heater::pool,0.25,4,0.038,ordering,top_k,7.0,100.0,Qwen2-7B,10.5,20.0
hot,heater,shower,hot::heater::shower,0.0,5,0.02,ordering,top_k,7.0,100.0,Qwen2-7B,23.5,23.0
hot,pool,blankets,hot::pool::blankets,0.4,5,0.034,ordering,top_k,7.0,100.0,Qwen2-7B,7.0,21.5
hot,pool,couch,hot::pool::couch,0.0,4,0.128,ordering,top_k,7.0,100.0,Qwen2-7B,23.5,19.0
hot,pool,fan,hot::pool::fan,0.25,4,0.99,ordering,top_k,7.0,100.0,Qwen2-7B,10.5,4.0
hot,pool,heater,hot::pool::heater,0.0,4,0.962,ordering,top_k,7.0,100.0,Qwen2-7B,23.5,9.0
hot,pool,shower,hot::pool::shower,0.2631578947368421,19,0.41,ordering,top_k,7.0,100.0,Qwen2-7B,9.0,15.0
hot,shower,blankets,hot::shower::blankets,0.0,4,0.034,ordering,top_k,7.0,100.0,Qwen2-7B,23.5,21.5
hot,shower,couch,hot::shower::couch,0.0,6,0.16,ordering,top_k,7.0,100.0,Qwen2-7B,23.5,17.0
hot,shower,fan,hot::shower::fan,0.8,5,0.996,ordering,top_k,7.0,100.0,Qwen2-7B,3.0,3.0
hot,shower,heater,hot::shower::heater,0.3333333333333333,6,0.98,ordering,top_k,7.0,100.0,Qwen2-7B,8.0,6.0
hot,shower,pool,hot::shower::pool,1.0,5,0.59,ordering,top_k,7.0,100.0,Qwen2-7B,1.0,14.0
mall,burger joint,coffee shop,mall::burger joint::coffee shop,0.625,16,0.744,ordering,top_k,8.0,100.0,Qwen2-7B,15.0,13.0
mall,burger joint,electronics store,mall::burger joint::electronics store,0.0,6,0.0,ordering,top_k,8.0,100.0,Qwen2-7B,27.0,25.5
mall,burger joint,gift shop,mall::burger joint::gift shop,0.16666666666666666,6,0.0,ordering,top_k,8.0,100.0,Qwen2-7B,24.0,25.5
mall,burger joint,grocery store,mall::burger joint::grocery store,0.8,5,0.478,ordering,top_k,8.0,100.0,Qwen2-7B,11.0,15.0
mall,burger joint,pretzel stand,mall::burger joint::pretzel stand,0.8421052631578947,19,0.0,ordering,top_k,8.0,100.0,Qwen2-7B,7.5,25.5
mall,coffee shop,burger joint,mall::coffee shop::burger joint,0.5,2,0.256,ordering,top_k,8.0,100.0,Qwen2-7B,20.0,16.0
mall,coffee shop,electronics store,mall::coffee shop::electronics store,0.4,5,0.0,ordering,top_k,8.0,100.0,Qwen2-7B,22.0,25.5
mall,coffee shop,gift shop,mall::coffee shop::gift shop,0.0,4,0.0,ordering,top_k,8.0,100.0,Qwen2-7B,27.0,25.5
mall,coffee shop,grocery store,mall::coffee shop::grocery store,0.6,5,0.236,ordering,top_k,8.0,100.0,Qwen2-7B,17.0,17.0
mall,coffee shop,pretzel stand,mall::coffee shop::pretzel stand,1.0,5,0.0,ordering,top_k,8.0,100.0,Qwen2-7B,2.5,25.5
mall,electronics store,burger joint,mall::electronics store::burger joint,1.0,5,1.0,ordering,top_k,8.0,100.0,Qwen2-7B,2.5,3.5
mall,electronics store,coffee shop,mall::electronics store::coffee shop,0.8,5,1.0,ordering,top_k,8.0,100.0,Qwen2-7B,11.0,3.5
mall,electronics store,gift shop,mall::electronics store::gift shop,0.6,20,0.978,ordering,top_k,8.0,100.0,Qwen2-7B,17.0,9.0
mall,electronics store,grocery store,mall::electronics store::grocery store,0.8421052631578947,19,1.0,ordering,top_k,8.0,100.0,Qwen2-7B,7.5,3.5
mall,electronics store,pretzel stand,mall::electronics store::pretzel stand,0.6666666666666666,3,0.798,ordering,top_k,8.0,100.0,Qwen2-7B,14.0,11.0
mall,gift shop,burger joint,mall::gift shop::burger joint,1.0,3,1.0,ordering,top_k,8.0,100.0,Qwen2-7B,2.5,3.5
mall,gift shop,coffee shop,mall::gift shop::coffee shop,0.5,2,1.0,ordering,top_k,8.0,100.0,Qwen2-7B,20.0,3.5
mall,gift shop,electronics store,mall::gift shop::electronics store,0.5,4,0.022,ordering,top_k,8.0,100.0,Qwen2-7B,20.0,20.0
mall,gift shop,grocery store,mall::gift shop::grocery store,0.8666666666666667,15,0.998,ordering,top_k,8.0,100.0,Qwen2-7B,6.0,8.0
mall,gift shop,pretzel stand,mall::gift shop::pretzel stand,1.0,3,0.05,ordering,top_k,8.0,100.0,Qwen2-7B,2.5,19.0
mall,grocery store,burger joint,mall::grocery store::burger joint,1.0,5,0.522,ordering,top_k,8.0,100.0,Qwen2-7B,2.5,14.0
mall,grocery store,coffee shop,mall::grocery store::coffee shop,0.8,5,0.764,ordering,top_k,8.0,100.0,Qwen2-7B,11.0,12.0
mall,grocery store,electronics store,mall::grocery store::electronics store,0.0,3,0.0,ordering,top_k,8.0,100.0,Qwen2-7B,27.0,25.5
mall,grocery store,gift shop,mall::grocery store::gift shop,0.2,5,0.002,ordering,top_k,8.0,100.0,Qwen2-7B,23.0,21.0
mall,grocery store,pretzel stand,mall::grocery store::pretzel stand,0.8,5,0.0,ordering,top_k,8.0,100.0,Qwen2-7B,11.0,25.5
mall,pretzel stand,burger joint,mall::pretzel stand::burger joint,1.0,2,1.0,ordering,top_k,8.0,100.0,Qwen2-7B,2.5,3.5
mall,pretzel stand,coffee shop,mall::pretzel stand::coffee shop,0.8,20,1.0,ordering,top_k,8.0,100.0,Qwen2-7B,11.0,3.5
mall,pretzel stand,electronics store,mall::pretzel stand::electronics store,0.0,5,0.202,ordering,top_k,8.0,100.0,Qwen2-7B,27.0,18.0
mall,pretzel stand,gift shop,mall::pretzel stand::gift shop,0.0,6,0.95,ordering,top_k,8.0,100.0,Qwen2-7B,27.0,10.0
mall,pretzel stand,grocery store,mall::pretzel stand::grocery store,0.6,5,1.0,ordering,top_k,8.0,100.0,Qwen2-7B,17.0,3.5
mask,bandana,candy,mask::bandana::candy,0.0,4,0.04,ordering,top_k,9.0,100.0,Qwen2-7B,27.0,25.0
mask,bandana,gloves,mask::bandana::gloves,0.5,2,0.168,ordering,top_k,9.0,100.0,Qwen2-7B,11.0,20.0
mask,bandana,handkerchief,mask::bandana::handkerchief,0.6153846153846154,13,0.358,ordering,top_k,9.0,100.0,Qwen2-7B,6.0,16.0
mask,bandana,napkins,mask::bandana::napkins,0.16666666666666666,12,0.004,ordering,top_k,9.0,100.0,Qwen2-7B,23.0,29.0
mask,bandana,wallet,mask::bandana::wallet,0.4,5,0.154,ordering,top_k,9.0,100.0,Qwen2-7B,15.0,22.0
mask,candy,bandana,mask::candy::bandana,0.8,5,0.96,ordering,top_k,9.0,100.0,Qwen2-7B,2.5,4.0
mask,candy,gloves,mask::candy::gloves,0.0625,16,0.842,ordering,top_k,9.0,100.0,Qwen2-7B,24.0,8.0
mask,candy,handkerchief,mask::candy::handkerchief,0.6666666666666666,6,0.938,ordering,top_k,9.0,100.0,Qwen2-7B,4.0,5.0
mask,candy,napkins,mask::candy::napkins,0.5,4,0.074,ordering,top_k,9.0,100.0,Qwen2-7B,11.0,23.0
mask,candy,wallet,mask::candy::wallet,0.2,20,0.802,ordering,top_k,9.0,100.0,Qwen2-7B,20.0,10.0
mask,gloves,bandana,mask::gloves::bandana,0.5,6,0.832,ordering,top_k,9.0,100.0,Qwen2-7B,11.0,9.0
mask,gloves,candy,mask::gloves::candy,0.2,5,0.158,ordering,top_k,9.0,100.0,Qwen2-7B,20.0,21.0
mask,gloves,handkerchief,mask::gloves::handkerchief,0.4,5,0.722,ordering,top_k,9.0,100.0,Qwen2-7B,15.0,12.0
mask,gloves,napkins,mask::gloves::napkins,0.5,4,0.014,ordering,top_k,9.0,100.0,Qwen2-7B,11.0,26.0
mask,gloves,wallet,mask::gloves::wallet,0.0,3,0.448,ordering,top_k,9.0,100.0,Qwen2-7B,27.0,15.0
mask,handkerchief,bandana,mask::handkerchief::bandana,1.0,3,0.642,ordering,top_k,9.0,100.0,Qwen2-7B,0.5,13.0
mask,handkerchief,candy,mask::handkerchief::candy,0.0,6,0.062,ordering,top_k,9.0,100.0,Qwen2-7B,27.0,24.0
mask,handkerchief,gloves,mask::handkerchief::gloves,0.4,5,0.278,ordering,top_k,9.0,100.0,Qwen2-7B,15.0,17.0
mask,handkerchief,napkins,mask::handkerchief::napkins,0.3,20,0.006,ordering,top_k,9.0,100.0,Qwen2-7B,17.0,28.0
mask,handkerchief,wallet,mask::handkerchief::wallet,0.0,5,0.214,ordering,top_k,9.0,100.0,Qwen2-7B,27.0,18.0
mask,napkins,bandana,mask::napkins::bandana,1.0,5,0.996,ordering,top_k,9.0,100.0,Qwen2-7B,0.5,0.0
mask,napkins,candy,mask::napkins::candy,0.2,5,0.926,ordering,top_k,9.0,100.0,Qwen2-7B,20.0,6.0
mask,napkins,gloves,mask::napkins::gloves,0.2,5,0.986,ordering,top_k,9.0,100.0,Qwen2-7B,20.0,3.0
mask,napkins,handkerchief,mask::napkins::handkerchief,0.6,5,0.994,ordering,top_k,9.0,100.0,Qwen2-7B,7.5,1.0
mask,napkins,wallet,mask::napkins::wallet,0.0,4,0.988,ordering,top_k,9.0,100.0,Qwen2-7B,27.0,2.0
mask,wallet,bandana,mask::wallet::bandana,0.8,5,0.846,ordering,top_k,9.0,100.0,Qwen2-7B,2.5,7.0
mask,wallet,candy,mask::wallet::candy,0.2,5,0.198,ordering,top_k,9.0,100.0,Qwen2-7B,20.0,19.0
mask,wallet,gloves,mask::wallet::gloves,0.631578947368421,19,0.552,ordering,top_k,9.0,100.0,Qwen2-7B,5.0,14.0
mask,wallet,handkerchief,mask::wallet::handkerchief,0.6,5,0.786,ordering,top_k,9.0,100.0,Qwen2-7B,7.5,11.0
mask,wallet,napkins,mask::wallet::napkins,0.5,6,0.012,ordering,top_k,9.0,100.0,Qwen2-7B,11.0,27.0
meat,chicken,crab,meat::chicken::crab,0.7647058823529411,17,0.0,ordering,top_k,0.0,100.0,Qwen2-7B,13.0,28.5
meat,chicken,mushrooms,meat::chicken::mushrooms,0.2,5,0.0,ordering,top_k,0.0,100.0,Qwen2-7B,20.0,28.5
meat,chicken,rice,meat::chicken::rice,0.5,2,0.024,ordering,top_k,0.0,100.0,Qwen2-7B,16.5,25.0
meat,chicken,tofu,meat::chicken::tofu,0.0,5,0.022,ordering,top_k,0.0,100.0,Qwen2-7B,25.5,26.0
meat,chicken,turkey,meat::chicken::turkey,0.9523809523809523,21,0.01,ordering,top_k,0.0,100.0,Qwen2-7B,10.0,27.0
meat,crab,chicken,meat::crab::chicken,1.0,5,1.0,ordering,top_k,0.0,100.0,Qwen2-7B,4.5,0.5
meat,crab,mushrooms,meat::crab::mushrooms,0.0,3,0.406,ordering,top_k,0.0,100.0,Qwen2-7B,25.5,16.0
meat,crab,rice,meat::crab::rice,0.0,5,0.912,ordering,top_k,0.0,100.0,Qwen2-7B,25.5,7.0
meat,crab,tofu,meat::crab::tofu,0.6666666666666666,3,0.898,ordering,top_k,0.0,100.0,Qwen2-7B,14.0,8.0
meat,crab,turkey,meat::crab::turkey,1.0,5,0.734,ordering,top_k,0.0,100.0,Qwen2-7B,4.5,12.0
meat,mushrooms,chicken,meat::mushrooms::chicken,1.0,6,1.0,ordering,top_k,0.0,100.0,Qwen2-7B,4.5,0.5
meat,mushrooms,crab,meat::mushrooms::crab,1.0,5,0.594,ordering,top_k,0.0,100.0,Qwen2-7B,4.5,13.0
meat,mushrooms,rice,meat::mushrooms::rice,0.0,6,0.938,ordering,top_k,0.0,100.0,Qwen2-7B,25.5,5.0
meat,mushrooms,tofu,meat::mushrooms::tofu,0.5263157894736842,19,0.932,ordering,top_k,0.0,100.0,Qwen2-7B,15.0,6.0
meat,mushrooms,turkey,meat::mushrooms::turkey,1.0,6,0.804,ordering,top_k,0.0,100.0,Qwen2-7B,4.5,9.0
meat,rice,chicken,meat::rice::chicken,1.0,2,0.976,ordering,top_k,0.0,100.0,Qwen2-7B,4.5,4.0
meat,rice,crab,meat::rice::crab,0.5,2,0.088,ordering,top_k,0.0,100.0,Qwen2-7B,16.5,22.0
meat,rice,mushrooms,meat::rice::mushrooms,0.23529411764705882,17,0.062,ordering,top_k,0.0,100.0,Qwen2-7B,19.0,24.0
meat,rice,tofu,meat::rice::tofu,0.3888888888888889,18,0.464,ordering,top_k,0.0,100.0,Qwen2-7B,18.0,15.0
meat,rice,turkey,meat::rice::turkey,1.0,5,0.234,ordering,top_k,0.0,100.0,Qwen2-7B,4.5,19.0
meat,tofu,chicken,meat::tofu::chicken,1.0,4,0.978,ordering,top_k,0.0,100.0,Qwen2-7B,4.5,3.0
meat,tofu,crab,meat::tofu::crab,0.8,5,0.102,ordering,top_k,0.0,100.0,Qwen2-7B,11.0,21.0
meat,tofu,mushrooms,meat::tofu::mushrooms,0.0,5,0.068,ordering,top_k,0.0,100.0,Qwen2-7B,25.5,23.0
meat,tofu,rice,meat::tofu::rice,0.0,5,0.536,ordering,top_k,0.0,100.0,Qwen2-7B,25.5,14.0
meat,tofu,turkey,meat::tofu::turkey,1.0,5,0.236,ordering,top_k,0.0,100.0,Qwen2-7B,4.5,18.0
meat,turkey,chicken,meat::turkey::chicken,1.0,4,0.99,ordering,top_k,0.0,100.0,Qwen2-7B,4.5,2.0
meat,turkey,crab,meat::turkey::crab,0.7692307692307693,13,0.266,ordering,top_k,0.0,100.0,Qwen2-7B,12.0,17.0
meat,turkey,mushrooms,meat::turkey::mushrooms,0.0,4,0.196,ordering,top_k,0.0,100.0,Qwen2-7B,25.5,20.0
meat,turkey,rice,meat::turkey::rice,0.0,5,0.766,ordering,top_k,0.0,100.0,Qwen2-7B,25.5,10.0
meat,turkey,tofu,meat::turkey::tofu,0.16666666666666666,6,0.764,ordering,top_k,0.0,100.0,Qwen2-7B,21.0,11.0
restaurant,cake,cocktails,restaurant::cake::cocktails,1.0,4,0.83,ordering,top_k,1.0,100.0,Qwen2-7B,3.5,8.0
restaurant,cake,salad,restaurant::cake::salad,0.6,5,0.392,ordering,top_k,1.0,100.0,Qwen2-7B,13.0,17.0
restaurant,cake,soda,restaurant::cake::soda,0.8,5,0.952,ordering,top_k,1.0,100.0,Qwen2-7B,9.0,2.0
restaurant,cake,soup,restaurant::cake::soup,0.3888888888888889,18,0.446,ordering,top_k,1.0,100.0,Qwen2-7B,19.0,15.0
restaurant,cake,vodka,restaurant::cake::vodka,1.0,6,0.916,ordering,top_k,1.0,100.0,Qwen2-7B,3.5,5.0
restaurant,cocktails,cake,restaurant::cocktails::cake,0.6,5,0.17,ordering,top_k,1.0,100.0,Qwen2-7B,13.0,21.0
restaurant,cocktails,salad,restaurant::cocktails::salad,0.0,4,0.132,ordering,top_k,1.0,100.0,Qwen2-7B,25.5,23.0
restaurant,cocktails,soda,restaurant::cocktails::soda,0.42105263157894735,19,0.794,ordering,top_k,1.0,100.0,Qwen2-7B,18.0,9.0
restaurant,cocktails,soup,restaurant::cocktails::soup,0.0,2,0.156,ordering,top_k,1.0,100.0,Qwen2-7B,25.5,22.0
restaurant,cocktails,vodka,restaurant::cocktails::vodka,0.5,14,0.688,ordering,top_k,1.0,100.0,Qwen2-7B,16.5,10.0
restaurant,salad,cake,restaurant::salad::cake,0.55,20,0.608,ordering,top_k,1.0,100.0,Qwen2-7B,15.0,12.0
restaurant,salad,cocktails,restaurant::salad::cocktails,0.75,4,0.868,ordering,top_k,1.0,100.0,Qwen2-7B,10.0,6.0
restaurant,salad,soda,restaurant::salad::soda,0.6,5,0.956,ordering,top_k,1.0,100.0,Qwen2-7B,13.0,1.0
restaurant,salad,soup,restaurant::salad::soup,0.7,20,0.572,ordering,top_k,1.0,100.0,Qwen2-7B,11.0,13.0
restaurant,salad,vodka,restaurant::salad::vodka,1.0,5,0.942,ordering,top_k,1.0,100.0,Qwen2-7B,3.5,3.0
restaurant,soda,cake,restaurant::soda::cake,0.0,3,0.048,ordering,top_k,1.0,100.0,Qwen2-7B,25.5,27.0
restaurant,soda,cocktails,restaurant::soda::cocktails,1.0,3,0.206,ordering,top_k,1.0,100.0,Qwen2-7B,3.5,20.0
restaurant,soda,salad,restaurant::soda::salad,0.0,5,0.044,ordering,top_k,1.0,100.0,Qwen2-7B,25.5,28.0
restaurant,soda,soup,restaurant::soda::soup,0.0,2,0.042,ordering,top_k,1.0,100.0,Qwen2-7B,25.5,29.0
restaurant,soda,vodka,restaurant::soda::vodka,1.0,5,0.384,ordering,top_k,1.0,100.0,Qwen2-7B,3.5,18.0
restaurant,soup,cake,restaurant::soup::cake,0.3333333333333333,3,0.554,ordering,top_k,1.0,100.0,Qwen2-7B,20.0,14.0
restaurant,soup,cocktails,restaurant::soup::cocktails,1.0,6,0.844,ordering,top_k,1.0,100.0,Qwen2-7B,3.5,7.0
restaurant,soup,salad,restaurant::soup::salad,0.5,6,0.428,ordering,top_k,1.0,100.0,Qwen2-7B,16.5,16.0
restaurant,soup,soda,restaurant::soup::soda,0.8333333333333334,6,0.958,ordering,top_k,1.0,100.0,Qwen2-7B,8.0,0.0
restaurant,soup,vodka,restaurant::soup::vodka,1.0,4,0.932,ordering,top_k,1.0,100.0,Qwen2-7B,3.5,4.0
restaurant,vodka,cake,restaurant::vodka::cake,0.0,5,0.084,ordering,top_k,1.0,100.0,Qwen2-7B,25.5,24.0
restaurant,vodka,cocktails,restaurant::vodka::cocktails,1.0,3,0.312,ordering,top_k,1.0,100.0,Qwen2-7B,3.5,19.0
restaurant,vodka,salad,restaurant::vodka::salad,0.0,2,0.058,ordering,top_k,1.0,100.0,Qwen2-7B,25.5,26.0
restaurant,vodka,soda,restaurant::vodka::soda,0.3157894736842105,19,0.616,ordering,top_k,1.0,100.0,Qwen2-7B,21.0,11.0
restaurant,vodka,soup,restaurant::vodka::soup,0.0,5,0.068,ordering,top_k,1.0,100.0,Qwen2-7B,25.5,25.0
salad,chips,cigarettes,salad::chips::cigarettes,0.16666666666666666,6,0.052,ordering,top_k,2.0,100.0,Qwen2-7B,20.0,23.0
salad,chips,dressing,salad::chips::dressing,0.4,5,0.254,ordering,top_k,2.0,100.0,Qwen2-7B,13.0,18.0
salad,chips,lettuce,salad::chips::lettuce,1.0,6,0.998,ordering,top_k,2.0,100.0,Qwen2-7B,2.0,1.0
salad,chips,meat,salad::chips::meat,0.2857142857142857,21,0.706,ordering,top_k,2.0,100.0,Qwen2-7B,18.0,12.0
salad,chips,tuna,salad::chips::tuna,0.2,5,0.3,ordering,top_k,2.0,100.0,Qwen2-7B,19.0,16.0
salad,cigarettes,chips,salad::cigarettes::chips,0.4375,16,0.948,ordering,top_k,2.0,100.0,Qwen2-7B,11.5,6.0
salad,cigarettes,dressing,salad::cigarettes::dressing,1.0,4,0.86,ordering,top_k,2.0,100.0,Qwen2-7B,2.0,9.0
salad,cigarettes,lettuce,salad::cigarettes::lettuce,0.75,4,1.0,ordering,top_k,2.0,100.0,Qwen2-7B,6.5,0.0
salad,cigarettes,meat,salad::cigarettes::meat,0.5789473684210527,19,0.984,ordering,top_k,2.0,100.0,Qwen2-7B,10.0,5.0
salad,cigarettes,tuna,salad::cigarettes::tuna,0.3333333333333333,6,0.918,ordering,top_k,2.0,100.0,Qwen2-7B,16.0,7.0
salad,dressing,chips,salad::dressing::chips,0.0,2,0.746,ordering,top_k,2.0,100.0,Qwen2-7B,25.0,11.0
salad,dressing,cigarettes,salad::dressing::cigarettes,0.0,5,0.14,ordering,top_k,2.0,100.0,Qwen2-7B,25.0,20.0
salad,dressing,lettuce,salad::dressing::lettuce,1.0,3,0.996,ordering,top_k,2.0,100.0,Qwen2-7B,2.0,2.5
salad,dressing,meat,salad::dressing::meat,0.3333333333333333,3,0.904,ordering,top_k,2.0,100.0,Qwen2-7B,16.0,8.0
salad,dressing,tuna,salad::dressing::tuna,0.4375,16,0.578,ordering,top_k,2.0,100.0,Qwen2-7B,11.5,14.0
salad,lettuce,chips,salad::lettuce::chips,0.0,2,0.002,ordering,top_k,2.0,100.0,Qwen2-7B,25.0,28.0
salad,lettuce,cigarettes,salad::lettuce::cigarettes,0.0,6,0.0,ordering,top_k,2.0,100.0,Qwen2-7B,25.0,29.0
salad,lettuce,dressing,salad::lettuce::dressing,0.6111111111111112,18,0.004,ordering,top_k,2.0,100.0,Qwen2-7B,8.0,26.5
salad,lettuce,meat,salad::lettuce::meat,0.75,4,0.006,ordering,top_k,2.0,100.0,Qwen2-7B,6.5,25.0
salad,lettuce,tuna,salad::lettuce::tuna,0.3888888888888889,18,0.004,ordering,top_k,2.0,100.0,Qwen2-7B,14.0,26.5
salad,meat,chips,salad::meat::chips,0.0,2,0.294,ordering,top_k,2.0,100.0,Qwen2-7B,25.0,17.0
salad,meat,cigarettes,salad::meat::cigarettes,0.0,5,0.016,ordering,top_k,2.0,100.0,Qwen2-7B,25.0,24.0
salad,meat,dressing,salad::meat::dressing,0.0,3,0.096,ordering,top_k,2.0,100.0,Qwen2-7B,25.0,21.0
salad,meat,lettuce,salad::meat::lettuce,1.0,6,0.994,ordering,top_k,2.0,100.0,Qwen2-7B,2.0,4.0
salad,meat,tuna,salad::meat::tuna,0.3333333333333333,3,0.148,ordering,top_k,2.0,100.0,Qwen2-7B,16.0,19.0
salad,tuna,chips,salad::tuna::chips,0.0,5,0.7,ordering,top_k,2.0,100.0,Qwen2-7B,25.0,13.0
salad,tuna,cigarettes,salad::tuna::cigarettes,0.0,5,0.082,ordering,top_k,2.0,100.0,Qwen2-7B,25.0,22.0
salad,tuna,dressing,salad::tuna::dressing,0.6,5,0.422,ordering,top_k,2.0,100.0,Qwen2-7B,9.0,15.0
salad,tuna,lettuce,salad::tuna::lettuce,1.0,5,0.996,ordering,top_k,2.0,100.0,Qwen2-7B,2.0,2.5
salad,tuna,meat,salad::tuna::meat,0.8,5,0.852,ordering,top_k,2.0,100.0,Qwen2-7B,5.0,10.0
science,art,geology,science::art::geology,1.0,4,0.986,ordering,top_k,3.0,100.0,Qwen2-7B,3.0,4.0
science,art,math,science::art::math,0.7,20,0.98,ordering,top_k,3.0,100.0,Qwen2-7B,15.0,5.0
science,art,philosophy,science::art::philosophy,0.6111111111111112,18,0.626,ordering,top_k,3.0,100.0,Qwen2-7B,21.0,14.0
science,art,physics,science::art::physics,1.0,5,0.996,ordering,top_k,3.0,100.0,Qwen2-7B,3.0,1.0
science,art,zoology,science::art::zoology,0.8,5,0.904,ordering,top_k,3.0,100.0,Qwen2-7B,11.0,9.0
science,geology,art,science::geology::art,0.6,5,0.014,ordering,top_k,3.0,100.0,Qwen2-7B,22.0,25.0
science,geology,math,science::geology::math,0.8333333333333334,6,0.306,ordering,top_k,3.0,100.0,Qwen2-7B,8.5,16.0
science,geology,philosophy,science::geology::philosophy,0.6666666666666666,3,0.012,ordering,top_k,3.0,100.0,Qwen2-7B,18.0,26.0
science,geology,physics,science::geology::physics,1.0,4,0.958,ordering,top_k,3.0,100.0,Qwen2-7B,3.0,8.0
science,geology,zoology,science::geology::zoology,1.0,13,0.106,ordering,top_k,3.0,100.0,Qwen2-7B,3.0,19.0
science,math,art,science::math::art,0.5,2,0.02,ordering,top_k,3.0,100.0,Qwen2-7B,23.5,24.0
science,math,geology,science::math::geology,0.75,4,0.694,ordering,top_k,3.0,100.0,Qwen2-7B,13.5,13.0
science,math,philosophy,science::math::philosophy,0.4,5,0.036,ordering,top_k,3.0,100.0,Qwen2-7B,26.0,22.0
science,math,physics,science::math::physics,0.5,4,0.978,ordering,top_k,3.0,100.0,Qwen2-7B,23.5,6.0
science,math,zoology,science::math::zoology,0.8,5,0.188,ordering,top_k,3.0,100.0,Qwen2-7B,11.0,17.0
science,philosophy,art,science::philosophy::art,1.0,5,0.374,ordering,top_k,3.0,100.0,Qwen2-7B,3.0,15.0
science,philosophy,geology,science::philosophy::geology,0.8,5,0.988,ordering,top_k,3.0,100.0,Qwen2-7B,11.0,3.0
science,philosophy,math,science::philosophy::math,0.6875,16,0.964,ordering,top_k,3.0,100.0,Qwen2-7B,16.0,7.0
science,philosophy,physics,science::philosophy::physics,1.0,4,1.0,ordering,top_k,3.0,100.0,Qwen2-7B,3.0,0.0
science,philosophy,zoology,science::philosophy::zoology,0.8333333333333334,6,0.888,ordering,top_k,3.0,100.0,Qwen2-7B,8.5,11.0
science,physics,art,science::physics::art,0.4,5,0.004,ordering,top_k,3.0,100.0,Qwen2-7B,26.0,28.0
science,physics,geology,science::physics::geology,0.8571428571428571,21,0.042,ordering,top_k,3.0,100.0,Qwen2-7B,7.0,21.0
science,physics,math,science::physics::math,0.3333333333333333,3,0.022,ordering,top_k,3.0,100.0,Qwen2-7B,28.5,23.0
science,physics,philosophy,science::physics::philosophy,0.3333333333333333,3,0.0,ordering,top_k,3.0,100.0,Qwen2-7B,28.5,29.0
science,physics,zoology,science::physics::zoology,0.65,20,0.006,ordering,top_k,3.0,100.0,Qwen2-7B,20.0,27.0
science,zoology,art,science::zoology::art,0.6666666666666666,3,0.096,ordering,top_k,3.0,100.0,Qwen2-7B,18.0,20.0
science,zoology,geology,science::zoology::geology,0.75,4,0.894,ordering,top_k,3.0,100.0,Qwen2-7B,13.5,10.0
science,zoology,math,science::zoology::math,0.4,5,0.812,ordering,top_k,3.0,100.0,Qwen2-7B,26.0,12.0
science,zoology,philosophy,science::zoology::philosophy,0.6666666666666666,6,0.112,ordering,top_k,3.0,100.0,Qwen2-7B,18.0,18.0
science,zoology,physics,science::zoology::physics,1.0,4,0.994,ordering,top_k,3.0,100.0,Qwen2-7B,3.0,2.0
throw,beach ball,boomerang,throw::beach ball::boomerang,0.631578947368421,19,0.044,ordering,top_k,4.0,100.0,Qwen2-7B,12.0,19.0
throw,beach ball,football,throw::beach ball::football,1.0,5,0.994,ordering,top_k,4.0,100.0,Qwen2-7B,2.5,5.5
throw,beach ball,lawnmower,throw::beach ball::lawnmower,0.0,3,0.024,ordering,top_k,4.0,100.0,Qwen2-7B,24.5,20.0
throw,beach ball,shovel,throw::beach ball::shovel,0.0,6,0.006,ordering,top_k,4.0,100.0,Qwen2-7B,24.5,23.5
throw,beach ball,tires,throw::beach ball::tires,0.0,6,0.0,ordering,top_k,4.0,100.0,Qwen2-7B,24.5,27.5
throw,boomerang,beach ball,throw::boomerang::beach ball,0.75,4,0.956,ordering,top_k,4.0,100.0,Qwen2-7B,10.5,10.0
throw,boomerang,football,throw::boomerang::football,1.0,4,1.0,ordering,top_k,4.0,100.0,Qwen2-7B,2.5,1.5
throw,boomerang,lawnmower,throw::boomerang::lawnmower,0.0,5,0.388,ordering,top_k,4.0,100.0,Qwen2-7B,24.5,15.0
throw,boomerang,shovel,throw::boomerang::shovel,0.0,4,0.142,ordering,top_k,4.0,100.0,Qwen2-7B,24.5,17.0
throw,boomerang,tires,throw::boomerang::tires,0.0,5,0.014,ordering,top_k,4.0,100.0,Qwen2-7B,24.5,22.0
throw,football,beach ball,throw::football::beach ball,0.875,16,0.006,ordering,top_k,4.0,100.0,Qwen2-7B,6.0,23.5
throw,football,boomerang,throw::football::boomerang,0.6190476190476191,21,0.0,ordering,top_k,4.0,100.0,Qwen2-7B,13.0,27.5
throw,football,lawnmower,throw::football::lawnmower,0.0,3,0.002,ordering,top_k,4.0,100.0,Qwen2-7B,24.5,25.0
throw,football,shovel,throw::football::shovel,0.0,4,0.0,ordering,top_k,4.0,100.0,Qwen2-7B,24.5,27.5
throw,football,tires,throw::football::tires,0.0,3,0.0,ordering,top_k,4.0,100.0,Qwen2-7B,24.5,27.5
throw,lawnmower,beach ball,throw::lawnmower::beach ball,1.0,2,0.976,ordering,top_k,4.0,100.0,Qwen2-7B,2.5,9.0
throw,lawnmower,boomerang,throw::lawnmower::boomerang,0.8,5,0.612,ordering,top_k,4.0,100.0,Qwen2-7B,8.0,14.0
throw,lawnmower,football,throw::lawnmower::football,1.0,5,0.998,ordering,top_k,4.0,100.0,Qwen2-7B,2.5,4.0
throw,lawnmower,shovel,throw::lawnmower::shovel,0.3333333333333333,21,0.18,ordering,top_k,4.0,100.0,Qwen2-7B,16.5,16.0
throw,lawnmower,tires,throw::lawnmower::tires,0.07692307692307693,13,0.018,ordering,top_k,4.0,100.0,Qwen2-7B,19.0,21.0
throw,shovel,beach ball,throw::shovel::beach ball,0.75,4,0.994,ordering,top_k,4.0,100.0,Qwen2-7B,10.5,5.5
throw,shovel,boomerang,throw::shovel::boomerang,0.6,5,0.858,ordering,top_k,4.0,100.0,Qwen2-7B,14.5,12.0
throw,shovel,football,throw::shovel::football,1.0,4,1.0,ordering,top_k,4.0,100.0,Qwen2-7B,2.5,1.5
throw,shovel,lawnmower,throw::shovel::lawnmower,0.0,5,0.82,ordering,top_k,4.0,100.0,Qwen2-7B,24.5,13.0
throw,shovel,tires,throw::shovel::tires,0.125,16,0.12,ordering,top_k,4.0,100.0,Qwen2-7B,18.0,18.0
throw,tires,beach ball,throw::tires::beach ball,0.6,5,1.0,ordering,top_k,4.0,100.0,Qwen2-7B,14.5,1.5
throw,tires,boomerang,throw::tires::boomerang,1.0,4,0.986,ordering,top_k,4.0,100.0,Qwen2-7B,2.5,7.0
throw,tires,football,throw::tires::football,0.8,5,1.0,ordering,top_k,4.0,100.0,Qwen2-7B,8.0,1.5
throw,tires,lawnmower,throw::tires::lawnmower,0.8,5,0.982,ordering,top_k,4.0,100.0,Qwen2-7B,8.0,8.0
throw,tires,shovel,throw::tires::shovel,0.3333333333333333,6,0.88,ordering,top_k,4.0,100.0,Qwen2-7B,16.5,11.0
transport,car,chairs,transport::car::chairs,0.0,5,0.0,ordering,top_k,5.0,100.0,Qwen2-7B,26.5,27.5
transport,car,hammer,transport::car::hammer,0.2,5,0.0,ordering,top_k,5.0,100.0,Qwen2-7B,20.0,27.5
transport,car,lawnmower,transport::car::lawnmower,0.25,4,0.004,ordering,top_k,5.0,100.0,Qwen2-7B,17.5,23.0
transport,car,motorcycle,transport::car::motorcycle,0.9047619047619048,21,0.128,ordering,top_k,5.0,100.0,Qwen2-7B,5.0,16.0
transport,car,roller blades,transport::car::roller blades,0.5625,16,0.0,ordering,top_k,5.0,100.0,Qwen2-7B,11.0,27.5
transport,chairs,car,transport::chairs::car,1.0,3,1.0,ordering,top_k,5.0,100.0,Qwen2-7B,2.0,1.5
transport,chairs,hammer,transport::chairs::hammer,0.0,4,0.948,ordering,top_k,5.0,100.0,Qwen2-7B,26.5,11.0
transport,chairs,lawnmower,transport::chairs::lawnmower,0.09090909090909091,22,0.994,ordering,top_k,5.0,100.0,Qwen2-7B,22.0,7.0
transport,chairs,motorcycle,transport::chairs::motorcycle,0.6,5,1.0,ordering,top_k,5.0,100.0,Qwen2-7B,9.5,1.5
transport,chairs,roller blades,transport::chairs::roller blades,0.6666666666666666,3,0.972,ordering,top_k,5.0,100.0,Qwen2-7B,8.0,8.0
transport,hammer,car,transport::hammer::car,0.6,5,1.0,ordering,top_k,5.0,100.0,Qwen2-7B,9.5,1.5
transport,hammer,chairs,transport::hammer::chairs,0.06666666666666667,15,0.052,ordering,top_k,5.0,100.0,Qwen2-7B,23.0,18.0
transport,hammer,lawnmower,transport::hammer::lawnmower,0.5555555555555556,18,0.964,ordering,top_k,5.0,100.0,Qwen2-7B,12.0,10.0
transport,hammer,motorcycle,transport::hammer::motorcycle,0.5,4,0.998,ordering,top_k,5.0,100.0,Qwen2-7B,15.0,4.5
transport,hammer,roller blades,transport::hammer::roller blades,0.8,5,0.74,ordering,top_k,5.0,100.0,Qwen2-7B,6.5,14.0
transport,lawnmower,car,transport::lawnmower::car,1.0,6,0.996,ordering,top_k,5.0,100.0,Qwen2-7B,2.0,6.0
transport,lawnmower,chairs,transport::lawnmower::chairs,0.2,5,0.006,ordering,top_k,5.0,100.0,Qwen2-7B,20.0,22.0
transport,lawnmower,hammer,transport::lawnmower::hammer,0.25,4,0.036,ordering,top_k,5.0,100.0,Qwen2-7B,17.5,19.0
transport,lawnmower,motorcycle,transport::lawnmower::motorcycle,1.0,5,0.968,ordering,top_k,5.0,100.0,Qwen2-7B,2.0,9.0
transport,lawnmower,roller blades,transport::lawnmower::roller blades,0.5,4,0.098,ordering,top_k,5.0,100.0,Qwen2-7B,15.0,17.0
transport,motorcycle,car,transport::motorcycle::car,0.8,5,0.872,ordering,top_k,5.0,100.0,Qwen2-7B,6.5,13.0
transport,motorcycle,chairs,transport::motorcycle::chairs,0.0,4,0.0,ordering,top_k,5.0,100.0,Qwen2-7B,26.5,27.5
transport,motorcycle,hammer,transport::motorcycle::hammer,0.0,5,0.002,ordering,top_k,5.0,100.0,Qwen2-7B,26.5,24.5
transport,motorcycle,lawnmower,transport::motorcycle::lawnmower,0.0,5,0.032,ordering,top_k,5.0,100.0,Qwen2-7B,26.5,20.0
transport,motorcycle,roller blades,transport::motorcycle::roller blades,0.5384615384615384,13,0.002,ordering,top_k,5.0,100.0,Qwen2-7B,13.0,24.5
transport,roller blades,car,transport::roller blades::car,1.0,5,1.0,ordering,top_k,5.0,100.0,Qwen2-7B,2.0,1.5
transport,roller blades,chairs,transport::roller blades::chairs,0.5,2,0.028,ordering,top_k,5.0,100.0,Qwen2-7B,15.0,21.0
transport,roller blades,hammer,transport::roller blades::hammer,0.2,5,0.26,ordering,top_k,5.0,100.0,Qwen2-7B,20.0,15.0
transport,roller blades,lawnmower,transport::roller blades::lawnmower,0.0,4,0.902,ordering,top_k,5.0,100.0,Qwen2-7B,26.5,12.0
transport,roller blades,motorcycle,transport::roller blades::motorcycle,1.0,6,0.998,ordering,top_k,5.0,100.0,Qwen2-7B,2.0,4.5
bag,cash,chalk,bag::cash::chalk,1.0,5,0.574,conjunction,top_k,0.0,100.0,Qwen2-7B,5.0,10.0
bag,cash,crayons,bag::cash::crayons,1.0,2,0.852,conjunction,top_k,0.0,100.0,Qwen2-7B,5.0,5.5
bag,cash,headphones,bag::cash::headphones,0.0,3,0.004,conjunction,top_k,0.0,100.0,Qwen2-7B,26.0,25.0
bag,cash,makeup,bag::cash::makeup,0.10526315789473684,19,0.13,conjunction,top_k,0.0,100.0,Qwen2-7B,22.0,15.0
bag,cash,pen,bag::cash::pen,1.0,5,0.998,conjunction,top_k,0.0,100.0,Qwen2-7B,5.0,1.0
bag,chalk,cash,bag::chalk::cash,0.0,6,0.006,conjunction,top_k,0.0,100.0,Qwen2-7B,26.0,21.0
bag,chalk,crayons,bag::chalk::crayons,1.0,6,0.636,conjunction,top_k,0.0,100.0,Qwen2-7B,5.0,8.0
bag,chalk,headphones,bag::chalk::headphones,0.2,5,0.004,conjunction,top_k,0.0,100.0,Qwen2-7B,18.0,25.0
bag,chalk,makeup,bag::chalk::makeup,0.2,5,0.1,conjunction,top_k,0.0,100.0,Qwen2-7B,18.0,16.0
bag,chalk,pen,bag::chalk::pen,1.0,5,0.936,conjunction,top_k,0.0,100.0,Qwen2-7B,5.0,3.0
bag,crayons,cash,bag::crayons::cash,0.0,5,0.004,conjunction,top_k,0.0,100.0,Qwen2-7B,26.0,25.0
bag,crayons,chalk,bag::crayons::chalk,0.8888888888888888,18,0.298,conjunction,top_k,0.0,100.0,Qwen2-7B,11.0,12.0
bag,crayons,headphones,bag::crayons::headphones,0.25,4,0.004,conjunction,top_k,0.0,100.0,Qwen2-7B,15.0,25.0
bag,crayons,makeup,bag::crayons::makeup,0.0,5,0.048,conjunction,top_k,0.0,100.0,Qwen2-7B,26.0,18.0
bag,crayons,pen,bag::crayons::pen,1.0,4,0.86,conjunction,top_k,0.0,100.0,Qwen2-7B,5.0,4.0
bag,headphones,cash,bag::headphones::cash,0.14285714285714285,14,0.006,conjunction,top_k,0.0,100.0,Qwen2-7B,21.0,21.0
bag,headphones,chalk,bag::headphones::chalk,0.4,5,0.578,conjunction,top_k,0.0,100.0,Qwen2-7B,14.0,9.0
bag,headphones,crayons,bag::headphones::crayons,1.0,3,0.852,conjunction,top_k,0.0,100.0,Qwen2-7B,5.0,5.5
bag,headphones,makeup,bag::headphones::makeup,0.21052631578947367,19,0.132,conjunction,top_k,0.0,100.0,Qwen2-7B,16.0,14.0
bag,headphones,pen,bag::headphones::pen,1.0,5,1.0,conjunction,top_k,0.0,100.0,Qwen2-7B,5.0,0.0
bag,makeup,cash,bag::makeup::cash,0.2,5,0.006,conjunction,top_k,0.0,100.0,Qwen2-7B,18.0,21.0
bag,makeup,chalk,bag::makeup::chalk,1.0,2,0.554,conjunction,top_k,0.0,100.0,Qwen2-7B,5.0,11.0
bag,makeup,crayons,bag::makeup::crayons,1.0,2,0.828,conjunction,top_k,0.0,100.0,Qwen2-7B,5.0,7.0
bag,makeup,headphones,bag::makeup::headphones,0.0,4,0.004,conjunction,top_k,0.0,100.0,Qwen2-7B,26.0,25.0
bag,makeup,pen,bag::makeup::pen,1.0,3,0.992,conjunction,top_k,0.0,100.0,Qwen2-7B,5.0,2.0
bag,pen,cash,bag::pen::cash,0.0,5,0.002,conjunction,top_k,0.0,100.0,Qwen2-7B,26.0,28.0
bag,pen,chalk,bag::pen::chalk,0.8571428571428571,21,0.064,conjunction,top_k,0.0,100.0,Qwen2-7B,13.0,17.0
bag,pen,crayons,bag::pen::crayons,0.8823529411764706,17,0.14,conjunction,top_k,0.0,100.0,Qwen2-7B,12.0,13.0
bag,pen,headphones,bag::pen::headphones,0.0,5,0.0,conjunction,top_k,0.0,100.0,Qwen2-7B,26.0,29.0
bag,pen,makeup,bag::pen::makeup,0.16666666666666666,6,0.008,conjunction,top_k,0.0,100.0,Qwen2-7B,20.0,19.0
bakery,cakes,ice cream,bakery::cakes::ice cream,0.8421052631578947,19,0.358,conjunction,top_k,1.0,100.0,Qwen2-7B,9.0,9.0
bakery,cakes,muffins,bakery::cakes::muffins,0.8888888888888888,18,0.032,conjunction,top_k,1.0,100.0,Qwen2-7B,8.0,21.0
bakery,cakes,pretzels,bakery::cakes::pretzels,0.5,6,0.026,conjunction,top_k,1.0,100.0,Qwen2-7B,17.0,24.5
bakery,cakes,sandwiches,bakery::cakes::sandwiches,0.4,5,0.01,conjunction,top_k,1.0,100.0,Qwen2-7B,21.0,28.5
bakery,cakes,water,bakery::cakes::water,0.0,5,0.016,conjunction,top_k,1.0,100.0,Qwen2-7B,27.0,27.0
bakery,ice cream,cakes,bakery::ice cream::cakes,1.0,5,0.636,conjunction,top_k,1.0,100.0,Qwen2-7B,3.5,8.0
bakery,ice cream,muffins,bakery::ice cream::muffins,0.5882352941176471,17,0.04,conjunction,top_k,1.0,100.0,Qwen2-7B,13.0,20.0
bakery,ice cream,pretzels,bakery::ice cream::pretzels,0.5,2,0.048,conjunction,top_k,1.0,100.0,Qwen2-7B,17.0,19.0
bakery,ice cream,sandwiches,bakery::ice cream::sandwiches,0.25,4,0.01,conjunction,top_k,1.0,100.0,Qwen2-7B,23.0,28.5
bakery,ice cream,water,bakery::ice cream::water,0.16666666666666666,6,0.026,conjunction,top_k,1.0,100.0,Qwen2-7B,24.0,24.5
bakery,muffins,cakes,bakery::muffins::cakes,1.0,5,0.946,conjunction,top_k,1.0,100.0,Qwen2-7B,3.5,3.0
bakery,muffins,ice cream,bakery::muffins::ice cream,1.0,2,0.828,conjunction,top_k,1.0,100.0,Qwen2-7B,3.5,5.5
bakery,muffins,pretzels,bakery::muffins::pretzels,0.4,5,0.094,conjunction,top_k,1.0,100.0,Qwen2-7B,21.0,15.0
bakery,muffins,sandwiches,bakery::muffins::sandwiches,0.0,2,0.026,conjunction,top_k,1.0,100.0,Qwen2-7B,27.0,24.5
bakery,muffins,water,bakery::muffins::water,0.0,5,0.054,conjunction,top_k,1.0,100.0,Qwen2-7B,27.0,16.5
bakery,pretzels,cakes,bakery::pretzels::cakes,1.0,5,0.948,conjunction,top_k,1.0,100.0,Qwen2-7B,3.5,2.0
bakery,pretzels,ice cream,bakery::pretzels::ice cream,1.0,5,0.814,conjunction,top_k,1.0,100.0,Qwen2-7B,3.5,7.0
bakery,pretzels,muffins,bakery::pretzels::muffins,1.0,3,0.108,conjunction,top_k,1.0,100.0,Qwen2-7B,3.5,11.5
bakery,pretzels,sandwiches,bakery::pretzels::sandwiches,0.4,5,0.028,conjunction,top_k,1.0,100.0,Qwen2-7B,21.0,22.0
bakery,pretzels,water,bakery::pretzels::water,0.0,4,0.052,conjunction,top_k,1.0,100.0,Qwen2-7B,27.0,18.0
bakery,sandwiches,cakes,bakery::sandwiches::cakes,1.0,3,0.962,conjunction,top_k,1.0,100.0,Qwen2-7B,3.5,0.0
bakery,sandwiches,ice cream,bakery::sandwiches::ice cream,1.0,5,0.846,conjunction,top_k,1.0,100.0,Qwen2-7B,3.5,4.0
bakery,sandwiches,muffins,bakery::sandwiches::muffins,0.6666666666666666,3,0.112,conjunction,top_k,1.0,100.0,Qwen2-7B,11.0,10.0
bakery,sandwiches,pretzels,bakery::sandwiches::pretzels,0.55,20,0.098,conjunction,top_k,1.0,100.0,Qwen2-7B,14.0,13.0
bakery,sandwiches,water,bakery::sandwiches::water,0.0,5,0.054,conjunction,top_k,1.0,100.0,Qwen2-7B,27.0,16.5
bakery,water,cakes,bakery::water::cakes,0.6666666666666666,3,0.958,conjunction,top_k,1.0,100.0,Qwen2-7B,11.0,1.0
bakery,water,ice cream,bakery::water::ice cream,0.6666666666666666,6,0.828,conjunction,top_k,1.0,100.0,Qwen2-7B,11.0,5.5
bakery,water,muffins,bakery::water::muffins,0.5,6,0.108,conjunction,top_k,1.0,100.0,Qwen2-7B,17.0,11.5
bakery,water,pretzels,bakery::water::pretzels,0.5384615384615384,13,0.096,conjunction,top_k,1.0,100.0,Qwen2-7B,15.0,14.0
bakery,water,sandwiches,bakery::water::sandwiches,0.42857142857142855,21,0.026,conjunction,top_k,1.0,100.0,Qwen2-7B,19.0,24.5
beach,bikini,coat,beach::bikini::coat,0.3333333333333333,3,0.042,conjunction,top_k,2.0,100.0,Qwen2-7B,21.0,27.0
beach,bikini,jacket,beach::bikini::jacket,0.25,4,0.116,conjunction,top_k,2.0,100.0,Qwen2-7B,23.0,20.5
beach,bikini,jeans,beach::bikini::jeans,0.5,6,0.466,conjunction,top_k,2.0,100.0,Qwen2-7B,17.0,11.0
beach,bikini,shorts,beach::bikini::shorts,0.7,20,0.918,conjunction,top_k,2.0,100.0,Qwen2-7B,10.0,3.0
beach,bikini,sunglasses,beach::bikini::sunglasses,0.16666666666666666,18,0.29,conjunction,top_k,2.0,100.0,Qwen2-7B,25.0,15.0
beach,coat,bikini,beach::coat::bikini,1.0,6,0.598,conjunction,top_k,2.0,100.0,Qwen2-7B,3.0,7.0
beach,coat,jacket,beach::coat::jacket,0.5454545454545454,11,0.172,conjunction,top_k,2.0,100.0,Qwen2-7B,14.0,17.0
beach,coat,jeans,beach::coat::jeans,0.5,16,0.674,conjunction,top_k,2.0,100.0,Qwen2-7B,17.0,5.0
beach,coat,shorts,beach::coat::shorts,1.0,5,0.992,conjunction,top_k,2.0,100.0,Qwen2-7B,3.0,0.0
beach,coat,sunglasses,beach::coat::sunglasses,0.0,3,0.412,conjunction,top_k,2.0,100.0,Qwen2-7B,28.0,13.0
beach,jacket,bikini,beach::jacket::bikini,1.0,2,0.56,conjunction,top_k,2.0,100.0,Qwen2-7B,3.0,8.0
beach,jacket,coat,beach::jacket::coat,1.0,3,0.07,conjunction,top_k,2.0,100.0,Qwen2-7B,3.0,23.0
beach,jacket,jeans,beach::jacket::jeans,0.45,20,0.618,conjunction,top_k,2.0,100.0,Qwen2-7B,20.0,6.0
beach,jacket,shorts,beach::jacket::shorts,0.6,5,0.98,conjunction,top_k,2.0,100.0,Qwen2-7B,12.0,1.0
beach,jacket,sunglasses,beach::jacket::sunglasses,0.5,4,0.386,conjunction,top_k,2.0,100.0,Qwen2-7B,17.0,14.0
beach,jeans,bikini,beach::jeans::bikini,1.0,5,0.414,conjunction,top_k,2.0,100.0,Qwen2-7B,3.0,12.0
beach,jeans,coat,beach::jeans::coat,0.6,5,0.048,conjunction,top_k,2.0,100.0,Qwen2-7B,12.0,26.0
beach,jeans,jacket,beach::jeans::jacket,0.0,6,0.12,conjunction,top_k,2.0,100.0,Qwen2-7B,28.0,19.0
beach,jeans,shorts,beach::jeans::shorts,1.0,5,0.884,conjunction,top_k,2.0,100.0,Qwen2-7B,3.0,4.0
beach,jeans,sunglasses,beach::jeans::sunglasses,0.25,4,0.266,conjunction,top_k,2.0,100.0,Qwen2-7B,23.0,16.0
beach,shorts,bikini,beach::shorts::bikini,0.75,4,0.082,conjunction,top_k,2.0,100.0,Qwen2-7B,8.5,22.0
beach,shorts,coat,beach::shorts::coat,0.75,4,0.008,conjunction,top_k,2.0,100.0,Qwen2-7B,8.5,29.0
beach,shorts,jacket,beach::shorts::jacket,0.25,4,0.02,conjunction,top_k,2.0,100.0,Qwen2-7B,23.0,28.0
beach,shorts,jeans,beach::shorts::jeans,0.6,5,0.116,conjunction,top_k,2.0,100.0,Qwen2-7B,12.0,20.5
beach,shorts,sunglasses,beach::shorts::sunglasses,0.15,20,0.052,conjunction,top_k,2.0,100.0,Qwen2-7B,26.0,25.0
beach,sunglasses,bikini,beach::sunglasses::bikini,1.0,5,0.492,conjunction,top_k,2.0,100.0,Qwen2-7B,3.0,10.0
beach,sunglasses,coat,beach::sunglasses::coat,0.0,5,0.056,conjunction,top_k,2.0,100.0,Qwen2-7B,28.0,24.0
beach,sunglasses,jacket,beach::sunglasses::jacket,0.8,5,0.154,conjunction,top_k,2.0,100.0,Qwen2-7B,7.0,18.0
beach,sunglasses,jeans,beach::sunglasses::jeans,0.5,6,0.558,conjunction,top_k,2.0,100.0,Qwen2-7B,17.0,9.0
beach,sunglasses,shorts,beach::sunglasses::shorts,0.5,4,0.948,conjunction,top_k,2.0,100.0,Qwen2-7B,17.0,2.0
cold,blankets,fridge,cold::blankets::fridge,0.0,4,0.018,conjunction,top_k,3.0,100.0,Qwen2-7B,24.5,10.5
cold,blankets,heater,cold::blankets::heater,1.0,2,0.996,conjunction,top_k,3.0,100.0,Qwen2-7B,1.0,0.5
cold,blankets,microwave,cold::blankets::microwave,0.0,5,0.142,conjunction,top_k,3.0,100.0,Qwen2-7B,24.5,6.0
cold,blankets,sink,cold::blankets::sink,0.0,4,0.008,conjunction,top_k,3.0,100.0,Qwen2-7B,24.5,15.5
cold,blankets,tea,cold::blankets::tea,0.2,20,0.004,conjunction,top_k,3.0,100.0,Qwen2-7B,17.0,19.5
cold,fridge,blankets,cold::fridge::blankets,0.3333333333333333,3,0.002,conjunction,top_k,3.0,100.0,Qwen2-7B,12.5,24.5
cold,fridge,heater,cold::fridge::heater,0.8,5,0.994,conjunction,top_k,3.0,100.0,Qwen2-7B,4.0,2.5
cold,fridge,microwave,cold::fridge::microwave,0.6923076923076923,13,0.142,conjunction,top_k,3.0,100.0,Qwen2-7B,5.0,6.0
cold,fridge,sink,cold::fridge::sink,0.23809523809523808,21,0.008,conjunction,top_k,3.0,100.0,Qwen2-7B,15.0,15.5
cold,fridge,tea,cold::fridge::tea,0.5,6,0.004,conjunction,top_k,3.0,100.0,Qwen2-7B,10.0,19.5
cold,heater,blankets,cold::heater::blankets,0.8333333333333334,18,0.0,conjunction,top_k,3.0,100.0,Qwen2-7B,3.0,28.5
cold,heater,fridge,cold::heater::fridge,0.0,4,0.002,conjunction,top_k,3.0,100.0,Qwen2-7B,24.5,24.5
cold,heater,microwave,cold::heater::microwave,0.2,5,0.014,conjunction,top_k,3.0,100.0,Qwen2-7B,17.0,13.0
cold,heater,sink,cold::heater::sink,0.0,5,0.0,conjunction,top_k,3.0,100.0,Qwen2-7B,24.5,28.5
cold,heater,tea,cold::heater::tea,0.125,16,0.002,conjunction,top_k,3.0,100.0,Qwen2-7B,19.0,24.5
cold,microwave,blankets,cold::microwave::blankets,0.6,5,0.002,conjunction,top_k,3.0,100.0,Qwen2-7B,6.5,24.5
cold,microwave,fridge,cold::microwave::fridge,0.5,4,0.018,conjunction,top_k,3.0,100.0,Qwen2-7B,10.0,10.5
cold,microwave,heater,cold::microwave::heater,1.0,5,0.982,conjunction,top_k,3.0,100.0,Qwen2-7B,1.0,4.0
cold,microwave,sink,cold::microwave::sink,0.0,4,0.008,conjunction,top_k,3.0,100.0,Qwen2-7B,24.5,15.5
cold,microwave,tea,cold::microwave::tea,0.2,5,0.004,conjunction,top_k,3.0,100.0,Qwen2-7B,17.0,19.5
cold,sink,blankets,cold::sink::blankets,0.3333333333333333,3,0.002,conjunction,top_k,3.0,100.0,Qwen2-7B,12.5,24.5
cold,sink,fridge,cold::sink::fridge,0.25,4,0.018,conjunction,top_k,3.0,100.0,Qwen2-7B,14.0,10.5
cold,sink,heater,cold::sink::heater,1.0,4,0.996,conjunction,top_k,3.0,100.0,Qwen2-7B,1.0,0.5
cold,sink,microwave,cold::sink::microwave,0.5294117647058824,17,0.14,conjunction,top_k,3.0,100.0,Qwen2-7B,8.0,8.0
cold,sink,tea,cold::sink::tea,0.0,5,0.004,conjunction,top_k,3.0,100.0,Qwen2-7B,24.5,19.5
cold,tea,blankets,cold::tea::blankets,0.6,5,0.002,conjunction,top_k,3.0,100.0,Qwen2-7B,6.5,24.5
cold,tea,fridge,cold::tea::fridge,0.0,6,0.018,conjunction,top_k,3.0,100.0,Qwen2-7B,24.5,10.5
cold,tea,heater,cold::tea::heater,0.5,6,0.994,conjunction,top_k,3.0,100.0,Qwen2-7B,10.0,2.5
cold,tea,microwave,cold::tea::microwave,0.0,5,0.142,conjunction,top_k,3.0,100.0,Qwen2-7B,24.5,6.0
cold,tea,sink,cold::tea::sink,0.0,4,0.008,conjunction,top_k,3.0,100.0,Qwen2-7B,24.5,15.5
cut,batteries,keys,cut::batteries::keys,0.16666666666666666,6,0.284,conjunction,top_k,4.0,100.0,Qwen2-7B,20.5,9.5
cut,batteries,nail clippers,cut::batteries::nail clippers,0.8,5,0.556,conjunction,top_k,4.0,100.0,Qwen2-7B,4.5,6.0
cut,batteries,scissors,cut::batteries::scissors,0.8,5,1.0,conjunction,top_k,4.0,100.0,Qwen2-7B,4.5,0.5
cut,batteries,stapler,cut::batteries::stapler,0.4444444444444444,18,0.164,conjunction,top_k,4.0,100.0,Qwen2-7B,12.0,14.0
cut,batteries,thumb tacks,cut::batteries::thumb tacks,0.38095238095238093,21,0.0,conjunction,top_k,4.0,100.0,Qwen2-7B,13.0,26.5
cut,keys,batteries,cut::keys::batteries,0.25,4,0.018,conjunction,top_k,4.0,100.0,Qwen2-7B,16.0,19.0
cut,keys,nail clippers,cut::keys::nail clippers,0.8,5,0.48,conjunction,top_k,4.0,100.0,Qwen2-7B,4.5,8.0
cut,keys,scissors,cut::keys::scissors,1.0,5,0.988,conjunction,top_k,4.0,100.0,Qwen2-7B,1.0,3.0
cut,keys,stapler,cut::keys::stapler,0.2,5,0.14,conjunction,top_k,4.0,100.0,Qwen2-7B,18.0,15.0
cut,keys,thumb tacks,cut::keys::thumb tacks,0.2,5,0.0,conjunction,top_k,4.0,100.0,Qwen2-7B,18.0,26.5
cut,nail clippers,batteries,cut::nail clippers::batteries,0.0,5,0.014,conjunction,top_k,4.0,100.0,Qwen2-7B,26.5,21.0
cut,nail clippers,keys,cut::nail clippers::keys,0.3125,16,0.236,conjunction,top_k,4.0,100.0,Qwen2-7B,15.0,12.0
cut,nail clippers,scissors,cut::nail clippers::scissors,1.0,4,0.98,conjunction,top_k,4.0,100.0,Qwen2-7B,1.0,4.0
cut,nail clippers,stapler,cut::nail clippers::stapler,0.5,2,0.102,conjunction,top_k,4.0,100.0,Qwen2-7B,11.0,16.0
cut,nail clippers,thumb tacks,cut::nail clippers::thumb tacks,0.6666666666666666,3,0.0,conjunction,top_k,4.0,100.0,Qwen2-7B,7.5,26.5
cut,scissors,batteries,cut::scissors::batteries,0.0,4,0.0,conjunction,top_k,4.0,100.0,Qwen2-7B,26.5,26.5
cut,scissors,keys,cut::scissors::keys,0.15,20,0.012,conjunction,top_k,4.0,100.0,Qwen2-7B,22.0,22.0
cut,scissors,nail clippers,cut::scissors::nail clippers,0.6363636363636364,11,0.02,conjunction,top_k,4.0,100.0,Qwen2-7B,9.0,17.5
cut,scissors,stapler,cut::scissors::stapler,0.16666666666666666,6,0.004,conjunction,top_k,4.0,100.0,Qwen2-7B,20.5,23.0
cut,scissors,thumb tacks,cut::scissors::thumb tacks,0.0,4,0.0,conjunction,top_k,4.0,100.0,Qwen2-7B,26.5,26.5
cut,stapler,batteries,cut::stapler::batteries,0.0,5,0.016,conjunction,top_k,4.0,100.0,Qwen2-7B,26.5,20.0
cut,stapler,keys,cut::stapler::keys,0.2,5,0.26,conjunction,top_k,4.0,100.0,Qwen2-7B,18.0,11.0
cut,stapler,nail clippers,cut::stapler::nail clippers,0.6666666666666666,6,0.522,conjunction,top_k,4.0,100.0,Qwen2-7B,7.5,7.0
cut,stapler,scissors,cut::stapler::scissors,1.0,4,0.996,conjunction,top_k,4.0,100.0,Qwen2-7B,1.0,2.0
cut,stapler,thumb tacks,cut::stapler::thumb tacks,0.11764705882352941,17,0.0,conjunction,top_k,4.0,100.0,Qwen2-7B,23.0,26.5
cut,thumb tacks,batteries,cut::thumb tacks::batteries,0.0,4,0.02,conjunction,top_k,4.0,100.0,Qwen2-7B,26.5,17.5
cut,thumb tacks,keys,cut::thumb tacks::keys,0.3333333333333333,3,0.284,conjunction,top_k,4.0,100.0,Qwen2-7B,14.0,9.5
cut,thumb tacks,nail clippers,cut::thumb tacks::nail clippers,0.6,5,0.564,conjunction,top_k,4.0,100.0,Qwen2-7B,10.0,5.0
cut,thumb tacks,scissors,cut::thumb tacks::scissors,0.8,5,1.0,conjunction,top_k,4.0,100.0,Qwen2-7B,4.5,0.5
cut,thumb tacks,stapler,cut::thumb tacks::stapler,0.0,5,0.166,conjunction,top_k,4.0,100.0,Qwen2-7B,26.5,13.0
fridge,juice,ketchup,fridge::juice::ketchup,0.3333333333333333,6,0.002,conjunction,top_k,5.0,100.0,Qwen2-7B,17.0,25.0
fridge,juice,meat,fridge::juice::meat,0.0,3,0.004,conjunction,top_k,5.0,100.0,Qwen2-7B,25.5,23.0
fridge,juice,milk,fridge::juice::milk,1.0,15,0.616,conjunction,top_k,5.0,100.0,Qwen2-7B,5.0,11.0
fridge,juice,water,fridge::juice::water,1.0,6,0.974,conjunction,top_k,5.0,100.0,Qwen2-7B,5.0,3.0
fridge,juice,yogurt,fridge::juice::yogurt,0.0,5,0.018,conjunction,top_k,5.0,100.0,Qwen2-7B,25.5,17.0
fridge,ketchup,juice,fridge::ketchup::juice,1.0,5,0.726,conjunction,top_k,5.0,100.0,Qwen2-7B,5.0,8.0
fridge,ketchup,meat,fridge::ketchup::meat,0.0,4,0.01,conjunction,top_k,5.0,100.0,Qwen2-7B,25.5,19.5
fridge,ketchup,milk,fridge::ketchup::milk,1.0,5,0.914,conjunction,top_k,5.0,100.0,Qwen2-7B,5.0,5.5
fridge,ketchup,water,fridge::ketchup::water,1.0,2,1.0,conjunction,top_k,5.0,100.0,Qwen2-7B,5.0,1.0
fridge,ketchup,yogurt,fridge::ketchup::yogurt,0.2222222222222222,18,0.038,conjunction,top_k,5.0,100.0,Qwen2-7B,18.0,13.5
fridge,meat,juice,fridge::meat::juice,1.0,5,0.724,conjunction,top_k,5.0,100.0,Qwen2-7B,5.0,9.0
fridge,meat,ketchup,fridge::meat::ketchup,0.16666666666666666,18,0.006,conjunction,top_k,5.0,100.0,Qwen2-7B,21.0,21.5
fridge,meat,milk,fridge::meat::milk,0.6666666666666666,3,0.914,conjunction,top_k,5.0,100.0,Qwen2-7B,14.0,5.5
fridge,meat,water,fridge::meat::water,1.0,2,1.0,conjunction,top_k,5.0,100.0,Qwen2-7B,5.0,1.0
fridge,meat,yogurt,fridge::meat::yogurt,0.625,16,0.038,conjunction,top_k,5.0,100.0,Qwen2-7B,15.0,13.5
fridge,milk,juice,fridge::milk::juice,1.0,5,0.354,conjunction,top_k,5.0,100.0,Qwen2-7B,5.0,12.0
fridge,milk,ketchup,fridge::milk::ketchup,0.0,5,0.002,conjunction,top_k,5.0,100.0,Qwen2-7B,25.5,25.0
fridge,milk,meat,fridge::milk::meat,0.0,6,0.002,conjunction,top_k,5.0,100.0,Qwen2-7B,25.5,25.0
fridge,milk,water,fridge::milk::water,0.8333333333333334,6,0.968,conjunction,top_k,5.0,100.0,Qwen2-7B,12.0,4.0
fridge,milk,yogurt,fridge::milk::yogurt,0.2,5,0.014,conjunction,top_k,5.0,100.0,Qwen2-7B,19.5,18.0
fridge,water,juice,fridge::water::juice,1.0,22,0.026,conjunction,top_k,5.0,100.0,Qwen2-7B,5.0,16.0
fridge,water,ketchup,fridge::water::ketchup,0.0,4,0.0,conjunction,top_k,5.0,100.0,Qwen2-7B,25.5,28.0
fridge,water,meat,fridge::water::meat,0.0,3,0.0,conjunction,top_k,5.0,100.0,Qwen2-7B,25.5,28.0
fridge,water,milk,fridge::water::milk,0.9444444444444444,18,0.032,conjunction,top_k,5.0,100.0,Qwen2-7B,11.0,15.0
fridge,water,yogurt,fridge::water::yogurt,0.0,5,0.0,conjunction,top_k,5.0,100.0,Qwen2-7B,25.5,28.0
fridge,yogurt,juice,fridge::yogurt::juice,1.0,5,0.72,conjunction,top_k,5.0,100.0,Qwen2-7B,5.0,10.0
fridge,yogurt,ketchup,fridge::yogurt::ketchup,0.2,5,0.006,conjunction,top_k,5.0,100.0,Qwen2-7B,19.5,21.5
fridge,yogurt,meat,fridge::yogurt::meat,0.4,5,0.01,conjunction,top_k,5.0,100.0,Qwen2-7B,16.0,19.5
fridge,yogurt,milk,fridge::yogurt::milk,0.75,4,0.902,conjunction,top_k,5.0,100.0,Qwen2-7B,13.0,7.0
fridge,yogurt,water,fridge::yogurt::water,1.0,2,1.0,conjunction,top_k,5.0,100.0,Qwen2-7B,5.0,1.0
gym,basketball,lacrosse,gym::basketball::lacrosse,0.9333333333333333,15,0.008,conjunction,top_k,6.0,100.0,Qwen2-7B,11.0,24.0
gym,basketball,meditation,gym::basketball::meditation,0.0,2,0.0,conjunction,top_k,6.0,100.0,Qwen2-7B,28.0,28.5
gym,basketball,softball,gym::basketball::softball,0.9,20,0.234,conjunction,top_k,6.0,100.0,Qwen2-7B,12.0,15.5
gym,basketball,swimming,gym::basketball::swimming,0.4,5,0.01,conjunction,top_k,6.0,100.0,Qwen2-7B,23.5,23.0
gym,basketball,weightlifting,gym::basketball::weightlifting,0.8,5,0.016,conjunction,top_k,6.0,100.0,Qwen2-7B,15.5,22.0
gym,lacrosse,basketball,gym::lacrosse::basketball,1.0,4,0.992,conjunction,top_k,6.0,100.0,Qwen2-7B,4.5,2.0
gym,lacrosse,meditation,gym::lacrosse::meditation,0.0,2,0.004,conjunction,top_k,6.0,100.0,Qwen2-7B,28.0,26.5
gym,lacrosse,softball,gym::lacrosse::softball,1.0,3,0.976,conjunction,top_k,6.0,100.0,Qwen2-7B,4.5,5.0
gym,lacrosse,swimming,gym::lacrosse::swimming,0.3333333333333333,3,0.384,conjunction,top_k,6.0,100.0,Qwen2-7B,25.5,12.0
gym,lacrosse,weightlifting,gym::lacrosse::weightlifting,0.6666666666666666,3,0.416,conjunction,top_k,6.0,100.0,Qwen2-7B,20.0,11.0
gym,meditation,basketball,gym::meditation::basketball,0.75,4,1.0,conjunction,top_k,6.0,100.0,Qwen2-7B,18.5,0.5
gym,meditation,lacrosse,gym::meditation::lacrosse,1.0,4,0.234,conjunction,top_k,6.0,100.0,Qwen2-7B,4.5,15.5
gym,meditation,softball,gym::meditation::softball,1.0,4,1.0,conjunction,top_k,6.0,100.0,Qwen2-7B,4.5,0.5
gym,meditation,swimming,gym::meditation::swimming,0.7894736842105263,19,0.424,conjunction,top_k,6.0,100.0,Qwen2-7B,17.0,10.0
gym,meditation,weightlifting,gym::meditation::weightlifting,0.55,20,0.458,conjunction,top_k,6.0,100.0,Qwen2-7B,22.0,9.0
gym,softball,basketball,gym::softball::basketball,1.0,6,0.766,conjunction,top_k,6.0,100.0,Qwen2-7B,4.5,8.0
gym,softball,lacrosse,gym::softball::lacrosse,0.9473684210526315,19,0.024,conjunction,top_k,6.0,100.0,Qwen2-7B,10.0,21.0
gym,softball,meditation,gym::softball::meditation,0.6,5,0.0,conjunction,top_k,6.0,100.0,Qwen2-7B,21.0,28.5
gym,softball,swimming,gym::softball::swimming,0.8,5,0.038,conjunction,top_k,6.0,100.0,Qwen2-7B,15.5,20.0
gym,softball,weightlifting,gym::softball::weightlifting,0.3333333333333333,3,0.058,conjunction,top_k,6.0,100.0,Qwen2-7B,25.5,19.0
gym,swimming,basketball,gym::swimming::basketball,1.0,5,0.99,conjunction,top_k,6.0,100.0,Qwen2-7B,4.5,3.0
gym,swimming,lacrosse,gym::swimming::lacrosse,1.0,4,0.182,conjunction,top_k,6.0,100.0,Qwen2-7B,4.5,17.0
gym,swimming,meditation,gym::swimming::meditation,0.0,5,0.006,conjunction,top_k,6.0,100.0,Qwen2-7B,28.0,25.0
gym,swimming,softball,gym::swimming::softball,0.75,4,0.962,conjunction,top_k,6.0,100.0,Qwen2-7B,18.5,6.0
gym,swimming,weightlifting,gym::swimming::weightlifting,0.4,5,0.362,conjunction,top_k,6.0,100.0,Qwen2-7B,23.5,13.0
gym,weightlifting,basketball,gym::weightlifting::basketball,1.0,5,0.984,conjunction,top_k,6.0,100.0,Qwen2-7B,4.5,4.0
gym,weightlifting,lacrosse,gym::weightlifting::lacrosse,1.0,6,0.168,conjunction,top_k,6.0,100.0,Qwen2-7B,4.5,18.0
gym,weightlifting,meditation,gym::weightlifting::meditation,1.0,2,0.004,conjunction,top_k,6.0,100.0,Qwen2-7B,4.5,26.5
gym,weightlifting,softball,gym::weightlifting::softball,0.8333333333333334,6,0.942,conjunction,top_k,6.0,100.0,Qwen2-7B,14.0,7.0
gym,weightlifting,swimming,gym::weightlifting::swimming,0.85,20,0.34,conjunction,top_k,6.0,100.0,Qwen2-7B,13.0,14.0
hot,blankets,couch,hot::blankets::couch,0.0,12,0.012,conjunction,top_k,7.0,100.0,Qwen2-7B,23.5,19.0
hot,blankets,fan,hot::blankets::fan,0.2,5,0.994,conjunction,top_k,7.0,100.0,Qwen2-7B,14.0,0.0
hot,blankets,heater,hot::blankets::heater,0.75,4,0.806,conjunction,top_k,7.0,100.0,Qwen2-7B,4.0,4.0
hot,blankets,pool,hot::blankets::pool,0.0,5,0.046,conjunction,top_k,7.0,100.0,Qwen2-7B,23.5,11.0
hot,blankets,shower,hot::blankets::shower,0.2,5,0.036,conjunction,top_k,7.0,100.0,Qwen2-7B,14.0,13.5
hot,couch,blankets,hot::couch::blankets,0.2,5,0.0,conjunction,top_k,7.0,100.0,Qwen2-7B,14.0,27.0
hot,couch,fan,hot::couch::fan,0.0,3,0.992,conjunction,top_k,7.0,100.0,Qwen2-7B,23.5,1.0
hot,couch,heater,hot::couch::heater,0.0,3,0.804,conjunction,top_k,7.0,100.0,Qwen2-7B,23.5,5.0
hot,couch,pool,hot::couch::pool,0.5,6,0.046,conjunction,top_k,7.0,100.0,Qwen2-7B,6.0,11.0
hot,couch,shower,hot::couch::shower,1.0,2,0.034,conjunction,top_k,7.0,100.0,Qwen2-7B,1.0,15.0
hot,fan,blankets,hot::fan::blankets,0.0,4,0.0,conjunction,top_k,7.0,100.0,Qwen2-7B,23.5,27.0
hot,fan,couch,hot::fan::couch,0.0,4,0.002,conjunction,top_k,7.0,100.0,Qwen2-7B,23.5,24.0
hot,fan,heater,hot::fan::heater,0.16666666666666666,6,0.224,conjunction,top_k,7.0,100.0,Qwen2-7B,16.0,9.0
hot,fan,pool,hot::fan::pool,0.55,20,0.01,conjunction,top_k,7.0,100.0,Qwen2-7B,5.0,21.5
hot,fan,shower,hot::fan::shower,0.05,20,0.004,conjunction,top_k,7.0,100.0,Qwen2-7B,17.0,23.0
hot,heater,blankets,hot::heater::blankets,0.23076923076923078,13,0.0,conjunction,top_k,7.0,100.0,Qwen2-7B,12.0,27.0
hot,heater,couch,hot::heater::couch,0.0,20,0.01,conjunction,top_k,7.0,100.0,Qwen2-7B,23.5,21.5
hot,heater,fan,hot::heater::fan,1.0,5,0.772,conjunction,top_k,7.0,100.0,Qwen2-7B,1.0,8.0
hot,heater,pool,hot::heater::pool,0.25,4,0.03,conjunction,top_k,7.0,100.0,Qwen2-7B,10.5,16.0
hot,heater,shower,hot::heater::shower,0.0,5,0.016,conjunction,top_k,7.0,100.0,Qwen2-7B,23.5,17.0
hot,pool,blankets,hot::pool::blankets,0.4,5,0.0,conjunction,top_k,7.0,100.0,Qwen2-7B,7.0,27.0
hot,pool,couch,hot::pool::couch,0.0,4,0.012,conjunction,top_k,7.0,100.0,Qwen2-7B,23.5,19.0
hot,pool,fan,hot::pool::fan,0.25,4,0.984,conjunction,top_k,7.0,100.0,Qwen2-7B,10.5,3.0
hot,pool,heater,hot::pool::heater,0.0,4,0.786,conjunction,top_k,7.0,100.0,Qwen2-7B,23.5,7.0
hot,pool,shower,hot::pool::shower,0.2631578947368421,19,0.036,conjunction,top_k,7.0,100.0,Qwen2-7B,9.0,13.5
hot,shower,blankets,hot::shower::blankets,0.0,4,0.0,conjunction,top_k,7.0,100.0,Qwen2-7B,23.5,27.0
hot,shower,couch,hot::shower::couch,0.0,6,0.012,conjunction,top_k,7.0,100.0,Qwen2-7B,23.5,19.0
hot,shower,fan,hot::shower::fan,0.8,5,0.99,conjunction,top_k,7.0,100.0,Qwen2-7B,3.0,2.0
hot,shower,heater,hot::shower::heater,0.3333333333333333,6,0.796,conjunction,top_k,7.0,100.0,Qwen2-7B,8.0,6.0
hot,shower,pool,hot::shower::pool,1.0,5,0.046,conjunction,top_k,7.0,100.0,Qwen2-7B,1.0,11.0
mall,burger joint,coffee shop,mall::burger joint::coffee shop,0.625,16,0.602,conjunction,top_k,8.0,100.0,Qwen2-7B,15.0,3.0
mall,burger joint,electronics store,mall::burger joint::electronics store,0.0,6,0.0,conjunction,top_k,8.0,100.0,Qwen2-7B,27.0,22.0
mall,burger joint,gift shop,mall::burger joint::gift shop,0.16666666666666666,6,0.0,conjunction,top_k,8.0,100.0,Qwen2-7B,24.0,22.0
mall,burger joint,grocery store,mall::burger joint::grocery store,0.8,5,0.282,conjunction,top_k,8.0,100.0,Qwen2-7B,11.0,12.0
mall,burger joint,pretzel stand,mall::burger joint::pretzel stand,0.8421052631578947,19,0.0,conjunction,top_k,8.0,100.0,Qwen2-7B,7.5,22.0
mall,coffee shop,burger joint,mall::coffee shop::burger joint,0.5,2,0.198,conjunction,top_k,8.0,100.0,Qwen2-7B,20.0,14.0
mall,coffee shop,electronics store,mall::coffee shop::electronics store,0.4,5,0.0,conjunction,top_k,8.0,100.0,Qwen2-7B,22.0,22.0
mall,coffee shop,gift shop,mall::coffee shop::gift shop,0.0,4,0.0,conjunction,top_k,8.0,100.0,Qwen2-7B,27.0,22.0
mall,coffee shop,grocery store,mall::coffee shop::grocery store,0.6,5,0.204,conjunction,top_k,8.0,100.0,Qwen2-7B,17.0,13.0
mall,coffee shop,pretzel stand,mall::coffee shop::pretzel stand,1.0,5,0.0,conjunction,top_k,8.0,100.0,Qwen2-7B,2.5,22.0
mall,electronics store,burger joint,mall::electronics store::burger joint,1.0,5,0.338,conjunction,top_k,8.0,100.0,Qwen2-7B,2.5,7.5
mall,electronics store,coffee shop,mall::electronics store::coffee shop,0.8,5,0.71,conjunction,top_k,8.0,100.0,Qwen2-7B,11.0,1.0
mall,electronics store,gift shop,mall::electronics store::gift shop,0.6,20,0.0,conjunction,top_k,8.0,100.0,Qwen2-7B,17.0,22.0
mall,electronics store,grocery store,mall::electronics store::grocery store,0.8421052631578947,19,0.338,conjunction,top_k,8.0,100.0,Qwen2-7B,7.5,7.5
mall,electronics store,pretzel stand,mall::electronics store::pretzel stand,0.6666666666666666,3,0.0,conjunction,top_k,8.0,100.0,Qwen2-7B,14.0,22.0
mall,gift shop,burger joint,mall::gift shop::burger joint,1.0,3,0.338,conjunction,top_k,8.0,100.0,Qwen2-7B,2.5,7.5
mall,gift shop,coffee shop,mall::gift shop::coffee shop,0.5,2,0.71,conjunction,top_k,8.0,100.0,Qwen2-7B,20.0,1.0
mall,gift shop,electronics store,mall::gift shop::electronics store,0.5,4,0.0,conjunction,top_k,8.0,100.0,Qwen2-7B,20.0,22.0
mall,gift shop,grocery store,mall::gift shop::grocery store,0.8666666666666667,15,0.338,conjunction,top_k,8.0,100.0,Qwen2-7B,6.0,7.5
mall,gift shop,pretzel stand,mall::gift shop::pretzel stand,1.0,3,0.0,conjunction,top_k,8.0,100.0,Qwen2-7B,2.5,22.0
mall,grocery store,burger joint,mall::grocery store::burger joint,1.0,5,0.29,conjunction,top_k,8.0,100.0,Qwen2-7B,2.5,11.0
mall,grocery store,coffee shop,mall::grocery store::coffee shop,0.8,5,0.6,conjunction,top_k,8.0,100.0,Qwen2-7B,11.0,4.0
mall,grocery store,electronics store,mall::grocery store::electronics store,0.0,3,0.0,conjunction,top_k,8.0,100.0,Qwen2-7B,27.0,22.0
mall,grocery store,gift shop,mall::grocery store::gift shop,0.2,5,0.0,conjunction,top_k,8.0,100.0,Qwen2-7B,23.0,22.0
mall,grocery store,pretzel stand,mall::grocery store::pretzel stand,0.8,5,0.0,conjunction,top_k,8.0,100.0,Qwen2-7B,11.0,22.0
mall,pretzel stand,burger joint,mall::pretzel stand::burger joint,1.0,2,0.338,conjunction,top_k,8.0,100.0,Qwen2-7B,2.5,7.5
mall,pretzel stand,coffee shop,mall::pretzel stand::coffee shop,0.8,20,0.71,conjunction,top_k,8.0,100.0,Qwen2-7B,11.0,1.0
mall,pretzel stand,electronics store,mall::pretzel stand::electronics store,0.0,5,0.0,conjunction,top_k,8.0,100.0,Qwen2-7B,27.0,22.0
mall,pretzel stand,gift shop,mall::pretzel stand::gift shop,0.0,6,0.0,conjunction,top_k,8.0,100.0,Qwen2-7B,27.0,22.0
mall,pretzel stand,grocery store,mall::pretzel stand::grocery store,0.6,5,0.338,conjunction,top_k,8.0,100.0,Qwen2-7B,17.0,7.5
mask,bandana,candy,mask::bandana::candy,0.0,4,0.004,conjunction,top_k,9.0,100.0,Qwen2-7B,27.0,22.0
mask,bandana,gloves,mask::bandana::gloves,0.5,2,0.02,conjunction,top_k,9.0,100.0,Qwen2-7B,11.0,16.5
mask,bandana,handkerchief,mask::bandana::handkerchief,0.6153846153846154,13,0.098,conjunction,top_k,9.0,100.0,Qwen2-7B,6.0,6.5
mask,bandana,napkins,mask::bandana::napkins,0.16666666666666666,12,0.0,conjunction,top_k,9.0,100.0,Qwen2-7B,23.0,27.0
mask,bandana,wallet,mask::bandana::wallet,0.4,5,0.022,conjunction,top_k,9.0,100.0,Qwen2-7B,15.0,12.0
mask,candy,bandana,mask::candy::bandana,0.8,5,0.134,conjunction,top_k,9.0,100.0,Qwen2-7B,2.5,0.5
mask,candy,gloves,mask::candy::gloves,0.0625,16,0.02,conjunction,top_k,9.0,100.0,Qwen2-7B,24.0,16.5
mask,candy,handkerchief,mask::candy::handkerchief,0.6666666666666666,6,0.098,conjunction,top_k,9.0,100.0,Qwen2-7B,4.0,6.5
mask,candy,napkins,mask::candy::napkins,0.5,4,0.0,conjunction,top_k,9.0,100.0,Qwen2-7B,11.0,27.0
mask,candy,wallet,mask::candy::wallet,0.2,20,0.022,conjunction,top_k,9.0,100.0,Qwen2-7B,20.0,12.0
mask,gloves,bandana,mask::gloves::bandana,0.5,6,0.132,conjunction,top_k,9.0,100.0,Qwen2-7B,11.0,2.5
mask,gloves,candy,mask::gloves::candy,0.2,5,0.004,conjunction,top_k,9.0,100.0,Qwen2-7B,20.0,22.0
mask,gloves,handkerchief,mask::gloves::handkerchief,0.4,5,0.096,conjunction,top_k,9.0,100.0,Qwen2-7B,15.0,9.0
mask,gloves,napkins,mask::gloves::napkins,0.5,4,0.0,conjunction,top_k,9.0,100.0,Qwen2-7B,11.0,27.0
mask,gloves,wallet,mask::gloves::wallet,0.0,3,0.022,conjunction,top_k,9.0,100.0,Qwen2-7B,27.0,12.0
mask,handkerchief,bandana,mask::handkerchief::bandana,1.0,3,0.124,conjunction,top_k,9.0,100.0,Qwen2-7B,0.5,4.0
mask,handkerchief,candy,mask::handkerchief::candy,0.0,6,0.004,conjunction,top_k,9.0,100.0,Qwen2-7B,27.0,22.0
mask,handkerchief,gloves,mask::handkerchief::gloves,0.4,5,0.018,conjunction,top_k,9.0,100.0,Qwen2-7B,15.0,19.0
mask,handkerchief,napkins,mask::handkerchief::napkins,0.3,20,0.0,conjunction,top_k,9.0,100.0,Qwen2-7B,17.0,27.0
mask,handkerchief,wallet,mask::handkerchief::wallet,0.0,5,0.022,conjunction,top_k,9.0,100.0,Qwen2-7B,27.0,12.0
mask,napkins,bandana,mask::napkins::bandana,1.0,5,0.134,conjunction,top_k,9.0,100.0,Qwen2-7B,0.5,0.5
mask,napkins,candy,mask::napkins::candy,0.2,5,0.004,conjunction,top_k,9.0,100.0,Qwen2-7B,20.0,22.0
mask,napkins,gloves,mask::napkins::gloves,0.2,5,0.02,conjunction,top_k,9.0,100.0,Qwen2-7B,20.0,16.5
mask,napkins,handkerchief,mask::napkins::handkerchief,0.6,5,0.098,conjunction,top_k,9.0,100.0,Qwen2-7B,7.5,6.5
mask,napkins,wallet,mask::napkins::wallet,0.0,4,0.022,conjunction,top_k,9.0,100.0,Qwen2-7B,27.0,12.0
mask,wallet,bandana,mask::wallet::bandana,0.8,5,0.132,conjunction,top_k,9.0,100.0,Qwen2-7B,2.5,2.5
mask,wallet,candy,mask::wallet::candy,0.2,5,0.004,conjunction,top_k,9.0,100.0,Qwen2-7B,20.0,22.0
mask,wallet,gloves,mask::wallet::gloves,0.631578947368421,19,0.02,conjunction,top_k,9.0,100.0,Qwen2-7B,5.0,16.5
mask,wallet,handkerchief,mask::wallet::handkerchief,0.6,5,0.098,conjunction,top_k,9.0,100.0,Qwen2-7B,7.5,6.5
mask,wallet,napkins,mask::wallet::napkins,0.5,6,0.0,conjunction,top_k,9.0,100.0,Qwen2-7B,11.0,27.0
meat,chicken,crab,meat::chicken::crab,0.7647058823529411,17,0.0,conjunction,top_k,0.0,100.0,Qwen2-7B,13.0,28.5
meat,chicken,mushrooms,meat::chicken::mushrooms,0.2,5,0.0,conjunction,top_k,0.0,100.0,Qwen2-7B,20.0,28.5
meat,chicken,rice,meat::chicken::rice,0.5,2,0.024,conjunction,top_k,0.0,100.0,Qwen2-7B,16.5,21.0
meat,chicken,tofu,meat::chicken::tofu,0.0,5,0.022,conjunction,top_k,0.0,100.0,Qwen2-7B,25.5,23.0
meat,chicken,turkey,meat::chicken::turkey,0.9523809523809523,21,0.01,conjunction,top_k,0.0,100.0,Qwen2-7B,10.0,27.0
meat,crab,chicken,meat::crab::chicken,1.0,5,1.0,conjunction,top_k,0.0,100.0,Qwen2-7B,4.5,0.5
meat,crab,mushrooms,meat::crab::mushrooms,0.0,3,0.022,conjunction,top_k,0.0,100.0,Qwen2-7B,25.5,23.0
meat,crab,rice,meat::crab::rice,0.0,5,0.282,conjunction,top_k,0.0,100.0,Qwen2-7B,25.5,5.5
meat,crab,tofu,meat::crab::tofu,0.6666666666666666,3,0.27,conjunction,top_k,0.0,100.0,Qwen2-7B,14.0,9.0
meat,crab,turkey,meat::crab::turkey,1.0,5,0.1,conjunction,top_k,0.0,100.0,Qwen2-7B,4.5,13.5
meat,mushrooms,chicken,meat::mushrooms::chicken,1.0,6,1.0,conjunction,top_k,0.0,100.0,Qwen2-7B,4.5,0.5
meat,mushrooms,crab,meat::mushrooms::crab,1.0,5,0.04,conjunction,top_k,0.0,100.0,Qwen2-7B,4.5,17.5
meat,mushrooms,rice,meat::mushrooms::rice,0.0,6,0.282,conjunction,top_k,0.0,100.0,Qwen2-7B,25.5,5.5
meat,mushrooms,tofu,meat::mushrooms::tofu,0.5263157894736842,19,0.278,conjunction,top_k,0.0,100.0,Qwen2-7B,15.0,7.0
meat,mushrooms,turkey,meat::mushrooms::turkey,1.0,6,0.1,conjunction,top_k,0.0,100.0,Qwen2-7B,4.5,13.5
meat,rice,chicken,meat::rice::chicken,1.0,2,0.976,conjunction,top_k,0.0,100.0,Qwen2-7B,4.5,4.0
meat,rice,crab,meat::rice::crab,0.5,2,0.03,conjunction,top_k,0.0,100.0,Qwen2-7B,16.5,20.0
meat,rice,mushrooms,meat::rice::mushrooms,0.23529411764705882,17,0.022,conjunction,top_k,0.0,100.0,Qwen2-7B,19.0,23.0
meat,rice,tofu,meat::rice::tofu,0.3888888888888889,18,0.254,conjunction,top_k,0.0,100.0,Qwen2-7B,18.0,11.0
meat,rice,turkey,meat::rice::turkey,1.0,5,0.086,conjunction,top_k,0.0,100.0,Qwen2-7B,4.5,15.0
meat,tofu,chicken,meat::tofu::chicken,1.0,4,0.978,conjunction,top_k,0.0,100.0,Qwen2-7B,4.5,3.0
meat,tofu,crab,meat::tofu::crab,0.8,5,0.032,conjunction,top_k,0.0,100.0,Qwen2-7B,11.0,19.0
meat,tofu,mushrooms,meat::tofu::mushrooms,0.0,5,0.018,conjunction,top_k,0.0,100.0,Qwen2-7B,25.5,26.0
meat,tofu,rice,meat::tofu::rice,0.0,5,0.238,conjunction,top_k,0.0,100.0,Qwen2-7B,25.5,12.0
meat,tofu,turkey,meat::tofu::turkey,1.0,5,0.08,conjunction,top_k,0.0,100.0,Qwen2-7B,4.5,16.0
meat,turkey,chicken,meat::turkey::chicken,1.0,4,0.99,conjunction,top_k,0.0,100.0,Qwen2-7B,4.5,2.0
meat,turkey,crab,meat::turkey::crab,0.7692307692307693,13,0.04,conjunction,top_k,0.0,100.0,Qwen2-7B,12.0,17.5
meat,turkey,mushrooms,meat::turkey::mushrooms,0.0,4,0.02,conjunction,top_k,0.0,100.0,Qwen2-7B,25.5,25.0
meat,turkey,rice,meat::turkey::rice,0.0,5,0.274,conjunction,top_k,0.0,100.0,Qwen2-7B,25.5,8.0
meat,turkey,tofu,meat::turkey::tofu,0.16666666666666666,6,0.268,conjunction,top_k,0.0,100.0,Qwen2-7B,21.0,10.0
restaurant,cake,cocktails,restaurant::cake::cocktails,1.0,4,0.088,conjunction,top_k,1.0,100.0,Qwen2-7B,3.5,11.0
restaurant,cake,salad,restaurant::cake::salad,0.6,5,0.002,conjunction,top_k,1.0,100.0,Qwen2-7B,13.0,27.0
restaurant,cake,soda,restaurant::cake::soda,0.8,5,0.256,conjunction,top_k,1.0,100.0,Qwen2-7B,9.0,0.5
restaurant,cake,soup,restaurant::cake::soup,0.3888888888888889,18,0.016,conjunction,top_k,1.0,100.0,Qwen2-7B,19.0,15.5
restaurant,cake,vodka,restaurant::cake::vodka,1.0,6,0.176,conjunction,top_k,1.0,100.0,Qwen2-7B,3.5,7.5
restaurant,cocktails,cake,restaurant::cocktails::cake,0.6,5,0.012,conjunction,top_k,1.0,100.0,Qwen2-7B,13.0,21.0
restaurant,cocktails,salad,restaurant::cocktails::salad,0.0,4,0.002,conjunction,top_k,1.0,100.0,Qwen2-7B,25.5,27.0
restaurant,cocktails,soda,restaurant::cocktails::soda,0.42105263157894735,19,0.24,conjunction,top_k,1.0,100.0,Qwen2-7B,18.0,3.0
restaurant,cocktails,soup,restaurant::cocktails::soup,0.0,2,0.014,conjunction,top_k,1.0,100.0,Qwen2-7B,25.5,17.5
restaurant,cocktails,vodka,restaurant::cocktails::vodka,0.5,14,0.176,conjunction,top_k,1.0,100.0,Qwen2-7B,16.5,7.5
restaurant,salad,cake,restaurant::salad::cake,0.55,20,0.012,conjunction,top_k,1.0,100.0,Qwen2-7B,15.0,21.0
restaurant,salad,cocktails,restaurant::salad::cocktails,0.75,4,0.088,conjunction,top_k,1.0,100.0,Qwen2-7B,10.0,11.0
restaurant,salad,soda,restaurant::salad::soda,0.6,5,0.256,conjunction,top_k,1.0,100.0,Qwen2-7B,13.0,0.5
restaurant,salad,soup,restaurant::salad::soup,0.7,20,0.016,conjunction,top_k,1.0,100.0,Qwen2-7B,11.0,15.5
restaurant,salad,vodka,restaurant::salad::vodka,1.0,5,0.18,conjunction,top_k,1.0,100.0,Qwen2-7B,3.5,5.5
restaurant,soda,cake,restaurant::soda::cake,0.0,3,0.012,conjunction,top_k,1.0,100.0,Qwen2-7B,25.5,21.0
restaurant,soda,cocktails,restaurant::soda::cocktails,1.0,3,0.082,conjunction,top_k,1.0,100.0,Qwen2-7B,3.5,14.0
restaurant,soda,salad,restaurant::soda::salad,0.0,5,0.002,conjunction,top_k,1.0,100.0,Qwen2-7B,25.5,27.0
restaurant,soda,soup,restaurant::soda::soup,0.0,2,0.012,conjunction,top_k,1.0,100.0,Qwen2-7B,25.5,21.0
restaurant,soda,vodka,restaurant::soda::vodka,1.0,5,0.158,conjunction,top_k,1.0,100.0,Qwen2-7B,3.5,9.0
restaurant,soup,cake,restaurant::soup::cake,0.3333333333333333,3,0.012,conjunction,top_k,1.0,100.0,Qwen2-7B,20.0,21.0
restaurant,soup,cocktails,restaurant::soup::cocktails,1.0,6,0.088,conjunction,top_k,1.0,100.0,Qwen2-7B,3.5,11.0
restaurant,soup,salad,restaurant::soup::salad,0.5,6,0.002,conjunction,top_k,1.0,100.0,Qwen2-7B,16.5,27.0
restaurant,soup,soda,restaurant::soup::soda,0.8333333333333334,6,0.252,conjunction,top_k,1.0,100.0,Qwen2-7B,8.0,2.0
restaurant,soup,vodka,restaurant::soup::vodka,1.0,4,0.18,conjunction,top_k,1.0,100.0,Qwen2-7B,3.5,5.5
restaurant,vodka,cake,restaurant::vodka::cake,0.0,5,0.01,conjunction,top_k,1.0,100.0,Qwen2-7B,25.5,24.0
restaurant,vodka,cocktails,restaurant::vodka::cocktails,1.0,3,0.084,conjunction,top_k,1.0,100.0,Qwen2-7B,3.5,13.0
restaurant,vodka,salad,restaurant::vodka::salad,0.0,2,0.002,conjunction,top_k,1.0,100.0,Qwen2-7B,25.5,27.0
restaurant,vodka,soda,restaurant::vodka::soda,0.3157894736842105,19,0.232,conjunction,top_k,1.0,100.0,Qwen2-7B,21.0,4.0
restaurant,vodka,soup,restaurant::vodka::soup,0.0,5,0.014,conjunction,top_k,1.0,100.0,Qwen2-7B,25.5,17.5
salad,chips,cigarettes,salad::chips::cigarettes,0.16666666666666666,6,0.002,conjunction,top_k,2.0,100.0,Qwen2-7B,20.0,25.5
salad,chips,dressing,salad::chips::dressing,0.4,5,0.01,conjunction,top_k,2.0,100.0,Qwen2-7B,13.0,18.0
salad,chips,lettuce,salad::chips::lettuce,1.0,6,0.998,conjunction,top_k,2.0,100.0,Qwen2-7B,2.0,1.0
salad,chips,meat,salad::chips::meat,0.2857142857142857,21,0.066,conjunction,top_k,2.0,100.0,Qwen2-7B,18.0,5.5
salad,chips,tuna,salad::chips::tuna,0.2,5,0.016,conjunction,top_k,2.0,100.0,Qwen2-7B,19.0,14.5
salad,cigarettes,chips,salad::cigarettes::chips,0.4375,16,0.018,conjunction,top_k,2.0,100.0,Qwen2-7B,11.5,10.5
salad,cigarettes,dressing,salad::cigarettes::dressing,1.0,4,0.01,conjunction,top_k,2.0,100.0,Qwen2-7B,2.0,18.0
salad,cigarettes,lettuce,salad::cigarettes::lettuce,0.75,4,1.0,conjunction,top_k,2.0,100.0,Qwen2-7B,6.5,0.0
salad,cigarettes,meat,salad::cigarettes::meat,0.5789473684210527,19,0.066,conjunction,top_k,2.0,100.0,Qwen2-7B,10.0,5.5
salad,cigarettes,tuna,salad::cigarettes::tuna,0.3333333333333333,6,0.016,conjunction,top_k,2.0,100.0,Qwen2-7B,16.0,14.5
salad,dressing,chips,salad::dressing::chips,0.0,2,0.018,conjunction,top_k,2.0,100.0,Qwen2-7B,25.0,10.5
salad,dressing,cigarettes,salad::dressing::cigarettes,0.0,5,0.002,conjunction,top_k,2.0,100.0,Qwen2-7B,25.0,25.5
salad,dressing,lettuce,salad::dressing::lettuce,1.0,3,0.996,conjunction,top_k,2.0,100.0,Qwen2-7B,2.0,2.5
salad,dressing,meat,salad::dressing::meat,0.3333333333333333,3,0.064,conjunction,top_k,2.0,100.0,Qwen2-7B,16.0,7.5
salad,dressing,tuna,salad::dressing::tuna,0.4375,16,0.016,conjunction,top_k,2.0,100.0,Qwen2-7B,11.5,14.5
salad,lettuce,chips,salad::lettuce::chips,0.0,2,0.002,conjunction,top_k,2.0,100.0,Qwen2-7B,25.0,25.5
salad,lettuce,cigarettes,salad::lettuce::cigarettes,0.0,6,0.0,conjunction,top_k,2.0,100.0,Qwen2-7B,25.0,28.5
salad,lettuce,dressing,salad::lettuce::dressing,0.6111111111111112,18,0.004,conjunction,top_k,2.0,100.0,Qwen2-7B,8.0,22.5
salad,lettuce,meat,salad::lettuce::meat,0.75,4,0.006,conjunction,top_k,2.0,100.0,Qwen2-7B,6.5,21.0
salad,lettuce,tuna,salad::lettuce::tuna,0.3888888888888889,18,0.004,conjunction,top_k,2.0,100.0,Qwen2-7B,14.0,22.5
salad,meat,chips,salad::meat::chips,0.0,2,0.018,conjunction,top_k,2.0,100.0,Qwen2-7B,25.0,10.5
salad,meat,cigarettes,salad::meat::cigarettes,0.0,5,0.0,conjunction,top_k,2.0,100.0,Qwen2-7B,25.0,28.5
salad,meat,dressing,salad::meat::dressing,0.0,3,0.008,conjunction,top_k,2.0,100.0,Qwen2-7B,25.0,20.0
salad,meat,lettuce,salad::meat::lettuce,1.0,6,0.994,conjunction,top_k,2.0,100.0,Qwen2-7B,2.0,4.0
salad,meat,tuna,salad::meat::tuna,0.3333333333333333,3,0.016,conjunction,top_k,2.0,100.0,Qwen2-7B,16.0,14.5
salad,tuna,chips,salad::tuna::chips,0.0,5,0.018,conjunction,top_k,2.0,100.0,Qwen2-7B,25.0,10.5
salad,tuna,cigarettes,salad::tuna::cigarettes,0.0,5,0.002,conjunction,top_k,2.0,100.0,Qwen2-7B,25.0,25.5
salad,tuna,dressing,salad::tuna::dressing,0.6,5,0.01,conjunction,top_k,2.0,100.0,Qwen2-7B,9.0,18.0
salad,tuna,lettuce,salad::tuna::lettuce,1.0,5,0.996,conjunction,top_k,2.0,100.0,Qwen2-7B,2.0,2.5
salad,tuna,meat,salad::tuna::meat,0.8,5,0.064,conjunction,top_k,2.0,100.0,Qwen2-7B,5.0,7.5
science,art,geology,science::art::geology,1.0,4,0.634,conjunction,top_k,3.0,100.0,Qwen2-7B,3.0,6.0
science,art,math,science::art::math,0.7,20,0.37,conjunction,top_k,3.0,100.0,Qwen2-7B,15.0,9.5
science,art,philosophy,science::art::philosophy,0.6111111111111112,18,0.014,conjunction,top_k,3.0,100.0,Qwen2-7B,21.0,19.5
science,art,physics,science::art::physics,1.0,5,0.996,conjunction,top_k,3.0,100.0,Qwen2-7B,3.0,1.0
science,art,zoology,science::art::zoology,0.8,5,0.12,conjunction,top_k,3.0,100.0,Qwen2-7B,11.0,13.5
science,geology,art,science::geology::art,0.6,5,0.01,conjunction,top_k,3.0,100.0,Qwen2-7B,22.0,24.0
science,geology,math,science::geology::math,0.8333333333333334,6,0.244,conjunction,top_k,3.0,100.0,Qwen2-7B,8.5,12.0
science,geology,philosophy,science::geology::philosophy,0.6666666666666666,3,0.008,conjunction,top_k,3.0,100.0,Qwen2-7B,18.0,26.0
science,geology,physics,science::geology::physics,1.0,4,0.958,conjunction,top_k,3.0,100.0,Qwen2-7B,3.0,4.0
science,geology,zoology,science::geology::zoology,1.0,13,0.08,conjunction,top_k,3.0,100.0,Qwen2-7B,3.0,16.0
science,math,art,science::math::art,0.5,2,0.01,conjunction,top_k,3.0,100.0,Qwen2-7B,23.5,24.0
science,math,geology,science::math::geology,0.75,4,0.518,conjunction,top_k,3.0,100.0,Qwen2-7B,13.5,8.0
science,math,philosophy,science::math::philosophy,0.4,5,0.01,conjunction,top_k,3.0,100.0,Qwen2-7B,26.0,24.0
science,math,physics,science::math::physics,0.5,4,0.978,conjunction,top_k,3.0,100.0,Qwen2-7B,23.5,3.0
science,math,zoology,science::math::zoology,0.8,5,0.102,conjunction,top_k,3.0,100.0,Qwen2-7B,11.0,15.0
science,philosophy,art,science::philosophy::art,1.0,5,0.012,conjunction,top_k,3.0,100.0,Qwen2-7B,3.0,21.5
science,philosophy,geology,science::philosophy::geology,0.8,5,0.64,conjunction,top_k,3.0,100.0,Qwen2-7B,11.0,5.0
science,philosophy,math,science::philosophy::math,0.6875,16,0.37,conjunction,top_k,3.0,100.0,Qwen2-7B,16.0,9.5
science,philosophy,physics,science::philosophy::physics,1.0,4,1.0,conjunction,top_k,3.0,100.0,Qwen2-7B,3.0,0.0
science,philosophy,zoology,science::philosophy::zoology,0.8333333333333334,6,0.12,conjunction,top_k,3.0,100.0,Qwen2-7B,8.5,13.5
science,physics,art,science::physics::art,0.4,5,0.004,conjunction,top_k,3.0,100.0,Qwen2-7B,26.0,28.0
science,physics,geology,science::physics::geology,0.8571428571428571,21,0.042,conjunction,top_k,3.0,100.0,Qwen2-7B,7.0,17.0
science,physics,math,science::physics::math,0.3333333333333333,3,0.022,conjunction,top_k,3.0,100.0,Qwen2-7B,28.5,18.0
science,physics,philosophy,science::physics::philosophy,0.3333333333333333,3,0.0,conjunction,top_k,3.0,100.0,Qwen2-7B,28.5,29.0
science,physics,zoology,science::physics::zoology,0.65,20,0.006,conjunction,top_k,3.0,100.0,Qwen2-7B,20.0,27.0
science,zoology,art,science::zoology::art,0.6666666666666666,3,0.012,conjunction,top_k,3.0,100.0,Qwen2-7B,18.0,21.5
science,zoology,geology,science::zoology::geology,0.75,4,0.606,conjunction,top_k,3.0,100.0,Qwen2-7B,13.5,7.0
science,zoology,math,science::zoology::math,0.4,5,0.338,conjunction,top_k,3.0,100.0,Qwen2-7B,26.0,11.0
science,zoology,philosophy,science::zoology::philosophy,0.6666666666666666,6,0.014,conjunction,top_k,3.0,100.0,Qwen2-7B,18.0,19.5
science,zoology,physics,science::zoology::physics,1.0,4,0.994,conjunction,top_k,3.0,100.0,Qwen2-7B,3.0,2.0
throw,beach ball,boomerang,throw::beach ball::boomerang,0.631578947368421,19,0.018,conjunction,top_k,4.0,100.0,Qwen2-7B,12.0,12.0
throw,beach ball,football,throw::beach ball::football,1.0,5,0.994,conjunction,top_k,4.0,100.0,Qwen2-7B,2.5,4.0
throw,beach ball,lawnmower,throw::beach ball::lawnmower,0.0,3,0.014,conjunction,top_k,4.0,100.0,Qwen2-7B,24.5,14.5
throw,beach ball,shovel,throw::beach ball::shovel,0.0,6,0.0,conjunction,top_k,4.0,100.0,Qwen2-7B,24.5,25.5
throw,beach ball,tires,throw::beach ball::tires,0.0,6,0.0,conjunction,top_k,4.0,100.0,Qwen2-7B,24.5,25.5
throw,boomerang,beach ball,throw::boomerang::beach ball,0.75,4,0.47,conjunction,top_k,4.0,100.0,Qwen2-7B,10.5,7.0
throw,boomerang,football,throw::boomerang::football,1.0,4,1.0,conjunction,top_k,4.0,100.0,Qwen2-7B,2.5,1.0
throw,boomerang,lawnmower,throw::boomerang::lawnmower,0.0,5,0.014,conjunction,top_k,4.0,100.0,Qwen2-7B,24.5,14.5
throw,boomerang,shovel,throw::boomerang::shovel,0.0,4,0.002,conjunction,top_k,4.0,100.0,Qwen2-7B,24.5,19.5
throw,boomerang,tires,throw::boomerang::tires,0.0,5,0.0,conjunction,top_k,4.0,100.0,Qwen2-7B,24.5,25.5
throw,football,beach ball,throw::football::beach ball,0.875,16,0.006,conjunction,top_k,4.0,100.0,Qwen2-7B,6.0,17.0
throw,football,boomerang,throw::football::boomerang,0.6190476190476191,21,0.0,conjunction,top_k,4.0,100.0,Qwen2-7B,13.0,25.5
throw,football,lawnmower,throw::football::lawnmower,0.0,3,0.002,conjunction,top_k,4.0,100.0,Qwen2-7B,24.5,19.5
throw,football,shovel,throw::football::shovel,0.0,4,0.0,conjunction,top_k,4.0,100.0,Qwen2-7B,24.5,25.5
throw,football,tires,throw::football::tires,0.0,3,0.0,conjunction,top_k,4.0,100.0,Qwen2-7B,24.5,25.5
throw,lawnmower,beach ball,throw::lawnmower::beach ball,1.0,2,0.462,conjunction,top_k,4.0,100.0,Qwen2-7B,2.5,8.0
throw,lawnmower,boomerang,throw::lawnmower::boomerang,0.8,5,0.026,conjunction,top_k,4.0,100.0,Qwen2-7B,8.0,10.0
throw,lawnmower,football,throw::lawnmower::football,1.0,5,0.998,conjunction,top_k,4.0,100.0,Qwen2-7B,2.5,3.0
throw,lawnmower,shovel,throw::lawnmower::shovel,0.3333333333333333,21,0.002,conjunction,top_k,4.0,100.0,Qwen2-7B,16.5,19.5
throw,lawnmower,tires,throw::lawnmower::tires,0.07692307692307693,13,0.0,conjunction,top_k,4.0,100.0,Qwen2-7B,19.0,25.5
throw,shovel,beach ball,throw::shovel::beach ball,0.75,4,0.474,conjunction,top_k,4.0,100.0,Qwen2-7B,10.5,5.5
throw,shovel,boomerang,throw::shovel::boomerang,0.6,5,0.026,conjunction,top_k,4.0,100.0,Qwen2-7B,14.5,10.0
throw,shovel,football,throw::shovel::football,1.0,4,1.0,conjunction,top_k,4.0,100.0,Qwen2-7B,2.5,1.0
throw,shovel,lawnmower,throw::shovel::lawnmower,0.0,5,0.014,conjunction,top_k,4.0,100.0,Qwen2-7B,24.5,14.5
throw,shovel,tires,throw::shovel::tires,0.125,16,0.0,conjunction,top_k,4.0,100.0,Qwen2-7B,18.0,25.5
throw,tires,beach ball,throw::tires::beach ball,0.6,5,0.474,conjunction,top_k,4.0,100.0,Qwen2-7B,14.5,5.5
throw,tires,boomerang,throw::tires::boomerang,1.0,4,0.026,conjunction,top_k,4.0,100.0,Qwen2-7B,2.5,10.0
throw,tires,football,throw::tires::football,0.8,5,1.0,conjunction,top_k,4.0,100.0,Qwen2-7B,8.0,1.0
throw,tires,lawnmower,throw::tires::lawnmower,0.8,5,0.014,conjunction,top_k,4.0,100.0,Qwen2-7B,8.0,14.5
throw,tires,shovel,throw::tires::shovel,0.3333333333333333,6,0.002,conjunction,top_k,4.0,100.0,Qwen2-7B,16.5,19.5
transport,car,chairs,transport::car::chairs,0.0,5,0.0,conjunction,top_k,5.0,100.0,Qwen2-7B,26.5,26.0
transport,car,hammer,transport::car::hammer,0.2,5,0.0,conjunction,top_k,5.0,100.0,Qwen2-7B,20.0,26.0
transport,car,lawnmower,transport::car::lawnmower,0.25,4,0.004,conjunction,top_k,5.0,100.0,Qwen2-7B,17.5,20.0
transport,car,motorcycle,transport::car::motorcycle,0.9047619047619048,21,0.128,conjunction,top_k,5.0,100.0,Qwen2-7B,5.0,9.0
transport,car,roller blades,transport::car::roller blades,0.5625,16,0.0,conjunction,top_k,5.0,100.0,Qwen2-7B,11.0,26.0
transport,chairs,car,transport::chairs::car,1.0,3,1.0,conjunction,top_k,5.0,100.0,Qwen2-7B,2.0,1.0
transport,chairs,hammer,transport::chairs::hammer,0.0,4,0.006,conjunction,top_k,5.0,100.0,Qwen2-7B,26.5,18.0
transport,chairs,lawnmower,transport::chairs::lawnmower,0.09090909090909091,22,0.122,conjunction,top_k,5.0,100.0,Qwen2-7B,22.0,11.0
transport,chairs,motorcycle,transport::chairs::motorcycle,0.6,5,0.984,conjunction,top_k,5.0,100.0,Qwen2-7B,9.5,4.0
transport,chairs,roller blades,transport::chairs::roller blades,0.6666666666666666,3,0.012,conjunction,top_k,5.0,100.0,Qwen2-7B,8.0,15.0
transport,hammer,car,transport::hammer::car,0.6,5,1.0,conjunction,top_k,5.0,100.0,Qwen2-7B,9.5,1.0
transport,hammer,chairs,transport::hammer::chairs,0.06666666666666667,15,0.0,conjunction,top_k,5.0,100.0,Qwen2-7B,23.0,26.0
transport,hammer,lawnmower,transport::hammer::lawnmower,0.5555555555555556,18,0.122,conjunction,top_k,5.0,100.0,Qwen2-7B,12.0,11.0
transport,hammer,motorcycle,transport::hammer::motorcycle,0.5,4,0.982,conjunction,top_k,5.0,100.0,Qwen2-7B,15.0,5.5
transport,hammer,roller blades,transport::hammer::roller blades,0.8,5,0.012,conjunction,top_k,5.0,100.0,Qwen2-7B,6.5,15.0
transport,lawnmower,car,transport::lawnmower::car,1.0,6,0.996,conjunction,top_k,5.0,100.0,Qwen2-7B,2.0,3.0
transport,lawnmower,chairs,transport::lawnmower::chairs,0.2,5,0.0,conjunction,top_k,5.0,100.0,Qwen2-7B,20.0,26.0
transport,lawnmower,hammer,transport::lawnmower::hammer,0.25,4,0.006,conjunction,top_k,5.0,100.0,Qwen2-7B,17.5,18.0
transport,lawnmower,motorcycle,transport::lawnmower::motorcycle,1.0,5,0.954,conjunction,top_k,5.0,100.0,Qwen2-7B,2.0,7.0
transport,lawnmower,roller blades,transport::lawnmower::roller blades,0.5,4,0.012,conjunction,top_k,5.0,100.0,Qwen2-7B,15.0,15.0
transport,motorcycle,car,transport::motorcycle::car,0.8,5,0.872,conjunction,top_k,5.0,100.0,Qwen2-7B,6.5,8.0
transport,motorcycle,chairs,transport::motorcycle::chairs,0.0,4,0.0,conjunction,top_k,5.0,100.0,Qwen2-7B,26.5,26.0
transport,motorcycle,hammer,transport::motorcycle::hammer,0.0,5,0.002,conjunction,top_k,5.0,100.0,Qwen2-7B,26.5,21.5
transport,motorcycle,lawnmower,transport::motorcycle::lawnmower,0.0,5,0.032,conjunction,top_k,5.0,100.0,Qwen2-7B,26.5,13.0
transport,motorcycle,roller blades,transport::motorcycle::roller blades,0.5384615384615384,13,0.002,conjunction,top_k,5.0,100.0,Qwen2-7B,13.0,21.5
transport,roller blades,car,transport::roller blades::car,1.0,5,1.0,conjunction,top_k,5.0,100.0,Qwen2-7B,2.0,1.0
transport,roller blades,chairs,transport::roller blades::chairs,0.5,2,0.0,conjunction,top_k,5.0,100.0,Qwen2-7B,15.0,26.0
transport,roller blades,hammer,transport::roller blades::hammer,0.2,5,0.006,conjunction,top_k,5.0,100.0,Qwen2-7B,20.0,18.0
transport,roller blades,lawnmower,transport::roller blades::lawnmower,0.0,4,0.122,conjunction,top_k,5.0,100.0,Qwen2-7B,26.5,11.0
transport,roller blades,motorcycle,transport::roller blades::motorcycle,1.0,6,0.982,conjunction,top_k,5.0,100.0,Qwen2-7B,2.0,5.5
bag,cash,chalk,bag::cash::chalk,1.0,5,0.994,disjunction,top_k,0.0,100.0,Qwen2-7B,5.0,8.0
bag,cash,crayons,bag::cash::crayons,1.0,2,0.998,disjunction,top_k,0.0,100.0,Qwen2-7B,5.0,5.5
bag,cash,headphones,bag::cash::headphones,0.0,3,0.496,disjunction,top_k,0.0,100.0,Qwen2-7B,26.0,18.0
bag,cash,makeup,bag::cash::makeup,0.10526315789473684,19,0.946,disjunction,top_k,0.0,100.0,Qwen2-7B,22.0,11.0
bag,cash,pen,bag::cash::pen,1.0,5,1.0,disjunction,top_k,0.0,100.0,Qwen2-7B,5.0,2.0
bag,chalk,cash,bag::chalk::cash,0.0,6,0.01,disjunction,top_k,0.0,100.0,Qwen2-7B,26.0,24.0
bag,chalk,crayons,bag::chalk::crayons,1.0,6,0.916,disjunction,top_k,0.0,100.0,Qwen2-7B,5.0,12.0
bag,chalk,headphones,bag::chalk::headphones,0.2,5,0.004,disjunction,top_k,0.0,100.0,Qwen2-7B,18.0,28.0
bag,chalk,makeup,bag::chalk::makeup,0.2,5,0.168,disjunction,top_k,0.0,100.0,Qwen2-7B,18.0,19.0
bag,chalk,pen,bag::chalk::pen,1.0,5,1.0,disjunction,top_k,0.0,100.0,Qwen2-7B,5.0,2.0
bag,crayons,cash,bag::crayons::cash,0.0,5,0.006,disjunction,top_k,0.0,100.0,Qwen2-7B,26.0,25.5
bag,crayons,chalk,bag::crayons::chalk,0.8888888888888888,18,0.582,disjunction,top_k,0.0,100.0,Qwen2-7B,11.0,15.0
bag,crayons,headphones,bag::crayons::headphones,0.25,4,0.004,disjunction,top_k,0.0,100.0,Qwen2-7B,15.0,28.0
bag,crayons,makeup,bag::crayons::makeup,0.0,5,0.138,disjunction,top_k,0.0,100.0,Qwen2-7B,26.0,20.0
bag,crayons,pen,bag::crayons::pen,1.0,4,1.0,disjunction,top_k,0.0,100.0,Qwen2-7B,5.0,2.0
bag,headphones,cash,bag::headphones::cash,0.14285714285714285,14,0.504,disjunction,top_k,0.0,100.0,Qwen2-7B,21.0,17.0
bag,headphones,chalk,bag::headphones::chalk,0.4,5,0.996,disjunction,top_k,0.0,100.0,Qwen2-7B,14.0,7.0
bag,headphones,crayons,bag::headphones::crayons,1.0,3,0.998,disjunction,top_k,0.0,100.0,Qwen2-7B,5.0,5.5
bag,headphones,makeup,bag::headphones::makeup,0.21052631578947367,19,0.948,disjunction,top_k,0.0,100.0,Qwen2-7B,16.0,10.0
bag,headphones,pen,bag::headphones::pen,1.0,5,1.0,disjunction,top_k,0.0,100.0,Qwen2-7B,5.0,2.0
bag,makeup,cash,bag::makeup::cash,0.2,5,0.056,disjunction,top_k,0.0,100.0,Qwen2-7B,18.0,22.0
bag,makeup,chalk,bag::makeup::chalk,1.0,2,0.888,disjunction,top_k,0.0,100.0,Qwen2-7B,5.0,13.0
bag,makeup,crayons,bag::makeup::crayons,1.0,2,0.972,disjunction,top_k,0.0,100.0,Qwen2-7B,5.0,9.0
bag,makeup,headphones,bag::makeup::headphones,0.0,4,0.052,disjunction,top_k,0.0,100.0,Qwen2-7B,26.0,23.0
bag,makeup,pen,bag::makeup::pen,1.0,3,1.0,disjunction,top_k,0.0,100.0,Qwen2-7B,5.0,2.0
bag,pen,cash,bag::pen::cash,0.0,5,0.006,disjunction,top_k,0.0,100.0,Qwen2-7B,26.0,25.5
bag,pen,chalk,bag::pen::chalk,0.8571428571428571,21,0.578,disjunction,top_k,0.0,100.0,Qwen2-7B,13.0,16.0
bag,pen,crayons,bag::pen::crayons,0.8823529411764706,17,0.854,disjunction,top_k,0.0,100.0,Qwen2-7B,12.0,14.0
bag,pen,headphones,bag::pen::headphones,0.0,5,0.004,disjunction,top_k,0.0,100.0,Qwen2-7B,26.0,28.0
bag,pen,makeup,bag::pen::makeup,0.16666666666666666,6,0.132,disjunction,top_k,0.0,100.0,Qwen2-7B,20.0,21.0
bakery,cakes,ice cream,bakery::cakes::ice cream,0.8421052631578947,19,0.854,disjunction,top_k,1.0,100.0,Qwen2-7B,9.0,9.0
bakery,cakes,muffins,bakery::cakes::muffins,0.8888888888888888,18,0.114,disjunction,top_k,1.0,100.0,Qwen2-7B,8.0,23.0
bakery,cakes,pretzels,bakery::cakes::pretzels,0.5,6,0.098,disjunction,top_k,1.0,100.0,Qwen2-7B,17.0,25.0
bakery,cakes,sandwiches,bakery::cakes::sandwiches,0.4,5,0.028,disjunction,top_k,1.0,100.0,Qwen2-7B,21.0,28.5
bakery,cakes,water,bakery::cakes::water,0.0,5,0.054,disjunction,top_k,1.0,100.0,Qwen2-7B,27.0,27.0
bakery,ice cream,cakes,bakery::ice cream::cakes,1.0,5,0.974,disjunction,top_k,1.0,100.0,Qwen2-7B,3.5,8.0
bakery,ice cream,muffins,bakery::ice cream::muffins,0.5882352941176471,17,0.116,disjunction,top_k,1.0,100.0,Qwen2-7B,13.0,22.0
bakery,ice cream,pretzels,bakery::ice cream::pretzels,0.5,2,0.106,disjunction,top_k,1.0,100.0,Qwen2-7B,17.0,24.0
bakery,ice cream,sandwiches,bakery::ice cream::sandwiches,0.25,4,0.028,disjunction,top_k,1.0,100.0,Qwen2-7B,23.0,28.5
bakery,ice cream,water,bakery::ice cream::water,0.16666666666666666,6,0.058,disjunction,top_k,1.0,100.0,Qwen2-7B,24.0,26.0
bakery,muffins,cakes,bakery::muffins::cakes,1.0,5,0.992,disjunction,top_k,1.0,100.0,Qwen2-7B,3.5,4.5
bakery,muffins,ice cream,bakery::muffins::ice cream,1.0,2,0.978,disjunction,top_k,1.0,100.0,Qwen2-7B,3.5,7.0
bakery,muffins,pretzels,bakery::muffins::pretzels,0.4,5,0.49,disjunction,top_k,1.0,100.0,Qwen2-7B,21.0,16.0
bakery,muffins,sandwiches,bakery::muffins::sandwiches,0.0,2,0.17,disjunction,top_k,1.0,100.0,Qwen2-7B,27.0,21.0
bakery,muffins,water,bakery::muffins::water,0.0,5,0.348,disjunction,top_k,1.0,100.0,Qwen2-7B,27.0,18.0
bakery,pretzels,cakes,bakery::pretzels::cakes,1.0,5,0.998,disjunction,top_k,1.0,100.0,Qwen2-7B,3.5,1.5
bakery,pretzels,ice cream,bakery::pretzels::ice cream,1.0,5,0.98,disjunction,top_k,1.0,100.0,Qwen2-7B,3.5,6.0
bakery,pretzels,muffins,bakery::pretzels::muffins,1.0,3,0.518,disjunction,top_k,1.0,100.0,Qwen2-7B,3.5,15.0
bakery,pretzels,sandwiches,bakery::pretzels::sandwiches,0.4,5,0.18,disjunction,top_k,1.0,100.0,Qwen2-7B,21.0,20.0
bakery,pretzels,water,bakery::pretzels::water,0.0,4,0.356,disjunction,top_k,1.0,100.0,Qwen2-7B,27.0,17.0
bakery,sandwiches,cakes,bakery::sandwiches::cakes,1.0,3,1.0,disjunction,top_k,1.0,100.0,Qwen2-7B,3.5,0.0
bakery,sandwiches,ice cream,bakery::sandwiches::ice cream,1.0,5,0.994,disjunction,top_k,1.0,100.0,Qwen2-7B,3.5,3.0
bakery,sandwiches,muffins,bakery::sandwiches::muffins,0.6666666666666666,3,0.832,disjunction,top_k,1.0,100.0,Qwen2-7B,11.0,10.0
bakery,sandwiches,pretzels,bakery::sandwiches::pretzels,0.55,20,0.82,disjunction,top_k,1.0,100.0,Qwen2-7B,14.0,11.0
bakery,sandwiches,water,bakery::sandwiches::water,0.0,5,0.696,disjunction,top_k,1.0,100.0,Qwen2-7B,27.0,12.0
bakery,water,cakes,bakery::water::cakes,0.6666666666666666,3,0.998,disjunction,top_k,1.0,100.0,Qwen2-7B,11.0,1.5
bakery,water,ice cream,bakery::water::ice cream,0.6666666666666666,6,0.992,disjunction,top_k,1.0,100.0,Qwen2-7B,11.0,4.5
bakery,water,muffins,bakery::water::muffins,0.5,6,0.656,disjunction,top_k,1.0,100.0,Qwen2-7B,17.0,13.0
bakery,water,pretzels,bakery::water::pretzels,0.5384615384615384,13,0.648,disjunction,top_k,1.0,100.0,Qwen2-7B,15.0,14.0
bakery,water,sandwiches,bakery::water::sandwiches,0.42857142857142855,21,0.306,disjunction,top_k,1.0,100.0,Qwen2-7B,19.0,19.0
beach,bikini,coat,beach::bikini::coat,0.3333333333333333,3,0.086,disjunction,top_k,2.0,100.0,Qwen2-7B,21.0,27.0
beach,bikini,jacket,beach::bikini::jacket,0.25,4,0.228,disjunction,top_k,2.0,100.0,Qwen2-7B,23.0,23.0
beach,bikini,jeans,beach::bikini::jeans,0.5,6,0.764,disjunction,top_k,2.0,100.0,Qwen2-7B,17.0,12.0
beach,bikini,shorts,beach::bikini::shorts,0.7,20,1.0,disjunction,top_k,2.0,100.0,Qwen2-7B,10.0,2.0
beach,bikini,sunglasses,beach::bikini::sunglasses,0.16666666666666666,18,0.522,disjunction,top_k,2.0,100.0,Qwen2-7B,25.0,18.0
beach,coat,bikini,beach::coat::bikini,1.0,6,0.96,disjunction,top_k,2.0,100.0,Qwen2-7B,3.0,5.0
beach,coat,jacket,beach::coat::jacket,0.5454545454545454,11,0.758,disjunction,top_k,2.0,100.0,Qwen2-7B,14.0,13.0
beach,coat,jeans,beach::coat::jeans,0.5,16,0.952,disjunction,top_k,2.0,100.0,Qwen2-7B,17.0,6.0
beach,coat,shorts,beach::coat::shorts,1.0,5,1.0,disjunction,top_k,2.0,100.0,Qwen2-7B,3.0,2.0
beach,coat,sunglasses,beach::coat::sunglasses,0.0,3,0.914,disjunction,top_k,2.0,100.0,Qwen2-7B,28.0,7.0
beach,jacket,bikini,beach::jacket::bikini,1.0,2,0.894,disjunction,top_k,2.0,100.0,Qwen2-7B,3.0,9.0
beach,jacket,coat,beach::jacket::coat,1.0,3,0.252,disjunction,top_k,2.0,100.0,Qwen2-7B,3.0,22.0
beach,jacket,jeans,beach::jacket::jeans,0.45,20,0.908,disjunction,top_k,2.0,100.0,Qwen2-7B,20.0,8.0
beach,jacket,shorts,beach::jacket::shorts,0.6,5,1.0,disjunction,top_k,2.0,100.0,Qwen2-7B,12.0,2.0
beach,jacket,sunglasses,beach::jacket::sunglasses,0.5,4,0.8,disjunction,top_k,2.0,100.0,Qwen2-7B,17.0,10.0
beach,jeans,bikini,beach::jeans::bikini,1.0,5,0.66,disjunction,top_k,2.0,100.0,Qwen2-7B,3.0,16.0
beach,jeans,coat,beach::jeans::coat,0.6,5,0.084,disjunction,top_k,2.0,100.0,Qwen2-7B,12.0,28.0
beach,jeans,jacket,beach::jeans::jacket,0.0,6,0.224,disjunction,top_k,2.0,100.0,Qwen2-7B,28.0,24.0
beach,jeans,shorts,beach::jeans::shorts,1.0,5,1.0,disjunction,top_k,2.0,100.0,Qwen2-7B,3.0,2.0
beach,jeans,sunglasses,beach::jeans::sunglasses,0.25,4,0.506,disjunction,top_k,2.0,100.0,Qwen2-7B,23.0,19.0
beach,shorts,bikini,beach::shorts::bikini,0.75,4,0.616,disjunction,top_k,2.0,100.0,Qwen2-7B,8.5,17.0
beach,shorts,coat,beach::shorts::coat,0.75,4,0.07,disjunction,top_k,2.0,100.0,Qwen2-7B,8.5,29.0
beach,shorts,jacket,beach::shorts::jacket,0.25,4,0.182,disjunction,top_k,2.0,100.0,Qwen2-7B,23.0,25.0
beach,shorts,jeans,beach::shorts::jeans,0.6,5,0.688,disjunction,top_k,2.0,100.0,Qwen2-7B,12.0,15.0
beach,shorts,sunglasses,beach::shorts::sunglasses,0.15,20,0.432,disjunction,top_k,2.0,100.0,Qwen2-7B,26.0,20.0
beach,sunglasses,bikini,beach::sunglasses::bikini,1.0,5,0.744,disjunction,top_k,2.0,100.0,Qwen2-7B,3.0,14.0
beach,sunglasses,coat,beach::sunglasses::coat,0.0,5,0.12,disjunction,top_k,2.0,100.0,Qwen2-7B,28.0,26.0
beach,sunglasses,jacket,beach::sunglasses::jacket,0.8,5,0.274,disjunction,top_k,2.0,100.0,Qwen2-7B,7.0,21.0
beach,sunglasses,jeans,beach::sunglasses::jeans,0.5,6,0.79,disjunction,top_k,2.0,100.0,Qwen2-7B,17.0,11.0
beach,sunglasses,shorts,beach::sunglasses::shorts,0.5,4,1.0,disjunction,top_k,2.0,100.0,Qwen2-7B,17.0,2.0
cold,blankets,fridge,cold::blankets::fridge,0.0,4,0.914,disjunction,top_k,3.0,100.0,Qwen2-7B,24.5,8.0
cold,blankets,heater,cold::blankets::heater,1.0,2,1.0,disjunction,top_k,3.0,100.0,Qwen2-7B,1.0,2.0
cold,blankets,microwave,cold::blankets::microwave,0.0,5,0.996,disjunction,top_k,3.0,100.0,Qwen2-7B,24.5,5.0
cold,blankets,sink,cold::blankets::sink,0.0,4,0.852,disjunction,top_k,3.0,100.0,Qwen2-7B,24.5,11.0
cold,blankets,tea,cold::blankets::tea,0.2,20,0.634,disjunction,top_k,3.0,100.0,Qwen2-7B,17.0,14.0
cold,fridge,blankets,cold::fridge::blankets,0.3333333333333333,3,0.086,disjunction,top_k,3.0,100.0,Qwen2-7B,12.5,22.0
cold,fridge,heater,cold::fridge::heater,0.8,5,1.0,disjunction,top_k,3.0,100.0,Qwen2-7B,4.0,2.0
cold,fridge,microwave,cold::fridge::microwave,0.6923076923076923,13,0.862,disjunction,top_k,3.0,100.0,Qwen2-7B,5.0,10.0
cold,fridge,sink,cold::fridge::sink,0.23809523809523808,21,0.334,disjunction,top_k,3.0,100.0,Qwen2-7B,15.0,16.0
cold,fridge,tea,cold::fridge::tea,0.5,6,0.09,disjunction,top_k,3.0,100.0,Qwen2-7B,10.0,21.0
cold,heater,blankets,cold::heater::blankets,0.8333333333333334,18,0.002,disjunction,top_k,3.0,100.0,Qwen2-7B,3.0,29.0
cold,heater,fridge,cold::heater::fridge,0.0,4,0.018,disjunction,top_k,3.0,100.0,Qwen2-7B,24.5,24.5
cold,heater,microwave,cold::heater::microwave,0.2,5,0.142,disjunction,top_k,3.0,100.0,Qwen2-7B,17.0,19.0
cold,heater,sink,cold::heater::sink,0.0,5,0.008,disjunction,top_k,3.0,100.0,Qwen2-7B,24.5,26.0
cold,heater,tea,cold::heater::tea,0.125,16,0.004,disjunction,top_k,3.0,100.0,Qwen2-7B,19.0,27.5
cold,microwave,blankets,cold::microwave::blankets,0.6,5,0.004,disjunction,top_k,3.0,100.0,Qwen2-7B,6.5,27.5
cold,microwave,fridge,cold::microwave::fridge,0.5,4,0.138,disjunction,top_k,3.0,100.0,Qwen2-7B,10.0,20.0
cold,microwave,heater,cold::microwave::heater,1.0,5,1.0,disjunction,top_k,3.0,100.0,Qwen2-7B,1.0,2.0
cold,microwave,sink,cold::microwave::sink,0.0,4,0.066,disjunction,top_k,3.0,100.0,Qwen2-7B,24.5,23.0
cold,microwave,tea,cold::microwave::tea,0.2,5,0.018,disjunction,top_k,3.0,100.0,Qwen2-7B,17.0,24.5
cold,sink,blankets,cold::sink::blankets,0.3333333333333333,3,0.148,disjunction,top_k,3.0,100.0,Qwen2-7B,12.5,18.0
cold,sink,fridge,cold::sink::fridge,0.25,4,0.666,disjunction,top_k,3.0,100.0,Qwen2-7B,14.0,13.0
cold,sink,heater,cold::sink::heater,1.0,4,1.0,disjunction,top_k,3.0,100.0,Qwen2-7B,1.0,2.0
cold,sink,microwave,cold::sink::microwave,0.5294117647058824,17,0.936,disjunction,top_k,3.0,100.0,Qwen2-7B,8.0,7.0
cold,sink,tea,cold::sink::tea,0.0,5,0.162,disjunction,top_k,3.0,100.0,Qwen2-7B,24.5,17.0
cold,tea,blankets,cold::tea::blankets,0.6,5,0.366,disjunction,top_k,3.0,100.0,Qwen2-7B,6.5,15.0
cold,tea,fridge,cold::tea::fridge,0.0,6,0.91,disjunction,top_k,3.0,100.0,Qwen2-7B,24.5,9.0
cold,tea,heater,cold::tea::heater,0.5,6,1.0,disjunction,top_k,3.0,100.0,Qwen2-7B,10.0,2.0
cold,tea,microwave,cold::tea::microwave,0.0,5,0.982,disjunction,top_k,3.0,100.0,Qwen2-7B,24.5,6.0
cold,tea,sink,cold::tea::sink,0.0,4,0.838,disjunction,top_k,3.0,100.0,Qwen2-7B,24.5,12.0
cut,batteries,keys,cut::batteries::keys,0.16666666666666666,6,0.942,disjunction,top_k,4.0,100.0,Qwen2-7B,20.5,10.0
cut,batteries,nail clippers,cut::batteries::nail clippers,0.8,5,0.98,disjunction,top_k,4.0,100.0,Qwen2-7B,4.5,8.0
cut,batteries,scissors,cut::batteries::scissors,0.8,5,1.0,disjunction,top_k,4.0,100.0,Qwen2-7B,4.5,3.0
cut,batteries,stapler,cut::batteries::stapler,0.4444444444444444,18,0.904,disjunction,top_k,4.0,100.0,Qwen2-7B,12.0,11.0
cut,batteries,thumb tacks,cut::batteries::thumb tacks,0.38095238095238093,21,0.026,disjunction,top_k,4.0,100.0,Qwen2-7B,13.0,24.0
cut,keys,batteries,cut::keys::batteries,0.25,4,0.06,disjunction,top_k,4.0,100.0,Qwen2-7B,16.0,22.0
cut,keys,nail clippers,cut::keys::nail clippers,0.8,5,0.738,disjunction,top_k,4.0,100.0,Qwen2-7B,4.5,13.0
cut,keys,scissors,cut::keys::scissors,1.0,5,1.0,disjunction,top_k,4.0,100.0,Qwen2-7B,1.0,3.0
cut,keys,stapler,cut::keys::stapler,0.2,5,0.378,disjunction,top_k,4.0,100.0,Qwen2-7B,18.0,17.0
cut,keys,thumb tacks,cut::keys::thumb tacks,0.2,5,0.0,disjunction,top_k,4.0,100.0,Qwen2-7B,18.0,28.0
cut,nail clippers,batteries,cut::nail clippers::batteries,0.0,5,0.034,disjunction,top_k,4.0,100.0,Qwen2-7B,26.5,23.0
cut,nail clippers,keys,cut::nail clippers::keys,0.3125,16,0.394,disjunction,top_k,4.0,100.0,Qwen2-7B,15.0,16.0
cut,nail clippers,scissors,cut::nail clippers::scissors,1.0,4,1.0,disjunction,top_k,4.0,100.0,Qwen2-7B,1.0,3.0
cut,nail clippers,stapler,cut::nail clippers::stapler,0.5,2,0.218,disjunction,top_k,4.0,100.0,Qwen2-7B,11.0,19.0
cut,nail clippers,thumb tacks,cut::nail clippers::thumb tacks,0.6666666666666666,3,0.002,disjunction,top_k,4.0,100.0,Qwen2-7B,7.5,26.0
cut,scissors,batteries,cut::scissors::batteries,0.0,4,0.02,disjunction,top_k,4.0,100.0,Qwen2-7B,26.5,25.0
cut,scissors,keys,cut::scissors::keys,0.15,20,0.284,disjunction,top_k,4.0,100.0,Qwen2-7B,22.0,18.0
cut,scissors,nail clippers,cut::scissors::nail clippers,0.6363636363636364,11,0.564,disjunction,top_k,4.0,100.0,Qwen2-7B,9.0,15.0
cut,scissors,stapler,cut::scissors::stapler,0.16666666666666666,6,0.166,disjunction,top_k,4.0,100.0,Qwen2-7B,20.5,20.0
cut,scissors,thumb tacks,cut::scissors::thumb tacks,0.0,4,0.0,disjunction,top_k,4.0,100.0,Qwen2-7B,26.5,28.0
cut,stapler,batteries,cut::stapler::batteries,0.0,5,0.102,disjunction,top_k,4.0,100.0,Qwen2-7B,26.5,21.0
cut,stapler,keys,cut::stapler::keys,0.2,5,0.672,disjunction,top_k,4.0,100.0,Qwen2-7B,18.0,14.0
cut,stapler,nail clippers,cut::stapler::nail clippers,0.6666666666666666,6,0.888,disjunction,top_k,4.0,100.0,Qwen2-7B,7.5,12.0
cut,stapler,scissors,cut::stapler::scissors,1.0,4,1.0,disjunction,top_k,4.0,100.0,Qwen2-7B,1.0,3.0
cut,stapler,thumb tacks,cut::stapler::thumb tacks,0.11764705882352941,17,0.0,disjunction,top_k,4.0,100.0,Qwen2-7B,23.0,28.0
cut,thumb tacks,batteries,cut::thumb tacks::batteries,0.0,4,0.974,disjunction,top_k,4.0,100.0,Qwen2-7B,26.5,9.0
cut,thumb tacks,keys,cut::thumb tacks::keys,0.3333333333333333,3,1.0,disjunction,top_k,4.0,100.0,Qwen2-7B,14.0,3.0
cut,thumb tacks,nail clippers,cut::thumb tacks::nail clippers,0.6,5,0.998,disjunction,top_k,4.0,100.0,Qwen2-7B,10.0,7.0
cut,thumb tacks,scissors,cut::thumb tacks::scissors,0.8,5,1.0,disjunction,top_k,4.0,100.0,Qwen2-7B,4.5,3.0
cut,thumb tacks,stapler,cut::thumb tacks::stapler,0.0,5,1.0,disjunction,top_k,4.0,100.0,Qwen2-7B,26.5,3.0
fridge,juice,ketchup,fridge::juice::ketchup,0.3333333333333333,6,0.008,disjunction,top_k,5.0,100.0,Qwen2-7B,17.0,27.5
fridge,juice,meat,fridge::juice::meat,0.0,3,0.016,disjunction,top_k,5.0,100.0,Qwen2-7B,25.5,24.0
fridge,juice,milk,fridge::juice::milk,1.0,15,0.94,disjunction,top_k,5.0,100.0,Qwen2-7B,5.0,11.0
fridge,juice,water,fridge::juice::water,1.0,6,1.0,disjunction,top_k,5.0,100.0,Qwen2-7B,5.0,2.5
fridge,juice,yogurt,fridge::juice::yogurt,0.0,5,0.05,disjunction,top_k,5.0,100.0,Qwen2-7B,25.5,21.0
fridge,ketchup,juice,fridge::ketchup::juice,1.0,5,0.996,disjunction,top_k,5.0,100.0,Qwen2-7B,5.0,8.0
fridge,ketchup,meat,fridge::ketchup::meat,0.0,4,0.746,disjunction,top_k,5.0,100.0,Qwen2-7B,25.5,14.0
fridge,ketchup,milk,fridge::ketchup::milk,1.0,5,0.998,disjunction,top_k,5.0,100.0,Qwen2-7B,5.0,6.5
fridge,ketchup,water,fridge::ketchup::water,1.0,2,1.0,disjunction,top_k,5.0,100.0,Qwen2-7B,5.0,2.5
fridge,ketchup,yogurt,fridge::ketchup::yogurt,0.2222222222222222,18,0.852,disjunction,top_k,5.0,100.0,Qwen2-7B,18.0,13.0
fridge,meat,juice,fridge::meat::juice,1.0,5,0.992,disjunction,top_k,5.0,100.0,Qwen2-7B,5.0,9.0
fridge,meat,ketchup,fridge::meat::ketchup,0.16666666666666666,18,0.254,disjunction,top_k,5.0,100.0,Qwen2-7B,21.0,19.0
fridge,meat,milk,fridge::meat::milk,0.6666666666666666,3,1.0,disjunction,top_k,5.0,100.0,Qwen2-7B,14.0,2.5
fridge,meat,water,fridge::meat::water,1.0,2,1.0,disjunction,top_k,5.0,100.0,Qwen2-7B,5.0,2.5
fridge,meat,yogurt,fridge::meat::yogurt,0.625,16,0.706,disjunction,top_k,5.0,100.0,Qwen2-7B,15.0,17.0
fridge,milk,juice,fridge::milk::juice,1.0,5,0.732,disjunction,top_k,5.0,100.0,Qwen2-7B,5.0,15.0
fridge,milk,ketchup,fridge::milk::ketchup,0.0,5,0.008,disjunction,top_k,5.0,100.0,Qwen2-7B,25.5,27.5
fridge,milk,meat,fridge::milk::meat,0.0,6,0.01,disjunction,top_k,5.0,100.0,Qwen2-7B,25.5,25.5
fridge,milk,water,fridge::milk::water,0.8333333333333334,6,1.0,disjunction,top_k,5.0,100.0,Qwen2-7B,12.0,2.5
fridge,milk,yogurt,fridge::milk::yogurt,0.2,5,0.04,disjunction,top_k,5.0,100.0,Qwen2-7B,19.5,22.0
fridge,water,juice,fridge::water::juice,1.0,22,0.726,disjunction,top_k,5.0,100.0,Qwen2-7B,5.0,16.0
fridge,water,ketchup,fridge::water::ketchup,0.0,4,0.006,disjunction,top_k,5.0,100.0,Qwen2-7B,25.5,29.0
fridge,water,meat,fridge::water::meat,0.0,3,0.01,disjunction,top_k,5.0,100.0,Qwen2-7B,25.5,25.5
fridge,water,milk,fridge::water::milk,0.9444444444444444,18,0.916,disjunction,top_k,5.0,100.0,Qwen2-7B,11.0,12.0
fridge,water,yogurt,fridge::water::yogurt,0.0,5,0.038,disjunction,top_k,5.0,100.0,Qwen2-7B,25.5,23.0
fridge,yogurt,juice,fridge::yogurt::juice,1.0,5,0.976,disjunction,top_k,5.0,100.0,Qwen2-7B,5.0,10.0
fridge,yogurt,ketchup,fridge::yogurt::ketchup,0.2,5,0.148,disjunction,top_k,5.0,100.0,Qwen2-7B,19.5,20.0
fridge,yogurt,meat,fridge::yogurt::meat,0.4,5,0.294,disjunction,top_k,5.0,100.0,Qwen2-7B,16.0,18.0
fridge,yogurt,milk,fridge::yogurt::milk,0.75,4,0.998,disjunction,top_k,5.0,100.0,Qwen2-7B,13.0,6.5
fridge,yogurt,water,fridge::yogurt::water,1.0,2,1.0,disjunction,top_k,5.0,100.0,Qwen2-7B,5.0,2.5
gym,basketball,lacrosse,gym::basketball::lacrosse,0.9333333333333333,15,0.234,disjunction,top_k,6.0,100.0,Qwen2-7B,11.0,23.5
gym,basketball,meditation,gym::basketball::meditation,0.0,2,0.006,disjunction,top_k,6.0,100.0,Qwen2-7B,28.0,28.5
gym,basketball,softball,gym::basketball::softball,0.9,20,1.0,disjunction,top_k,6.0,100.0,Qwen2-7B,12.0,4.5
gym,basketball,swimming,gym::basketball::swimming,0.4,5,0.424,disjunction,top_k,6.0,100.0,Qwen2-7B,23.5,19.5
gym,basketball,weightlifting,gym::basketball::weightlifting,0.8,5,0.462,disjunction,top_k,6.0,100.0,Qwen2-7B,15.5,17.5
gym,lacrosse,basketball,gym::lacrosse::basketball,1.0,4,1.0,disjunction,top_k,6.0,100.0,Qwen2-7B,4.5,4.5
gym,lacrosse,meditation,gym::lacrosse::meditation,0.0,2,0.022,disjunction,top_k,6.0,100.0,Qwen2-7B,28.0,25.0
gym,lacrosse,softball,gym::lacrosse::softball,1.0,3,1.0,disjunction,top_k,6.0,100.0,Qwen2-7B,4.5,4.5
gym,lacrosse,swimming,gym::lacrosse::swimming,0.3333333333333333,3,0.716,disjunction,top_k,6.0,100.0,Qwen2-7B,25.5,14.0
gym,lacrosse,weightlifting,gym::lacrosse::weightlifting,0.6666666666666666,3,0.752,disjunction,top_k,6.0,100.0,Qwen2-7B,20.0,13.0
gym,meditation,basketball,gym::meditation::basketball,0.75,4,1.0,disjunction,top_k,6.0,100.0,Qwen2-7B,18.5,4.5
gym,meditation,lacrosse,gym::meditation::lacrosse,1.0,4,0.98,disjunction,top_k,6.0,100.0,Qwen2-7B,4.5,12.0
gym,meditation,softball,gym::meditation::softball,1.0,4,1.0,disjunction,top_k,6.0,100.0,Qwen2-7B,4.5,4.5
gym,meditation,swimming,gym::meditation::swimming,0.7894736842105263,19,0.992,disjunction,top_k,6.0,100.0,Qwen2-7B,17.0,10.5
gym,meditation,weightlifting,gym::meditation::weightlifting,0.55,20,0.992,disjunction,top_k,6.0,100.0,Qwen2-7B,22.0,10.5
gym,softball,basketball,gym::softball::basketball,1.0,6,1.0,disjunction,top_k,6.0,100.0,Qwen2-7B,4.5,4.5
gym,softball,lacrosse,gym::softball::lacrosse,0.9473684210526315,19,0.234,disjunction,top_k,6.0,100.0,Qwen2-7B,10.0,23.5
gym,softball,meditation,gym::softball::meditation,0.6,5,0.006,disjunction,top_k,6.0,100.0,Qwen2-7B,21.0,28.5
gym,softball,swimming,gym::softball::swimming,0.8,5,0.424,disjunction,top_k,6.0,100.0,Qwen2-7B,15.5,19.5
gym,softball,weightlifting,gym::softball::weightlifting,0.3333333333333333,3,0.462,disjunction,top_k,6.0,100.0,Qwen2-7B,25.5,17.5
gym,swimming,basketball,gym::swimming::basketball,1.0,5,1.0,disjunction,top_k,6.0,100.0,Qwen2-7B,4.5,4.5
gym,swimming,lacrosse,gym::swimming::lacrosse,1.0,4,0.376,disjunction,top_k,6.0,100.0,Qwen2-7B,4.5,21.0
gym,swimming,meditation,gym::swimming::meditation,0.0,5,0.008,disjunction,top_k,6.0,100.0,Qwen2-7B,28.0,27.0
gym,swimming,softball,gym::swimming::softball,0.75,4,1.0,disjunction,top_k,6.0,100.0,Qwen2-7B,18.5,4.5
gym,swimming,weightlifting,gym::swimming::weightlifting,0.4,5,0.618,disjunction,top_k,6.0,100.0,Qwen2-7B,23.5,15.0
gym,weightlifting,basketball,gym::weightlifting::basketball,1.0,5,1.0,disjunction,top_k,6.0,100.0,Qwen2-7B,4.5,4.5
gym,weightlifting,lacrosse,gym::weightlifting::lacrosse,1.0,6,0.36,disjunction,top_k,6.0,100.0,Qwen2-7B,4.5,22.0
gym,weightlifting,meditation,gym::weightlifting::meditation,1.0,2,0.014,disjunction,top_k,6.0,100.0,Qwen2-7B,4.5,26.0
gym,weightlifting,softball,gym::weightlifting::softball,0.8333333333333334,6,1.0,disjunction,top_k,6.0,100.0,Qwen2-7B,14.0,4.5
gym,weightlifting,swimming,gym::weightlifting::swimming,0.85,20,0.566,disjunction,top_k,6.0,100.0,Qwen2-7B,13.0,16.0
hot,blankets,couch,hot::blankets::couch,0.0,12,0.856,disjunction,top_k,7.0,100.0,Qwen2-7B,23.5,12.0
hot,blankets,fan,hot::blankets::fan,0.2,5,1.0,disjunction,top_k,7.0,100.0,Qwen2-7B,14.0,1.5
hot,blankets,heater,hot::blankets::heater,0.75,4,0.998,disjunction,top_k,7.0,100.0,Qwen2-7B,4.0,4.5
hot,blankets,pool,hot::blankets::pool,0.0,5,0.966,disjunction,top_k,7.0,100.0,Qwen2-7B,23.5,9.5
hot,blankets,shower,hot::blankets::shower,0.2,5,0.966,disjunction,top_k,7.0,100.0,Qwen2-7B,14.0,9.5
hot,couch,blankets,hot::couch::blankets,0.2,5,0.144,disjunction,top_k,7.0,100.0,Qwen2-7B,14.0,18.0
hot,couch,fan,hot::couch::fan,0.0,3,1.0,disjunction,top_k,7.0,100.0,Qwen2-7B,23.5,1.5
hot,couch,heater,hot::couch::heater,0.0,3,0.988,disjunction,top_k,7.0,100.0,Qwen2-7B,23.5,7.0
hot,couch,pool,hot::couch::pool,0.5,6,0.872,disjunction,top_k,7.0,100.0,Qwen2-7B,6.0,11.0
hot,couch,shower,hot::couch::shower,1.0,2,0.842,disjunction,top_k,7.0,100.0,Qwen2-7B,1.0,13.0
hot,fan,blankets,hot::fan::blankets,0.0,4,0.0,disjunction,top_k,7.0,100.0,Qwen2-7B,23.5,29.0
hot,fan,couch,hot::fan::couch,0.0,4,0.012,disjunction,top_k,7.0,100.0,Qwen2-7B,23.5,27.0
hot,fan,heater,hot::fan::heater,0.16666666666666666,6,0.806,disjunction,top_k,7.0,100.0,Qwen2-7B,16.0,14.0
hot,fan,pool,hot::fan::pool,0.55,20,0.046,disjunction,top_k,7.0,100.0,Qwen2-7B,5.0,21.0
hot,fan,shower,hot::fan::shower,0.05,20,0.036,disjunction,top_k,7.0,100.0,Qwen2-7B,17.0,23.0
hot,heater,blankets,hot::heater::blankets,0.23076923076923078,13,0.002,disjunction,top_k,7.0,100.0,Qwen2-7B,12.0,28.0
hot,heater,couch,hot::heater::couch,0.0,20,0.016,disjunction,top_k,7.0,100.0,Qwen2-7B,23.5,26.0
hot,heater,fan,hot::heater::fan,1.0,5,0.998,disjunction,top_k,7.0,100.0,Qwen2-7B,1.0,4.5
hot,heater,pool,hot::heater::pool,0.25,4,0.054,disjunction,top_k,7.0,100.0,Qwen2-7B,10.5,20.0
hot,heater,shower,hot::heater::shower,0.0,5,0.04,disjunction,top_k,7.0,100.0,Qwen2-7B,23.5,22.0
hot,pool,blankets,hot::pool::blankets,0.4,5,0.034,disjunction,top_k,7.0,100.0,Qwen2-7B,7.0,24.5
hot,pool,couch,hot::pool::couch,0.0,4,0.128,disjunction,top_k,7.0,100.0,Qwen2-7B,23.5,19.0
hot,pool,fan,hot::pool::fan,0.25,4,1.0,disjunction,top_k,7.0,100.0,Qwen2-7B,10.5,1.5
hot,pool,heater,hot::pool::heater,0.0,4,0.982,disjunction,top_k,7.0,100.0,Qwen2-7B,23.5,8.0
hot,pool,shower,hot::pool::shower,0.2631578947368421,19,0.41,disjunction,top_k,7.0,100.0,Qwen2-7B,9.0,16.0
hot,shower,blankets,hot::shower::blankets,0.0,4,0.034,disjunction,top_k,7.0,100.0,Qwen2-7B,23.5,24.5
hot,shower,couch,hot::shower::couch,0.0,6,0.16,disjunction,top_k,7.0,100.0,Qwen2-7B,23.5,17.0
hot,shower,fan,hot::shower::fan,0.8,5,1.0,disjunction,top_k,7.0,100.0,Qwen2-7B,3.0,1.5
hot,shower,heater,hot::shower::heater,0.3333333333333333,6,0.99,disjunction,top_k,7.0,100.0,Qwen2-7B,8.0,6.0
hot,shower,pool,hot::shower::pool,1.0,5,0.59,disjunction,top_k,7.0,100.0,Qwen2-7B,1.0,15.0
mall,burger joint,coffee shop,mall::burger joint::coffee shop,0.625,16,0.852,disjunction,top_k,8.0,100.0,Qwen2-7B,15.0,12.0
mall,burger joint,electronics store,mall::burger joint::electronics store,0.0,6,0.0,disjunction,top_k,8.0,100.0,Qwen2-7B,27.0,25.5
mall,burger joint,gift shop,mall::burger joint::gift shop,0.16666666666666666,6,0.0,disjunction,top_k,8.0,100.0,Qwen2-7B,24.0,25.5
mall,burger joint,grocery store,mall::burger joint::grocery store,0.8,5,0.534,disjunction,top_k,8.0,100.0,Qwen2-7B,11.0,15.0
mall,burger joint,pretzel stand,mall::burger joint::pretzel stand,0.8421052631578947,19,0.0,disjunction,top_k,8.0,100.0,Qwen2-7B,7.5,25.5
mall,coffee shop,burger joint,mall::coffee shop::burger joint,0.5,2,0.396,disjunction,top_k,8.0,100.0,Qwen2-7B,20.0,16.0
mall,coffee shop,electronics store,mall::coffee shop::electronics store,0.4,5,0.0,disjunction,top_k,8.0,100.0,Qwen2-7B,22.0,25.5
mall,coffee shop,gift shop,mall::coffee shop::gift shop,0.0,4,0.0,disjunction,top_k,8.0,100.0,Qwen2-7B,27.0,25.5
mall,coffee shop,grocery store,mall::coffee shop::grocery store,0.6,5,0.37,disjunction,top_k,8.0,100.0,Qwen2-7B,17.0,17.0
mall,coffee shop,pretzel stand,mall::coffee shop::pretzel stand,1.0,5,0.0,disjunction,top_k,8.0,100.0,Qwen2-7B,2.5,25.5
mall,electronics store,burger joint,mall::electronics store::burger joint,1.0,5,1.0,disjunction,top_k,8.0,100.0,Qwen2-7B,2.5,3.5
mall,electronics store,coffee shop,mall::electronics store::coffee shop,0.8,5,1.0,disjunction,top_k,8.0,100.0,Qwen2-7B,11.0,3.5
mall,electronics store,gift shop,mall::electronics store::gift shop,0.6,20,0.978,disjunction,top_k,8.0,100.0,Qwen2-7B,17.0,9.0
mall,electronics store,grocery store,mall::electronics store::grocery store,0.8421052631578947,19,1.0,disjunction,top_k,8.0,100.0,Qwen2-7B,7.5,3.5
mall,electronics store,pretzel stand,mall::electronics store::pretzel stand,0.6666666666666666,3,0.798,disjunction,top_k,8.0,100.0,Qwen2-7B,14.0,13.0
mall,gift shop,burger joint,mall::gift shop::burger joint,1.0,3,1.0,disjunction,top_k,8.0,100.0,Qwen2-7B,2.5,3.5
mall,gift shop,coffee shop,mall::gift shop::coffee shop,0.5,2,1.0,disjunction,top_k,8.0,100.0,Qwen2-7B,20.0,3.5
mall,gift shop,electronics store,mall::gift shop::electronics store,0.5,4,0.022,disjunction,top_k,8.0,100.0,Qwen2-7B,20.0,20.0
mall,gift shop,grocery store,mall::gift shop::grocery store,0.8666666666666667,15,0.998,disjunction,top_k,8.0,100.0,Qwen2-7B,6.0,8.0
mall,gift shop,pretzel stand,mall::gift shop::pretzel stand,1.0,3,0.05,disjunction,top_k,8.0,100.0,Qwen2-7B,2.5,19.0
mall,grocery store,burger joint,mall::grocery store::burger joint,1.0,5,0.57,disjunction,top_k,8.0,100.0,Qwen2-7B,2.5,14.0
mall,grocery store,coffee shop,mall::grocery store::coffee shop,0.8,5,0.874,disjunction,top_k,8.0,100.0,Qwen2-7B,11.0,11.0
mall,grocery store,electronics store,mall::grocery store::electronics store,0.0,3,0.0,disjunction,top_k,8.0,100.0,Qwen2-7B,27.0,25.5
mall,grocery store,gift shop,mall::grocery store::gift shop,0.2,5,0.002,disjunction,top_k,8.0,100.0,Qwen2-7B,23.0,21.0
mall,grocery store,pretzel stand,mall::grocery store::pretzel stand,0.8,5,0.0,disjunction,top_k,8.0,100.0,Qwen2-7B,11.0,25.5
mall,pretzel stand,burger joint,mall::pretzel stand::burger joint,1.0,2,1.0,disjunction,top_k,8.0,100.0,Qwen2-7B,2.5,3.5
mall,pretzel stand,coffee shop,mall::pretzel stand::coffee shop,0.8,20,1.0,disjunction,top_k,8.0,100.0,Qwen2-7B,11.0,3.5
mall,pretzel stand,electronics store,mall::pretzel stand::electronics store,0.0,5,0.202,disjunction,top_k,8.0,100.0,Qwen2-7B,27.0,18.0
mall,pretzel stand,gift shop,mall::pretzel stand::gift shop,0.0,6,0.95,disjunction,top_k,8.0,100.0,Qwen2-7B,27.0,10.0
mall,pretzel stand,grocery store,mall::pretzel stand::grocery store,0.6,5,1.0,disjunction,top_k,8.0,100.0,Qwen2-7B,17.0,3.5
mask,bandana,candy,mask::bandana::candy,0.0,4,0.04,disjunction,top_k,9.0,100.0,Qwen2-7B,27.0,25.0
mask,bandana,gloves,mask::bandana::gloves,0.5,2,0.168,disjunction,top_k,9.0,100.0,Qwen2-7B,11.0,20.0
mask,bandana,handkerchief,mask::bandana::handkerchief,0.6153846153846154,13,0.358,disjunction,top_k,9.0,100.0,Qwen2-7B,6.0,16.0
mask,bandana,napkins,mask::bandana::napkins,0.16666666666666666,12,0.004,disjunction,top_k,9.0,100.0,Qwen2-7B,23.0,29.0
mask,bandana,wallet,mask::bandana::wallet,0.4,5,0.154,disjunction,top_k,9.0,100.0,Qwen2-7B,15.0,22.0
mask,candy,bandana,mask::candy::bandana,0.8,5,0.96,disjunction,top_k,9.0,100.0,Qwen2-7B,2.5,4.0
mask,candy,gloves,mask::candy::gloves,0.0625,16,0.842,disjunction,top_k,9.0,100.0,Qwen2-7B,24.0,8.0
mask,candy,handkerchief,mask::candy::handkerchief,0.6666666666666666,6,0.938,disjunction,top_k,9.0,100.0,Qwen2-7B,4.0,5.0
mask,candy,napkins,mask::candy::napkins,0.5,4,0.074,disjunction,top_k,9.0,100.0,Qwen2-7B,11.0,23.0
mask,candy,wallet,mask::candy::wallet,0.2,20,0.802,disjunction,top_k,9.0,100.0,Qwen2-7B,20.0,10.0
mask,gloves,bandana,mask::gloves::bandana,0.5,6,0.834,disjunction,top_k,9.0,100.0,Qwen2-7B,11.0,9.0
mask,gloves,candy,mask::gloves::candy,0.2,5,0.158,disjunction,top_k,9.0,100.0,Qwen2-7B,20.0,21.0
mask,gloves,handkerchief,mask::gloves::handkerchief,0.4,5,0.724,disjunction,top_k,9.0,100.0,Qwen2-7B,15.0,12.0
mask,gloves,napkins,mask::gloves::napkins,0.5,4,0.014,disjunction,top_k,9.0,100.0,Qwen2-7B,11.0,26.0
mask,gloves,wallet,mask::gloves::wallet,0.0,3,0.448,disjunction,top_k,9.0,100.0,Qwen2-7B,27.0,15.0
mask,handkerchief,bandana,mask::handkerchief::bandana,1.0,3,0.652,disjunction,top_k,9.0,100.0,Qwen2-7B,0.5,13.0
mask,handkerchief,candy,mask::handkerchief::candy,0.0,6,0.062,disjunction,top_k,9.0,100.0,Qwen2-7B,27.0,24.0
mask,handkerchief,gloves,mask::handkerchief::gloves,0.4,5,0.28,disjunction,top_k,9.0,100.0,Qwen2-7B,15.0,17.0
mask,handkerchief,napkins,mask::handkerchief::napkins,0.3,20,0.006,disjunction,top_k,9.0,100.0,Qwen2-7B,17.0,28.0
mask,handkerchief,wallet,mask::handkerchief::wallet,0.0,5,0.214,disjunction,top_k,9.0,100.0,Qwen2-7B,27.0,18.0
mask,napkins,bandana,mask::napkins::bandana,1.0,5,0.996,disjunction,top_k,9.0,100.0,Qwen2-7B,0.5,0.0
mask,napkins,candy,mask::napkins::candy,0.2,5,0.926,disjunction,top_k,9.0,100.0,Qwen2-7B,20.0,6.0
mask,napkins,gloves,mask::napkins::gloves,0.2,5,0.986,disjunction,top_k,9.0,100.0,Qwen2-7B,20.0,3.0
mask,napkins,handkerchief,mask::napkins::handkerchief,0.6,5,0.994,disjunction,top_k,9.0,100.0,Qwen2-7B,7.5,1.0
mask,napkins,wallet,mask::napkins::wallet,0.0,4,0.988,disjunction,top_k,9.0,100.0,Qwen2-7B,27.0,2.0
mask,wallet,bandana,mask::wallet::bandana,0.8,5,0.848,disjunction,top_k,9.0,100.0,Qwen2-7B,2.5,7.0
mask,wallet,candy,mask::wallet::candy,0.2,5,0.198,disjunction,top_k,9.0,100.0,Qwen2-7B,20.0,19.0
mask,wallet,gloves,mask::wallet::gloves,0.631578947368421,19,0.552,disjunction,top_k,9.0,100.0,Qwen2-7B,5.0,14.0
mask,wallet,handkerchief,mask::wallet::handkerchief,0.6,5,0.786,disjunction,top_k,9.0,100.0,Qwen2-7B,7.5,11.0
mask,wallet,napkins,mask::wallet::napkins,0.5,6,0.012,disjunction,top_k,9.0,100.0,Qwen2-7B,11.0,27.0
meat,chicken,crab,meat::chicken::crab,0.7647058823529411,17,0.04,disjunction,top_k,0.0,100.0,Qwen2-7B,13.0,28.0
meat,chicken,mushrooms,meat::chicken::mushrooms,0.2,5,0.022,disjunction,top_k,0.0,100.0,Qwen2-7B,20.0,29.0
meat,chicken,rice,meat::chicken::rice,0.5,2,0.284,disjunction,top_k,0.0,100.0,Qwen2-7B,16.5,17.0
meat,chicken,tofu,meat::chicken::tofu,0.0,5,0.28,disjunction,top_k,0.0,100.0,Qwen2-7B,25.5,18.0
meat,chicken,turkey,meat::chicken::turkey,0.9523809523809523,21,0.1,disjunction,top_k,0.0,100.0,Qwen2-7B,10.0,24.0
meat,crab,chicken,meat::crab::chicken,1.0,5,1.0,disjunction,top_k,0.0,100.0,Qwen2-7B,4.5,2.0
meat,crab,mushrooms,meat::crab::mushrooms,0.0,3,0.406,disjunction,top_k,0.0,100.0,Qwen2-7B,25.5,16.0
meat,crab,rice,meat::crab::rice,0.0,5,0.914,disjunction,top_k,0.0,100.0,Qwen2-7B,25.5,7.0
meat,crab,tofu,meat::crab::tofu,0.6666666666666666,3,0.908,disjunction,top_k,0.0,100.0,Qwen2-7B,14.0,8.0
meat,crab,turkey,meat::crab::turkey,1.0,5,0.734,disjunction,top_k,0.0,100.0,Qwen2-7B,4.5,12.0
meat,mushrooms,chicken,meat::mushrooms::chicken,1.0,6,1.0,disjunction,top_k,0.0,100.0,Qwen2-7B,4.5,2.0
meat,mushrooms,crab,meat::mushrooms::crab,1.0,5,0.594,disjunction,top_k,0.0,100.0,Qwen2-7B,4.5,13.0
meat,mushrooms,rice,meat::mushrooms::rice,0.0,6,0.94,disjunction,top_k,0.0,100.0,Qwen2-7B,25.5,5.0
meat,mushrooms,tofu,meat::mushrooms::tofu,0.5263157894736842,19,0.934,disjunction,top_k,0.0,100.0,Qwen2-7B,15.0,6.0
meat,mushrooms,turkey,meat::mushrooms::turkey,1.0,6,0.804,disjunction,top_k,0.0,100.0,Qwen2-7B,4.5,9.0
meat,rice,chicken,meat::rice::chicken,1.0,2,1.0,disjunction,top_k,0.0,100.0,Qwen2-7B,4.5,2.0
meat,rice,crab,meat::rice::crab,0.5,2,0.098,disjunction,top_k,0.0,100.0,Qwen2-7B,16.5,25.0
meat,rice,mushrooms,meat::rice::mushrooms,0.23529411764705882,17,0.062,disjunction,top_k,0.0,100.0,Qwen2-7B,19.0,27.0
meat,rice,tofu,meat::rice::tofu,0.3888888888888889,18,0.49,disjunction,top_k,0.0,100.0,Qwen2-7B,18.0,15.0
meat,rice,turkey,meat::rice::turkey,1.0,5,0.248,disjunction,top_k,0.0,100.0,Qwen2-7B,4.5,21.0
meat,tofu,chicken,meat::tofu::chicken,1.0,4,1.0,disjunction,top_k,0.0,100.0,Qwen2-7B,4.5,2.0
meat,tofu,crab,meat::tofu::crab,0.8,5,0.11,disjunction,top_k,0.0,100.0,Qwen2-7B,11.0,23.0
meat,tofu,mushrooms,meat::tofu::mushrooms,0.0,5,0.072,disjunction,top_k,0.0,100.0,Qwen2-7B,25.5,26.0
meat,tofu,rice,meat::tofu::rice,0.0,5,0.582,disjunction,top_k,0.0,100.0,Qwen2-7B,25.5,14.0
meat,tofu,turkey,meat::tofu::turkey,1.0,5,0.256,disjunction,top_k,0.0,100.0,Qwen2-7B,4.5,20.0
meat,turkey,chicken,meat::turkey::chicken,1.0,4,1.0,disjunction,top_k,0.0,100.0,Qwen2-7B,4.5,2.0
meat,turkey,crab,meat::turkey::crab,0.7692307692307693,13,0.266,disjunction,top_k,0.0,100.0,Qwen2-7B,12.0,19.0
meat,turkey,mushrooms,meat::turkey::mushrooms,0.0,4,0.198,disjunction,top_k,0.0,100.0,Qwen2-7B,25.5,22.0
meat,turkey,rice,meat::turkey::rice,0.0,5,0.776,disjunction,top_k,0.0,100.0,Qwen2-7B,25.5,10.5
meat,turkey,tofu,meat::turkey::tofu,0.16666666666666666,6,0.776,disjunction,top_k,0.0,100.0,Qwen2-7B,21.0,10.5
restaurant,cake,cocktails,restaurant::cake::cocktails,1.0,4,0.83,disjunction,top_k,1.0,100.0,Qwen2-7B,3.5,8.0
restaurant,cake,salad,restaurant::cake::salad,0.6,5,0.392,disjunction,top_k,1.0,100.0,Qwen2-7B,13.0,18.0
restaurant,cake,soda,restaurant::cake::soda,0.8,5,0.952,disjunction,top_k,1.0,100.0,Qwen2-7B,9.0,2.0
restaurant,cake,soup,restaurant::cake::soup,0.3888888888888889,18,0.446,disjunction,top_k,1.0,100.0,Qwen2-7B,19.0,15.0
restaurant,cake,vodka,restaurant::cake::vodka,1.0,6,0.92,disjunction,top_k,1.0,100.0,Qwen2-7B,3.5,5.0
restaurant,cocktails,cake,restaurant::cocktails::cake,0.6,5,0.17,disjunction,top_k,1.0,100.0,Qwen2-7B,13.0,21.0
restaurant,cocktails,salad,restaurant::cocktails::salad,0.0,4,0.132,disjunction,top_k,1.0,100.0,Qwen2-7B,25.5,23.0
restaurant,cocktails,soda,restaurant::cocktails::soda,0.42105263157894735,19,0.81,disjunction,top_k,1.0,100.0,Qwen2-7B,18.0,9.0
restaurant,cocktails,soup,restaurant::cocktails::soup,0.0,2,0.158,disjunction,top_k,1.0,100.0,Qwen2-7B,25.5,22.0
restaurant,cocktails,vodka,restaurant::cocktails::vodka,0.5,14,0.692,disjunction,top_k,1.0,100.0,Qwen2-7B,16.5,10.0
restaurant,salad,cake,restaurant::salad::cake,0.55,20,0.608,disjunction,top_k,1.0,100.0,Qwen2-7B,15.0,12.0
restaurant,salad,cocktails,restaurant::salad::cocktails,0.75,4,0.868,disjunction,top_k,1.0,100.0,Qwen2-7B,10.0,6.0
restaurant,salad,soda,restaurant::salad::soda,0.6,5,0.956,disjunction,top_k,1.0,100.0,Qwen2-7B,13.0,1.0
restaurant,salad,soup,restaurant::salad::soup,0.7,20,0.572,disjunction,top_k,1.0,100.0,Qwen2-7B,11.0,13.0
restaurant,salad,vodka,restaurant::salad::vodka,1.0,5,0.942,disjunction,top_k,1.0,100.0,Qwen2-7B,3.5,3.0
restaurant,soda,cake,restaurant::soda::cake,0.0,3,0.048,disjunction,top_k,1.0,100.0,Qwen2-7B,25.5,27.0
restaurant,soda,cocktails,restaurant::soda::cocktails,1.0,3,0.212,disjunction,top_k,1.0,100.0,Qwen2-7B,3.5,20.0
restaurant,soda,salad,restaurant::soda::salad,0.0,5,0.044,disjunction,top_k,1.0,100.0,Qwen2-7B,25.5,29.0
restaurant,soda,soup,restaurant::soda::soup,0.0,2,0.046,disjunction,top_k,1.0,100.0,Qwen2-7B,25.5,28.0
restaurant,soda,vodka,restaurant::soda::vodka,1.0,5,0.406,disjunction,top_k,1.0,100.0,Qwen2-7B,3.5,17.0
restaurant,soup,cake,restaurant::soup::cake,0.3333333333333333,3,0.554,disjunction,top_k,1.0,100.0,Qwen2-7B,20.0,14.0
restaurant,soup,cocktails,restaurant::soup::cocktails,1.0,6,0.844,disjunction,top_k,1.0,100.0,Qwen2-7B,3.5,7.0
restaurant,soup,salad,restaurant::soup::salad,0.5,6,0.428,disjunction,top_k,1.0,100.0,Qwen2-7B,16.5,16.0
restaurant,soup,soda,restaurant::soup::soda,0.8333333333333334,6,0.962,disjunction,top_k,1.0,100.0,Qwen2-7B,8.0,0.0
restaurant,soup,vodka,restaurant::soup::vodka,1.0,4,0.932,disjunction,top_k,1.0,100.0,Qwen2-7B,3.5,4.0
restaurant,vodka,cake,restaurant::vodka::cake,0.0,5,0.086,disjunction,top_k,1.0,100.0,Qwen2-7B,25.5,24.0
restaurant,vodka,cocktails,restaurant::vodka::cocktails,1.0,3,0.316,disjunction,top_k,1.0,100.0,Qwen2-7B,3.5,19.0
restaurant,vodka,salad,restaurant::vodka::salad,0.0,2,0.058,disjunction,top_k,1.0,100.0,Qwen2-7B,25.5,26.0
restaurant,vodka,soda,restaurant::vodka::soda,0.3157894736842105,19,0.64,disjunction,top_k,1.0,100.0,Qwen2-7B,21.0,11.0
restaurant,vodka,soup,restaurant::vodka::soup,0.0,5,0.07,disjunction,top_k,1.0,100.0,Qwen2-7B,25.5,25.0
salad,chips,cigarettes,salad::chips::cigarettes,0.16666666666666666,6,0.052,disjunction,top_k,2.0,100.0,Qwen2-7B,20.0,24.0
salad,chips,dressing,salad::chips::dressing,0.4,5,0.254,disjunction,top_k,2.0,100.0,Qwen2-7B,13.0,18.0
salad,chips,lettuce,salad::chips::lettuce,1.0,6,1.0,disjunction,top_k,2.0,100.0,Qwen2-7B,2.0,2.0
salad,chips,meat,salad::chips::meat,0.2857142857142857,21,0.706,disjunction,top_k,2.0,100.0,Qwen2-7B,18.0,12.0
salad,chips,tuna,salad::chips::tuna,0.2,5,0.3,disjunction,top_k,2.0,100.0,Qwen2-7B,19.0,16.0
salad,cigarettes,chips,salad::cigarettes::chips,0.4375,16,0.948,disjunction,top_k,2.0,100.0,Qwen2-7B,11.5,6.0
salad,cigarettes,dressing,salad::cigarettes::dressing,1.0,4,0.86,disjunction,top_k,2.0,100.0,Qwen2-7B,2.0,9.0
salad,cigarettes,lettuce,salad::cigarettes::lettuce,0.75,4,1.0,disjunction,top_k,2.0,100.0,Qwen2-7B,6.5,2.0
salad,cigarettes,meat,salad::cigarettes::meat,0.5789473684210527,19,0.984,disjunction,top_k,2.0,100.0,Qwen2-7B,10.0,5.0
salad,cigarettes,tuna,salad::cigarettes::tuna,0.3333333333333333,6,0.918,disjunction,top_k,2.0,100.0,Qwen2-7B,16.0,7.0
salad,dressing,chips,salad::dressing::chips,0.0,2,0.746,disjunction,top_k,2.0,100.0,Qwen2-7B,25.0,11.0
salad,dressing,cigarettes,salad::dressing::cigarettes,0.0,5,0.14,disjunction,top_k,2.0,100.0,Qwen2-7B,25.0,20.0
salad,dressing,lettuce,salad::dressing::lettuce,1.0,3,1.0,disjunction,top_k,2.0,100.0,Qwen2-7B,2.0,2.0
salad,dressing,meat,salad::dressing::meat,0.3333333333333333,3,0.906,disjunction,top_k,2.0,100.0,Qwen2-7B,16.0,8.0
salad,dressing,tuna,salad::dressing::tuna,0.4375,16,0.578,disjunction,top_k,2.0,100.0,Qwen2-7B,11.5,14.0
salad,lettuce,chips,salad::lettuce::chips,0.0,2,0.018,disjunction,top_k,2.0,100.0,Qwen2-7B,25.0,25.5
salad,lettuce,cigarettes,salad::lettuce::cigarettes,0.0,6,0.002,disjunction,top_k,2.0,100.0,Qwen2-7B,25.0,29.0
salad,lettuce,dressing,salad::lettuce::dressing,0.6111111111111112,18,0.01,disjunction,top_k,2.0,100.0,Qwen2-7B,8.0,28.0
salad,lettuce,meat,salad::lettuce::meat,0.75,4,0.066,disjunction,top_k,2.0,100.0,Qwen2-7B,6.5,23.0
salad,lettuce,tuna,salad::lettuce::tuna,0.3888888888888889,18,0.016,disjunction,top_k,2.0,100.0,Qwen2-7B,14.0,27.0
salad,meat,chips,salad::meat::chips,0.0,2,0.294,disjunction,top_k,2.0,100.0,Qwen2-7B,25.0,17.0
salad,meat,cigarettes,salad::meat::cigarettes,0.0,5,0.018,disjunction,top_k,2.0,100.0,Qwen2-7B,25.0,25.5
salad,meat,dressing,salad::meat::dressing,0.0,3,0.098,disjunction,top_k,2.0,100.0,Qwen2-7B,25.0,21.0
salad,meat,lettuce,salad::meat::lettuce,1.0,6,1.0,disjunction,top_k,2.0,100.0,Qwen2-7B,2.0,2.0
salad,meat,tuna,salad::meat::tuna,0.3333333333333333,3,0.148,disjunction,top_k,2.0,100.0,Qwen2-7B,16.0,19.0
salad,tuna,chips,salad::tuna::chips,0.0,5,0.7,disjunction,top_k,2.0,100.0,Qwen2-7B,25.0,13.0
salad,tuna,cigarettes,salad::tuna::cigarettes,0.0,5,0.082,disjunction,top_k,2.0,100.0,Qwen2-7B,25.0,22.0
salad,tuna,dressing,salad::tuna::dressing,0.6,5,0.422,disjunction,top_k,2.0,100.0,Qwen2-7B,9.0,15.0
salad,tuna,lettuce,salad::tuna::lettuce,1.0,5,1.0,disjunction,top_k,2.0,100.0,Qwen2-7B,2.0,2.0
salad,tuna,meat,salad::tuna::meat,0.8,5,0.854,disjunction,top_k,2.0,100.0,Qwen2-7B,5.0,10.0
science,art,geology,science::art::geology,1.0,4,0.994,disjunction,top_k,3.0,100.0,Qwen2-7B,3.0,5.0
science,art,math,science::art::math,0.7,20,0.982,disjunction,top_k,3.0,100.0,Qwen2-7B,15.0,7.0
science,art,philosophy,science::art::philosophy,0.6111111111111112,18,0.626,disjunction,top_k,3.0,100.0,Qwen2-7B,21.0,15.0
science,art,physics,science::art::physics,1.0,5,1.0,disjunction,top_k,3.0,100.0,Qwen2-7B,3.0,2.0
science,art,zoology,science::art::zoology,0.8,5,0.904,disjunction,top_k,3.0,100.0,Qwen2-7B,11.0,10.0
science,geology,art,science::geology::art,0.6,5,0.016,disjunction,top_k,3.0,100.0,Qwen2-7B,22.0,27.0
science,geology,math,science::geology::math,0.8333333333333334,6,0.434,disjunction,top_k,3.0,100.0,Qwen2-7B,8.5,16.0
science,geology,philosophy,science::geology::philosophy,0.6666666666666666,3,0.018,disjunction,top_k,3.0,100.0,Qwen2-7B,18.0,26.0
science,geology,physics,science::geology::physics,1.0,4,1.0,disjunction,top_k,3.0,100.0,Qwen2-7B,3.0,2.0
science,geology,zoology,science::geology::zoology,1.0,13,0.146,disjunction,top_k,3.0,100.0,Qwen2-7B,3.0,20.0
science,math,art,science::math::art,0.5,2,0.022,disjunction,top_k,3.0,100.0,Qwen2-7B,23.5,25.0
science,math,geology,science::math::geology,0.75,4,0.818,disjunction,top_k,3.0,100.0,Qwen2-7B,13.5,13.0
science,math,philosophy,science::math::philosophy,0.4,5,0.04,disjunction,top_k,3.0,100.0,Qwen2-7B,26.0,24.0
science,math,physics,science::math::physics,0.5,4,1.0,disjunction,top_k,3.0,100.0,Qwen2-7B,23.5,2.0
science,math,zoology,science::math::zoology,0.8,5,0.206,disjunction,top_k,3.0,100.0,Qwen2-7B,11.0,19.0
science,philosophy,art,science::philosophy::art,1.0,5,0.374,disjunction,top_k,3.0,100.0,Qwen2-7B,3.0,17.0
science,philosophy,geology,science::philosophy::geology,0.8,5,0.99,disjunction,top_k,3.0,100.0,Qwen2-7B,11.0,6.0
science,philosophy,math,science::philosophy::math,0.6875,16,0.966,disjunction,top_k,3.0,100.0,Qwen2-7B,16.0,8.0
science,philosophy,physics,science::philosophy::physics,1.0,4,1.0,disjunction,top_k,3.0,100.0,Qwen2-7B,3.0,2.0
science,philosophy,zoology,science::philosophy::zoology,0.8333333333333334,6,0.888,disjunction,top_k,3.0,100.0,Qwen2-7B,8.5,11.0
science,physics,art,science::physics::art,0.4,5,0.012,disjunction,top_k,3.0,100.0,Qwen2-7B,26.0,29.0
science,physics,geology,science::physics::geology,0.8571428571428571,21,0.642,disjunction,top_k,3.0,100.0,Qwen2-7B,7.0,14.0
science,physics,math,science::physics::math,0.3333333333333333,3,0.372,disjunction,top_k,3.0,100.0,Qwen2-7B,28.5,18.0
science,physics,philosophy,science::physics::philosophy,0.3333333333333333,3,0.014,disjunction,top_k,3.0,100.0,Qwen2-7B,28.5,28.0
science,physics,zoology,science::physics::zoology,0.65,20,0.12,disjunction,top_k,3.0,100.0,Qwen2-7B,20.0,21.0
science,zoology,art,science::zoology::art,0.6666666666666666,3,0.096,disjunction,top_k,3.0,100.0,Qwen2-7B,18.0,23.0
science,zoology,geology,science::zoology::geology,0.75,4,0.93,disjunction,top_k,3.0,100.0,Qwen2-7B,13.5,9.0
science,zoology,math,science::zoology::math,0.4,5,0.846,disjunction,top_k,3.0,100.0,Qwen2-7B,26.0,12.0
science,zoology,philosophy,science::zoology::philosophy,0.6666666666666666,6,0.112,disjunction,top_k,3.0,100.0,Qwen2-7B,18.0,22.0
science,zoology,physics,science::zoology::physics,1.0,4,1.0,disjunction,top_k,3.0,100.0,Qwen2-7B,3.0,2.0
throw,beach ball,boomerang,throw::beach ball::boomerang,0.631578947368421,19,0.052,disjunction,top_k,4.0,100.0,Qwen2-7B,12.0,20.0
throw,beach ball,football,throw::beach ball::football,1.0,5,1.0,disjunction,top_k,4.0,100.0,Qwen2-7B,2.5,2.5
throw,beach ball,lawnmower,throw::beach ball::lawnmower,0.0,3,0.024,disjunction,top_k,4.0,100.0,Qwen2-7B,24.5,22.0
throw,beach ball,shovel,throw::beach ball::shovel,0.0,6,0.008,disjunction,top_k,4.0,100.0,Qwen2-7B,24.5,26.0
throw,beach ball,tires,throw::beach ball::tires,0.0,6,0.0,disjunction,top_k,4.0,100.0,Qwen2-7B,24.5,28.5
throw,boomerang,beach ball,throw::boomerang::beach ball,0.75,4,0.96,disjunction,top_k,4.0,100.0,Qwen2-7B,10.5,10.0
throw,boomerang,football,throw::boomerang::football,1.0,4,1.0,disjunction,top_k,4.0,100.0,Qwen2-7B,2.5,2.5
throw,boomerang,lawnmower,throw::boomerang::lawnmower,0.0,5,0.388,disjunction,top_k,4.0,100.0,Qwen2-7B,24.5,16.0
throw,boomerang,shovel,throw::boomerang::shovel,0.0,4,0.142,disjunction,top_k,4.0,100.0,Qwen2-7B,24.5,18.0
throw,boomerang,tires,throw::boomerang::tires,0.0,5,0.014,disjunction,top_k,4.0,100.0,Qwen2-7B,24.5,24.5
throw,football,beach ball,throw::football::beach ball,0.875,16,0.474,disjunction,top_k,4.0,100.0,Qwen2-7B,6.0,15.0
throw,football,boomerang,throw::football::boomerang,0.6190476190476191,21,0.026,disjunction,top_k,4.0,100.0,Qwen2-7B,13.0,21.0
throw,football,lawnmower,throw::football::lawnmower,0.0,3,0.014,disjunction,top_k,4.0,100.0,Qwen2-7B,24.5,24.5
throw,football,shovel,throw::football::shovel,0.0,4,0.002,disjunction,top_k,4.0,100.0,Qwen2-7B,24.5,27.0
throw,football,tires,throw::football::tires,0.0,3,0.0,disjunction,top_k,4.0,100.0,Qwen2-7B,24.5,28.5
throw,lawnmower,beach ball,throw::lawnmower::beach ball,1.0,2,0.988,disjunction,top_k,4.0,100.0,Qwen2-7B,2.5,7.0
throw,lawnmower,boomerang,throw::lawnmower::boomerang,0.8,5,0.612,disjunction,top_k,4.0,100.0,Qwen2-7B,8.0,14.0
throw,lawnmower,football,throw::lawnmower::football,1.0,5,1.0,disjunction,top_k,4.0,100.0,Qwen2-7B,2.5,2.5
throw,lawnmower,shovel,throw::lawnmower::shovel,0.3333333333333333,21,0.18,disjunction,top_k,4.0,100.0,Qwen2-7B,16.5,17.0
throw,lawnmower,tires,throw::lawnmower::tires,0.07692307692307693,13,0.018,disjunction,top_k,4.0,100.0,Qwen2-7B,19.0,23.0
throw,shovel,beach ball,throw::shovel::beach ball,0.75,4,0.994,disjunction,top_k,4.0,100.0,Qwen2-7B,10.5,6.0
throw,shovel,boomerang,throw::shovel::boomerang,0.6,5,0.858,disjunction,top_k,4.0,100.0,Qwen2-7B,14.5,12.0
throw,shovel,football,throw::shovel::football,1.0,4,1.0,disjunction,top_k,4.0,100.0,Qwen2-7B,2.5,2.5
throw,shovel,lawnmower,throw::shovel::lawnmower,0.0,5,0.82,disjunction,top_k,4.0,100.0,Qwen2-7B,24.5,13.0
throw,shovel,tires,throw::shovel::tires,0.125,16,0.12,disjunction,top_k,4.0,100.0,Qwen2-7B,18.0,19.0
throw,tires,beach ball,throw::tires::beach ball,0.6,5,1.0,disjunction,top_k,4.0,100.0,Qwen2-7B,14.5,2.5
throw,tires,boomerang,throw::tires::boomerang,1.0,4,0.986,disjunction,top_k,4.0,100.0,Qwen2-7B,2.5,8.0
throw,tires,football,throw::tires::football,0.8,5,1.0,disjunction,top_k,4.0,100.0,Qwen2-7B,8.0,2.5
throw,tires,lawnmower,throw::tires::lawnmower,0.8,5,0.982,disjunction,top_k,4.0,100.0,Qwen2-7B,8.0,9.0
throw,tires,shovel,throw::tires::shovel,0.3333333333333333,6,0.88,disjunction,top_k,4.0,100.0,Qwen2-7B,16.5,11.0
transport,car,chairs,transport::car::chairs,0.0,5,0.0,disjunction,top_k,5.0,100.0,Qwen2-7B,26.5,28.5
transport,car,hammer,transport::car::hammer,0.2,5,0.006,disjunction,top_k,5.0,100.0,Qwen2-7B,20.0,26.0
transport,car,lawnmower,transport::car::lawnmower,0.25,4,0.122,disjunction,top_k,5.0,100.0,Qwen2-7B,17.5,17.5
transport,car,motorcycle,transport::car::motorcycle,0.9047619047619048,21,0.984,disjunction,top_k,5.0,100.0,Qwen2-7B,5.0,10.0
transport,car,roller blades,transport::car::roller blades,0.5625,16,0.012,disjunction,top_k,5.0,100.0,Qwen2-7B,11.0,23.5
transport,chairs,car,transport::chairs::car,1.0,3,1.0,disjunction,top_k,5.0,100.0,Qwen2-7B,2.0,3.5
transport,chairs,hammer,transport::chairs::hammer,0.0,4,0.948,disjunction,top_k,5.0,100.0,Qwen2-7B,26.5,13.0
transport,chairs,lawnmower,transport::chairs::lawnmower,0.09090909090909091,22,0.994,disjunction,top_k,5.0,100.0,Qwen2-7B,22.0,9.0
transport,chairs,motorcycle,transport::chairs::motorcycle,0.6,5,1.0,disjunction,top_k,5.0,100.0,Qwen2-7B,9.5,3.5
transport,chairs,roller blades,transport::chairs::roller blades,0.6666666666666666,3,0.972,disjunction,top_k,5.0,100.0,Qwen2-7B,8.0,11.0
transport,hammer,car,transport::hammer::car,0.6,5,1.0,disjunction,top_k,5.0,100.0,Qwen2-7B,9.5,3.5
transport,hammer,chairs,transport::hammer::chairs,0.06666666666666667,15,0.052,disjunction,top_k,5.0,100.0,Qwen2-7B,23.0,20.0
transport,hammer,lawnmower,transport::hammer::lawnmower,0.5555555555555556,18,0.964,disjunction,top_k,5.0,100.0,Qwen2-7B,12.0,12.0
transport,hammer,motorcycle,transport::hammer::motorcycle,0.5,4,1.0,disjunction,top_k,5.0,100.0,Qwen2-7B,15.0,3.5
transport,hammer,roller blades,transport::hammer::roller blades,0.8,5,0.74,disjunction,top_k,5.0,100.0,Qwen2-7B,6.5,15.0
transport,lawnmower,car,transport::lawnmower::car,1.0,6,1.0,disjunction,top_k,5.0,100.0,Qwen2-7B,2.0,3.5
transport,lawnmower,chairs,transport::lawnmower::chairs,0.2,5,0.006,disjunction,top_k,5.0,100.0,Qwen2-7B,20.0,26.0
transport,lawnmower,hammer,transport::lawnmower::hammer,0.25,4,0.036,disjunction,top_k,5.0,100.0,Qwen2-7B,17.5,21.0
transport,lawnmower,motorcycle,transport::lawnmower::motorcycle,1.0,5,0.998,disjunction,top_k,5.0,100.0,Qwen2-7B,2.0,8.0
transport,lawnmower,roller blades,transport::lawnmower::roller blades,0.5,4,0.098,disjunction,top_k,5.0,100.0,Qwen2-7B,15.0,19.0
transport,motorcycle,car,transport::motorcycle::car,0.8,5,1.0,disjunction,top_k,5.0,100.0,Qwen2-7B,6.5,3.5
transport,motorcycle,chairs,transport::motorcycle::chairs,0.0,4,0.0,disjunction,top_k,5.0,100.0,Qwen2-7B,26.5,28.5
transport,motorcycle,hammer,transport::motorcycle::hammer,0.0,5,0.006,disjunction,top_k,5.0,100.0,Qwen2-7B,26.5,26.0
transport,motorcycle,lawnmower,transport::motorcycle::lawnmower,0.0,5,0.122,disjunction,top_k,5.0,100.0,Qwen2-7B,26.5,17.5
transport,motorcycle,roller blades,transport::motorcycle::roller blades,0.5384615384615384,13,0.012,disjunction,top_k,5.0,100.0,Qwen2-7B,13.0,23.5
transport,roller blades,car,transport::roller blades::car,1.0,5,1.0,disjunction,top_k,5.0,100.0,Qwen2-7B,2.0,3.5
transport,roller blades,chairs,transport::roller blades::chairs,0.5,2,0.028,disjunction,top_k,5.0,100.0,Qwen2-7B,15.0,22.0
transport,roller blades,hammer,transport::roller blades::hammer,0.2,5,0.26,disjunction,top_k,5.0,100.0,Qwen2-7B,20.0,16.0
transport,roller blades,lawnmower,transport::roller blades::lawnmower,0.0,4,0.902,disjunction,top_k,5.0,100.0,Qwen2-7B,26.5,14.0
transport,roller blades,motorcycle,transport::roller blades::motorcycle,1.0,6,1.0,disjunction,top_k,5.0,100.0,Qwen2-7B,2.0,3.5
bag,cash,chalk,bag::cash::chalk,1.0,5,0.04,set,top_p,0.0,0.6,Qwen2-7B,5.0,12.0
bag,cash,crayons,bag::cash::crayons,1.0,2,0.094,set,top_p,0.0,0.6,Qwen2-7B,5.0,7.0
bag,cash,headphones,bag::cash::headphones,0.0,3,0.0,set,top_p,0.0,0.6,Qwen2-7B,26.0,27.0
bag,cash,makeup,bag::cash::makeup,0.10526315789473684,19,0.002,set,top_p,0.0,0.6,Qwen2-7B,22.0,19.5
bag,cash,pen,bag::cash::pen,1.0,5,0.432,set,top_p,0.0,0.6,Qwen2-7B,5.0,2.0
bag,chalk,cash,bag::chalk::cash,0.0,6,0.002,set,top_p,0.0,0.6,Qwen2-7B,26.0,19.5
bag,chalk,crayons,bag::chalk::crayons,1.0,6,0.094,set,top_p,0.0,0.6,Qwen2-7B,5.0,7.0
bag,chalk,headphones,bag::chalk::headphones,0.2,5,0.0,set,top_p,0.0,0.6,Qwen2-7B,18.0,27.0
bag,chalk,makeup,bag::chalk::makeup,0.2,5,0.002,set,top_p,0.0,0.6,Qwen2-7B,18.0,19.5
bag,chalk,pen,bag::chalk::pen,1.0,5,0.432,set,top_p,0.0,0.6,Qwen2-7B,5.0,2.0
bag,crayons,cash,bag::crayons::cash,0.0,5,0.002,set,top_p,0.0,0.6,Qwen2-7B,26.0,19.5
bag,crayons,chalk,bag::crayons::chalk,0.8888888888888888,18,0.04,set,top_p,0.0,0.6,Qwen2-7B,11.0,12.0
bag,crayons,headphones,bag::crayons::headphones,0.25,4,0.0,set,top_p,0.0,0.6,Qwen2-7B,15.0,27.0
bag,crayons,makeup,bag::crayons::makeup,0.0,5,0.002,set,top_p,0.0,0.6,Qwen2-7B,26.0,19.5
bag,crayons,pen,bag::crayons::pen,1.0,4,0.432,set,top_p,0.0,0.6,Qwen2-7B,5.0,2.0
bag,headphones,cash,bag::headphones::cash,0.14285714285714285,14,0.002,set,top_p,0.0,0.6,Qwen2-7B,21.0,19.5
bag,headphones,chalk,bag::headphones::chalk,0.4,5,0.04,set,top_p,0.0,0.6,Qwen2-7B,14.0,12.0
bag,headphones,crayons,bag::headphones::crayons,1.0,3,0.094,set,top_p,0.0,0.6,Qwen2-7B,5.0,7.0
bag,headphones,makeup,bag::headphones::makeup,0.21052631578947367,19,0.002,set,top_p,0.0,0.6,Qwen2-7B,16.0,19.5
bag,headphones,pen,bag::headphones::pen,1.0,5,0.432,set,top_p,0.0,0.6,Qwen2-7B,5.0,2.0
bag,makeup,cash,bag::makeup::cash,0.2,5,0.002,set,top_p,0.0,0.6,Qwen2-7B,18.0,19.5
bag,makeup,chalk,bag::makeup::chalk,1.0,2,0.04,set,top_p,0.0,0.6,Qwen2-7B,5.0,12.0
bag,makeup,crayons,bag::makeup::crayons,1.0,2,0.094,set,top_p,0.0,0.6,Qwen2-7B,5.0,7.0
bag,makeup,headphones,bag::makeup::headphones,0.0,4,0.0,set,top_p,0.0,0.6,Qwen2-7B,26.0,27.0
bag,makeup,pen,bag::makeup::pen,1.0,3,0.432,set,top_p,0.0,0.6,Qwen2-7B,5.0,2.0
bag,pen,cash,bag::pen::cash,0.0,5,0.002,set,top_p,0.0,0.6,Qwen2-7B,26.0,19.5
bag,pen,chalk,bag::pen::chalk,0.8571428571428571,21,0.04,set,top_p,0.0,0.6,Qwen2-7B,13.0,12.0
bag,pen,crayons,bag::pen::crayons,0.8823529411764706,17,0.094,set,top_p,0.0,0.6,Qwen2-7B,12.0,7.0
bag,pen,headphones,bag::pen::headphones,0.0,5,0.0,set,top_p,0.0,0.6,Qwen2-7B,26.0,27.0
bag,pen,makeup,bag::pen::makeup,0.16666666666666666,6,0.002,set,top_p,0.0,0.6,Qwen2-7B,20.0,19.5
bakery,cakes,ice cream,bakery::cakes::ice cream,0.8421052631578947,19,0.802,set,top_p,1.0,0.6,Qwen2-7B,9.0,7.0
bakery,cakes,muffins,bakery::cakes::muffins,0.8888888888888888,18,0.096,set,top_p,1.0,0.6,Qwen2-7B,8.0,12.0
bakery,cakes,pretzels,bakery::cakes::pretzels,0.5,6,0.078,set,top_p,1.0,0.6,Qwen2-7B,17.0,17.0
bakery,cakes,sandwiches,bakery::cakes::sandwiches,0.4,5,0.024,set,top_p,1.0,0.6,Qwen2-7B,21.0,27.0
bakery,cakes,water,bakery::cakes::water,0.0,5,0.048,set,top_p,1.0,0.6,Qwen2-7B,27.0,22.0
bakery,ice cream,cakes,bakery::ice cream::cakes,1.0,5,0.964,set,top_p,1.0,0.6,Qwen2-7B,3.5,2.0
bakery,ice cream,muffins,bakery::ice cream::muffins,0.5882352941176471,17,0.096,set,top_p,1.0,0.6,Qwen2-7B,13.0,12.0
bakery,ice cream,pretzels,bakery::ice cream::pretzels,0.5,2,0.078,set,top_p,1.0,0.6,Qwen2-7B,17.0,17.0
bakery,ice cream,sandwiches,bakery::ice cream::sandwiches,0.25,4,0.024,set,top_p,1.0,0.6,Qwen2-7B,23.0,27.0
bakery,ice cream,water,bakery::ice cream::water,0.16666666666666666,6,0.048,set,top_p,1.0,0.6,Qwen2-7B,24.0,22.0
bakery,muffins,cakes,bakery::muffins::cakes,1.0,5,0.964,set,top_p,1.0,0.6,Qwen2-7B,3.5,2.0
bakery,muffins,ice cream,bakery::muffins::ice cream,1.0,2,0.802,set,top_p,1.0,0.6,Qwen2-7B,3.5,7.0
bakery,muffins,pretzels,bakery::muffins::pretzels,0.4,5,0.078,set,top_p,1.0,0.6,Qwen2-7B,21.0,17.0
bakery,muffins,sandwiches,bakery::muffins::sandwiches,0.0,2,0.024,set,top_p,1.0,0.6,Qwen2-7B,27.0,27.0
bakery,muffins,water,bakery::muffins::water,0.0,5,0.048,set,top_p,1.0,0.6,Qwen2-7B,27.0,22.0
bakery,pretzels,cakes,bakery::pretzels::cakes,1.0,5,0.964,set,top_p,1.0,0.6,Qwen2-7B,3.5,2.0
bakery,pretzels,ice cream,bakery::pretzels::ice cream,1.0,5,0.802,set,top_p,1.0,0.6,Qwen2-7B,3.5,7.0
bakery,pretzels,muffins,bakery::pretzels::muffins,1.0,3,0.096,set,top_p,1.0,0.6,Qwen2-7B,3.5,12.0
bakery,pretzels,sandwiches,bakery::pretzels::sandwiches,0.4,5,0.024,set,top_p,1.0,0.6,Qwen2-7B,21.0,27.0
bakery,pretzels,water,bakery::pretzels::water,0.0,4,0.048,set,top_p,1.0,0.6,Qwen2-7B,27.0,22.0
bakery,sandwiches,cakes,bakery::sandwiches::cakes,1.0,3,0.964,set,top_p,1.0,0.6,Qwen2-7B,3.5,2.0
bakery,sandwiches,ice cream,bakery::sandwiches::ice cream,1.0,5,0.802,set,top_p,1.0,0.6,Qwen2-7B,3.5,7.0
bakery,sandwiches,muffins,bakery::sandwiches::muffins,0.6666666666666666,3,0.096,set,top_p,1.0,0.6,Qwen2-7B,11.0,12.0
bakery,sandwiches,pretzels,bakery::sandwiches::pretzels,0.55,20,0.078,set,top_p,1.0,0.6,Qwen2-7B,14.0,17.0
bakery,sandwiches,water,bakery::sandwiches::water,0.0,5,0.048,set,top_p,1.0,0.6,Qwen2-7B,27.0,22.0
bakery,water,cakes,bakery::water::cakes,0.6666666666666666,3,0.964,set,top_p,1.0,0.6,Qwen2-7B,11.0,2.0
bakery,water,ice cream,bakery::water::ice cream,0.6666666666666666,6,0.802,set,top_p,1.0,0.6,Qwen2-7B,11.0,7.0
bakery,water,muffins,bakery::water::muffins,0.5,6,0.096,set,top_p,1.0,0.6,Qwen2-7B,17.0,12.0
bakery,water,pretzels,bakery::water::pretzels,0.5384615384615384,13,0.078,set,top_p,1.0,0.6,Qwen2-7B,15.0,17.0
bakery,water,sandwiches,bakery::water::sandwiches,0.42857142857142855,21,0.024,set,top_p,1.0,0.6,Qwen2-7B,19.0,27.0
beach,bikini,coat,beach::bikini::coat,0.3333333333333333,3,0.094,set,top_p,2.0,0.6,Qwen2-7B,21.0,27.0
beach,bikini,jacket,beach::bikini::jacket,0.25,4,0.218,set,top_p,2.0,0.6,Qwen2-7B,23.0,22.0
beach,bikini,jeans,beach::bikini::jeans,0.5,6,0.816,set,top_p,2.0,0.6,Qwen2-7B,17.0,7.0
beach,bikini,shorts,beach::bikini::shorts,0.7,20,1.0,set,top_p,2.0,0.6,Qwen2-7B,10.0,2.0
beach,bikini,sunglasses,beach::bikini::sunglasses,0.16666666666666666,18,0.582,set,top_p,2.0,0.6,Qwen2-7B,25.0,17.0
beach,coat,bikini,beach::coat::bikini,1.0,6,0.748,set,top_p,2.0,0.6,Qwen2-7B,3.0,12.0
beach,coat,jacket,beach::coat::jacket,0.5454545454545454,11,0.218,set,top_p,2.0,0.6,Qwen2-7B,14.0,22.0
beach,coat,jeans,beach::coat::jeans,0.5,16,0.816,set,top_p,2.0,0.6,Qwen2-7B,17.0,7.0
beach,coat,shorts,beach::coat::shorts,1.0,5,1.0,set,top_p,2.0,0.6,Qwen2-7B,3.0,2.0
beach,coat,sunglasses,beach::coat::sunglasses,0.0,3,0.582,set,top_p,2.0,0.6,Qwen2-7B,28.0,17.0
beach,jacket,bikini,beach::jacket::bikini,1.0,2,0.748,set,top_p,2.0,0.6,Qwen2-7B,3.0,12.0
beach,jacket,coat,beach::jacket::coat,1.0,3,0.094,set,top_p,2.0,0.6,Qwen2-7B,3.0,27.0
beach,jacket,jeans,beach::jacket::jeans,0.45,20,0.816,set,top_p,2.0,0.6,Qwen2-7B,20.0,7.0
beach,jacket,shorts,beach::jacket::shorts,0.6,5,1.0,set,top_p,2.0,0.6,Qwen2-7B,12.0,2.0
beach,jacket,sunglasses,beach::jacket::sunglasses,0.5,4,0.582,set,top_p,2.0,0.6,Qwen2-7B,17.0,17.0
beach,jeans,bikini,beach::jeans::bikini,1.0,5,0.748,set,top_p,2.0,0.6,Qwen2-7B,3.0,12.0
beach,jeans,coat,beach::jeans::coat,0.6,5,0.094,set,top_p,2.0,0.6,Qwen2-7B,12.0,27.0
beach,jeans,jacket,beach::jeans::jacket,0.0,6,0.218,set,top_p,2.0,0.6,Qwen2-7B,28.0,22.0
beach,jeans,shorts,beach::jeans::shorts,1.0,5,1.0,set,top_p,2.0,0.6,Qwen2-7B,3.0,2.0
beach,jeans,sunglasses,beach::jeans::sunglasses,0.25,4,0.582,set,top_p,2.0,0.6,Qwen2-7B,23.0,17.0
beach,shorts,bikini,beach::shorts::bikini,0.75,4,0.748,set,top_p,2.0,0.6,Qwen2-7B,8.5,12.0
beach,shorts,coat,beach::shorts::coat,0.75,4,0.094,set,top_p,2.0,0.6,Qwen2-7B,8.5,27.0
beach,shorts,jacket,beach::shorts::jacket,0.25,4,0.218,set,top_p,2.0,0.6,Qwen2-7B,23.0,22.0
beach,shorts,jeans,beach::shorts::jeans,0.6,5,0.816,set,top_p,2.0,0.6,Qwen2-7B,12.0,7.0
beach,shorts,sunglasses,beach::shorts::sunglasses,0.15,20,0.582,set,top_p,2.0,0.6,Qwen2-7B,26.0,17.0
beach,sunglasses,bikini,beach::sunglasses::bikini,1.0,5,0.748,set,top_p,2.0,0.6,Qwen2-7B,3.0,12.0
beach,sunglasses,coat,beach::sunglasses::coat,0.0,5,0.094,set,top_p,2.0,0.6,Qwen2-7B,28.0,27.0
beach,sunglasses,jacket,beach::sunglasses::jacket,0.8,5,0.218,set,top_p,2.0,0.6,Qwen2-7B,7.0,22.0
beach,sunglasses,jeans,beach::sunglasses::jeans,0.5,6,0.816,set,top_p,2.0,0.6,Qwen2-7B,17.0,7.0
beach,sunglasses,shorts,beach::sunglasses::shorts,0.5,4,1.0,set,top_p,2.0,0.6,Qwen2-7B,17.0,2.0
cold,blankets,fridge,cold::blankets::fridge,0.0,4,0.028,set,top_p,3.0,0.6,Qwen2-7B,24.5,12.0
cold,blankets,heater,cold::blankets::heater,1.0,2,1.0,set,top_p,3.0,0.6,Qwen2-7B,1.0,2.0
cold,blankets,microwave,cold::blankets::microwave,0.0,5,0.174,set,top_p,3.0,0.6,Qwen2-7B,24.5,7.0
cold,blankets,sink,cold::blankets::sink,0.0,4,0.012,set,top_p,3.0,0.6,Qwen2-7B,24.5,17.0
cold,blankets,tea,cold::blankets::tea,0.2,20,0.004,set,top_p,3.0,0.6,Qwen2-7B,17.0,24.5
cold,fridge,blankets,cold::fridge::blankets,0.3333333333333333,3,0.004,set,top_p,3.0,0.6,Qwen2-7B,12.5,24.5
cold,fridge,heater,cold::fridge::heater,0.8,5,1.0,set,top_p,3.0,0.6,Qwen2-7B,4.0,2.0
cold,fridge,microwave,cold::fridge::microwave,0.6923076923076923,13,0.174,set,top_p,3.0,0.6,Qwen2-7B,5.0,7.0
cold,fridge,sink,cold::fridge::sink,0.23809523809523808,21,0.012,set,top_p,3.0,0.6,Qwen2-7B,15.0,17.0
cold,fridge,tea,cold::fridge::tea,0.5,6,0.004,set,top_p,3.0,0.6,Qwen2-7B,10.0,24.5
cold,heater,blankets,cold::heater::blankets,0.8333333333333334,18,0.004,set,top_p,3.0,0.6,Qwen2-7B,3.0,24.5
cold,heater,fridge,cold::heater::fridge,0.0,4,0.028,set,top_p,3.0,0.6,Qwen2-7B,24.5,12.0
cold,heater,microwave,cold::heater::microwave,0.2,5,0.174,set,top_p,3.0,0.6,Qwen2-7B,17.0,7.0
cold,heater,sink,cold::heater::sink,0.0,5,0.012,set,top_p,3.0,0.6,Qwen2-7B,24.5,17.0
cold,heater,tea,cold::heater::tea,0.125,16,0.004,set,top_p,3.0,0.6,Qwen2-7B,19.0,24.5
cold,microwave,blankets,cold::microwave::blankets,0.6,5,0.004,set,top_p,3.0,0.6,Qwen2-7B,6.5,24.5
cold,microwave,fridge,cold::microwave::fridge,0.5,4,0.028,set,top_p,3.0,0.6,Qwen2-7B,10.0,12.0
cold,microwave,heater,cold::microwave::heater,1.0,5,1.0,set,top_p,3.0,0.6,Qwen2-7B,1.0,2.0
cold,microwave,sink,cold::microwave::sink,0.0,4,0.012,set,top_p,3.0,0.6,Qwen2-7B,24.5,17.0
cold,microwave,tea,cold::microwave::tea,0.2,5,0.004,set,top_p,3.0,0.6,Qwen2-7B,17.0,24.5
cold,sink,blankets,cold::sink::blankets,0.3333333333333333,3,0.004,set,top_p,3.0,0.6,Qwen2-7B,12.5,24.5
cold,sink,fridge,cold::sink::fridge,0.25,4,0.028,set,top_p,3.0,0.6,Qwen2-7B,14.0,12.0
cold,sink,heater,cold::sink::heater,1.0,4,1.0,set,top_p,3.0,0.6,Qwen2-7B,1.0,2.0
cold,sink,microwave,cold::sink::microwave,0.5294117647058824,17,0.174,set,top_p,3.0,0.6,Qwen2-7B,8.0,7.0
cold,sink,tea,cold::sink::tea,0.0,5,0.004,set,top_p,3.0,0.6,Qwen2-7B,24.5,24.5
cold,tea,blankets,cold::tea::blankets,0.6,5,0.004,set,top_p,3.0,0.6,Qwen2-7B,6.5,24.5
cold,tea,fridge,cold::tea::fridge,0.0,6,0.028,set,top_p,3.0,0.6,Qwen2-7B,24.5,12.0
cold,tea,heater,cold::tea::heater,0.5,6,1.0,set,top_p,3.0,0.6,Qwen2-7B,10.0,2.0
cold,tea,microwave,cold::tea::microwave,0.0,5,0.174,set,top_p,3.0,0.6,Qwen2-7B,24.5,7.0
cold,tea,sink,cold::tea::sink,0.0,4,0.012,set,top_p,3.0,0.6,Qwen2-7B,24.5,17.0
cut,batteries,keys,cut::batteries::keys,0.16666666666666666,6,0.282,set,top_p,4.0,0.6,Qwen2-7B,20.5,12.0
cut,batteries,nail clippers,cut::batteries::nail clippers,0.8,5,0.552,set,top_p,4.0,0.6,Qwen2-7B,4.5,7.0
cut,batteries,scissors,cut::batteries::scissors,0.8,5,1.0,set,top_p,4.0,0.6,Qwen2-7B,4.5,2.0
cut,batteries,stapler,cut::batteries::stapler,0.4444444444444444,18,0.152,set,top_p,4.0,0.6,Qwen2-7B,12.0,17.0
cut,batteries,thumb tacks,cut::batteries::thumb tacks,0.38095238095238093,21,0.0,set,top_p,4.0,0.6,Qwen2-7B,13.0,27.0
cut,keys,batteries,cut::keys::batteries,0.25,4,0.02,set,top_p,4.0,0.6,Qwen2-7B,16.0,22.0
cut,keys,nail clippers,cut::keys::nail clippers,0.8,5,0.552,set,top_p,4.0,0.6,Qwen2-7B,4.5,7.0
cut,keys,scissors,cut::keys::scissors,1.0,5,1.0,set,top_p,4.0,0.6,Qwen2-7B,1.0,2.0
cut,keys,stapler,cut::keys::stapler,0.2,5,0.152,set,top_p,4.0,0.6,Qwen2-7B,18.0,17.0
cut,keys,thumb tacks,cut::keys::thumb tacks,0.2,5,0.0,set,top_p,4.0,0.6,Qwen2-7B,18.0,27.0
cut,nail clippers,batteries,cut::nail clippers::batteries,0.0,5,0.02,set,top_p,4.0,0.6,Qwen2-7B,26.5,22.0
cut,nail clippers,keys,cut::nail clippers::keys,0.3125,16,0.282,set,top_p,4.0,0.6,Qwen2-7B,15.0,12.0
cut,nail clippers,scissors,cut::nail clippers::scissors,1.0,4,1.0,set,top_p,4.0,0.6,Qwen2-7B,1.0,2.0
cut,nail clippers,stapler,cut::nail clippers::stapler,0.5,2,0.152,set,top_p,4.0,0.6,Qwen2-7B,11.0,17.0
cut,nail clippers,thumb tacks,cut::nail clippers::thumb tacks,0.6666666666666666,3,0.0,set,top_p,4.0,0.6,Qwen2-7B,7.5,27.0
cut,scissors,batteries,cut::scissors::batteries,0.0,4,0.02,set,top_p,4.0,0.6,Qwen2-7B,26.5,22.0
cut,scissors,keys,cut::scissors::keys,0.15,20,0.282,set,top_p,4.0,0.6,Qwen2-7B,22.0,12.0
cut,scissors,nail clippers,cut::scissors::nail clippers,0.6363636363636364,11,0.552,set,top_p,4.0,0.6,Qwen2-7B,9.0,7.0
cut,scissors,stapler,cut::scissors::stapler,0.16666666666666666,6,0.152,set,top_p,4.0,0.6,Qwen2-7B,20.5,17.0
cut,scissors,thumb tacks,cut::scissors::thumb tacks,0.0,4,0.0,set,top_p,4.0,0.6,Qwen2-7B,26.5,27.0
cut,stapler,batteries,cut::stapler::batteries,0.0,5,0.02,set,top_p,4.0,0.6,Qwen2-7B,26.5,22.0
cut,stapler,keys,cut::stapler::keys,0.2,5,0.282,set,top_p,4.0,0.6,Qwen2-7B,18.0,12.0
cut,stapler,nail clippers,cut::stapler::nail clippers,0.6666666666666666,6,0.552,set,top_p,4.0,0.6,Qwen2-7B,7.5,7.0
cut,stapler,scissors,cut::stapler::scissors,1.0,4,1.0,set,top_p,4.0,0.6,Qwen2-7B,1.0,2.0
cut,stapler,thumb tacks,cut::stapler::thumb tacks,0.11764705882352941,17,0.0,set,top_p,4.0,0.6,Qwen2-7B,23.0,27.0
cut,thumb tacks,batteries,cut::thumb tacks::batteries,0.0,4,0.02,set,top_p,4.0,0.6,Qwen2-7B,26.5,22.0
cut,thumb tacks,keys,cut::thumb tacks::keys,0.3333333333333333,3,0.282,set,top_p,4.0,0.6,Qwen2-7B,14.0,12.0
cut,thumb tacks,nail clippers,cut::thumb tacks::nail clippers,0.6,5,0.552,set,top_p,4.0,0.6,Qwen2-7B,10.0,7.0
cut,thumb tacks,scissors,cut::thumb tacks::scissors,0.8,5,1.0,set,top_p,4.0,0.6,Qwen2-7B,4.5,2.0
cut,thumb tacks,stapler,cut::thumb tacks::stapler,0.0,5,0.152,set,top_p,4.0,0.6,Qwen2-7B,26.5,17.0
fridge,juice,ketchup,fridge::juice::ketchup,0.3333333333333333,6,0.0,set,top_p,5.0,0.6,Qwen2-7B,17.0,24.5
fridge,juice,meat,fridge::juice::meat,0.0,3,0.0,set,top_p,5.0,0.6,Qwen2-7B,25.5,24.5
fridge,juice,milk,fridge::juice::milk,1.0,15,0.202,set,top_p,5.0,0.6,Qwen2-7B,5.0,7.0
fridge,juice,water,fridge::juice::water,1.0,6,1.0,set,top_p,5.0,0.6,Qwen2-7B,5.0,2.0
fridge,juice,yogurt,fridge::juice::yogurt,0.0,5,0.002,set,top_p,5.0,0.6,Qwen2-7B,25.5,17.0
fridge,ketchup,juice,fridge::ketchup::juice,1.0,5,0.114,set,top_p,5.0,0.6,Qwen2-7B,5.0,12.0
fridge,ketchup,meat,fridge::ketchup::meat,0.0,4,0.0,set,top_p,5.0,0.6,Qwen2-7B,25.5,24.5
fridge,ketchup,milk,fridge::ketchup::milk,1.0,5,0.202,set,top_p,5.0,0.6,Qwen2-7B,5.0,7.0
fridge,ketchup,water,fridge::ketchup::water,1.0,2,1.0,set,top_p,5.0,0.6,Qwen2-7B,5.0,2.0
fridge,ketchup,yogurt,fridge::ketchup::yogurt,0.2222222222222222,18,0.002,set,top_p,5.0,0.6,Qwen2-7B,18.0,17.0
fridge,meat,juice,fridge::meat::juice,1.0,5,0.114,set,top_p,5.0,0.6,Qwen2-7B,5.0,12.0
fridge,meat,ketchup,fridge::meat::ketchup,0.16666666666666666,18,0.0,set,top_p,5.0,0.6,Qwen2-7B,21.0,24.5
fridge,meat,milk,fridge::meat::milk,0.6666666666666666,3,0.202,set,top_p,5.0,0.6,Qwen2-7B,14.0,7.0
fridge,meat,water,fridge::meat::water,1.0,2,1.0,set,top_p,5.0,0.6,Qwen2-7B,5.0,2.0
fridge,meat,yogurt,fridge::meat::yogurt,0.625,16,0.002,set,top_p,5.0,0.6,Qwen2-7B,15.0,17.0
fridge,milk,juice,fridge::milk::juice,1.0,5,0.114,set,top_p,5.0,0.6,Qwen2-7B,5.0,12.0
fridge,milk,ketchup,fridge::milk::ketchup,0.0,5,0.0,set,top_p,5.0,0.6,Qwen2-7B,25.5,24.5
fridge,milk,meat,fridge::milk::meat,0.0,6,0.0,set,top_p,5.0,0.6,Qwen2-7B,25.5,24.5
fridge,milk,water,fridge::milk::water,0.8333333333333334,6,1.0,set,top_p,5.0,0.6,Qwen2-7B,12.0,2.0
fridge,milk,yogurt,fridge::milk::yogurt,0.2,5,0.002,set,top_p,5.0,0.6,Qwen2-7B,19.5,17.0
fridge,water,juice,fridge::water::juice,1.0,22,0.114,set,top_p,5.0,0.6,Qwen2-7B,5.0,12.0
fridge,water,ketchup,fridge::water::ketchup,0.0,4,0.0,set,top_p,5.0,0.6,Qwen2-7B,25.5,24.5
fridge,water,meat,fridge::water::meat,0.0,3,0.0,set,top_p,5.0,0.6,Qwen2-7B,25.5,24.5
fridge,water,milk,fridge::water::milk,0.9444444444444444,18,0.202,set,top_p,5.0,0.6,Qwen2-7B,11.0,7.0
fridge,water,yogurt,fridge::water::yogurt,0.0,5,0.002,set,top_p,5.0,0.6,Qwen2-7B,25.5,17.0
fridge,yogurt,juice,fridge::yogurt::juice,1.0,5,0.114,set,top_p,5.0,0.6,Qwen2-7B,5.0,12.0
fridge,yogurt,ketchup,fridge::yogurt::ketchup,0.2,5,0.0,set,top_p,5.0,0.6,Qwen2-7B,19.5,24.5
fridge,yogurt,meat,fridge::yogurt::meat,0.4,5,0.0,set,top_p,5.0,0.6,Qwen2-7B,16.0,24.5
fridge,yogurt,milk,fridge::yogurt::milk,0.75,4,0.202,set,top_p,5.0,0.6,Qwen2-7B,13.0,7.0
fridge,yogurt,water,fridge::yogurt::water,1.0,2,1.0,set,top_p,5.0,0.6,Qwen2-7B,5.0,2.0
gym,basketball,lacrosse,gym::basketball::lacrosse,0.9333333333333333,15,0.054,set,top_p,6.0,0.6,Qwen2-7B,11.0,22.0
gym,basketball,meditation,gym::basketball::meditation,0.0,2,0.0,set,top_p,6.0,0.6,Qwen2-7B,28.0,27.0
gym,basketball,softball,gym::basketball::softball,0.9,20,0.96,set,top_p,6.0,0.6,Qwen2-7B,12.0,7.0
gym,basketball,swimming,gym::basketball::swimming,0.4,5,0.118,set,top_p,6.0,0.6,Qwen2-7B,23.5,17.0
gym,basketball,weightlifting,gym::basketball::weightlifting,0.8,5,0.122,set,top_p,6.0,0.6,Qwen2-7B,15.5,12.0
gym,lacrosse,basketball,gym::lacrosse::basketball,1.0,4,1.0,set,top_p,6.0,0.6,Qwen2-7B,4.5,2.0
gym,lacrosse,meditation,gym::lacrosse::meditation,0.0,2,0.0,set,top_p,6.0,0.6,Qwen2-7B,28.0,27.0
gym,lacrosse,softball,gym::lacrosse::softball,1.0,3,0.96,set,top_p,6.0,0.6,Qwen2-7B,4.5,7.0
gym,lacrosse,swimming,gym::lacrosse::swimming,0.3333333333333333,3,0.118,set,top_p,6.0,0.6,Qwen2-7B,25.5,17.0
gym,lacrosse,weightlifting,gym::lacrosse::weightlifting,0.6666666666666666,3,0.122,set,top_p,6.0,0.6,Qwen2-7B,20.0,12.0
gym,meditation,basketball,gym::meditation::basketball,0.75,4,1.0,set,top_p,6.0,0.6,Qwen2-7B,18.5,2.0
gym,meditation,lacrosse,gym::meditation::lacrosse,1.0,4,0.054,set,top_p,6.0,0.6,Qwen2-7B,4.5,22.0
gym,meditation,softball,gym::meditation::softball,1.0,4,0.96,set,top_p,6.0,0.6,Qwen2-7B,4.5,7.0
gym,meditation,swimming,gym::meditation::swimming,0.7894736842105263,19,0.118,set,top_p,6.0,0.6,Qwen2-7B,17.0,17.0
gym,meditation,weightlifting,gym::meditation::weightlifting,0.55,20,0.122,set,top_p,6.0,0.6,Qwen2-7B,22.0,12.0
gym,softball,basketball,gym::softball::basketball,1.0,6,1.0,set,top_p,6.0,0.6,Qwen2-7B,4.5,2.0
gym,softball,lacrosse,gym::softball::lacrosse,0.9473684210526315,19,0.054,set,top_p,6.0,0.6,Qwen2-7B,10.0,22.0
gym,softball,meditation,gym::softball::meditation,0.6,5,0.0,set,top_p,6.0,0.6,Qwen2-7B,21.0,27.0
gym,softball,swimming,gym::softball::swimming,0.8,5,0.118,set,top_p,6.0,0.6,Qwen2-7B,15.5,17.0
gym,softball,weightlifting,gym::softball::weightlifting,0.3333333333333333,3,0.122,set,top_p,6.0,0.6,Qwen2-7B,25.5,12.0
gym,swimming,basketball,gym::swimming::basketball,1.0,5,1.0,set,top_p,6.0,0.6,Qwen2-7B,4.5,2.0
gym,swimming,lacrosse,gym::swimming::lacrosse,1.0,4,0.054,set,top_p,6.0,0.6,Qwen2-7B,4.5,22.0
gym,swimming,meditation,gym::swimming::meditation,0.0,5,0.0,set,top_p,6.0,0.6,Qwen2-7B,28.0,27.0
gym,swimming,softball,gym::swimming::softball,0.75,4,0.96,set,top_p,6.0,0.6,Qwen2-7B,18.5,7.0
gym,swimming,weightlifting,gym::swimming::weightlifting,0.4,5,0.122,set,top_p,6.0,0.6,Qwen2-7B,23.5,12.0
gym,weightlifting,basketball,gym::weightlifting::basketball,1.0,5,1.0,set,top_p,6.0,0.6,Qwen2-7B,4.5,2.0
gym,weightlifting,lacrosse,gym::weightlifting::lacrosse,1.0,6,0.054,set,top_p,6.0,0.6,Qwen2-7B,4.5,22.0
gym,weightlifting,meditation,gym::weightlifting::meditation,1.0,2,0.0,set,top_p,6.0,0.6,Qwen2-7B,4.5,27.0
gym,weightlifting,softball,gym::weightlifting::softball,0.8333333333333334,6,0.96,set,top_p,6.0,0.6,Qwen2-7B,14.0,7.0
gym,weightlifting,swimming,gym::weightlifting::swimming,0.85,20,0.118,set,top_p,6.0,0.6,Qwen2-7B,13.0,17.0
hot,blankets,couch,hot::blankets::couch,0.0,12,0.002,set,top_p,7.0,0.6,Qwen2-7B,23.5,19.5
hot,blankets,fan,hot::blankets::fan,0.2,5,0.318,set,top_p,7.0,0.6,Qwen2-7B,14.0,2.0
hot,blankets,heater,hot::blankets::heater,0.75,4,0.116,set,top_p,7.0,0.6,Qwen2-7B,4.0,7.0
hot,blankets,pool,hot::blankets::pool,0.0,5,0.006,set,top_p,7.0,0.6,Qwen2-7B,23.5,12.0
hot,blankets,shower,hot::blankets::shower,0.2,5,0.002,set,top_p,7.0,0.6,Qwen2-7B,14.0,19.5
hot,couch,blankets,hot::couch::blankets,0.2,5,0.0,set,top_p,7.0,0.6,Qwen2-7B,14.0,27.0
hot,couch,fan,hot::couch::fan,0.0,3,0.318,set,top_p,7.0,0.6,Qwen2-7B,23.5,2.0
hot,couch,heater,hot::couch::heater,0.0,3,0.116,set,top_p,7.0,0.6,Qwen2-7B,23.5,7.0
hot,couch,pool,hot::couch::pool,0.5,6,0.006,set,top_p,7.0,0.6,Qwen2-7B,6.0,12.0
hot,couch,shower,hot::couch::shower,1.0,2,0.002,set,top_p,7.0,0.6,Qwen2-7B,1.0,19.5
hot,fan,blankets,hot::fan::blankets,0.0,4,0.0,set,top_p,7.0,0.6,Qwen2-7B,23.5,27.0
hot,fan,couch,hot::fan::couch,0.0,4,0.002,set,top_p,7.0,0.6,Qwen2-7B,23.5,19.5
hot,fan,heater,hot::fan::heater,0.16666666666666666,6,0.116,set,top_p,7.0,0.6,Qwen2-7B,16.0,7.0
hot,fan,pool,hot::fan::pool,0.55,20,0.006,set,top_p,7.0,0.6,Qwen2-7B,5.0,12.0
hot,fan,shower,hot::fan::shower,0.05,20,0.002,set,top_p,7.0,0.6,Qwen2-7B,17.0,19.5
hot,heater,blankets,hot::heater::blankets,0.23076923076923078,13,0.0,set,top_p,7.0,0.6,Qwen2-7B,12.0,27.0
hot,heater,couch,hot::heater::couch,0.0,20,0.002,set,top_p,7.0,0.6,Qwen2-7B,23.5,19.5
hot,heater,fan,hot::heater::fan,1.0,5,0.318,set,top_p,7.0,0.6,Qwen2-7B,1.0,2.0
hot,heater,pool,hot::heater::pool,0.25,4,0.006,set,top_p,7.0,0.6,Qwen2-7B,10.5,12.0
hot,heater,shower,hot::heater::shower,0.0,5,0.002,set,top_p,7.0,0.6,Qwen2-7B,23.5,19.5
hot,pool,blankets,hot::pool::blankets,0.4,5,0.0,set,top_p,7.0,0.6,Qwen2-7B,7.0,27.0
hot,pool,couch,hot::pool::couch,0.0,4,0.002,set,top_p,7.0,0.6,Qwen2-7B,23.5,19.5
hot,pool,fan,hot::pool::fan,0.25,4,0.318,set,top_p,7.0,0.6,Qwen2-7B,10.5,2.0
hot,pool,heater,hot::pool::heater,0.0,4,0.116,set,top_p,7.0,0.6,Qwen2-7B,23.5,7.0
hot,pool,shower,hot::pool::shower,0.2631578947368421,19,0.002,set,top_p,7.0,0.6,Qwen2-7B,9.0,19.5
hot,shower,blankets,hot::shower::blankets,0.0,4,0.0,set,top_p,7.0,0.6,Qwen2-7B,23.5,27.0
hot,shower,couch,hot::shower::couch,0.0,6,0.002,set,top_p,7.0,0.6,Qwen2-7B,23.5,19.5
hot,shower,fan,hot::shower::fan,0.8,5,0.318,set,top_p,7.0,0.6,Qwen2-7B,3.0,2.0
hot,shower,heater,hot::shower::heater,0.3333333333333333,6,0.116,set,top_p,7.0,0.6,Qwen2-7B,8.0,7.0
hot,shower,pool,hot::shower::pool,1.0,5,0.006,set,top_p,7.0,0.6,Qwen2-7B,1.0,12.0
mall,burger joint,coffee shop,mall::burger joint::coffee shop,0.625,16,0.11,set,top_p,8.0,0.6,Qwen2-7B,15.0,2.0
mall,burger joint,electronics store,mall::burger joint::electronics store,0.0,6,0.0,set,top_p,8.0,0.6,Qwen2-7B,27.0,22.0
mall,burger joint,gift shop,mall::burger joint::gift shop,0.16666666666666666,6,0.0,set,top_p,8.0,0.6,Qwen2-7B,24.0,22.0
mall,burger joint,grocery store,mall::burger joint::grocery store,0.8,5,0.058,set,top_p,8.0,0.6,Qwen2-7B,11.0,12.0
mall,burger joint,pretzel stand,mall::burger joint::pretzel stand,0.8421052631578947,19,0.0,set,top_p,8.0,0.6,Qwen2-7B,7.5,22.0
mall,coffee shop,burger joint,mall::coffee shop::burger joint,0.5,2,0.06,set,top_p,8.0,0.6,Qwen2-7B,20.0,7.0
mall,coffee shop,electronics store,mall::coffee shop::electronics store,0.4,5,0.0,set,top_p,8.0,0.6,Qwen2-7B,22.0,22.0
mall,coffee shop,gift shop,mall::coffee shop::gift shop,0.0,4,0.0,set,top_p,8.0,0.6,Qwen2-7B,27.0,22.0
mall,coffee shop,grocery store,mall::coffee shop::grocery store,0.6,5,0.058,set,top_p,8.0,0.6,Qwen2-7B,17.0,12.0
mall,coffee shop,pretzel stand,mall::coffee shop::pretzel stand,1.0,5,0.0,set,top_p,8.0,0.6,Qwen2-7B,2.5,22.0
mall,electronics store,burger joint,mall::electronics store::burger joint,1.0,5,0.06,set,top_p,8.0,0.6,Qwen2-7B,2.5,7.0
mall,electronics store,coffee shop,mall::electronics store::coffee shop,0.8,5,0.11,set,top_p,8.0,0.6,Qwen2-7B,11.0,2.0
mall,electronics store,gift shop,mall::electronics store::gift shop,0.6,20,0.0,set,top_p,8.0,0.6,Qwen2-7B,17.0,22.0
mall,electronics store,grocery store,mall::electronics store::grocery store,0.8421052631578947,19,0.058,set,top_p,8.0,0.6,Qwen2-7B,7.5,12.0
mall,electronics store,pretzel stand,mall::electronics store::pretzel stand,0.6666666666666666,3,0.0,set,top_p,8.0,0.6,Qwen2-7B,14.0,22.0
mall,gift shop,burger joint,mall::gift shop::burger joint,1.0,3,0.06,set,top_p,8.0,0.6,Qwen2-7B,2.5,7.0
mall,gift shop,coffee shop,mall::gift shop::coffee shop,0.5,2,0.11,set,top_p,8.0,0.6,Qwen2-7B,20.0,2.0
mall,gift shop,electronics store,mall::gift shop::electronics store,0.5,4,0.0,set,top_p,8.0,0.6,Qwen2-7B,20.0,22.0
mall,gift shop,grocery store,mall::gift shop::grocery store,0.8666666666666667,15,0.058,set,top_p,8.0,0.6,Qwen2-7B,6.0,12.0
mall,gift shop,pretzel stand,mall::gift shop::pretzel stand,1.0,3,0.0,set,top_p,8.0,0.6,Qwen2-7B,2.5,22.0
mall,grocery store,burger joint,mall::grocery store::burger joint,1.0,5,0.06,set,top_p,8.0,0.6,Qwen2-7B,2.5,7.0
mall,grocery store,coffee shop,mall::grocery store::coffee shop,0.8,5,0.11,set,top_p,8.0,0.6,Qwen2-7B,11.0,2.0
mall,grocery store,electronics store,mall::grocery store::electronics store,0.0,3,0.0,set,top_p,8.0,0.6,Qwen2-7B,27.0,22.0
mall,grocery store,gift shop,mall::grocery store::gift shop,0.2,5,0.0,set,top_p,8.0,0.6,Qwen2-7B,23.0,22.0
mall,grocery store,pretzel stand,mall::grocery store::pretzel stand,0.8,5,0.0,set,top_p,8.0,0.6,Qwen2-7B,11.0,22.0
mall,pretzel stand,burger joint,mall::pretzel stand::burger joint,1.0,2,0.06,set,top_p,8.0,0.6,Qwen2-7B,2.5,7.0
mall,pretzel stand,coffee shop,mall::pretzel stand::coffee shop,0.8,20,0.11,set,top_p,8.0,0.6,Qwen2-7B,11.0,2.0
mall,pretzel stand,electronics store,mall::pretzel stand::electronics store,0.0,5,0.0,set,top_p,8.0,0.6,Qwen2-7B,27.0,22.0
mall,pretzel stand,gift shop,mall::pretzel stand::gift shop,0.0,6,0.0,set,top_p,8.0,0.6,Qwen2-7B,27.0,22.0
mall,pretzel stand,grocery store,mall::pretzel stand::grocery store,0.6,5,0.058,set,top_p,8.0,0.6,Qwen2-7B,17.0,12.0
mask,bandana,candy,mask::bandana::candy,0.0,4,0.0,set,top_p,9.0,0.6,Qwen2-7B,27.0,14.5
mask,bandana,gloves,mask::bandana::gloves,0.5,2,0.0,set,top_p,9.0,0.6,Qwen2-7B,11.0,14.5
mask,bandana,handkerchief,mask::bandana::handkerchief,0.6153846153846154,13,0.0,set,top_p,9.0,0.6,Qwen2-7B,6.0,14.5
mask,bandana,napkins,mask::bandana::napkins,0.16666666666666666,12,0.0,set,top_p,9.0,0.6,Qwen2-7B,23.0,14.5
mask,bandana,wallet,mask::bandana::wallet,0.4,5,0.0,set,top_p,9.0,0.6,Qwen2-7B,15.0,14.5
mask,candy,bandana,mask::candy::bandana,0.8,5,0.0,set,top_p,9.0,0.6,Qwen2-7B,2.5,14.5
mask,candy,gloves,mask::candy::gloves,0.0625,16,0.0,set,top_p,9.0,0.6,Qwen2-7B,24.0,14.5
mask,candy,handkerchief,mask::candy::handkerchief,0.6666666666666666,6,0.0,set,top_p,9.0,0.6,Qwen2-7B,4.0,14.5
mask,candy,napkins,mask::candy::napkins,0.5,4,0.0,set,top_p,9.0,0.6,Qwen2-7B,11.0,14.5
mask,candy,wallet,mask::candy::wallet,0.2,20,0.0,set,top_p,9.0,0.6,Qwen2-7B,20.0,14.5
mask,gloves,bandana,mask::gloves::bandana,0.5,6,0.0,set,top_p,9.0,0.6,Qwen2-7B,11.0,14.5
mask,gloves,candy,mask::gloves::candy,0.2,5,0.0,set,top_p,9.0,0.6,Qwen2-7B,20.0,14.5
mask,gloves,handkerchief,mask::gloves::handkerchief,0.4,5,0.0,set,top_p,9.0,0.6,Qwen2-7B,15.0,14.5
mask,gloves,napkins,mask::gloves::napkins,0.5,4,0.0,set,top_p,9.0,0.6,Qwen2-7B,11.0,14.5
mask,gloves,wallet,mask::gloves::wallet,0.0,3,0.0,set,top_p,9.0,0.6,Qwen2-7B,27.0,14.5
mask,handkerchief,bandana,mask::handkerchief::bandana,1.0,3,0.0,set,top_p,9.0,0.6,Qwen2-7B,0.5,14.5
mask,handkerchief,candy,mask::handkerchief::candy,0.0,6,0.0,set,top_p,9.0,0.6,Qwen2-7B,27.0,14.5
mask,handkerchief,gloves,mask::handkerchief::gloves,0.4,5,0.0,set,top_p,9.0,0.6,Qwen2-7B,15.0,14.5
mask,handkerchief,napkins,mask::handkerchief::napkins,0.3,20,0.0,set,top_p,9.0,0.6,Qwen2-7B,17.0,14.5
mask,handkerchief,wallet,mask::handkerchief::wallet,0.0,5,0.0,set,top_p,9.0,0.6,Qwen2-7B,27.0,14.5
mask,napkins,bandana,mask::napkins::bandana,1.0,5,0.0,set,top_p,9.0,0.6,Qwen2-7B,0.5,14.5
mask,napkins,candy,mask::napkins::candy,0.2,5,0.0,set,top_p,9.0,0.6,Qwen2-7B,20.0,14.5
mask,napkins,gloves,mask::napkins::gloves,0.2,5,0.0,set,top_p,9.0,0.6,Qwen2-7B,20.0,14.5
mask,napkins,handkerchief,mask::napkins::handkerchief,0.6,5,0.0,set,top_p,9.0,0.6,Qwen2-7B,7.5,14.5
mask,napkins,wallet,mask::napkins::wallet,0.0,4,0.0,set,top_p,9.0,0.6,Qwen2-7B,27.0,14.5
mask,wallet,bandana,mask::wallet::bandana,0.8,5,0.0,set,top_p,9.0,0.6,Qwen2-7B,2.5,14.5
mask,wallet,candy,mask::wallet::candy,0.2,5,0.0,set,top_p,9.0,0.6,Qwen2-7B,20.0,14.5
mask,wallet,gloves,mask::wallet::gloves,0.631578947368421,19,0.0,set,top_p,9.0,0.6,Qwen2-7B,5.0,14.5
mask,wallet,handkerchief,mask::wallet::handkerchief,0.6,5,0.0,set,top_p,9.0,0.6,Qwen2-7B,7.5,14.5
mask,wallet,napkins,mask::wallet::napkins,0.5,6,0.0,set,top_p,9.0,0.6,Qwen2-7B,11.0,14.5
meat,chicken,crab,meat::chicken::crab,0.7647058823529411,17,0.05,set,top_p,0.0,0.6,Qwen2-7B,13.0,22.0
meat,chicken,mushrooms,meat::chicken::mushrooms,0.2,5,0.028,set,top_p,0.0,0.6,Qwen2-7B,20.0,27.0
meat,chicken,rice,meat::chicken::rice,0.5,2,0.4,set,top_p,0.0,0.6,Qwen2-7B,16.5,7.0
meat,chicken,tofu,meat::chicken::tofu,0.0,5,0.352,set,top_p,0.0,0.6,Qwen2-7B,25.5,12.0
meat,chicken,turkey,meat::chicken::turkey,0.9523809523809523,21,0.128,set,top_p,0.0,0.6,Qwen2-7B,10.0,17.0
meat,crab,chicken,meat::crab::chicken,1.0,5,1.0,set,top_p,0.0,0.6,Qwen2-7B,4.5,2.0
meat,crab,mushrooms,meat::crab::mushrooms,0.0,3,0.028,set,top_p,0.0,0.6,Qwen2-7B,25.5,27.0
meat,crab,rice,meat::crab::rice,0.0,5,0.4,set,top_p,0.0,0.6,Qwen2-7B,25.5,7.0
meat,crab,tofu,meat::crab::tofu,0.6666666666666666,3,0.352,set,top_p,0.0,0.6,Qwen2-7B,14.0,12.0
meat,crab,turkey,meat::crab::turkey,1.0,5,0.128,set,top_p,0.0,0.6,Qwen2-7B,4.5,17.0
meat,mushrooms,chicken,meat::mushrooms::chicken,1.0,6,1.0,set,top_p,0.0,0.6,Qwen2-7B,4.5,2.0
meat,mushrooms,crab,meat::mushrooms::crab,1.0,5,0.05,set,top_p,0.0,0.6,Qwen2-7B,4.5,22.0
meat,mushrooms,rice,meat::mushrooms::rice,0.0,6,0.4,set,top_p,0.0,0.6,Qwen2-7B,25.5,7.0
meat,mushrooms,tofu,meat::mushrooms::tofu,0.5263157894736842,19,0.352,set,top_p,0.0,0.6,Qwen2-7B,15.0,12.0
meat,mushrooms,turkey,meat::mushrooms::turkey,1.0,6,0.128,set,top_p,0.0,0.6,Qwen2-7B,4.5,17.0
meat,rice,chicken,meat::rice::chicken,1.0,2,1.0,set,top_p,0.0,0.6,Qwen2-7B,4.5,2.0
meat,rice,crab,meat::rice::crab,0.5,2,0.05,set,top_p,0.0,0.6,Qwen2-7B,16.5,22.0
meat,rice,mushrooms,meat::rice::mushrooms,0.23529411764705882,17,0.028,set,top_p,0.0,0.6,Qwen2-7B,19.0,27.0
meat,rice,tofu,meat::rice::tofu,0.3888888888888889,18,0.352,set,top_p,0.0,0.6,Qwen2-7B,18.0,12.0
meat,rice,turkey,meat::rice::turkey,1.0,5,0.128,set,top_p,0.0,0.6,Qwen2-7B,4.5,17.0
meat,tofu,chicken,meat::tofu::chicken,1.0,4,1.0,set,top_p,0.0,0.6,Qwen2-7B,4.5,2.0
meat,tofu,crab,meat::tofu::crab,0.8,5,0.05,set,top_p,0.0,0.6,Qwen2-7B,11.0,22.0
meat,tofu,mushrooms,meat::tofu::mushrooms,0.0,5,0.028,set,top_p,0.0,0.6,Qwen2-7B,25.5,27.0
meat,tofu,rice,meat::tofu::rice,0.0,5,0.4,set,top_p,0.0,0.6,Qwen2-7B,25.5,7.0
meat,tofu,turkey,meat::tofu::turkey,1.0,5,0.128,set,top_p,0.0,0.6,Qwen2-7B,4.5,17.0
meat,turkey,chicken,meat::turkey::chicken,1.0,4,1.0,set,top_p,0.0,0.6,Qwen2-7B,4.5,2.0
meat,turkey,crab,meat::turkey::crab,0.7692307692307693,13,0.05,set,top_p,0.0,0.6,Qwen2-7B,12.0,22.0
meat,turkey,mushrooms,meat::turkey::mushrooms,0.0,4,0.028,set,top_p,0.0,0.6,Qwen2-7B,25.5,27.0
meat,turkey,rice,meat::turkey::rice,0.0,5,0.4,set,top_p,0.0,0.6,Qwen2-7B,25.5,7.0
meat,turkey,tofu,meat::turkey::tofu,0.16666666666666666,6,0.352,set,top_p,0.0,0.6,Qwen2-7B,21.0,12.0
restaurant,cake,cocktails,restaurant::cake::cocktails,1.0,4,0.216,set,top_p,1.0,0.6,Qwen2-7B,3.5,12.0
restaurant,cake,salad,restaurant::cake::salad,0.6,5,0.032,set,top_p,1.0,0.6,Qwen2-7B,13.0,27.0
restaurant,cake,soda,restaurant::cake::soda,0.8,5,0.61,set,top_p,1.0,0.6,Qwen2-7B,9.0,2.0
restaurant,cake,soup,restaurant::cake::soup,0.3888888888888889,18,0.038,set,top_p,1.0,0.6,Qwen2-7B,19.0,22.0
restaurant,cake,vodka,restaurant::cake::vodka,1.0,6,0.44,set,top_p,1.0,0.6,Qwen2-7B,3.5,7.0
restaurant,cocktails,cake,restaurant::cocktails::cake,0.6,5,0.042,set,top_p,1.0,0.6,Qwen2-7B,13.0,17.0
restaurant,cocktails,salad,restaurant::cocktails::salad,0.0,4,0.032,set,top_p,1.0,0.6,Qwen2-7B,25.5,27.0
restaurant,cocktails,soda,restaurant::cocktails::soda,0.42105263157894735,19,0.61,set,top_p,1.0,0.6,Qwen2-7B,18.0,2.0
restaurant,cocktails,soup,restaurant::cocktails::soup,0.0,2,0.038,set,top_p,1.0,0.6,Qwen2-7B,25.5,22.0
restaurant,cocktails,vodka,restaurant::cocktails::vodka,0.5,14,0.44,set,top_p,1.0,0.6,Qwen2-7B,16.5,7.0
restaurant,salad,cake,restaurant::salad::cake,0.55,20,0.042,set,top_p,1.0,0.6,Qwen2-7B,15.0,17.0
restaurant,salad,cocktails,restaurant::salad::cocktails,0.75,4,0.216,set,top_p,1.0,0.6,Qwen2-7B,10.0,12.0
restaurant,salad,soda,restaurant::salad::soda,0.6,5,0.61,set,top_p,1.0,0.6,Qwen2-7B,13.0,2.0
restaurant,salad,soup,restaurant::salad::soup,0.7,20,0.038,set,top_p,1.0,0.6,Qwen2-7B,11.0,22.0
restaurant,salad,vodka,restaurant::salad::vodka,1.0,5,0.44,set,top_p,1.0,0.6,Qwen2-7B,3.5,7.0
restaurant,soda,cake,restaurant::soda::cake,0.0,3,0.042,set,top_p,1.0,0.6,Qwen2-7B,25.5,17.0
restaurant,soda,cocktails,restaurant::soda::cocktails,1.0,3,0.216,set,top_p,1.0,0.6,Qwen2-7B,3.5,12.0
restaurant,soda,salad,restaurant::soda::salad,0.0,5,0.032,set,top_p,1.0,0.6,Qwen2-7B,25.5,27.0
restaurant,soda,soup,restaurant::soda::soup,0.0,2,0.038,set,top_p,1.0,0.6,Qwen2-7B,25.5,22.0
restaurant,soda,vodka,restaurant::soda::vodka,1.0,5,0.44,set,top_p,1.0,0.6,Qwen2-7B,3.5,7.0
restaurant,soup,cake,restaurant::soup::cake,0.3333333333333333,3,0.042,set,top_p,1.0,0.6,Qwen2-7B,20.0,17.0
restaurant,soup,cocktails,restaurant::soup::cocktails,1.0,6,0.216,set,top_p,1.0,0.6,Qwen2-7B,3.5,12.0
restaurant,soup,salad,restaurant::soup::salad,0.5,6,0.032,set,top_p,1.0,0.6,Qwen2-7B,16.5,27.0
restaurant,soup,soda,restaurant::soup::soda,0.8333333333333334,6,0.61,set,top_p,1.0,0.6,Qwen2-7B,8.0,2.0
restaurant,soup,vodka,restaurant::soup::vodka,1.0,4,0.44,set,top_p,1.0,0.6,Qwen2-7B,3.5,7.0
restaurant,vodka,cake,restaurant::vodka::cake,0.0,5,0.042,set,top_p,1.0,0.6,Qwen2-7B,25.5,17.0
restaurant,vodka,cocktails,restaurant::vodka::cocktails,1.0,3,0.216,set,top_p,1.0,0.6,Qwen2-7B,3.5,12.0
restaurant,vodka,salad,restaurant::vodka::salad,0.0,2,0.032,set,top_p,1.0,0.6,Qwen2-7B,25.5,27.0
restaurant,vodka,soda,restaurant::vodka::soda,0.3157894736842105,19,0.61,set,top_p,1.0,0.6,Qwen2-7B,21.0,2.0
restaurant,vodka,soup,restaurant::vodka::soup,0.0,5,0.038,set,top_p,1.0,0.6,Qwen2-7B,25.5,22.0
salad,chips,cigarettes,salad::chips::cigarettes,0.16666666666666666,6,0.002,set,top_p,2.0,0.6,Qwen2-7B,20.0,27.0
salad,chips,dressing,salad::chips::dressing,0.4,5,0.01,set,top_p,2.0,0.6,Qwen2-7B,13.0,22.0
salad,chips,lettuce,salad::chips::lettuce,1.0,6,1.0,set,top_p,2.0,0.6,Qwen2-7B,2.0,2.0
salad,chips,meat,salad::chips::meat,0.2857142857142857,21,0.072,set,top_p,2.0,0.6,Qwen2-7B,18.0,7.0
salad,chips,tuna,salad::chips::tuna,0.2,5,0.016,set,top_p,2.0,0.6,Qwen2-7B,19.0,17.0
salad,cigarettes,chips,salad::cigarettes::chips,0.4375,16,0.018,set,top_p,2.0,0.6,Qwen2-7B,11.5,12.0
salad,cigarettes,dressing,salad::cigarettes::dressing,1.0,4,0.01,set,top_p,2.0,0.6,Qwen2-7B,2.0,22.0
salad,cigarettes,lettuce,salad::cigarettes::lettuce,0.75,4,1.0,set,top_p,2.0,0.6,Qwen2-7B,6.5,2.0
salad,cigarettes,meat,salad::cigarettes::meat,0.5789473684210527,19,0.072,set,top_p,2.0,0.6,Qwen2-7B,10.0,7.0
salad,cigarettes,tuna,salad::cigarettes::tuna,0.3333333333333333,6,0.016,set,top_p,2.0,0.6,Qwen2-7B,16.0,17.0
salad,dressing,chips,salad::dressing::chips,0.0,2,0.018,set,top_p,2.0,0.6,Qwen2-7B,25.0,12.0
salad,dressing,cigarettes,salad::dressing::cigarettes,0.0,5,0.002,set,top_p,2.0,0.6,Qwen2-7B,25.0,27.0
salad,dressing,lettuce,salad::dressing::lettuce,1.0,3,1.0,set,top_p,2.0,0.6,Qwen2-7B,2.0,2.0
salad,dressing,meat,salad::dressing::meat,0.3333333333333333,3,0.072,set,top_p,2.0,0.6,Qwen2-7B,16.0,7.0
salad,dressing,tuna,salad::dressing::tuna,0.4375,16,0.016,set,top_p,2.0,0.6,Qwen2-7B,11.5,17.0
salad,lettuce,chips,salad::lettuce::chips,0.0,2,0.018,set,top_p,2.0,0.6,Qwen2-7B,25.0,12.0
salad,lettuce,cigarettes,salad::lettuce::cigarettes,0.0,6,0.002,set,top_p,2.0,0.6,Qwen2-7B,25.0,27.0
salad,lettuce,dressing,salad::lettuce::dressing,0.6111111111111112,18,0.01,set,top_p,2.0,0.6,Qwen2-7B,8.0,22.0
salad,lettuce,meat,salad::lettuce::meat,0.75,4,0.072,set,top_p,2.0,0.6,Qwen2-7B,6.5,7.0
salad,lettuce,tuna,salad::lettuce::tuna,0.3888888888888889,18,0.016,set,top_p,2.0,0.6,Qwen2-7B,14.0,17.0
salad,meat,chips,salad::meat::chips,0.0,2,0.018,set,top_p,2.0,0.6,Qwen2-7B,25.0,12.0
salad,meat,cigarettes,salad::meat::cigarettes,0.0,5,0.002,set,top_p,2.0,0.6,Qwen2-7B,25.0,27.0
salad,meat,dressing,salad::meat::dressing,0.0,3,0.01,set,top_p,2.0,0.6,Qwen2-7B,25.0,22.0
salad,meat,lettuce,salad::meat::lettuce,1.0,6,1.0,set,top_p,2.0,0.6,Qwen2-7B,2.0,2.0
salad,meat,tuna,salad::meat::tuna,0.3333333333333333,3,0.016,set,top_p,2.0,0.6,Qwen2-7B,16.0,17.0
salad,tuna,chips,salad::tuna::chips,0.0,5,0.018,set,top_p,2.0,0.6,Qwen2-7B,25.0,12.0
salad,tuna,cigarettes,salad::tuna::cigarettes,0.0,5,0.002,set,top_p,2.0,0.6,Qwen2-7B,25.0,27.0
salad,tuna,dressing,salad::tuna::dressing,0.6,5,0.01,set,top_p,2.0,0.6,Qwen2-7B,9.0,22.0
salad,tuna,lettuce,salad::tuna::lettuce,1.0,5,1.0,set,top_p,2.0,0.6,Qwen2-7B,2.0,2.0
salad,tuna,meat,salad::tuna::meat,0.8,5,0.072,set,top_p,2.0,0.6,Qwen2-7B,5.0,7.0
science,art,geology,science::art::geology,1.0,4,0.266,set,top_p,3.0,0.6,Qwen2-7B,3.0,7.0
science,art,math,science::art::math,0.7,20,0.134,set,top_p,3.0,0.6,Qwen2-7B,15.0,12.0
science,art,philosophy,science::art::philosophy,0.6111111111111112,18,0.004,set,top_p,3.0,0.6,Qwen2-7B,21.0,27.0
science,art,physics,science::art::physics,1.0,5,1.0,set,top_p,3.0,0.6,Qwen2-7B,3.0,2.0
science,art,zoology,science::art::zoology,0.8,5,0.044,set,top_p,3.0,0.6,Qwen2-7B,11.0,17.0
science,geology,art,science::geology::art,0.6,5,0.006,set,top_p,3.0,0.6,Qwen2-7B,22.0,22.0
science,geology,math,science::geology::math,0.8333333333333334,6,0.134,set,top_p,3.0,0.6,Qwen2-7B,8.5,12.0
science,geology,philosophy,science::geology::philosophy,0.6666666666666666,3,0.004,set,top_p,3.0,0.6,Qwen2-7B,18.0,27.0
science,geology,physics,science::geology::physics,1.0,4,1.0,set,top_p,3.0,0.6,Qwen2-7B,3.0,2.0
science,geology,zoology,science::geology::zoology,1.0,13,0.044,set,top_p,3.0,0.6,Qwen2-7B,3.0,17.0
science,math,art,science::math::art,0.5,2,0.006,set,top_p,3.0,0.6,Qwen2-7B,23.5,22.0
science,math,geology,science::math::geology,0.75,4,0.266,set,top_p,3.0,0.6,Qwen2-7B,13.5,7.0
science,math,philosophy,science::math::philosophy,0.4,5,0.004,set,top_p,3.0,0.6,Qwen2-7B,26.0,27.0
science,math,physics,science::math::physics,0.5,4,1.0,set,top_p,3.0,0.6,Qwen2-7B,23.5,2.0
science,math,zoology,science::math::zoology,0.8,5,0.044,set,top_p,3.0,0.6,Qwen2-7B,11.0,17.0
science,philosophy,art,science::philosophy::art,1.0,5,0.006,set,top_p,3.0,0.6,Qwen2-7B,3.0,22.0
science,philosophy,geology,science::philosophy::geology,0.8,5,0.266,set,top_p,3.0,0.6,Qwen2-7B,11.0,7.0
science,philosophy,math,science::philosophy::math,0.6875,16,0.134,set,top_p,3.0,0.6,Qwen2-7B,16.0,12.0
science,philosophy,physics,science::philosophy::physics,1.0,4,1.0,set,top_p,3.0,0.6,Qwen2-7B,3.0,2.0
science,philosophy,zoology,science::philosophy::zoology,0.8333333333333334,6,0.044,set,top_p,3.0,0.6,Qwen2-7B,8.5,17.0
science,physics,art,science::physics::art,0.4,5,0.006,set,top_p,3.0,0.6,Qwen2-7B,26.0,22.0
science,physics,geology,science::physics::geology,0.8571428571428571,21,0.266,set,top_p,3.0,0.6,Qwen2-7B,7.0,7.0
science,physics,math,science::physics::math,0.3333333333333333,3,0.134,set,top_p,3.0,0.6,Qwen2-7B,28.5,12.0
science,physics,philosophy,science::physics::philosophy,0.3333333333333333,3,0.004,set,top_p,3.0,0.6,Qwen2-7B,28.5,27.0
science,physics,zoology,science::physics::zoology,0.65,20,0.044,set,top_p,3.0,0.6,Qwen2-7B,20.0,17.0
science,zoology,art,science::zoology::art,0.6666666666666666,3,0.006,set,top_p,3.0,0.6,Qwen2-7B,18.0,22.0
science,zoology,geology,science::zoology::geology,0.75,4,0.266,set,top_p,3.0,0.6,Qwen2-7B,13.5,7.0
science,zoology,math,science::zoology::math,0.4,5,0.134,set,top_p,3.0,0.6,Qwen2-7B,26.0,12.0
science,zoology,philosophy,science::zoology::philosophy,0.6666666666666666,6,0.004,set,top_p,3.0,0.6,Qwen2-7B,18.0,27.0
science,zoology,physics,science::zoology::physics,1.0,4,1.0,set,top_p,3.0,0.6,Qwen2-7B,3.0,2.0
throw,beach ball,boomerang,throw::beach ball::boomerang,0.631578947368421,19,0.002,set,top_p,4.0,0.6,Qwen2-7B,12.0,14.5
throw,beach ball,football,throw::beach ball::football,1.0,5,0.932,set,top_p,4.0,0.6,Qwen2-7B,2.5,2.0
throw,beach ball,lawnmower,throw::beach ball::lawnmower,0.0,3,0.002,set,top_p,4.0,0.6,Qwen2-7B,24.5,14.5
throw,beach ball,shovel,throw::beach ball::shovel,0.0,6,0.0,set,top_p,4.0,0.6,Qwen2-7B,24.5,24.5
throw,beach ball,tires,throw::beach ball::tires,0.0,6,0.0,set,top_p,4.0,0.6,Qwen2-7B,24.5,24.5
throw,boomerang,beach ball,throw::boomerang::beach ball,0.75,4,0.01,set,top_p,4.0,0.6,Qwen2-7B,10.5,7.0
throw,boomerang,football,throw::boomerang::football,1.0,4,0.932,set,top_p,4.0,0.6,Qwen2-7B,2.5,2.0
throw,boomerang,lawnmower,throw::boomerang::lawnmower,0.0,5,0.002,set,top_p,4.0,0.6,Qwen2-7B,24.5,14.5
throw,boomerang,shovel,throw::boomerang::shovel,0.0,4,0.0,set,top_p,4.0,0.6,Qwen2-7B,24.5,24.5
throw,boomerang,tires,throw::boomerang::tires,0.0,5,0.0,set,top_p,4.0,0.6,Qwen2-7B,24.5,24.5
throw,football,beach ball,throw::football::beach ball,0.875,16,0.01,set,top_p,4.0,0.6,Qwen2-7B,6.0,7.0
throw,football,boomerang,throw::football::boomerang,0.6190476190476191,21,0.002,set,top_p,4.0,0.6,Qwen2-7B,13.0,14.5
throw,football,lawnmower,throw::football::lawnmower,0.0,3,0.002,set,top_p,4.0,0.6,Qwen2-7B,24.5,14.5
throw,football,shovel,throw::football::shovel,0.0,4,0.0,set,top_p,4.0,0.6,Qwen2-7B,24.5,24.5
throw,football,tires,throw::football::tires,0.0,3,0.0,set,top_p,4.0,0.6,Qwen2-7B,24.5,24.5
throw,lawnmower,beach ball,throw::lawnmower::beach ball,1.0,2,0.01,set,top_p,4.0,0.6,Qwen2-7B,2.5,7.0
throw,lawnmower,boomerang,throw::lawnmower::boomerang,0.8,5,0.002,set,top_p,4.0,0.6,Qwen2-7B,8.0,14.5
throw,lawnmower,football,throw::lawnmower::football,1.0,5,0.932,set,top_p,4.0,0.6,Qwen2-7B,2.5,2.0
throw,lawnmower,shovel,throw::lawnmower::shovel,0.3333333333333333,21,0.0,set,top_p,4.0,0.6,Qwen2-7B,16.5,24.5
throw,lawnmower,tires,throw::lawnmower::tires,0.07692307692307693,13,0.0,set,top_p,4.0,0.6,Qwen2-7B,19.0,24.5
throw,shovel,beach ball,throw::shovel::beach ball,0.75,4,0.01,set,top_p,4.0,0.6,Qwen2-7B,10.5,7.0
throw,shovel,boomerang,throw::shovel::boomerang,0.6,5,0.002,set,top_p,4.0,0.6,Qwen2-7B,14.5,14.5
throw,shovel,football,throw::shovel::football,1.0,4,0.932,set,top_p,4.0,0.6,Qwen2-7B,2.5,2.0
throw,shovel,lawnmower,throw::shovel::lawnmower,0.0,5,0.002,set,top_p,4.0,0.6,Qwen2-7B,24.5,14.5
throw,shovel,tires,throw::shovel::tires,0.125,16,0.0,set,top_p,4.0,0.6,Qwen2-7B,18.0,24.5
throw,tires,beach ball,throw::tires::beach ball,0.6,5,0.01,set,top_p,4.0,0.6,Qwen2-7B,14.5,7.0
throw,tires,boomerang,throw::tires::boomerang,1.0,4,0.002,set,top_p,4.0,0.6,Qwen2-7B,2.5,14.5
throw,tires,football,throw::tires::football,0.8,5,0.932,set,top_p,4.0,0.6,Qwen2-7B,8.0,2.0
throw,tires,lawnmower,throw::tires::lawnmower,0.8,5,0.002,set,top_p,4.0,0.6,Qwen2-7B,8.0,14.5
throw,tires,shovel,throw::tires::shovel,0.3333333333333333,6,0.0,set,top_p,4.0,0.6,Qwen2-7B,16.5,24.5
transport,car,chairs,transport::car::chairs,0.0,5,0.0,set,top_p,5.0,0.6,Qwen2-7B,26.5,27.0
transport,car,hammer,transport::car::hammer,0.2,5,0.002,set,top_p,5.0,0.6,Qwen2-7B,20.0,22.0
transport,car,lawnmower,transport::car::lawnmower,0.25,4,0.042,set,top_p,5.0,0.6,Qwen2-7B,17.5,12.0
transport,car,motorcycle,transport::car::motorcycle,0.9047619047619048,21,0.846,set,top_p,5.0,0.6,Qwen2-7B,5.0,7.0
transport,car,roller blades,transport::car::roller blades,0.5625,16,0.004,set,top_p,5.0,0.6,Qwen2-7B,11.0,17.0
transport,chairs,car,transport::chairs::car,1.0,3,1.0,set,top_p,5.0,0.6,Qwen2-7B,2.0,2.0
transport,chairs,hammer,transport::chairs::hammer,0.0,4,0.002,set,top_p,5.0,0.6,Qwen2-7B,26.5,22.0
transport,chairs,lawnmower,transport::chairs::lawnmower,0.09090909090909091,22,0.042,set,top_p,5.0,0.6,Qwen2-7B,22.0,12.0
transport,chairs,motorcycle,transport::chairs::motorcycle,0.6,5,0.846,set,top_p,5.0,0.6,Qwen2-7B,9.5,7.0
transport,chairs,roller blades,transport::chairs::roller blades,0.6666666666666666,3,0.004,set,top_p,5.0,0.6,Qwen2-7B,8.0,17.0
transport,hammer,car,transport::hammer::car,0.6,5,1.0,set,top_p,5.0,0.6,Qwen2-7B,9.5,2.0
transport,hammer,chairs,transport::hammer::chairs,0.06666666666666667,15,0.0,set,top_p,5.0,0.6,Qwen2-7B,23.0,27.0
transport,hammer,lawnmower,transport::hammer::lawnmower,0.5555555555555556,18,0.042,set,top_p,5.0,0.6,Qwen2-7B,12.0,12.0
transport,hammer,motorcycle,transport::hammer::motorcycle,0.5,4,0.846,set,top_p,5.0,0.6,Qwen2-7B,15.0,7.0
transport,hammer,roller blades,transport::hammer::roller blades,0.8,5,0.004,set,top_p,5.0,0.6,Qwen2-7B,6.5,17.0
transport,lawnmower,car,transport::lawnmower::car,1.0,6,1.0,set,top_p,5.0,0.6,Qwen2-7B,2.0,2.0
transport,lawnmower,chairs,transport::lawnmower::chairs,0.2,5,0.0,set,top_p,5.0,0.6,Qwen2-7B,20.0,27.0
transport,lawnmower,hammer,transport::lawnmower::hammer,0.25,4,0.002,set,top_p,5.0,0.6,Qwen2-7B,17.5,22.0
transport,lawnmower,motorcycle,transport::lawnmower::motorcycle,1.0,5,0.846,set,top_p,5.0,0.6,Qwen2-7B,2.0,7.0
transport,lawnmower,roller blades,transport::lawnmower::roller blades,0.5,4,0.004,set,top_p,5.0,0.6,Qwen2-7B,15.0,17.0
transport,motorcycle,car,transport::motorcycle::car,0.8,5,1.0,set,top_p,5.0,0.6,Qwen2-7B,6.5,2.0
transport,motorcycle,chairs,transport::motorcycle::chairs,0.0,4,0.0,set,top_p,5.0,0.6,Qwen2-7B,26.5,27.0
transport,motorcycle,hammer,transport::motorcycle::hammer,0.0,5,0.002,set,top_p,5.0,0.6,Qwen2-7B,26.5,22.0
transport,motorcycle,lawnmower,transport::motorcycle::lawnmower,0.0,5,0.042,set,top_p,5.0,0.6,Qwen2-7B,26.5,12.0
transport,motorcycle,roller blades,transport::motorcycle::roller blades,0.5384615384615384,13,0.004,set,top_p,5.0,0.6,Qwen2-7B,13.0,17.0
transport,roller blades,car,transport::roller blades::car,1.0,5,1.0,set,top_p,5.0,0.6,Qwen2-7B,2.0,2.0
transport,roller blades,chairs,transport::roller blades::chairs,0.5,2,0.0,set,top_p,5.0,0.6,Qwen2-7B,15.0,27.0
transport,roller blades,hammer,transport::roller blades::hammer,0.2,5,0.002,set,top_p,5.0,0.6,Qwen2-7B,20.0,22.0
transport,roller blades,lawnmower,transport::roller blades::lawnmower,0.0,4,0.042,set,top_p,5.0,0.6,Qwen2-7B,26.5,12.0
transport,roller blades,motorcycle,transport::roller blades::motorcycle,1.0,6,0.846,set,top_p,5.0,0.6,Qwen2-7B,2.0,7.0
bag,cash,chalk,bag::cash::chalk,1.0,5,0.99,ordering,top_p,0.0,0.6,Qwen2-7B,5.0,6.0
bag,cash,crayons,bag::cash::crayons,1.0,2,0.996,ordering,top_p,0.0,0.6,Qwen2-7B,5.0,3.0
bag,cash,headphones,bag::cash::headphones,0.0,3,0.496,ordering,top_p,0.0,0.6,Qwen2-7B,26.0,15.0
bag,cash,makeup,bag::cash::makeup,0.10526315789473684,19,0.944,ordering,top_p,0.0,0.6,Qwen2-7B,22.0,9.0
bag,cash,pen,bag::cash::pen,1.0,5,0.998,ordering,top_p,0.0,0.6,Qwen2-7B,5.0,1.0
bag,chalk,cash,bag::chalk::cash,0.0,6,0.01,ordering,top_p,0.0,0.6,Qwen2-7B,26.0,23.0
bag,chalk,crayons,bag::chalk::crayons,1.0,6,0.698,ordering,top_p,0.0,0.6,Qwen2-7B,5.0,13.0
bag,chalk,headphones,bag::chalk::headphones,0.2,5,0.004,ordering,top_p,0.0,0.6,Qwen2-7B,18.0,26.0
bag,chalk,makeup,bag::chalk::makeup,0.2,5,0.136,ordering,top_p,0.0,0.6,Qwen2-7B,18.0,18.0
bag,chalk,pen,bag::chalk::pen,1.0,5,0.936,ordering,top_p,0.0,0.6,Qwen2-7B,5.0,10.0
bag,crayons,cash,bag::crayons::cash,0.0,5,0.004,ordering,top_p,0.0,0.6,Qwen2-7B,26.0,26.0
bag,crayons,chalk,bag::crayons::chalk,0.8888888888888888,18,0.302,ordering,top_p,0.0,0.6,Qwen2-7B,11.0,16.0
bag,crayons,headphones,bag::crayons::headphones,0.25,4,0.004,ordering,top_p,0.0,0.6,Qwen2-7B,15.0,26.0
bag,crayons,makeup,bag::crayons::makeup,0.0,5,0.054,ordering,top_p,0.0,0.6,Qwen2-7B,26.0,21.0
bag,crayons,pen,bag::crayons::pen,1.0,4,0.86,ordering,top_p,0.0,0.6,Qwen2-7B,5.0,12.0
bag,headphones,cash,bag::headphones::cash,0.14285714285714285,14,0.504,ordering,top_p,0.0,0.6,Qwen2-7B,21.0,14.0
bag,headphones,chalk,bag::headphones::chalk,0.4,5,0.996,ordering,top_p,0.0,0.6,Qwen2-7B,14.0,3.0
bag,headphones,crayons,bag::headphones::crayons,1.0,3,0.996,ordering,top_p,0.0,0.6,Qwen2-7B,5.0,3.0
bag,headphones,makeup,bag::headphones::makeup,0.21052631578947367,19,0.948,ordering,top_p,0.0,0.6,Qwen2-7B,16.0,7.0
bag,headphones,pen,bag::headphones::pen,1.0,5,1.0,ordering,top_p,0.0,0.6,Qwen2-7B,5.0,0.0
bag,makeup,cash,bag::makeup::cash,0.2,5,0.056,ordering,top_p,0.0,0.6,Qwen2-7B,18.0,20.0
bag,makeup,chalk,bag::makeup::chalk,1.0,2,0.864,ordering,top_p,0.0,0.6,Qwen2-7B,5.0,11.0
bag,makeup,crayons,bag::makeup::crayons,1.0,2,0.946,ordering,top_p,0.0,0.6,Qwen2-7B,5.0,8.0
bag,makeup,headphones,bag::makeup::headphones,0.0,4,0.052,ordering,top_p,0.0,0.6,Qwen2-7B,26.0,22.0
bag,makeup,pen,bag::makeup::pen,1.0,3,0.992,ordering,top_p,0.0,0.6,Qwen2-7B,5.0,5.0
bag,pen,cash,bag::pen::cash,0.0,5,0.002,ordering,top_p,0.0,0.6,Qwen2-7B,26.0,28.0
bag,pen,chalk,bag::pen::chalk,0.8571428571428571,21,0.064,ordering,top_p,0.0,0.6,Qwen2-7B,13.0,19.0
bag,pen,crayons,bag::pen::crayons,0.8823529411764706,17,0.14,ordering,top_p,0.0,0.6,Qwen2-7B,12.0,17.0
bag,pen,headphones,bag::pen::headphones,0.0,5,0.0,ordering,top_p,0.0,0.6,Qwen2-7B,26.0,29.0
bag,pen,makeup,bag::pen::makeup,0.16666666666666666,6,0.008,ordering,top_p,0.0,0.6,Qwen2-7B,20.0,24.0
bakery,cakes,ice cream,bakery::cakes::ice cream,0.8421052631578947,19,0.362,ordering,top_p,1.0,0.6,Qwen2-7B,9.0,16.0
bakery,cakes,muffins,bakery::cakes::muffins,0.8888888888888888,18,0.034,ordering,top_p,1.0,0.6,Qwen2-7B,8.0,24.0
bakery,cakes,pretzels,bakery::cakes::pretzels,0.5,6,0.026,ordering,top_p,1.0,0.6,Qwen2-7B,17.0,26.0
bakery,cakes,sandwiches,bakery::cakes::sandwiches,0.4,5,0.01,ordering,top_p,1.0,0.6,Qwen2-7B,21.0,28.5
bakery,cakes,water,bakery::cakes::water,0.0,5,0.016,ordering,top_p,1.0,0.6,Qwen2-7B,27.0,27.0
bakery,ice cream,cakes,bakery::ice cream::cakes,1.0,5,0.638,ordering,top_p,1.0,0.6,Qwen2-7B,3.5,13.0
bakery,ice cream,muffins,bakery::ice cream::muffins,0.5882352941176471,17,0.044,ordering,top_p,1.0,0.6,Qwen2-7B,13.0,23.0
bakery,ice cream,pretzels,bakery::ice cream::pretzels,0.5,2,0.056,ordering,top_p,1.0,0.6,Qwen2-7B,17.0,22.0
bakery,ice cream,sandwiches,bakery::ice cream::sandwiches,0.25,4,0.01,ordering,top_p,1.0,0.6,Qwen2-7B,23.0,28.5
bakery,ice cream,water,bakery::ice cream::water,0.16666666666666666,6,0.03,ordering,top_p,1.0,0.6,Qwen2-7B,24.0,25.0
bakery,muffins,cakes,bakery::muffins::cakes,1.0,5,0.966,ordering,top_p,1.0,0.6,Qwen2-7B,3.5,5.0
bakery,muffins,ice cream,bakery::muffins::ice cream,1.0,2,0.956,ordering,top_p,1.0,0.6,Qwen2-7B,3.5,6.0
bakery,muffins,pretzels,bakery::muffins::pretzels,0.4,5,0.486,ordering,top_p,1.0,0.6,Qwen2-7B,21.0,15.0
bakery,muffins,sandwiches,bakery::muffins::sandwiches,0.0,2,0.168,ordering,top_p,1.0,0.6,Qwen2-7B,27.0,21.0
bakery,muffins,water,bakery::muffins::water,0.0,5,0.348,ordering,top_p,1.0,0.6,Qwen2-7B,27.0,18.0
bakery,pretzels,cakes,bakery::pretzels::cakes,1.0,5,0.974,ordering,top_p,1.0,0.6,Qwen2-7B,3.5,3.0
bakery,pretzels,ice cream,bakery::pretzels::ice cream,1.0,5,0.944,ordering,top_p,1.0,0.6,Qwen2-7B,3.5,7.0
bakery,pretzels,muffins,bakery::pretzels::muffins,1.0,3,0.514,ordering,top_p,1.0,0.6,Qwen2-7B,3.5,14.0
bakery,pretzels,sandwiches,bakery::pretzels::sandwiches,0.4,5,0.18,ordering,top_p,1.0,0.6,Qwen2-7B,21.0,20.0
bakery,pretzels,water,bakery::pretzels::water,0.0,4,0.354,ordering,top_p,1.0,0.6,Qwen2-7B,27.0,17.0
bakery,sandwiches,cakes,bakery::sandwiches::cakes,1.0,3,0.99,ordering,top_p,1.0,0.6,Qwen2-7B,3.5,0.5
bakery,sandwiches,ice cream,bakery::sandwiches::ice cream,1.0,5,0.99,ordering,top_p,1.0,0.6,Qwen2-7B,3.5,0.5
bakery,sandwiches,muffins,bakery::sandwiches::muffins,0.6666666666666666,3,0.832,ordering,top_p,1.0,0.6,Qwen2-7B,11.0,8.0
bakery,sandwiches,pretzels,bakery::sandwiches::pretzels,0.55,20,0.82,ordering,top_p,1.0,0.6,Qwen2-7B,14.0,9.0
bakery,sandwiches,water,bakery::sandwiches::water,0.0,5,0.696,ordering,top_p,1.0,0.6,Qwen2-7B,27.0,10.0
bakery,water,cakes,bakery::water::cakes,0.6666666666666666,3,0.984,ordering,top_p,1.0,0.6,Qwen2-7B,11.0,2.0
bakery,water,ice cream,bakery::water::ice cream,0.6666666666666666,6,0.97,ordering,top_p,1.0,0.6,Qwen2-7B,11.0,4.0
bakery,water,muffins,bakery::water::muffins,0.5,6,0.652,ordering,top_p,1.0,0.6,Qwen2-7B,17.0,11.0
bakery,water,pretzels,bakery::water::pretzels,0.5384615384615384,13,0.646,ordering,top_p,1.0,0.6,Qwen2-7B,15.0,12.0
bakery,water,sandwiches,bakery::water::sandwiches,0.42857142857142855,21,0.304,ordering,top_p,1.0,0.6,Qwen2-7B,19.0,19.0
beach,bikini,coat,beach::bikini::coat,0.3333333333333333,3,0.058,ordering,top_p,2.0,0.6,Qwen2-7B,21.0,26.0
beach,bikini,jacket,beach::bikini::jacket,0.25,4,0.162,ordering,top_p,2.0,0.6,Qwen2-7B,23.0,20.5
beach,bikini,jeans,beach::bikini::jeans,0.5,6,0.542,ordering,top_p,2.0,0.6,Qwen2-7B,17.0,14.0
beach,bikini,shorts,beach::bikini::shorts,0.7,20,0.918,ordering,top_p,2.0,0.6,Qwen2-7B,10.0,5.0
beach,bikini,sunglasses,beach::bikini::sunglasses,0.16666666666666666,18,0.38,ordering,top_p,2.0,0.6,Qwen2-7B,25.0,16.0
beach,coat,bikini,beach::coat::bikini,1.0,6,0.942,ordering,top_p,2.0,0.6,Qwen2-7B,3.0,3.0
beach,coat,jacket,beach::coat::jacket,0.5454545454545454,11,0.748,ordering,top_p,2.0,0.6,Qwen2-7B,14.0,11.0
beach,coat,jeans,beach::coat::jeans,0.5,16,0.938,ordering,top_p,2.0,0.6,Qwen2-7B,17.0,4.0
beach,coat,shorts,beach::coat::shorts,1.0,5,0.992,ordering,top_p,2.0,0.6,Qwen2-7B,3.0,0.0
beach,coat,sunglasses,beach::coat::sunglasses,0.0,3,0.894,ordering,top_p,2.0,0.6,Qwen2-7B,28.0,6.0
beach,jacket,bikini,beach::jacket::bikini,1.0,2,0.838,ordering,top_p,2.0,0.6,Qwen2-7B,3.0,8.5
beach,jacket,coat,beach::jacket::coat,1.0,3,0.252,ordering,top_p,2.0,0.6,Qwen2-7B,3.0,18.0
beach,jacket,jeans,beach::jacket::jeans,0.45,20,0.838,ordering,top_p,2.0,0.6,Qwen2-7B,20.0,8.5
beach,jacket,shorts,beach::jacket::shorts,0.6,5,0.98,ordering,top_p,2.0,0.6,Qwen2-7B,12.0,1.0
beach,jacket,sunglasses,beach::jacket::sunglasses,0.5,4,0.754,ordering,top_p,2.0,0.6,Qwen2-7B,17.0,10.0
beach,jeans,bikini,beach::jeans::bikini,1.0,5,0.458,ordering,top_p,2.0,0.6,Qwen2-7B,3.0,15.0
beach,jeans,coat,beach::jeans::coat,0.6,5,0.062,ordering,top_p,2.0,0.6,Qwen2-7B,12.0,25.0
beach,jeans,jacket,beach::jeans::jacket,0.0,6,0.162,ordering,top_p,2.0,0.6,Qwen2-7B,28.0,20.5
beach,jeans,shorts,beach::jeans::shorts,1.0,5,0.884,ordering,top_p,2.0,0.6,Qwen2-7B,3.0,7.0
beach,jeans,sunglasses,beach::jeans::sunglasses,0.25,4,0.34,ordering,top_p,2.0,0.6,Qwen2-7B,23.0,17.0
beach,shorts,bikini,beach::shorts::bikini,0.75,4,0.082,ordering,top_p,2.0,0.6,Qwen2-7B,8.5,24.0
beach,shorts,coat,beach::shorts::coat,0.75,4,0.008,ordering,top_p,2.0,0.6,Qwen2-7B,8.5,29.0
beach,shorts,jacket,beach::shorts::jacket,0.25,4,0.02,ordering,top_p,2.0,0.6,Qwen2-7B,23.0,28.0
beach,shorts,jeans,beach::shorts::jeans,0.6,5,0.116,ordering,top_p,2.0,0.6,Qwen2-7B,12.0,22.0
beach,shorts,sunglasses,beach::shorts::sunglasses,0.15,20,0.052,ordering,top_p,2.0,0.6,Qwen2-7B,26.0,27.0
beach,sunglasses,bikini,beach::sunglasses::bikini,1.0,5,0.62,ordering,top_p,2.0,0.6,Qwen2-7B,3.0,13.0
beach,sunglasses,coat,beach::sunglasses::coat,0.0,5,0.106,ordering,top_p,2.0,0.6,Qwen2-7B,28.0,23.0
beach,sunglasses,jacket,beach::sunglasses::jacket,0.8,5,0.246,ordering,top_p,2.0,0.6,Qwen2-7B,7.0,19.0
beach,sunglasses,jeans,beach::sunglasses::jeans,0.5,6,0.66,ordering,top_p,2.0,0.6,Qwen2-7B,17.0,12.0
beach,sunglasses,shorts,beach::sunglasses::shorts,0.5,4,0.948,ordering,top_p,2.0,0.6,Qwen2-7B,17.0,2.0
cold,blankets,fridge,cold::blankets::fridge,0.0,4,0.914,ordering,top_p,3.0,0.6,Qwen2-7B,24.5,8.0
cold,blankets,heater,cold::blankets::heater,1.0,2,1.0,ordering,top_p,3.0,0.6,Qwen2-7B,1.0,0.5
cold,blankets,microwave,cold::blankets::microwave,0.0,5,0.996,ordering,top_p,3.0,0.6,Qwen2-7B,24.5,4.0
cold,blankets,sink,cold::blankets::sink,0.0,4,0.852,ordering,top_p,3.0,0.6,Qwen2-7B,24.5,11.0
cold,blankets,tea,cold::blankets::tea,0.2,20,0.634,ordering,top_p,3.0,0.6,Qwen2-7B,17.0,14.0
cold,fridge,blankets,cold::fridge::blankets,0.3333333333333333,3,0.086,ordering,top_p,3.0,0.6,Qwen2-7B,12.5,21.0
cold,fridge,heater,cold::fridge::heater,0.8,5,0.998,ordering,top_p,3.0,0.6,Qwen2-7B,4.0,2.5
cold,fridge,microwave,cold::fridge::microwave,0.6923076923076923,13,0.862,ordering,top_p,3.0,0.6,Qwen2-7B,5.0,10.0
cold,fridge,sink,cold::fridge::sink,0.23809523809523808,21,0.334,ordering,top_p,3.0,0.6,Qwen2-7B,15.0,16.0
cold,fridge,tea,cold::fridge::tea,0.5,6,0.09,ordering,top_p,3.0,0.6,Qwen2-7B,10.0,20.0
cold,heater,blankets,cold::heater::blankets,0.8333333333333334,18,0.0,ordering,top_p,3.0,0.6,Qwen2-7B,3.0,28.5
cold,heater,fridge,cold::heater::fridge,0.0,4,0.002,ordering,top_p,3.0,0.6,Qwen2-7B,24.5,26.5
cold,heater,microwave,cold::heater::microwave,0.2,5,0.014,ordering,top_p,3.0,0.6,Qwen2-7B,17.0,24.0
cold,heater,sink,cold::heater::sink,0.0,5,0.0,ordering,top_p,3.0,0.6,Qwen2-7B,24.5,28.5
cold,heater,tea,cold::heater::tea,0.125,16,0.002,ordering,top_p,3.0,0.6,Qwen2-7B,19.0,26.5
cold,microwave,blankets,cold::microwave::blankets,0.6,5,0.004,ordering,top_p,3.0,0.6,Qwen2-7B,6.5,25.0
cold,microwave,fridge,cold::microwave::fridge,0.5,4,0.138,ordering,top_p,3.0,0.6,Qwen2-7B,10.0,19.0
cold,microwave,heater,cold::microwave::heater,1.0,5,0.986,ordering,top_p,3.0,0.6,Qwen2-7B,1.0,5.0
cold,microwave,sink,cold::microwave::sink,0.0,4,0.066,ordering,top_p,3.0,0.6,Qwen2-7B,24.5,22.0
cold,microwave,tea,cold::microwave::tea,0.2,5,0.018,ordering,top_p,3.0,0.6,Qwen2-7B,17.0,23.0
cold,sink,blankets,cold::sink::blankets,0.3333333333333333,3,0.148,ordering,top_p,3.0,0.6,Qwen2-7B,12.5,18.0
cold,sink,fridge,cold::sink::fridge,0.25,4,0.666,ordering,top_p,3.0,0.6,Qwen2-7B,14.0,13.0
cold,sink,heater,cold::sink::heater,1.0,4,1.0,ordering,top_p,3.0,0.6,Qwen2-7B,1.0,0.5
cold,sink,microwave,cold::sink::microwave,0.5294117647058824,17,0.934,ordering,top_p,3.0,0.6,Qwen2-7B,8.0,7.0
cold,sink,tea,cold::sink::tea,0.0,5,0.162,ordering,top_p,3.0,0.6,Qwen2-7B,24.5,17.0
cold,tea,blankets,cold::tea::blankets,0.6,5,0.366,ordering,top_p,3.0,0.6,Qwen2-7B,6.5,15.0
cold,tea,fridge,cold::tea::fridge,0.0,6,0.91,ordering,top_p,3.0,0.6,Qwen2-7B,24.5,9.0
cold,tea,heater,cold::tea::heater,0.5,6,0.998,ordering,top_p,3.0,0.6,Qwen2-7B,10.0,2.5
cold,tea,microwave,cold::tea::microwave,0.0,5,0.982,ordering,top_p,3.0,0.6,Qwen2-7B,24.5,6.0
cold,tea,sink,cold::tea::sink,0.0,4,0.838,ordering,top_p,3.0,0.6,Qwen2-7B,24.5,12.0
cut,batteries,keys,cut::batteries::keys,0.16666666666666666,6,0.942,ordering,top_p,4.0,0.6,Qwen2-7B,20.5,10.0
cut,batteries,nail clippers,cut::batteries::nail clippers,0.8,5,0.972,ordering,top_p,4.0,0.6,Qwen2-7B,4.5,9.0
cut,batteries,scissors,cut::batteries::scissors,0.8,5,1.0,ordering,top_p,4.0,0.6,Qwen2-7B,4.5,1.5
cut,batteries,stapler,cut::batteries::stapler,0.4444444444444444,18,0.902,ordering,top_p,4.0,0.6,Qwen2-7B,12.0,11.0
cut,batteries,thumb tacks,cut::batteries::thumb tacks,0.38095238095238093,21,0.026,ordering,top_p,4.0,0.6,Qwen2-7B,13.0,21.0
cut,keys,batteries,cut::keys::batteries,0.25,4,0.058,ordering,top_p,4.0,0.6,Qwen2-7B,16.0,19.0
cut,keys,nail clippers,cut::keys::nail clippers,0.8,5,0.654,ordering,top_p,4.0,0.6,Qwen2-7B,4.5,13.0
cut,keys,scissors,cut::keys::scissors,1.0,5,0.988,ordering,top_p,4.0,0.6,Qwen2-7B,1.0,6.0
cut,keys,stapler,cut::keys::stapler,0.2,5,0.352,ordering,top_p,4.0,0.6,Qwen2-7B,18.0,15.0
cut,keys,thumb tacks,cut::keys::thumb tacks,0.2,5,0.0,ordering,top_p,4.0,0.6,Qwen2-7B,18.0,27.5
cut,nail clippers,batteries,cut::nail clippers::batteries,0.0,5,0.028,ordering,top_p,4.0,0.6,Qwen2-7B,26.5,20.0
cut,nail clippers,keys,cut::nail clippers::keys,0.3125,16,0.346,ordering,top_p,4.0,0.6,Qwen2-7B,15.0,16.0
cut,nail clippers,scissors,cut::nail clippers::scissors,1.0,4,0.98,ordering,top_p,4.0,0.6,Qwen2-7B,1.0,7.0
cut,nail clippers,stapler,cut::nail clippers::stapler,0.5,2,0.154,ordering,top_p,4.0,0.6,Qwen2-7B,11.0,17.0
cut,nail clippers,thumb tacks,cut::nail clippers::thumb tacks,0.6666666666666666,3,0.002,ordering,top_p,4.0,0.6,Qwen2-7B,7.5,25.0
cut,scissors,batteries,cut::scissors::batteries,0.0,4,0.0,ordering,top_p,4.0,0.6,Qwen2-7B,26.5,27.5
cut,scissors,keys,cut::scissors::keys,0.15,20,0.012,ordering,top_p,4.0,0.6,Qwen2-7B,22.0,23.0
cut,scissors,nail clippers,cut::scissors::nail clippers,0.6363636363636364,11,0.02,ordering,top_p,4.0,0.6,Qwen2-7B,9.0,22.0
cut,scissors,stapler,cut::scissors::stapler,0.16666666666666666,6,0.004,ordering,top_p,4.0,0.6,Qwen2-7B,20.5,24.0
cut,scissors,thumb tacks,cut::scissors::thumb tacks,0.0,4,0.0,ordering,top_p,4.0,0.6,Qwen2-7B,26.5,27.5
cut,stapler,batteries,cut::stapler::batteries,0.0,5,0.098,ordering,top_p,4.0,0.6,Qwen2-7B,26.5,18.0
cut,stapler,keys,cut::stapler::keys,0.2,5,0.648,ordering,top_p,4.0,0.6,Qwen2-7B,18.0,14.0
cut,stapler,nail clippers,cut::stapler::nail clippers,0.6666666666666666,6,0.846,ordering,top_p,4.0,0.6,Qwen2-7B,7.5,12.0
cut,stapler,scissors,cut::stapler::scissors,1.0,4,0.996,ordering,top_p,4.0,0.6,Qwen2-7B,1.0,5.0
cut,stapler,thumb tacks,cut::stapler::thumb tacks,0.11764705882352941,17,0.0,ordering,top_p,4.0,0.6,Qwen2-7B,23.0,27.5
cut,thumb tacks,batteries,cut::thumb tacks::batteries,0.0,4,0.974,ordering,top_p,4.0,0.6,Qwen2-7B,26.5,8.0
cut,thumb tacks,keys,cut::thumb tacks::keys,0.3333333333333333,3,1.0,ordering,top_p,4.0,0.6,Qwen2-7B,14.0,1.5
cut,thumb tacks,nail clippers,cut::thumb tacks::nail clippers,0.6,5,0.998,ordering,top_p,4.0,0.6,Qwen2-7B,10.0,4.0
cut,thumb tacks,scissors,cut::thumb tacks::scissors,0.8,5,1.0,ordering,top_p,4.0,0.6,Qwen2-7B,4.5,1.5
cut,thumb tacks,stapler,cut::thumb tacks::stapler,0.0,5,1.0,ordering,top_p,4.0,0.6,Qwen2-7B,26.5,1.5
fridge,juice,ketchup,fridge::juice::ketchup,0.3333333333333333,6,0.004,ordering,top_p,5.0,0.6,Qwen2-7B,17.0,24.5
fridge,juice,meat,fridge::juice::meat,0.0,3,0.01,ordering,top_p,5.0,0.6,Qwen2-7B,25.5,23.0
fridge,juice,milk,fridge::juice::milk,1.0,15,0.64,ordering,top_p,5.0,0.6,Qwen2-7B,5.0,14.0
fridge,juice,water,fridge::juice::water,1.0,6,0.974,ordering,top_p,5.0,0.6,Qwen2-7B,5.0,8.0
fridge,juice,yogurt,fridge::juice::yogurt,0.0,5,0.03,ordering,top_p,5.0,0.6,Qwen2-7B,25.5,20.0
fridge,ketchup,juice,fridge::ketchup::juice,1.0,5,0.996,ordering,top_p,5.0,0.6,Qwen2-7B,5.0,4.5
fridge,ketchup,meat,fridge::ketchup::meat,0.0,4,0.746,ordering,top_p,5.0,0.6,Qwen2-7B,25.5,12.0
fridge,ketchup,milk,fridge::ketchup::milk,1.0,5,0.996,ordering,top_p,5.0,0.6,Qwen2-7B,5.0,4.5
fridge,ketchup,water,fridge::ketchup::water,1.0,2,1.0,ordering,top_p,5.0,0.6,Qwen2-7B,5.0,1.0
fridge,ketchup,yogurt,fridge::ketchup::yogurt,0.2222222222222222,18,0.852,ordering,top_p,5.0,0.6,Qwen2-7B,18.0,11.0
fridge,meat,juice,fridge::meat::juice,1.0,5,0.99,ordering,top_p,5.0,0.6,Qwen2-7B,5.0,6.0
fridge,meat,ketchup,fridge::meat::ketchup,0.16666666666666666,18,0.254,ordering,top_p,5.0,0.6,Qwen2-7B,21.0,17.0
fridge,meat,milk,fridge::meat::milk,0.6666666666666666,3,0.998,ordering,top_p,5.0,0.6,Qwen2-7B,14.0,3.0
fridge,meat,water,fridge::meat::water,1.0,2,1.0,ordering,top_p,5.0,0.6,Qwen2-7B,5.0,1.0
fridge,meat,yogurt,fridge::meat::yogurt,0.625,16,0.706,ordering,top_p,5.0,0.6,Qwen2-7B,15.0,13.0
fridge,milk,juice,fridge::milk::juice,1.0,5,0.36,ordering,top_p,5.0,0.6,Qwen2-7B,5.0,15.0
fridge,milk,ketchup,fridge::milk::ketchup,0.0,5,0.004,ordering,top_p,5.0,0.6,Qwen2-7B,25.5,24.5
fridge,milk,meat,fridge::milk::meat,0.0,6,0.002,ordering,top_p,5.0,0.6,Qwen2-7B,25.5,26.0
fridge,milk,water,fridge::milk::water,0.8333333333333334,6,0.968,ordering,top_p,5.0,0.6,Qwen2-7B,12.0,10.0
fridge,milk,yogurt,fridge::milk::yogurt,0.2,5,0.016,ordering,top_p,5.0,0.6,Qwen2-7B,19.5,22.0
fridge,water,juice,fridge::water::juice,1.0,22,0.026,ordering,top_p,5.0,0.6,Qwen2-7B,5.0,21.0
fridge,water,ketchup,fridge::water::ketchup,0.0,4,0.0,ordering,top_p,5.0,0.6,Qwen2-7B,25.5,28.0
fridge,water,meat,fridge::water::meat,0.0,3,0.0,ordering,top_p,5.0,0.6,Qwen2-7B,25.5,28.0
fridge,water,milk,fridge::water::milk,0.9444444444444444,18,0.032,ordering,top_p,5.0,0.6,Qwen2-7B,11.0,19.0
fridge,water,yogurt,fridge::water::yogurt,0.0,5,0.0,ordering,top_p,5.0,0.6,Qwen2-7B,25.5,28.0
fridge,yogurt,juice,fridge::yogurt::juice,1.0,5,0.97,ordering,top_p,5.0,0.6,Qwen2-7B,5.0,9.0
fridge,yogurt,ketchup,fridge::yogurt::ketchup,0.2,5,0.148,ordering,top_p,5.0,0.6,Qwen2-7B,19.5,18.0
fridge,yogurt,meat,fridge::yogurt::meat,0.4,5,0.294,ordering,top_p,5.0,0.6,Qwen2-7B,16.0,16.0
fridge,yogurt,milk,fridge::yogurt::milk,0.75,4,0.984,ordering,top_p,5.0,0.6,Qwen2-7B,13.0,7.0
fridge,yogurt,water,fridge::yogurt::water,1.0,2,1.0,ordering,top_p,5.0,0.6,Qwen2-7B,5.0,1.0
gym,basketball,lacrosse,gym::basketball::lacrosse,0.9333333333333333,15,0.008,ordering,top_p,6.0,0.6,Qwen2-7B,11.0,26.5
gym,basketball,meditation,gym::basketball::meditation,0.0,2,0.0,ordering,top_p,6.0,0.6,Qwen2-7B,28.0,28.5
gym,basketball,softball,gym::basketball::softball,0.9,20,0.234,ordering,top_p,6.0,0.6,Qwen2-7B,12.0,18.0
gym,basketball,swimming,gym::basketball::swimming,0.4,5,0.01,ordering,top_p,6.0,0.6,Qwen2-7B,23.5,25.0
gym,basketball,weightlifting,gym::basketball::weightlifting,0.8,5,0.016,ordering,top_p,6.0,0.6,Qwen2-7B,15.5,23.0
gym,lacrosse,basketball,gym::lacrosse::basketball,1.0,4,0.992,ordering,top_p,6.0,0.6,Qwen2-7B,4.5,2.5
gym,lacrosse,meditation,gym::lacrosse::meditation,0.0,2,0.02,ordering,top_p,6.0,0.6,Qwen2-7B,28.0,22.0
gym,lacrosse,softball,gym::lacrosse::softball,1.0,3,0.976,ordering,top_p,6.0,0.6,Qwen2-7B,4.5,8.0
gym,lacrosse,swimming,gym::lacrosse::swimming,0.3333333333333333,3,0.676,ordering,top_p,6.0,0.6,Qwen2-7B,25.5,13.0
gym,lacrosse,weightlifting,gym::lacrosse::weightlifting,0.6666666666666666,3,0.706,ordering,top_p,6.0,0.6,Qwen2-7B,20.0,12.0
gym,meditation,basketball,gym::meditation::basketball,0.75,4,1.0,ordering,top_p,6.0,0.6,Qwen2-7B,18.5,0.5
gym,meditation,lacrosse,gym::meditation::lacrosse,1.0,4,0.98,ordering,top_p,6.0,0.6,Qwen2-7B,4.5,7.0
gym,meditation,softball,gym::meditation::softball,1.0,4,1.0,ordering,top_p,6.0,0.6,Qwen2-7B,4.5,0.5
gym,meditation,swimming,gym::meditation::swimming,0.7894736842105263,19,0.992,ordering,top_p,6.0,0.6,Qwen2-7B,17.0,2.5
gym,meditation,weightlifting,gym::meditation::weightlifting,0.55,20,0.988,ordering,top_p,6.0,0.6,Qwen2-7B,22.0,5.0
gym,softball,basketball,gym::softball::basketball,1.0,6,0.766,ordering,top_p,6.0,0.6,Qwen2-7B,4.5,11.0
gym,softball,lacrosse,gym::softball::lacrosse,0.9473684210526315,19,0.024,ordering,top_p,6.0,0.6,Qwen2-7B,10.0,21.0
gym,softball,meditation,gym::softball::meditation,0.6,5,0.0,ordering,top_p,6.0,0.6,Qwen2-7B,21.0,28.5
gym,softball,swimming,gym::softball::swimming,0.8,5,0.038,ordering,top_p,6.0,0.6,Qwen2-7B,15.5,20.0
gym,softball,weightlifting,gym::softball::weightlifting,0.3333333333333333,3,0.058,ordering,top_p,6.0,0.6,Qwen2-7B,25.5,19.0
gym,swimming,basketball,gym::swimming::basketball,1.0,5,0.99,ordering,top_p,6.0,0.6,Qwen2-7B,4.5,4.0
gym,swimming,lacrosse,gym::swimming::lacrosse,1.0,4,0.324,ordering,top_p,6.0,0.6,Qwen2-7B,4.5,16.0
gym,swimming,meditation,gym::swimming::meditation,0.0,5,0.008,ordering,top_p,6.0,0.6,Qwen2-7B,28.0,26.5
gym,swimming,softball,gym::swimming::softball,0.75,4,0.962,ordering,top_p,6.0,0.6,Qwen2-7B,18.5,9.0
gym,swimming,weightlifting,gym::swimming::weightlifting,0.4,5,0.518,ordering,top_p,6.0,0.6,Qwen2-7B,23.5,14.0
gym,weightlifting,basketball,gym::weightlifting::basketball,1.0,5,0.984,ordering,top_p,6.0,0.6,Qwen2-7B,4.5,6.0
gym,weightlifting,lacrosse,gym::weightlifting::lacrosse,1.0,6,0.294,ordering,top_p,6.0,0.6,Qwen2-7B,4.5,17.0
gym,weightlifting,meditation,gym::weightlifting::meditation,1.0,2,0.012,ordering,top_p,6.0,0.6,Qwen2-7B,4.5,24.0
gym,weightlifting,softball,gym::weightlifting::softball,0.8333333333333334,6,0.942,ordering,top_p,6.0,0.6,Qwen2-7B,14.0,10.0
gym,weightlifting,swimming,gym::weightlifting::swimming,0.85,20,0.482,ordering,top_p,6.0,0.6,Qwen2-7B,13.0,15.0
hot,blankets,couch,hot::blankets::couch,0.0,12,0.856,ordering,top_p,7.0,0.6,Qwen2-7B,23.5,11.0
hot,blankets,fan,hot::blankets::fan,0.2,5,1.0,ordering,top_p,7.0,0.6,Qwen2-7B,14.0,0.0
hot,blankets,heater,hot::blankets::heater,0.75,4,0.998,ordering,top_p,7.0,0.6,Qwen2-7B,4.0,1.5
hot,blankets,pool,hot::blankets::pool,0.0,5,0.966,ordering,top_p,7.0,0.6,Qwen2-7B,23.5,7.5
hot,blankets,shower,hot::blankets::shower,0.2,5,0.966,ordering,top_p,7.0,0.6,Qwen2-7B,14.0,7.5
hot,couch,blankets,hot::couch::blankets,0.2,5,0.144,ordering,top_p,7.0,0.6,Qwen2-7B,14.0,18.0
hot,couch,fan,hot::couch::fan,0.0,3,0.998,ordering,top_p,7.0,0.6,Qwen2-7B,23.5,1.5
hot,couch,heater,hot::couch::heater,0.0,3,0.986,ordering,top_p,7.0,0.6,Qwen2-7B,23.5,5.0
hot,couch,pool,hot::couch::pool,0.5,6,0.872,ordering,top_p,7.0,0.6,Qwen2-7B,6.0,10.0
hot,couch,shower,hot::couch::shower,1.0,2,0.84,ordering,top_p,7.0,0.6,Qwen2-7B,1.0,12.0
hot,fan,blankets,hot::fan::blankets,0.0,4,0.0,ordering,top_p,7.0,0.6,Qwen2-7B,23.5,29.0
hot,fan,couch,hot::fan::couch,0.0,4,0.002,ordering,top_p,7.0,0.6,Qwen2-7B,23.5,27.5
hot,fan,heater,hot::fan::heater,0.16666666666666666,6,0.224,ordering,top_p,7.0,0.6,Qwen2-7B,16.0,16.0
hot,fan,pool,hot::fan::pool,0.55,20,0.01,ordering,top_p,7.0,0.6,Qwen2-7B,5.0,25.0
hot,fan,shower,hot::fan::shower,0.05,20,0.004,ordering,top_p,7.0,0.6,Qwen2-7B,17.0,26.0
hot,heater,blankets,hot::heater::blankets,0.23076923076923078,13,0.002,ordering,top_p,7.0,0.6,Qwen2-7B,12.0,27.5
hot,heater,couch,hot::heater::couch,0.0,20,0.014,ordering,top_p,7.0,0.6,Qwen2-7B,23.5,24.0
hot,heater,fan,hot::heater::fan,1.0,5,0.776,ordering,top_p,7.0,0.6,Qwen2-7B,1.0,13.0
hot,heater,pool,hot::heater::pool,0.25,4,0.038,ordering,top_p,7.0,0.6,Qwen2-7B,10.5,20.0
hot,heater,shower,hot::heater::shower,0.0,5,0.02,ordering,top_p,7.0,0.6,Qwen2-7B,23.5,23.0
hot,pool,blankets,hot::pool::blankets,0.4,5,0.034,ordering,top_p,7.0,0.6,Qwen2-7B,7.0,21.5
hot,pool,couch,hot::pool::couch,0.0,4,0.128,ordering,top_p,7.0,0.6,Qwen2-7B,23.5,19.0
hot,pool,fan,hot::pool::fan,0.25,4,0.99,ordering,top_p,7.0,0.6,Qwen2-7B,10.5,4.0
hot,pool,heater,hot::pool::heater,0.0,4,0.962,ordering,top_p,7.0,0.6,Qwen2-7B,23.5,9.0
hot,pool,shower,hot::pool::shower,0.2631578947368421,19,0.41,ordering,top_p,7.0,0.6,Qwen2-7B,9.0,15.0
hot,shower,blankets,hot::shower::blankets,0.0,4,0.034,ordering,top_p,7.0,0.6,Qwen2-7B,23.5,21.5
hot,shower,couch,hot::shower::couch,0.0,6,0.16,ordering,top_p,7.0,0.6,Qwen2-7B,23.5,17.0
hot,shower,fan,hot::shower::fan,0.8,5,0.996,ordering,top_p,7.0,0.6,Qwen2-7B,3.0,3.0
hot,shower,heater,hot::shower::heater,0.3333333333333333,6,0.98,ordering,top_p,7.0,0.6,Qwen2-7B,8.0,6.0
hot,shower,pool,hot::shower::pool,1.0,5,0.59,ordering,top_p,7.0,0.6,Qwen2-7B,1.0,14.0
mall,burger joint,coffee shop,mall::burger joint::coffee shop,0.625,16,0.744,ordering,top_p,8.0,0.6,Qwen2-7B,15.0,13.0
mall,burger joint,electronics store,mall::burger joint::electronics store,0.0,6,0.0,ordering,top_p,8.0,0.6,Qwen2-7B,27.0,25.5
mall,burger joint,gift shop,mall::burger joint::gift shop,0.16666666666666666,6,0.0,ordering,top_p,8.0,0.6,Qwen2-7B,24.0,25.5
mall,burger joint,grocery store,mall::burger joint::grocery store,0.8,5,0.478,ordering,top_p,8.0,0.6,Qwen2-7B,11.0,15.0
mall,burger joint,pretzel stand,mall::burger joint::pretzel stand,0.8421052631578947,19,0.0,ordering,top_p,8.0,0.6,Qwen2-7B,7.5,25.5
mall,coffee shop,burger joint,mall::coffee shop::burger joint,0.5,2,0.256,ordering,top_p,8.0,0.6,Qwen2-7B,20.0,16.0
mall,coffee shop,electronics store,mall::coffee shop::electronics store,0.4,5,0.0,ordering,top_p,8.0,0.6,Qwen2-7B,22.0,25.5
mall,coffee shop,gift shop,mall::coffee shop::gift shop,0.0,4,0.0,ordering,top_p,8.0,0.6,Qwen2-7B,27.0,25.5
mall,coffee shop,grocery store,mall::coffee shop::grocery store,0.6,5,0.236,ordering,top_p,8.0,0.6,Qwen2-7B,17.0,17.0
mall,coffee shop,pretzel stand,mall::coffee shop::pretzel stand,1.0,5,0.0,ordering,top_p,8.0,0.6,Qwen2-7B,2.5,25.5
mall,electronics store,burger joint,mall::electronics store::burger joint,1.0,5,1.0,ordering,top_p,8.0,0.6,Qwen2-7B,2.5,3.5
mall,electronics store,coffee shop,mall::electronics store::coffee shop,0.8,5,1.0,ordering,top_p,8.0,0.6,Qwen2-7B,11.0,3.5
mall,electronics store,gift shop,mall::electronics store::gift shop,0.6,20,0.978,ordering,top_p,8.0,0.6,Qwen2-7B,17.0,9.0
mall,electronics store,grocery store,mall::electronics store::grocery store,0.8421052631578947,19,1.0,ordering,top_p,8.0,0.6,Qwen2-7B,7.5,3.5
mall,electronics store,pretzel stand,mall::electronics store::pretzel stand,0.6666666666666666,3,0.798,ordering,top_p,8.0,0.6,Qwen2-7B,14.0,11.0
mall,gift shop,burger joint,mall::gift shop::burger joint,1.0,3,1.0,ordering,top_p,8.0,0.6,Qwen2-7B,2.5,3.5
mall,gift shop,coffee shop,mall::gift shop::coffee shop,0.5,2,1.0,ordering,top_p,8.0,0.6,Qwen2-7B,20.0,3.5
mall,gift shop,electronics store,mall::gift shop::electronics store,0.5,4,0.022,ordering,top_p,8.0,0.6,Qwen2-7B,20.0,20.0
mall,gift shop,grocery store,mall::gift shop::grocery store,0.8666666666666667,15,0.998,ordering,top_p,8.0,0.6,Qwen2-7B,6.0,8.0
mall,gift shop,pretzel stand,mall::gift shop::pretzel stand,1.0,3,0.05,ordering,top_p,8.0,0.6,Qwen2-7B,2.5,19.0
mall,grocery store,burger joint,mall::grocery store::burger joint,1.0,5,0.522,ordering,top_p,8.0,0.6,Qwen2-7B,2.5,14.0
mall,grocery store,coffee shop,mall::grocery store::coffee shop,0.8,5,0.764,ordering,top_p,8.0,0.6,Qwen2-7B,11.0,12.0
mall,grocery store,electronics store,mall::grocery store::electronics store,0.0,3,0.0,ordering,top_p,8.0,0.6,Qwen2-7B,27.0,25.5
mall,grocery store,gift shop,mall::grocery store::gift shop,0.2,5,0.002,ordering,top_p,8.0,0.6,Qwen2-7B,23.0,21.0
mall,grocery store,pretzel stand,mall::grocery store::pretzel stand,0.8,5,0.0,ordering,top_p,8.0,0.6,Qwen2-7B,11.0,25.5
mall,pretzel stand,burger joint,mall::pretzel stand::burger joint,1.0,2,1.0,ordering,top_p,8.0,0.6,Qwen2-7B,2.5,3.5
mall,pretzel stand,coffee shop,mall::pretzel stand::coffee shop,0.8,20,1.0,ordering,top_p,8.0,0.6,Qwen2-7B,11.0,3.5
mall,pretzel stand,electronics store,mall::pretzel stand::electronics store,0.0,5,0.202,ordering,top_p,8.0,0.6,Qwen2-7B,27.0,18.0
mall,pretzel stand,gift shop,mall::pretzel stand::gift shop,0.0,6,0.95,ordering,top_p,8.0,0.6,Qwen2-7B,27.0,10.0
mall,pretzel stand,grocery store,mall::pretzel stand::grocery store,0.6,5,1.0,ordering,top_p,8.0,0.6,Qwen2-7B,17.0,3.5
mask,bandana,candy,mask::bandana::candy,0.0,4,0.04,ordering,top_p,9.0,0.6,Qwen2-7B,27.0,25.0
mask,bandana,gloves,mask::bandana::gloves,0.5,2,0.168,ordering,top_p,9.0,0.6,Qwen2-7B,11.0,20.0
mask,bandana,handkerchief,mask::bandana::handkerchief,0.6153846153846154,13,0.358,ordering,top_p,9.0,0.6,Qwen2-7B,6.0,16.0
mask,bandana,napkins,mask::bandana::napkins,0.16666666666666666,12,0.004,ordering,top_p,9.0,0.6,Qwen2-7B,23.0,29.0
mask,bandana,wallet,mask::bandana::wallet,0.4,5,0.154,ordering,top_p,9.0,0.6,Qwen2-7B,15.0,22.0
mask,candy,bandana,mask::candy::bandana,0.8,5,0.96,ordering,top_p,9.0,0.6,Qwen2-7B,2.5,4.0
mask,candy,gloves,mask::candy::gloves,0.0625,16,0.842,ordering,top_p,9.0,0.6,Qwen2-7B,24.0,8.0
mask,candy,handkerchief,mask::candy::handkerchief,0.6666666666666666,6,0.938,ordering,top_p,9.0,0.6,Qwen2-7B,4.0,5.0
mask,candy,napkins,mask::candy::napkins,0.5,4,0.074,ordering,top_p,9.0,0.6,Qwen2-7B,11.0,23.0
mask,candy,wallet,mask::candy::wallet,0.2,20,0.802,ordering,top_p,9.0,0.6,Qwen2-7B,20.0,10.0
mask,gloves,bandana,mask::gloves::bandana,0.5,6,0.832,ordering,top_p,9.0,0.6,Qwen2-7B,11.0,9.0
mask,gloves,candy,mask::gloves::candy,0.2,5,0.158,ordering,top_p,9.0,0.6,Qwen2-7B,20.0,21.0
mask,gloves,handkerchief,mask::gloves::handkerchief,0.4,5,0.722,ordering,top_p,9.0,0.6,Qwen2-7B,15.0,12.0
mask,gloves,napkins,mask::gloves::napkins,0.5,4,0.014,ordering,top_p,9.0,0.6,Qwen2-7B,11.0,26.0
mask,gloves,wallet,mask::gloves::wallet,0.0,3,0.448,ordering,top_p,9.0,0.6,Qwen2-7B,27.0,15.0
mask,handkerchief,bandana,mask::handkerchief::bandana,1.0,3,0.642,ordering,top_p,9.0,0.6,Qwen2-7B,0.5,13.0
mask,handkerchief,candy,mask::handkerchief::candy,0.0,6,0.062,ordering,top_p,9.0,0.6,Qwen2-7B,27.0,24.0
mask,handkerchief,gloves,mask::handkerchief::gloves,0.4,5,0.278,ordering,top_p,9.0,0.6,Qwen2-7B,15.0,17.0
mask,handkerchief,napkins,mask::handkerchief::napkins,0.3,20,0.006,ordering,top_p,9.0,0.6,Qwen2-7B,17.0,28.0
mask,handkerchief,wallet,mask::handkerchief::wallet,0.0,5,0.214,ordering,top_p,9.0,0.6,Qwen2-7B,27.0,18.0
mask,napkins,bandana,mask::napkins::bandana,1.0,5,0.996,ordering,top_p,9.0,0.6,Qwen2-7B,0.5,0.0
mask,napkins,candy,mask::napkins::candy,0.2,5,0.926,ordering,top_p,9.0,0.6,Qwen2-7B,20.0,6.0
mask,napkins,gloves,mask::napkins::gloves,0.2,5,0.986,ordering,top_p,9.0,0.6,Qwen2-7B,20.0,3.0
mask,napkins,handkerchief,mask::napkins::handkerchief,0.6,5,0.994,ordering,top_p,9.0,0.6,Qwen2-7B,7.5,1.0
mask,napkins,wallet,mask::napkins::wallet,0.0,4,0.988,ordering,top_p,9.0,0.6,Qwen2-7B,27.0,2.0
mask,wallet,bandana,mask::wallet::bandana,0.8,5,0.846,ordering,top_p,9.0,0.6,Qwen2-7B,2.5,7.0
mask,wallet,candy,mask::wallet::candy,0.2,5,0.198,ordering,top_p,9.0,0.6,Qwen2-7B,20.0,19.0
mask,wallet,gloves,mask::wallet::gloves,0.631578947368421,19,0.552,ordering,top_p,9.0,0.6,Qwen2-7B,5.0,14.0
mask,wallet,handkerchief,mask::wallet::handkerchief,0.6,5,0.786,ordering,top_p,9.0,0.6,Qwen2-7B,7.5,11.0
mask,wallet,napkins,mask::wallet::napkins,0.5,6,0.012,ordering,top_p,9.0,0.6,Qwen2-7B,11.0,27.0
meat,chicken,crab,meat::chicken::crab,0.7647058823529411,17,0.0,ordering,top_p,0.0,0.6,Qwen2-7B,13.0,28.5
meat,chicken,mushrooms,meat::chicken::mushrooms,0.2,5,0.0,ordering,top_p,0.0,0.6,Qwen2-7B,20.0,28.5
meat,chicken,rice,meat::chicken::rice,0.5,2,0.024,ordering,top_p,0.0,0.6,Qwen2-7B,16.5,25.0
meat,chicken,tofu,meat::chicken::tofu,0.0,5,0.022,ordering,top_p,0.0,0.6,Qwen2-7B,25.5,26.0
meat,chicken,turkey,meat::chicken::turkey,0.9523809523809523,21,0.01,ordering,top_p,0.0,0.6,Qwen2-7B,10.0,27.0
meat,crab,chicken,meat::crab::chicken,1.0,5,1.0,ordering,top_p,0.0,0.6,Qwen2-7B,4.5,0.5
meat,crab,mushrooms,meat::crab::mushrooms,0.0,3,0.406,ordering,top_p,0.0,0.6,Qwen2-7B,25.5,16.0
meat,crab,rice,meat::crab::rice,0.0,5,0.912,ordering,top_p,0.0,0.6,Qwen2-7B,25.5,7.0
meat,crab,tofu,meat::crab::tofu,0.6666666666666666,3,0.898,ordering,top_p,0.0,0.6,Qwen2-7B,14.0,8.0
meat,crab,turkey,meat::crab::turkey,1.0,5,0.734,ordering,top_p,0.0,0.6,Qwen2-7B,4.5,12.0
meat,mushrooms,chicken,meat::mushrooms::chicken,1.0,6,1.0,ordering,top_p,0.0,0.6,Qwen2-7B,4.5,0.5
meat,mushrooms,crab,meat::mushrooms::crab,1.0,5,0.594,ordering,top_p,0.0,0.6,Qwen2-7B,4.5,13.0
meat,mushrooms,rice,meat::mushrooms::rice,0.0,6,0.938,ordering,top_p,0.0,0.6,Qwen2-7B,25.5,5.0
meat,mushrooms,tofu,meat::mushrooms::tofu,0.5263157894736842,19,0.932,ordering,top_p,0.0,0.6,Qwen2-7B,15.0,6.0
meat,mushrooms,turkey,meat::mushrooms::turkey,1.0,6,0.804,ordering,top_p,0.0,0.6,Qwen2-7B,4.5,9.0
meat,rice,chicken,meat::rice::chicken,1.0,2,0.976,ordering,top_p,0.0,0.6,Qwen2-7B,4.5,4.0
meat,rice,crab,meat::rice::crab,0.5,2,0.088,ordering,top_p,0.0,0.6,Qwen2-7B,16.5,22.0
meat,rice,mushrooms,meat::rice::mushrooms,0.23529411764705882,17,0.062,ordering,top_p,0.0,0.6,Qwen2-7B,19.0,24.0
meat,rice,tofu,meat::rice::tofu,0.3888888888888889,18,0.464,ordering,top_p,0.0,0.6,Qwen2-7B,18.0,15.0
meat,rice,turkey,meat::rice::turkey,1.0,5,0.234,ordering,top_p,0.0,0.6,Qwen2-7B,4.5,19.0
meat,tofu,chicken,meat::tofu::chicken,1.0,4,0.978,ordering,top_p,0.0,0.6,Qwen2-7B,4.5,3.0
meat,tofu,crab,meat::tofu::crab,0.8,5,0.102,ordering,top_p,0.0,0.6,Qwen2-7B,11.0,21.0
meat,tofu,mushrooms,meat::tofu::mushrooms,0.0,5,0.068,ordering,top_p,0.0,0.6,Qwen2-7B,25.5,23.0
meat,tofu,rice,meat::tofu::rice,0.0,5,0.536,ordering,top_p,0.0,0.6,Qwen2-7B,25.5,14.0
meat,tofu,turkey,meat::tofu::turkey,1.0,5,0.236,ordering,top_p,0.0,0.6,Qwen2-7B,4.5,18.0
meat,turkey,chicken,meat::turkey::chicken,1.0,4,0.99,ordering,top_p,0.0,0.6,Qwen2-7B,4.5,2.0
meat,turkey,crab,meat::turkey::crab,0.7692307692307693,13,0.266,ordering,top_p,0.0,0.6,Qwen2-7B,12.0,17.0
meat,turkey,mushrooms,meat::turkey::mushrooms,0.0,4,0.196,ordering,top_p,0.0,0.6,Qwen2-7B,25.5,20.0
meat,turkey,rice,meat::turkey::rice,0.0,5,0.766,ordering,top_p,0.0,0.6,Qwen2-7B,25.5,10.0
meat,turkey,tofu,meat::turkey::tofu,0.16666666666666666,6,0.764,ordering,top_p,0.0,0.6,Qwen2-7B,21.0,11.0
restaurant,cake,cocktails,restaurant::cake::cocktails,1.0,4,0.83,ordering,top_p,1.0,0.6,Qwen2-7B,3.5,8.0
restaurant,cake,salad,restaurant::cake::salad,0.6,5,0.392,ordering,top_p,1.0,0.6,Qwen2-7B,13.0,17.0
restaurant,cake,soda,restaurant::cake::soda,0.8,5,0.952,ordering,top_p,1.0,0.6,Qwen2-7B,9.0,2.0
restaurant,cake,soup,restaurant::cake::soup,0.3888888888888889,18,0.446,ordering,top_p,1.0,0.6,Qwen2-7B,19.0,15.0
restaurant,cake,vodka,restaurant::cake::vodka,1.0,6,0.916,ordering,top_p,1.0,0.6,Qwen2-7B,3.5,5.0
restaurant,cocktails,cake,restaurant::cocktails::cake,0.6,5,0.17,ordering,top_p,1.0,0.6,Qwen2-7B,13.0,21.0
restaurant,cocktails,salad,restaurant::cocktails::salad,0.0,4,0.132,ordering,top_p,1.0,0.6,Qwen2-7B,25.5,23.0
restaurant,cocktails,soda,restaurant::cocktails::soda,0.42105263157894735,19,0.794,ordering,top_p,1.0,0.6,Qwen2-7B,18.0,9.0
restaurant,cocktails,soup,restaurant::cocktails::soup,0.0,2,0.156,ordering,top_p,1.0,0.6,Qwen2-7B,25.5,22.0
restaurant,cocktails,vodka,restaurant::cocktails::vodka,0.5,14,0.688,ordering,top_p,1.0,0.6,Qwen2-7B,16.5,10.0
restaurant,salad,cake,restaurant::salad::cake,0.55,20,0.608,ordering,top_p,1.0,0.6,Qwen2-7B,15.0,12.0
restaurant,salad,cocktails,restaurant::salad::cocktails,0.75,4,0.868,ordering,top_p,1.0,0.6,Qwen2-7B,10.0,6.0
restaurant,salad,soda,restaurant::salad::soda,0.6,5,0.956,ordering,top_p,1.0,0.6,Qwen2-7B,13.0,1.0
restaurant,salad,soup,restaurant::salad::soup,0.7,20,0.572,ordering,top_p,1.0,0.6,Qwen2-7B,11.0,13.0
restaurant,salad,vodka,restaurant::salad::vodka,1.0,5,0.942,ordering,top_p,1.0,0.6,Qwen2-7B,3.5,3.0
restaurant,soda,cake,restaurant::soda::cake,0.0,3,0.048,ordering,top_p,1.0,0.6,Qwen2-7B,25.5,27.0
restaurant,soda,cocktails,restaurant::soda::cocktails,1.0,3,0.206,ordering,top_p,1.0,0.6,Qwen2-7B,3.5,20.0
restaurant,soda,salad,restaurant::soda::salad,0.0,5,0.044,ordering,top_p,1.0,0.6,Qwen2-7B,25.5,28.0
restaurant,soda,soup,restaurant::soda::soup,0.0,2,0.042,ordering,top_p,1.0,0.6,Qwen2-7B,25.5,29.0
restaurant,soda,vodka,restaurant::soda::vodka,1.0,5,0.384,ordering,top_p,1.0,0.6,Qwen2-7B,3.5,18.0
restaurant,soup,cake,restaurant::soup::cake,0.3333333333333333,3,0.554,ordering,top_p,1.0,0.6,Qwen2-7B,20.0,14.0
restaurant,soup,cocktails,restaurant::soup::cocktails,1.0,6,0.844,ordering,top_p,1.0,0.6,Qwen2-7B,3.5,7.0
restaurant,soup,salad,restaurant::soup::salad,0.5,6,0.428,ordering,top_p,1.0,0.6,Qwen2-7B,16.5,16.0
restaurant,soup,soda,restaurant::soup::soda,0.8333333333333334,6,0.958,ordering,top_p,1.0,0.6,Qwen2-7B,8.0,0.0
restaurant,soup,vodka,restaurant::soup::vodka,1.0,4,0.932,ordering,top_p,1.0,0.6,Qwen2-7B,3.5,4.0
restaurant,vodka,cake,restaurant::vodka::cake,0.0,5,0.084,ordering,top_p,1.0,0.6,Qwen2-7B,25.5,24.0
restaurant,vodka,cocktails,restaurant::vodka::cocktails,1.0,3,0.312,ordering,top_p,1.0,0.6,Qwen2-7B,3.5,19.0
restaurant,vodka,salad,restaurant::vodka::salad,0.0,2,0.058,ordering,top_p,1.0,0.6,Qwen2-7B,25.5,26.0
restaurant,vodka,soda,restaurant::vodka::soda,0.3157894736842105,19,0.616,ordering,top_p,1.0,0.6,Qwen2-7B,21.0,11.0
restaurant,vodka,soup,restaurant::vodka::soup,0.0,5,0.068,ordering,top_p,1.0,0.6,Qwen2-7B,25.5,25.0
salad,chips,cigarettes,salad::chips::cigarettes,0.16666666666666666,6,0.052,ordering,top_p,2.0,0.6,Qwen2-7B,20.0,23.0
salad,chips,dressing,salad::chips::dressing,0.4,5,0.254,ordering,top_p,2.0,0.6,Qwen2-7B,13.0,18.0
salad,chips,lettuce,salad::chips::lettuce,1.0,6,0.998,ordering,top_p,2.0,0.6,Qwen2-7B,2.0,1.0
salad,chips,meat,salad::chips::meat,0.2857142857142857,21,0.706,ordering,top_p,2.0,0.6,Qwen2-7B,18.0,12.0
salad,chips,tuna,salad::chips::tuna,0.2,5,0.3,ordering,top_p,2.0,0.6,Qwen2-7B,19.0,16.0
salad,cigarettes,chips,salad::cigarettes::chips,0.4375,16,0.948,ordering,top_p,2.0,0.6,Qwen2-7B,11.5,6.0
salad,cigarettes,dressing,salad::cigarettes::dressing,1.0,4,0.86,ordering,top_p,2.0,0.6,Qwen2-7B,2.0,9.0
salad,cigarettes,lettuce,salad::cigarettes::lettuce,0.75,4,1.0,ordering,top_p,2.0,0.6,Qwen2-7B,6.5,0.0
salad,cigarettes,meat,salad::cigarettes::meat,0.5789473684210527,19,0.984,ordering,top_p,2.0,0.6,Qwen2-7B,10.0,5.0
salad,cigarettes,tuna,salad::cigarettes::tuna,0.3333333333333333,6,0.918,ordering,top_p,2.0,0.6,Qwen2-7B,16.0,7.0
salad,dressing,chips,salad::dressing::chips,0.0,2,0.746,ordering,top_p,2.0,0.6,Qwen2-7B,25.0,11.0
salad,dressing,cigarettes,salad::dressing::cigarettes,0.0,5,0.14,ordering,top_p,2.0,0.6,Qwen2-7B,25.0,20.0
salad,dressing,lettuce,salad::dressing::lettuce,1.0,3,0.996,ordering,top_p,2.0,0.6,Qwen2-7B,2.0,2.5
salad,dressing,meat,salad::dressing::meat,0.3333333333333333,3,0.904,ordering,top_p,2.0,0.6,Qwen2-7B,16.0,8.0
salad,dressing,tuna,salad::dressing::tuna,0.4375,16,0.578,ordering,top_p,2.0,0.6,Qwen2-7B,11.5,14.0
salad,lettuce,chips,salad::lettuce::chips,0.0,2,0.002,ordering,top_p,2.0,0.6,Qwen2-7B,25.0,28.0
salad,lettuce,cigarettes,salad::lettuce::cigarettes,0.0,6,0.0,ordering,top_p,2.0,0.6,Qwen2-7B,25.0,29.0
salad,lettuce,dressing,salad::lettuce::dressing,0.6111111111111112,18,0.004,ordering,top_p,2.0,0.6,Qwen2-7B,8.0,26.5
salad,lettuce,meat,salad::lettuce::meat,0.75,4,0.006,ordering,top_p,2.0,0.6,Qwen2-7B,6.5,25.0
salad,lettuce,tuna,salad::lettuce::tuna,0.3888888888888889,18,0.004,ordering,top_p,2.0,0.6,Qwen2-7B,14.0,26.5
salad,meat,chips,salad::meat::chips,0.0,2,0.294,ordering,top_p,2.0,0.6,Qwen2-7B,25.0,17.0
salad,meat,cigarettes,salad::meat::cigarettes,0.0,5,0.016,ordering,top_p,2.0,0.6,Qwen2-7B,25.0,24.0
salad,meat,dressing,salad::meat::dressing,0.0,3,0.096,ordering,top_p,2.0,0.6,Qwen2-7B,25.0,21.0
salad,meat,lettuce,salad::meat::lettuce,1.0,6,0.994,ordering,top_p,2.0,0.6,Qwen2-7B,2.0,4.0
salad,meat,tuna,salad::meat::tuna,0.3333333333333333,3,0.148,ordering,top_p,2.0,0.6,Qwen2-7B,16.0,19.0
salad,tuna,chips,salad::tuna::chips,0.0,5,0.7,ordering,top_p,2.0,0.6,Qwen2-7B,25.0,13.0
salad,tuna,cigarettes,salad::tuna::cigarettes,0.0,5,0.082,ordering,top_p,2.0,0.6,Qwen2-7B,25.0,22.0
salad,tuna,dressing,salad::tuna::dressing,0.6,5,0.422,ordering,top_p,2.0,0.6,Qwen2-7B,9.0,15.0
salad,tuna,lettuce,salad::tuna::lettuce,1.0,5,0.996,ordering,top_p,2.0,0.6,Qwen2-7B,2.0,2.5
salad,tuna,meat,salad::tuna::meat,0.8,5,0.852,ordering,top_p,2.0,0.6,Qwen2-7B,5.0,10.0
science,art,geology,science::art::geology,1.0,4,0.986,ordering,top_p,3.0,0.6,Qwen2-7B,3.0,4.0
science,art,math,science::art::math,0.7,20,0.98,ordering,top_p,3.0,0.6,Qwen2-7B,15.0,5.0
science,art,philosophy,science::art::philosophy,0.6111111111111112,18,0.626,ordering,top_p,3.0,0.6,Qwen2-7B,21.0,14.0
science,art,physics,science::art::physics,1.0,5,0.996,ordering,top_p,3.0,0.6,Qwen2-7B,3.0,1.0
science,art,zoology,science::art::zoology,0.8,5,0.904,ordering,top_p,3.0,0.6,Qwen2-7B,11.0,9.0
science,geology,art,science::geology::art,0.6,5,0.014,ordering,top_p,3.0,0.6,Qwen2-7B,22.0,25.0
science,geology,math,science::geology::math,0.8333333333333334,6,0.306,ordering,top_p,3.0,0.6,Qwen2-7B,8.5,16.0
science,geology,philosophy,science::geology::philosophy,0.6666666666666666,3,0.012,ordering,top_p,3.0,0.6,Qwen2-7B,18.0,26.0
science,geology,physics,science::geology::physics,1.0,4,0.958,ordering,top_p,3.0,0.6,Qwen2-7B,3.0,8.0
science,geology,zoology,science::geology::zoology,1.0,13,0.106,ordering,top_p,3.0,0.6,Qwen2-7B,3.0,19.0
science,math,art,science::math::art,0.5,2,0.02,ordering,top_p,3.0,0.6,Qwen2-7B,23.5,24.0
science,math,geology,science::math::geology,0.75,4,0.694,ordering,top_p,3.0,0.6,Qwen2-7B,13.5,13.0
science,math,philosophy,science::math::philosophy,0.4,5,0.036,ordering,top_p,3.0,0.6,Qwen2-7B,26.0,22.0
science,math,physics,science::math::physics,0.5,4,0.978,ordering,top_p,3.0,0.6,Qwen2-7B,23.5,6.0
science,math,zoology,science::math::zoology,0.8,5,0.188,ordering,top_p,3.0,0.6,Qwen2-7B,11.0,17.0
science,philosophy,art,science::philosophy::art,1.0,5,0.374,ordering,top_p,3.0,0.6,Qwen2-7B,3.0,15.0
science,philosophy,geology,science::philosophy::geology,0.8,5,0.988,ordering,top_p,3.0,0.6,Qwen2-7B,11.0,3.0
science,philosophy,math,science::philosophy::math,0.6875,16,0.964,ordering,top_p,3.0,0.6,Qwen2-7B,16.0,7.0
science,philosophy,physics,science::philosophy::physics,1.0,4,1.0,ordering,top_p,3.0,0.6,Qwen2-7B,3.0,0.0
science,philosophy,zoology,science::philosophy::zoology,0.8333333333333334,6,0.888,ordering,top_p,3.0,0.6,Qwen2-7B,8.5,11.0
science,physics,art,science::physics::art,0.4,5,0.004,ordering,top_p,3.0,0.6,Qwen2-7B,26.0,28.0
science,physics,geology,science::physics::geology,0.8571428571428571,21,0.042,ordering,top_p,3.0,0.6,Qwen2-7B,7.0,21.0
science,physics,math,science::physics::math,0.3333333333333333,3,0.022,ordering,top_p,3.0,0.6,Qwen2-7B,28.5,23.0
science,physics,philosophy,science::physics::philosophy,0.3333333333333333,3,0.0,ordering,top_p,3.0,0.6,Qwen2-7B,28.5,29.0
science,physics,zoology,science::physics::zoology,0.65,20,0.006,ordering,top_p,3.0,0.6,Qwen2-7B,20.0,27.0
science,zoology,art,science::zoology::art,0.6666666666666666,3,0.096,ordering,top_p,3.0,0.6,Qwen2-7B,18.0,20.0
science,zoology,geology,science::zoology::geology,0.75,4,0.894,ordering,top_p,3.0,0.6,Qwen2-7B,13.5,10.0
science,zoology,math,science::zoology::math,0.4,5,0.812,ordering,top_p,3.0,0.6,Qwen2-7B,26.0,12.0
science,zoology,philosophy,science::zoology::philosophy,0.6666666666666666,6,0.112,ordering,top_p,3.0,0.6,Qwen2-7B,18.0,18.0
science,zoology,physics,science::zoology::physics,1.0,4,0.994,ordering,top_p,3.0,0.6,Qwen2-7B,3.0,2.0
throw,beach ball,boomerang,throw::beach ball::boomerang,0.631578947368421,19,0.044,ordering,top_p,4.0,0.6,Qwen2-7B,12.0,19.0
throw,beach ball,football,throw::beach ball::football,1.0,5,0.994,ordering,top_p,4.0,0.6,Qwen2-7B,2.5,5.5
throw,beach ball,lawnmower,throw::beach ball::lawnmower,0.0,3,0.024,ordering,top_p,4.0,0.6,Qwen2-7B,24.5,20.0
throw,beach ball,shovel,throw::beach ball::shovel,0.0,6,0.006,ordering,top_p,4.0,0.6,Qwen2-7B,24.5,23.5
throw,beach ball,tires,throw::beach ball::tires,0.0,6,0.0,ordering,top_p,4.0,0.6,Qwen2-7B,24.5,27.5
throw,boomerang,beach ball,throw::boomerang::beach ball,0.75,4,0.956,ordering,top_p,4.0,0.6,Qwen2-7B,10.5,10.0
throw,boomerang,football,throw::boomerang::football,1.0,4,1.0,ordering,top_p,4.0,0.6,Qwen2-7B,2.5,1.5
throw,boomerang,lawnmower,throw::boomerang::lawnmower,0.0,5,0.388,ordering,top_p,4.0,0.6,Qwen2-7B,24.5,15.0
throw,boomerang,shovel,throw::boomerang::shovel,0.0,4,0.142,ordering,top_p,4.0,0.6,Qwen2-7B,24.5,17.0
throw,boomerang,tires,throw::boomerang::tires,0.0,5,0.014,ordering,top_p,4.0,0.6,Qwen2-7B,24.5,22.0
throw,football,beach ball,throw::football::beach ball,0.875,16,0.006,ordering,top_p,4.0,0.6,Qwen2-7B,6.0,23.5
throw,football,boomerang,throw::football::boomerang,0.6190476190476191,21,0.0,ordering,top_p,4.0,0.6,Qwen2-7B,13.0,27.5
throw,football,lawnmower,throw::football::lawnmower,0.0,3,0.002,ordering,top_p,4.0,0.6,Qwen2-7B,24.5,25.0
throw,football,shovel,throw::football::shovel,0.0,4,0.0,ordering,top_p,4.0,0.6,Qwen2-7B,24.5,27.5
throw,football,tires,throw::football::tires,0.0,3,0.0,ordering,top_p,4.0,0.6,Qwen2-7B,24.5,27.5
throw,lawnmower,beach ball,throw::lawnmower::beach ball,1.0,2,0.976,ordering,top_p,4.0,0.6,Qwen2-7B,2.5,9.0
throw,lawnmower,boomerang,throw::lawnmower::boomerang,0.8,5,0.612,ordering,top_p,4.0,0.6,Qwen2-7B,8.0,14.0
throw,lawnmower,football,throw::lawnmower::football,1.0,5,0.998,ordering,top_p,4.0,0.6,Qwen2-7B,2.5,4.0
throw,lawnmower,shovel,throw::lawnmower::shovel,0.3333333333333333,21,0.18,ordering,top_p,4.0,0.6,Qwen2-7B,16.5,16.0
throw,lawnmower,tires,throw::lawnmower::tires,0.07692307692307693,13,0.018,ordering,top_p,4.0,0.6,Qwen2-7B,19.0,21.0
throw,shovel,beach ball,throw::shovel::beach ball,0.75,4,0.994,ordering,top_p,4.0,0.6,Qwen2-7B,10.5,5.5
throw,shovel,boomerang,throw::shovel::boomerang,0.6,5,0.858,ordering,top_p,4.0,0.6,Qwen2-7B,14.5,12.0
throw,shovel,football,throw::shovel::football,1.0,4,1.0,ordering,top_p,4.0,0.6,Qwen2-7B,2.5,1.5
throw,shovel,lawnmower,throw::shovel::lawnmower,0.0,5,0.82,ordering,top_p,4.0,0.6,Qwen2-7B,24.5,13.0
throw,shovel,tires,throw::shovel::tires,0.125,16,0.12,ordering,top_p,4.0,0.6,Qwen2-7B,18.0,18.0
throw,tires,beach ball,throw::tires::beach ball,0.6,5,1.0,ordering,top_p,4.0,0.6,Qwen2-7B,14.5,1.5
throw,tires,boomerang,throw::tires::boomerang,1.0,4,0.986,ordering,top_p,4.0,0.6,Qwen2-7B,2.5,7.0
throw,tires,football,throw::tires::football,0.8,5,1.0,ordering,top_p,4.0,0.6,Qwen2-7B,8.0,1.5
throw,tires,lawnmower,throw::tires::lawnmower,0.8,5,0.982,ordering,top_p,4.0,0.6,Qwen2-7B,8.0,8.0
throw,tires,shovel,throw::tires::shovel,0.3333333333333333,6,0.88,ordering,top_p,4.0,0.6,Qwen2-7B,16.5,11.0
transport,car,chairs,transport::car::chairs,0.0,5,0.0,ordering,top_p,5.0,0.6,Qwen2-7B,26.5,27.5
transport,car,hammer,transport::car::hammer,0.2,5,0.0,ordering,top_p,5.0,0.6,Qwen2-7B,20.0,27.5
transport,car,lawnmower,transport::car::lawnmower,0.25,4,0.004,ordering,top_p,5.0,0.6,Qwen2-7B,17.5,23.0
transport,car,motorcycle,transport::car::motorcycle,0.9047619047619048,21,0.128,ordering,top_p,5.0,0.6,Qwen2-7B,5.0,16.0
transport,car,roller blades,transport::car::roller blades,0.5625,16,0.0,ordering,top_p,5.0,0.6,Qwen2-7B,11.0,27.5
transport,chairs,car,transport::chairs::car,1.0,3,1.0,ordering,top_p,5.0,0.6,Qwen2-7B,2.0,1.5
transport,chairs,hammer,transport::chairs::hammer,0.0,4,0.948,ordering,top_p,5.0,0.6,Qwen2-7B,26.5,11.0
transport,chairs,lawnmower,transport::chairs::lawnmower,0.09090909090909091,22,0.994,ordering,top_p,5.0,0.6,Qwen2-7B,22.0,7.0
transport,chairs,motorcycle,transport::chairs::motorcycle,0.6,5,1.0,ordering,top_p,5.0,0.6,Qwen2-7B,9.5,1.5
transport,chairs,roller blades,transport::chairs::roller blades,0.6666666666666666,3,0.972,ordering,top_p,5.0,0.6,Qwen2-7B,8.0,8.0
transport,hammer,car,transport::hammer::car,0.6,5,1.0,ordering,top_p,5.0,0.6,Qwen2-7B,9.5,1.5
transport,hammer,chairs,transport::hammer::chairs,0.06666666666666667,15,0.052,ordering,top_p,5.0,0.6,Qwen2-7B,23.0,18.0
transport,hammer,lawnmower,transport::hammer::lawnmower,0.5555555555555556,18,0.964,ordering,top_p,5.0,0.6,Qwen2-7B,12.0,10.0
transport,hammer,motorcycle,transport::hammer::motorcycle,0.5,4,0.998,ordering,top_p,5.0,0.6,Qwen2-7B,15.0,4.5
transport,hammer,roller blades,transport::hammer::roller blades,0.8,5,0.74,ordering,top_p,5.0,0.6,Qwen2-7B,6.5,14.0
transport,lawnmower,car,transport::lawnmower::car,1.0,6,0.996,ordering,top_p,5.0,0.6,Qwen2-7B,2.0,6.0
transport,lawnmower,chairs,transport::lawnmower::chairs,0.2,5,0.006,ordering,top_p,5.0,0.6,Qwen2-7B,20.0,22.0
transport,lawnmower,hammer,transport::lawnmower::hammer,0.25,4,0.036,ordering,top_p,5.0,0.6,Qwen2-7B,17.5,19.0
transport,lawnmower,motorcycle,transport::lawnmower::motorcycle,1.0,5,0.968,ordering,top_p,5.0,0.6,Qwen2-7B,2.0,9.0
transport,lawnmower,roller blades,transport::lawnmower::roller blades,0.5,4,0.098,ordering,top_p,5.0,0.6,Qwen2-7B,15.0,17.0
transport,motorcycle,car,transport::motorcycle::car,0.8,5,0.872,ordering,top_p,5.0,0.6,Qwen2-7B,6.5,13.0
transport,motorcycle,chairs,transport::motorcycle::chairs,0.0,4,0.0,ordering,top_p,5.0,0.6,Qwen2-7B,26.5,27.5
transport,motorcycle,hammer,transport::motorcycle::hammer,0.0,5,0.002,ordering,top_p,5.0,0.6,Qwen2-7B,26.5,24.5
transport,motorcycle,lawnmower,transport::motorcycle::lawnmower,0.0,5,0.032,ordering,top_p,5.0,0.6,Qwen2-7B,26.5,20.0
transport,motorcycle,roller blades,transport::motorcycle::roller blades,0.5384615384615384,13,0.002,ordering,top_p,5.0,0.6,Qwen2-7B,13.0,24.5
transport,roller blades,car,transport::roller blades::car,1.0,5,1.0,ordering,top_p,5.0,0.6,Qwen2-7B,2.0,1.5
transport,roller blades,chairs,transport::roller blades::chairs,0.5,2,0.028,ordering,top_p,5.0,0.6,Qwen2-7B,15.0,21.0
transport,roller blades,hammer,transport::roller blades::hammer,0.2,5,0.26,ordering,top_p,5.0,0.6,Qwen2-7B,20.0,15.0
transport,roller blades,lawnmower,transport::roller blades::lawnmower,0.0,4,0.902,ordering,top_p,5.0,0.6,Qwen2-7B,26.5,12.0
transport,roller blades,motorcycle,transport::roller blades::motorcycle,1.0,6,0.998,ordering,top_p,5.0,0.6,Qwen2-7B,2.0,4.5
bag,cash,chalk,bag::cash::chalk,1.0,5,0.04,conjunction,top_p,0.0,0.6,Qwen2-7B,5.0,11.5
bag,cash,crayons,bag::cash::crayons,1.0,2,0.094,conjunction,top_p,0.0,0.6,Qwen2-7B,5.0,6.0
bag,cash,headphones,bag::cash::headphones,0.0,3,0.0,conjunction,top_p,0.0,0.6,Qwen2-7B,26.0,26.5
bag,cash,makeup,bag::cash::makeup,0.10526315789473684,19,0.002,conjunction,top_p,0.0,0.6,Qwen2-7B,22.0,19.0
bag,cash,pen,bag::cash::pen,1.0,5,0.432,conjunction,top_p,0.0,0.6,Qwen2-7B,5.0,1.0
bag,chalk,cash,bag::chalk::cash,0.0,6,0.002,conjunction,top_p,0.0,0.6,Qwen2-7B,26.0,19.0
bag,chalk,crayons,bag::chalk::crayons,1.0,6,0.09,conjunction,top_p,0.0,0.6,Qwen2-7B,5.0,8.0
bag,chalk,headphones,bag::chalk::headphones,0.2,5,0.0,conjunction,top_p,0.0,0.6,Qwen2-7B,18.0,26.5
bag,chalk,makeup,bag::chalk::makeup,0.2,5,0.002,conjunction,top_p,0.0,0.6,Qwen2-7B,18.0,19.0
bag,chalk,pen,bag::chalk::pen,1.0,5,0.424,conjunction,top_p,0.0,0.6,Qwen2-7B,5.0,3.0
bag,crayons,cash,bag::crayons::cash,0.0,5,0.002,conjunction,top_p,0.0,0.6,Qwen2-7B,26.0,19.0
bag,crayons,chalk,bag::crayons::chalk,0.8888888888888888,18,0.04,conjunction,top_p,0.0,0.6,Qwen2-7B,11.0,11.5
bag,crayons,headphones,bag::crayons::headphones,0.25,4,0.0,conjunction,top_p,0.0,0.6,Qwen2-7B,15.0,26.5
bag,crayons,makeup,bag::crayons::makeup,0.0,5,0.002,conjunction,top_p,0.0,0.6,Qwen2-7B,26.0,19.0
bag,crayons,pen,bag::crayons::pen,1.0,4,0.414,conjunction,top_p,0.0,0.6,Qwen2-7B,5.0,4.0
bag,headphones,cash,bag::headphones::cash,0.14285714285714285,14,0.002,conjunction,top_p,0.0,0.6,Qwen2-7B,21.0,19.0
bag,headphones,chalk,bag::headphones::chalk,0.4,5,0.04,conjunction,top_p,0.0,0.6,Qwen2-7B,14.0,11.5
bag,headphones,crayons,bag::headphones::crayons,1.0,3,0.094,conjunction,top_p,0.0,0.6,Qwen2-7B,5.0,6.0
bag,headphones,makeup,bag::headphones::makeup,0.21052631578947367,19,0.002,conjunction,top_p,0.0,0.6,Qwen2-7B,16.0,19.0
bag,headphones,pen,bag::headphones::pen,1.0,5,0.432,conjunction,top_p,0.0,0.6,Qwen2-7B,5.0,1.0
bag,makeup,cash,bag::makeup::cash,0.2,5,0.002,conjunction,top_p,0.0,0.6,Qwen2-7B,18.0,19.0
bag,makeup,chalk,bag::makeup::chalk,1.0,2,0.04,conjunction,top_p,0.0,0.6,Qwen2-7B,5.0,11.5
bag,makeup,crayons,bag::makeup::crayons,1.0,2,0.094,conjunction,top_p,0.0,0.6,Qwen2-7B,5.0,6.0
bag,makeup,headphones,bag::makeup::headphones,0.0,4,0.0,conjunction,top_p,0.0,0.6,Qwen2-7B,26.0,26.5
bag,makeup,pen,bag::makeup::pen,1.0,3,0.432,conjunction,top_p,0.0,0.6,Qwen2-7B,5.0,1.0
bag,pen,cash,bag::pen::cash,0.0,5,0.0,conjunction,top_p,0.0,0.6,Qwen2-7B,26.0,26.5
bag,pen,chalk,bag::pen::chalk,0.8571428571428571,21,0.032,conjunction,top_p,0.0,0.6,Qwen2-7B,13.0,14.0
bag,pen,crayons,bag::pen::crayons,0.8823529411764706,17,0.076,conjunction,top_p,0.0,0.6,Qwen2-7B,12.0,9.0
bag,pen,headphones,bag::pen::headphones,0.0,5,0.0,conjunction,top_p,0.0,0.6,Qwen2-7B,26.0,26.5
bag,pen,makeup,bag::pen::makeup,0.16666666666666666,6,0.002,conjunction,top_p,0.0,0.6,Qwen2-7B,20.0,19.0
bakery,cakes,ice cream,bakery::cakes::ice cream,0.8421052631578947,19,0.358,conjunction,top_p,1.0,0.6,Qwen2-7B,9.0,9.0
bakery,cakes,muffins,bakery::cakes::muffins,0.8888888888888888,18,0.032,conjunction,top_p,1.0,0.6,Qwen2-7B,8.0,21.0
bakery,cakes,pretzels,bakery::cakes::pretzels,0.5,6,0.026,conjunction,top_p,1.0,0.6,Qwen2-7B,17.0,22.0
bakery,cakes,sandwiches,bakery::cakes::sandwiches,0.4,5,0.01,conjunction,top_p,1.0,0.6,Qwen2-7B,21.0,28.5
bakery,cakes,water,bakery::cakes::water,0.0,5,0.016,conjunction,top_p,1.0,0.6,Qwen2-7B,27.0,27.0
bakery,ice cream,cakes,bakery::ice cream::cakes,1.0,5,0.636,conjunction,top_p,1.0,0.6,Qwen2-7B,3.5,8.0
bakery,ice cream,muffins,bakery::ice cream::muffins,0.5882352941176471,17,0.04,conjunction,top_p,1.0,0.6,Qwen2-7B,13.0,20.0
bakery,ice cream,pretzels,bakery::ice cream::pretzels,0.5,2,0.044,conjunction,top_p,1.0,0.6,Qwen2-7B,17.0,19.0
bakery,ice cream,sandwiches,bakery::ice cream::sandwiches,0.25,4,0.01,conjunction,top_p,1.0,0.6,Qwen2-7B,23.0,28.5
bakery,ice cream,water,bakery::ice cream::water,0.16666666666666666,6,0.024,conjunction,top_p,1.0,0.6,Qwen2-7B,24.0,24.0
bakery,muffins,cakes,bakery::muffins::cakes,1.0,5,0.938,conjunction,top_p,1.0,0.6,Qwen2-7B,3.5,3.0
bakery,muffins,ice cream,bakery::muffins::ice cream,1.0,2,0.78,conjunction,top_p,1.0,0.6,Qwen2-7B,3.5,6.0
bakery,muffins,pretzels,bakery::muffins::pretzels,0.4,5,0.076,conjunction,top_p,1.0,0.6,Qwen2-7B,21.0,14.5
bakery,muffins,sandwiches,bakery::muffins::sandwiches,0.0,2,0.024,conjunction,top_p,1.0,0.6,Qwen2-7B,27.0,24.0
bakery,muffins,water,bakery::muffins::water,0.0,5,0.048,conjunction,top_p,1.0,0.6,Qwen2-7B,27.0,17.0
bakery,pretzels,cakes,bakery::pretzels::cakes,1.0,5,0.94,conjunction,top_p,1.0,0.6,Qwen2-7B,3.5,2.0
bakery,pretzels,ice cream,bakery::pretzels::ice cream,1.0,5,0.77,conjunction,top_p,1.0,0.6,Qwen2-7B,3.5,7.0
bakery,pretzels,muffins,bakery::pretzels::muffins,1.0,3,0.096,conjunction,top_p,1.0,0.6,Qwen2-7B,3.5,10.5
bakery,pretzels,sandwiches,bakery::pretzels::sandwiches,0.4,5,0.024,conjunction,top_p,1.0,0.6,Qwen2-7B,21.0,24.0
bakery,pretzels,water,bakery::pretzels::water,0.0,4,0.048,conjunction,top_p,1.0,0.6,Qwen2-7B,27.0,17.0
bakery,sandwiches,cakes,bakery::sandwiches::cakes,1.0,3,0.954,conjunction,top_p,1.0,0.6,Qwen2-7B,3.5,0.0
bakery,sandwiches,ice cream,bakery::sandwiches::ice cream,1.0,5,0.8,conjunction,top_p,1.0,0.6,Qwen2-7B,3.5,4.0
bakery,sandwiches,muffins,bakery::sandwiches::muffins,0.6666666666666666,3,0.096,conjunction,top_p,1.0,0.6,Qwen2-7B,11.0,10.5
bakery,sandwiches,pretzels,bakery::sandwiches::pretzels,0.55,20,0.078,conjunction,top_p,1.0,0.6,Qwen2-7B,14.0,13.0
bakery,sandwiches,water,bakery::sandwiches::water,0.0,5,0.048,conjunction,top_p,1.0,0.6,Qwen2-7B,27.0,17.0
bakery,water,cakes,bakery::water::cakes,0.6666666666666666,3,0.95,conjunction,top_p,1.0,0.6,Qwen2-7B,11.0,1.0
bakery,water,ice cream,bakery::water::ice cream,0.6666666666666666,6,0.784,conjunction,top_p,1.0,0.6,Qwen2-7B,11.0,5.0
bakery,water,muffins,bakery::water::muffins,0.5,6,0.092,conjunction,top_p,1.0,0.6,Qwen2-7B,17.0,12.0
bakery,water,pretzels,bakery::water::pretzels,0.5384615384615384,13,0.076,conjunction,top_p,1.0,0.6,Qwen2-7B,15.0,14.5
bakery,water,sandwiches,bakery::water::sandwiches,0.42857142857142855,21,0.022,conjunction,top_p,1.0,0.6,Qwen2-7B,19.0,26.0
beach,bikini,coat,beach::bikini::coat,0.3333333333333333,3,0.048,conjunction,top_p,2.0,0.6,Qwen2-7B,21.0,27.0
beach,bikini,jacket,beach::bikini::jacket,0.25,4,0.13,conjunction,top_p,2.0,0.6,Qwen2-7B,23.0,20.0
beach,bikini,jeans,beach::bikini::jeans,0.5,6,0.514,conjunction,top_p,2.0,0.6,Qwen2-7B,17.0,12.0
beach,bikini,shorts,beach::bikini::shorts,0.7,20,0.918,conjunction,top_p,2.0,0.6,Qwen2-7B,10.0,3.0
beach,bikini,sunglasses,beach::bikini::sunglasses,0.16666666666666666,18,0.34,conjunction,top_p,2.0,0.6,Qwen2-7B,25.0,15.0
beach,coat,bikini,beach::coat::bikini,1.0,6,0.72,conjunction,top_p,2.0,0.6,Qwen2-7B,3.0,6.5
beach,coat,jacket,beach::coat::jacket,0.5454545454545454,11,0.206,conjunction,top_p,2.0,0.6,Qwen2-7B,14.0,17.0
beach,coat,jeans,beach::coat::jeans,0.5,16,0.792,conjunction,top_p,2.0,0.6,Qwen2-7B,17.0,5.0
beach,coat,shorts,beach::coat::shorts,1.0,5,0.992,conjunction,top_p,2.0,0.6,Qwen2-7B,3.0,0.0
beach,coat,sunglasses,beach::coat::sunglasses,0.0,3,0.548,conjunction,top_p,2.0,0.6,Qwen2-7B,28.0,11.0
beach,jacket,bikini,beach::jacket::bikini,1.0,2,0.662,conjunction,top_p,2.0,0.6,Qwen2-7B,3.0,8.0
beach,jacket,coat,beach::jacket::coat,1.0,3,0.088,conjunction,top_p,2.0,0.6,Qwen2-7B,3.0,22.0
beach,jacket,jeans,beach::jacket::jeans,0.45,20,0.72,conjunction,top_p,2.0,0.6,Qwen2-7B,20.0,6.5
beach,jacket,shorts,beach::jacket::shorts,0.6,5,0.98,conjunction,top_p,2.0,0.6,Qwen2-7B,12.0,1.0
beach,jacket,sunglasses,beach::jacket::sunglasses,0.5,4,0.504,conjunction,top_p,2.0,0.6,Qwen2-7B,17.0,13.0
beach,jeans,bikini,beach::jeans::bikini,1.0,5,0.446,conjunction,top_p,2.0,0.6,Qwen2-7B,3.0,14.0
beach,jeans,coat,beach::jeans::coat,0.6,5,0.058,conjunction,top_p,2.0,0.6,Qwen2-7B,12.0,25.0
beach,jeans,jacket,beach::jeans::jacket,0.0,6,0.136,conjunction,top_p,2.0,0.6,Qwen2-7B,28.0,19.0
beach,jeans,shorts,beach::jeans::shorts,1.0,5,0.884,conjunction,top_p,2.0,0.6,Qwen2-7B,3.0,4.0
beach,jeans,sunglasses,beach::jeans::sunglasses,0.25,4,0.302,conjunction,top_p,2.0,0.6,Qwen2-7B,23.0,16.0
beach,shorts,bikini,beach::shorts::bikini,0.75,4,0.082,conjunction,top_p,2.0,0.6,Qwen2-7B,8.5,23.0
beach,shorts,coat,beach::shorts::coat,0.75,4,0.008,conjunction,top_p,2.0,0.6,Qwen2-7B,8.5,29.0
beach,shorts,jacket,beach::shorts::jacket,0.25,4,0.02,conjunction,top_p,2.0,0.6,Qwen2-7B,23.0,28.0
beach,shorts,jeans,beach::shorts::jeans,0.6,5,0.116,conjunction,top_p,2.0,0.6,Qwen2-7B,12.0,21.0
beach,shorts,sunglasses,beach::shorts::sunglasses,0.15,20,0.052,conjunction,top_p,2.0,0.6,Qwen2-7B,26.0,26.0
beach,sunglasses,bikini,beach::sunglasses::bikini,1.0,5,0.56,conjunction,top_p,2.0,0.6,Qwen2-7B,3.0,10.0
beach,sunglasses,coat,beach::sunglasses::coat,0.0,5,0.076,conjunction,top_p,2.0,0.6,Qwen2-7B,28.0,24.0
beach,sunglasses,jacket,beach::sunglasses::jacket,0.8,5,0.176,conjunction,top_p,2.0,0.6,Qwen2-7B,7.0,18.0
beach,sunglasses,jeans,beach::sunglasses::jeans,0.5,6,0.616,conjunction,top_p,2.0,0.6,Qwen2-7B,17.0,9.0
beach,sunglasses,shorts,beach::sunglasses::shorts,0.5,4,0.948,conjunction,top_p,2.0,0.6,Qwen2-7B,17.0,2.0
cold,blankets,fridge,cold::blankets::fridge,0.0,4,0.028,conjunction,top_p,3.0,0.6,Qwen2-7B,24.5,10.5
cold,blankets,heater,cold::blankets::heater,1.0,2,1.0,conjunction,top_p,3.0,0.6,Qwen2-7B,1.0,0.5
cold,blankets,microwave,cold::blankets::microwave,0.0,5,0.174,conjunction,top_p,3.0,0.6,Qwen2-7B,24.5,6.0
cold,blankets,sink,cold::blankets::sink,0.0,4,0.012,conjunction,top_p,3.0,0.6,Qwen2-7B,24.5,15.0
cold,blankets,tea,cold::blankets::tea,0.2,20,0.004,conjunction,top_p,3.0,0.6,Qwen2-7B,17.0,21.0
cold,fridge,blankets,cold::fridge::blankets,0.3333333333333333,3,0.004,conjunction,top_p,3.0,0.6,Qwen2-7B,12.5,21.0
cold,fridge,heater,cold::fridge::heater,0.8,5,0.998,conjunction,top_p,3.0,0.6,Qwen2-7B,4.0,2.5
cold,fridge,microwave,cold::fridge::microwave,0.6923076923076923,13,0.174,conjunction,top_p,3.0,0.6,Qwen2-7B,5.0,6.0
cold,fridge,sink,cold::fridge::sink,0.23809523809523808,21,0.012,conjunction,top_p,3.0,0.6,Qwen2-7B,15.0,15.0
cold,fridge,tea,cold::fridge::tea,0.5,6,0.004,conjunction,top_p,3.0,0.6,Qwen2-7B,10.0,21.0
cold,heater,blankets,cold::heater::blankets,0.8333333333333334,18,0.0,conjunction,top_p,3.0,0.6,Qwen2-7B,3.0,28.5
cold,heater,fridge,cold::heater::fridge,0.0,4,0.002,conjunction,top_p,3.0,0.6,Qwen2-7B,24.5,26.0
cold,heater,microwave,cold::heater::microwave,0.2,5,0.014,conjunction,top_p,3.0,0.6,Qwen2-7B,17.0,13.0
cold,heater,sink,cold::heater::sink,0.0,5,0.0,conjunction,top_p,3.0,0.6,Qwen2-7B,24.5,28.5
cold,heater,tea,cold::heater::tea,0.125,16,0.002,conjunction,top_p,3.0,0.6,Qwen2-7B,19.0,26.0
cold,microwave,blankets,cold::microwave::blankets,0.6,5,0.002,conjunction,top_p,3.0,0.6,Qwen2-7B,6.5,26.0
cold,microwave,fridge,cold::microwave::fridge,0.5,4,0.028,conjunction,top_p,3.0,0.6,Qwen2-7B,10.0,10.5
cold,microwave,heater,cold::microwave::heater,1.0,5,0.986,conjunction,top_p,3.0,0.6,Qwen2-7B,1.0,4.0
cold,microwave,sink,cold::microwave::sink,0.0,4,0.01,conjunction,top_p,3.0,0.6,Qwen2-7B,24.5,17.0
cold,microwave,tea,cold::microwave::tea,0.2,5,0.004,conjunction,top_p,3.0,0.6,Qwen2-7B,17.0,21.0
cold,sink,blankets,cold::sink::blankets,0.3333333333333333,3,0.004,conjunction,top_p,3.0,0.6,Qwen2-7B,12.5,21.0
cold,sink,fridge,cold::sink::fridge,0.25,4,0.028,conjunction,top_p,3.0,0.6,Qwen2-7B,14.0,10.5
cold,sink,heater,cold::sink::heater,1.0,4,1.0,conjunction,top_p,3.0,0.6,Qwen2-7B,1.0,0.5
cold,sink,microwave,cold::sink::microwave,0.5294117647058824,17,0.172,conjunction,top_p,3.0,0.6,Qwen2-7B,8.0,8.0
cold,sink,tea,cold::sink::tea,0.0,5,0.004,conjunction,top_p,3.0,0.6,Qwen2-7B,24.5,21.0
cold,tea,blankets,cold::tea::blankets,0.6,5,0.004,conjunction,top_p,3.0,0.6,Qwen2-7B,6.5,21.0
cold,tea,fridge,cold::tea::fridge,0.0,6,0.028,conjunction,top_p,3.0,0.6,Qwen2-7B,24.5,10.5
cold,tea,heater,cold::tea::heater,0.5,6,0.998,conjunction,top_p,3.0,0.6,Qwen2-7B,10.0,2.5
cold,tea,microwave,cold::tea::microwave,0.0,5,0.174,conjunction,top_p,3.0,0.6,Qwen2-7B,24.5,6.0
cold,tea,sink,cold::tea::sink,0.0,4,0.012,conjunction,top_p,3.0,0.6,Qwen2-7B,24.5,15.0
cut,batteries,keys,cut::batteries::keys,0.16666666666666666,6,0.282,conjunction,top_p,4.0,0.6,Qwen2-7B,20.5,9.5
cut,batteries,nail clippers,cut::batteries::nail clippers,0.8,5,0.544,conjunction,top_p,4.0,0.6,Qwen2-7B,4.5,6.0
cut,batteries,scissors,cut::batteries::scissors,0.8,5,1.0,conjunction,top_p,4.0,0.6,Qwen2-7B,4.5,0.5
cut,batteries,stapler,cut::batteries::stapler,0.4444444444444444,18,0.148,conjunction,top_p,4.0,0.6,Qwen2-7B,12.0,14.0
cut,batteries,thumb tacks,cut::batteries::thumb tacks,0.38095238095238093,21,0.0,conjunction,top_p,4.0,0.6,Qwen2-7B,13.0,26.5
cut,keys,batteries,cut::keys::batteries,0.25,4,0.018,conjunction,top_p,4.0,0.6,Qwen2-7B,16.0,19.0
cut,keys,nail clippers,cut::keys::nail clippers,0.8,5,0.47,conjunction,top_p,4.0,0.6,Qwen2-7B,4.5,8.0
cut,keys,scissors,cut::keys::scissors,1.0,5,0.988,conjunction,top_p,4.0,0.6,Qwen2-7B,1.0,3.0
cut,keys,stapler,cut::keys::stapler,0.2,5,0.13,conjunction,top_p,4.0,0.6,Qwen2-7B,18.0,15.0
cut,keys,thumb tacks,cut::keys::thumb tacks,0.2,5,0.0,conjunction,top_p,4.0,0.6,Qwen2-7B,18.0,26.5
cut,nail clippers,batteries,cut::nail clippers::batteries,0.0,5,0.014,conjunction,top_p,4.0,0.6,Qwen2-7B,26.5,21.0
cut,nail clippers,keys,cut::nail clippers::keys,0.3125,16,0.234,conjunction,top_p,4.0,0.6,Qwen2-7B,15.0,12.0
cut,nail clippers,scissors,cut::nail clippers::scissors,1.0,4,0.98,conjunction,top_p,4.0,0.6,Qwen2-7B,1.0,4.0
cut,nail clippers,stapler,cut::nail clippers::stapler,0.5,2,0.102,conjunction,top_p,4.0,0.6,Qwen2-7B,11.0,16.0
cut,nail clippers,thumb tacks,cut::nail clippers::thumb tacks,0.6666666666666666,3,0.0,conjunction,top_p,4.0,0.6,Qwen2-7B,7.5,26.5
cut,scissors,batteries,cut::scissors::batteries,0.0,4,0.0,conjunction,top_p,4.0,0.6,Qwen2-7B,26.5,26.5
cut,scissors,keys,cut::scissors::keys,0.15,20,0.012,conjunction,top_p,4.0,0.6,Qwen2-7B,22.0,22.0
cut,scissors,nail clippers,cut::scissors::nail clippers,0.6363636363636364,11,0.02,conjunction,top_p,4.0,0.6,Qwen2-7B,9.0,17.5
cut,scissors,stapler,cut::scissors::stapler,0.16666666666666666,6,0.004,conjunction,top_p,4.0,0.6,Qwen2-7B,20.5,23.0
cut,scissors,thumb tacks,cut::scissors::thumb tacks,0.0,4,0.0,conjunction,top_p,4.0,0.6,Qwen2-7B,26.5,26.5
cut,stapler,batteries,cut::stapler::batteries,0.0,5,0.016,conjunction,top_p,4.0,0.6,Qwen2-7B,26.5,20.0
cut,stapler,keys,cut::stapler::keys,0.2,5,0.256,conjunction,top_p,4.0,0.6,Qwen2-7B,18.0,11.0
cut,stapler,nail clippers,cut::stapler::nail clippers,0.6666666666666666,6,0.51,conjunction,top_p,4.0,0.6,Qwen2-7B,7.5,7.0
cut,stapler,scissors,cut::stapler::scissors,1.0,4,0.996,conjunction,top_p,4.0,0.6,Qwen2-7B,1.0,2.0
cut,stapler,thumb tacks,cut::stapler::thumb tacks,0.11764705882352941,17,0.0,conjunction,top_p,4.0,0.6,Qwen2-7B,23.0,26.5
cut,thumb tacks,batteries,cut::thumb tacks::batteries,0.0,4,0.02,conjunction,top_p,4.0,0.6,Qwen2-7B,26.5,17.5
cut,thumb tacks,keys,cut::thumb tacks::keys,0.3333333333333333,3,0.282,conjunction,top_p,4.0,0.6,Qwen2-7B,14.0,9.5
cut,thumb tacks,nail clippers,cut::thumb tacks::nail clippers,0.6,5,0.552,conjunction,top_p,4.0,0.6,Qwen2-7B,10.0,5.0
cut,thumb tacks,scissors,cut::thumb tacks::scissors,0.8,5,1.0,conjunction,top_p,4.0,0.6,Qwen2-7B,4.5,0.5
cut,thumb tacks,stapler,cut::thumb tacks::stapler,0.0,5,0.152,conjunction,top_p,4.0,0.6,Qwen2-7B,26.5,13.0
fridge,juice,ketchup,fridge::juice::ketchup,0.3333333333333333,6,0.0,conjunction,top_p,5.0,0.6,Qwen2-7B,17.0,24.0
fridge,juice,meat,fridge::juice::meat,0.0,3,0.0,conjunction,top_p,5.0,0.6,Qwen2-7B,25.5,24.0
fridge,juice,milk,fridge::juice::milk,1.0,15,0.188,conjunction,top_p,5.0,0.6,Qwen2-7B,5.0,8.0
fridge,juice,water,fridge::juice::water,1.0,6,0.974,conjunction,top_p,5.0,0.6,Qwen2-7B,5.0,3.0
fridge,juice,yogurt,fridge::juice::yogurt,0.0,5,0.002,conjunction,top_p,5.0,0.6,Qwen2-7B,25.5,16.5
fridge,ketchup,juice,fridge::ketchup::juice,1.0,5,0.114,conjunction,top_p,5.0,0.6,Qwen2-7B,5.0,10.0
fridge,ketchup,meat,fridge::ketchup::meat,0.0,4,0.0,conjunction,top_p,5.0,0.6,Qwen2-7B,25.5,24.0
fridge,ketchup,milk,fridge::ketchup::milk,1.0,5,0.202,conjunction,top_p,5.0,0.6,Qwen2-7B,5.0,6.0
fridge,ketchup,water,fridge::ketchup::water,1.0,2,1.0,conjunction,top_p,5.0,0.6,Qwen2-7B,5.0,1.0
fridge,ketchup,yogurt,fridge::ketchup::yogurt,0.2222222222222222,18,0.002,conjunction,top_p,5.0,0.6,Qwen2-7B,18.0,16.5
fridge,meat,juice,fridge::meat::juice,1.0,5,0.114,conjunction,top_p,5.0,0.6,Qwen2-7B,5.0,10.0
fridge,meat,ketchup,fridge::meat::ketchup,0.16666666666666666,18,0.0,conjunction,top_p,5.0,0.6,Qwen2-7B,21.0,24.0
fridge,meat,milk,fridge::meat::milk,0.6666666666666666,3,0.202,conjunction,top_p,5.0,0.6,Qwen2-7B,14.0,6.0
fridge,meat,water,fridge::meat::water,1.0,2,1.0,conjunction,top_p,5.0,0.6,Qwen2-7B,5.0,1.0
fridge,meat,yogurt,fridge::meat::yogurt,0.625,16,0.002,conjunction,top_p,5.0,0.6,Qwen2-7B,15.0,16.5
fridge,milk,juice,fridge::milk::juice,1.0,5,0.1,conjunction,top_p,5.0,0.6,Qwen2-7B,5.0,12.0
fridge,milk,ketchup,fridge::milk::ketchup,0.0,5,0.0,conjunction,top_p,5.0,0.6,Qwen2-7B,25.5,24.0
fridge,milk,meat,fridge::milk::meat,0.0,6,0.0,conjunction,top_p,5.0,0.6,Qwen2-7B,25.5,24.0
fridge,milk,water,fridge::milk::water,0.8333333333333334,6,0.968,conjunction,top_p,5.0,0.6,Qwen2-7B,12.0,4.0
fridge,milk,yogurt,fridge::milk::yogurt,0.2,5,0.002,conjunction,top_p,5.0,0.6,Qwen2-7B,19.5,16.5
fridge,water,juice,fridge::water::juice,1.0,22,0.026,conjunction,top_p,5.0,0.6,Qwen2-7B,5.0,14.0
fridge,water,ketchup,fridge::water::ketchup,0.0,4,0.0,conjunction,top_p,5.0,0.6,Qwen2-7B,25.5,24.0
fridge,water,meat,fridge::water::meat,0.0,3,0.0,conjunction,top_p,5.0,0.6,Qwen2-7B,25.5,24.0
fridge,water,milk,fridge::water::milk,0.9444444444444444,18,0.032,conjunction,top_p,5.0,0.6,Qwen2-7B,11.0,13.0
fridge,water,yogurt,fridge::water::yogurt,0.0,5,0.0,conjunction,top_p,5.0,0.6,Qwen2-7B,25.5,24.0
fridge,yogurt,juice,fridge::yogurt::juice,1.0,5,0.114,conjunction,top_p,5.0,0.6,Qwen2-7B,5.0,10.0
fridge,yogurt,ketchup,fridge::yogurt::ketchup,0.2,5,0.0,conjunction,top_p,5.0,0.6,Qwen2-7B,19.5,24.0
fridge,yogurt,meat,fridge::yogurt::meat,0.4,5,0.0,conjunction,top_p,5.0,0.6,Qwen2-7B,16.0,24.0
fridge,yogurt,milk,fridge::yogurt::milk,0.75,4,0.202,conjunction,top_p,5.0,0.6,Qwen2-7B,13.0,6.0
fridge,yogurt,water,fridge::yogurt::water,1.0,2,1.0,conjunction,top_p,5.0,0.6,Qwen2-7B,5.0,1.0
gym,basketball,lacrosse,gym::basketball::lacrosse,0.9333333333333333,15,0.008,conjunction,top_p,6.0,0.6,Qwen2-7B,11.0,24.0
gym,basketball,meditation,gym::basketball::meditation,0.0,2,0.0,conjunction,top_p,6.0,0.6,Qwen2-7B,28.0,27.0
gym,basketball,softball,gym::basketball::softball,0.9,20,0.234,conjunction,top_p,6.0,0.6,Qwen2-7B,12.0,9.0
gym,basketball,swimming,gym::basketball::swimming,0.4,5,0.01,conjunction,top_p,6.0,0.6,Qwen2-7B,23.5,23.0
gym,basketball,weightlifting,gym::basketball::weightlifting,0.8,5,0.016,conjunction,top_p,6.0,0.6,Qwen2-7B,15.5,22.0
gym,lacrosse,basketball,gym::lacrosse::basketball,1.0,4,0.992,conjunction,top_p,6.0,0.6,Qwen2-7B,4.5,1.0
gym,lacrosse,meditation,gym::lacrosse::meditation,0.0,2,0.0,conjunction,top_p,6.0,0.6,Qwen2-7B,28.0,27.0
gym,lacrosse,softball,gym::lacrosse::softball,1.0,3,0.938,conjunction,top_p,6.0,0.6,Qwen2-7B,4.5,5.0
gym,lacrosse,swimming,gym::lacrosse::swimming,0.3333333333333333,3,0.112,conjunction,top_p,6.0,0.6,Qwen2-7B,25.5,13.5
gym,lacrosse,weightlifting,gym::lacrosse::weightlifting,0.6666666666666666,3,0.122,conjunction,top_p,6.0,0.6,Qwen2-7B,20.0,10.5
gym,meditation,basketball,gym::meditation::basketball,0.75,4,1.0,conjunction,top_p,6.0,0.6,Qwen2-7B,18.5,0.0
gym,meditation,lacrosse,gym::meditation::lacrosse,1.0,4,0.054,conjunction,top_p,6.0,0.6,Qwen2-7B,4.5,17.0
gym,meditation,softball,gym::meditation::softball,1.0,4,0.96,conjunction,top_p,6.0,0.6,Qwen2-7B,4.5,4.0
gym,meditation,swimming,gym::meditation::swimming,0.7894736842105263,19,0.118,conjunction,top_p,6.0,0.6,Qwen2-7B,17.0,12.0
gym,meditation,weightlifting,gym::meditation::weightlifting,0.55,20,0.122,conjunction,top_p,6.0,0.6,Qwen2-7B,22.0,10.5
gym,softball,basketball,gym::softball::basketball,1.0,6,0.766,conjunction,top_p,6.0,0.6,Qwen2-7B,4.5,8.0
gym,softball,lacrosse,gym::softball::lacrosse,0.9473684210526315,19,0.024,conjunction,top_p,6.0,0.6,Qwen2-7B,10.0,21.0
gym,softball,meditation,gym::softball::meditation,0.6,5,0.0,conjunction,top_p,6.0,0.6,Qwen2-7B,21.0,27.0
gym,softball,swimming,gym::softball::swimming,0.8,5,0.036,conjunction,top_p,6.0,0.6,Qwen2-7B,15.5,20.0
gym,softball,weightlifting,gym::softball::weightlifting,0.3333333333333333,3,0.058,conjunction,top_p,6.0,0.6,Qwen2-7B,25.5,16.0
gym,swimming,basketball,gym::swimming::basketball,1.0,5,0.99,conjunction,top_p,6.0,0.6,Qwen2-7B,4.5,2.0
gym,swimming,lacrosse,gym::swimming::lacrosse,1.0,4,0.05,conjunction,top_p,6.0,0.6,Qwen2-7B,4.5,18.0
gym,swimming,meditation,gym::swimming::meditation,0.0,5,0.0,conjunction,top_p,6.0,0.6,Qwen2-7B,28.0,27.0
gym,swimming,softball,gym::swimming::softball,0.75,4,0.926,conjunction,top_p,6.0,0.6,Qwen2-7B,18.5,6.0
gym,swimming,weightlifting,gym::swimming::weightlifting,0.4,5,0.112,conjunction,top_p,6.0,0.6,Qwen2-7B,23.5,13.5
gym,weightlifting,basketball,gym::weightlifting::basketball,1.0,5,0.984,conjunction,top_p,6.0,0.6,Qwen2-7B,4.5,3.0
gym,weightlifting,lacrosse,gym::weightlifting::lacrosse,1.0,6,0.048,conjunction,top_p,6.0,0.6,Qwen2-7B,4.5,19.0
gym,weightlifting,meditation,gym::weightlifting::meditation,1.0,2,0.0,conjunction,top_p,6.0,0.6,Qwen2-7B,4.5,27.0
gym,weightlifting,softball,gym::weightlifting::softball,0.8333333333333334,6,0.906,conjunction,top_p,6.0,0.6,Qwen2-7B,14.0,7.0
gym,weightlifting,swimming,gym::weightlifting::swimming,0.85,20,0.11,conjunction,top_p,6.0,0.6,Qwen2-7B,13.0,15.0
hot,blankets,couch,hot::blankets::couch,0.0,12,0.002,conjunction,top_p,7.0,0.6,Qwen2-7B,23.5,19.0
hot,blankets,fan,hot::blankets::fan,0.2,5,0.318,conjunction,top_p,7.0,0.6,Qwen2-7B,14.0,1.0
hot,blankets,heater,hot::blankets::heater,0.75,4,0.116,conjunction,top_p,7.0,0.6,Qwen2-7B,4.0,6.0
hot,blankets,pool,hot::blankets::pool,0.0,5,0.006,conjunction,top_p,7.0,0.6,Qwen2-7B,23.5,12.0
hot,blankets,shower,hot::blankets::shower,0.2,5,0.002,conjunction,top_p,7.0,0.6,Qwen2-7B,14.0,19.0
hot,couch,blankets,hot::couch::blankets,0.2,5,0.0,conjunction,top_p,7.0,0.6,Qwen2-7B,14.0,26.5
hot,couch,fan,hot::couch::fan,0.0,3,0.318,conjunction,top_p,7.0,0.6,Qwen2-7B,23.5,1.0
hot,couch,heater,hot::couch::heater,0.0,3,0.116,conjunction,top_p,7.0,0.6,Qwen2-7B,23.5,6.0
hot,couch,pool,hot::couch::pool,0.5,6,0.006,conjunction,top_p,7.0,0.6,Qwen2-7B,6.0,12.0
hot,couch,shower,hot::couch::shower,1.0,2,0.002,conjunction,top_p,7.0,0.6,Qwen2-7B,1.0,19.0
hot,fan,blankets,hot::fan::blankets,0.0,4,0.0,conjunction,top_p,7.0,0.6,Qwen2-7B,23.5,26.5
hot,fan,couch,hot::fan::couch,0.0,4,0.002,conjunction,top_p,7.0,0.6,Qwen2-7B,23.5,19.0
hot,fan,heater,hot::fan::heater,0.16666666666666666,6,0.094,conjunction,top_p,7.0,0.6,Qwen2-7B,16.0,9.0
hot,fan,pool,hot::fan::pool,0.55,20,0.006,conjunction,top_p,7.0,0.6,Qwen2-7B,5.0,12.0
hot,fan,shower,hot::fan::shower,0.05,20,0.0,conjunction,top_p,7.0,0.6,Qwen2-7B,17.0,26.5
hot,heater,blankets,hot::heater::blankets,0.23076923076923078,13,0.0,conjunction,top_p,7.0,0.6,Qwen2-7B,12.0,26.5
hot,heater,couch,hot::heater::couch,0.0,20,0.002,conjunction,top_p,7.0,0.6,Qwen2-7B,23.5,19.0
hot,heater,fan,hot::heater::fan,1.0,5,0.29,conjunction,top_p,7.0,0.6,Qwen2-7B,1.0,4.0
hot,heater,pool,hot::heater::pool,0.25,4,0.006,conjunction,top_p,7.0,0.6,Qwen2-7B,10.5,12.0
hot,heater,shower,hot::heater::shower,0.0,5,0.002,conjunction,top_p,7.0,0.6,Qwen2-7B,23.5,19.0
hot,pool,blankets,hot::pool::blankets,0.4,5,0.0,conjunction,top_p,7.0,0.6,Qwen2-7B,7.0,26.5
hot,pool,couch,hot::pool::couch,0.0,4,0.002,conjunction,top_p,7.0,0.6,Qwen2-7B,23.5,19.0
hot,pool,fan,hot::pool::fan,0.25,4,0.314,conjunction,top_p,7.0,0.6,Qwen2-7B,10.5,3.0
hot,pool,heater,hot::pool::heater,0.0,4,0.114,conjunction,top_p,7.0,0.6,Qwen2-7B,23.5,8.0
hot,pool,shower,hot::pool::shower,0.2631578947368421,19,0.002,conjunction,top_p,7.0,0.6,Qwen2-7B,9.0,19.0
hot,shower,blankets,hot::shower::blankets,0.0,4,0.0,conjunction,top_p,7.0,0.6,Qwen2-7B,23.5,26.5
hot,shower,couch,hot::shower::couch,0.0,6,0.002,conjunction,top_p,7.0,0.6,Qwen2-7B,23.5,19.0
hot,shower,fan,hot::shower::fan,0.8,5,0.318,conjunction,top_p,7.0,0.6,Qwen2-7B,3.0,1.0
hot,shower,heater,hot::shower::heater,0.3333333333333333,6,0.116,conjunction,top_p,7.0,0.6,Qwen2-7B,8.0,6.0
hot,shower,pool,hot::shower::pool,1.0,5,0.006,conjunction,top_p,7.0,0.6,Qwen2-7B,1.0,12.0
mall,burger joint,coffee shop,mall::burger joint::coffee shop,0.625,16,0.108,conjunction,top_p,8.0,0.6,Qwen2-7B,15.0,3.0
mall,burger joint,electronics store,mall::burger joint::electronics store,0.0,6,0.0,conjunction,top_p,8.0,0.6,Qwen2-7B,27.0,22.0
mall,burger joint,gift shop,mall::burger joint::gift shop,0.16666666666666666,6,0.0,conjunction,top_p,8.0,0.6,Qwen2-7B,24.0,22.0
mall,burger joint,grocery store,mall::burger joint::grocery store,0.8,5,0.056,conjunction,top_p,8.0,0.6,Qwen2-7B,11.0,11.5
mall,burger joint,pretzel stand,mall::burger joint::pretzel stand,0.8421052631578947,19,0.0,conjunction,top_p,8.0,0.6,Qwen2-7B,7.5,22.0
mall,coffee shop,burger joint,mall::coffee shop::burger joint,0.5,2,0.054,conjunction,top_p,8.0,0.6,Qwen2-7B,20.0,13.0
mall,coffee shop,electronics store,mall::coffee shop::electronics store,0.4,5,0.0,conjunction,top_p,8.0,0.6,Qwen2-7B,22.0,22.0
mall,coffee shop,gift shop,mall::coffee shop::gift shop,0.0,4,0.0,conjunction,top_p,8.0,0.6,Qwen2-7B,27.0,22.0
mall,coffee shop,grocery store,mall::coffee shop::grocery store,0.6,5,0.052,conjunction,top_p,8.0,0.6,Qwen2-7B,17.0,14.0
mall,coffee shop,pretzel stand,mall::coffee shop::pretzel stand,1.0,5,0.0,conjunction,top_p,8.0,0.6,Qwen2-7B,2.5,22.0
mall,electronics store,burger joint,mall::electronics store::burger joint,1.0,5,0.06,conjunction,top_p,8.0,0.6,Qwen2-7B,2.5,6.0
mall,electronics store,coffee shop,mall::electronics store::coffee shop,0.8,5,0.11,conjunction,top_p,8.0,0.6,Qwen2-7B,11.0,1.0
mall,electronics store,gift shop,mall::electronics store::gift shop,0.6,20,0.0,conjunction,top_p,8.0,0.6,Qwen2-7B,17.0,22.0
mall,electronics store,grocery store,mall::electronics store::grocery store,0.8421052631578947,19,0.058,conjunction,top_p,8.0,0.6,Qwen2-7B,7.5,9.0
mall,electronics store,pretzel stand,mall::electronics store::pretzel stand,0.6666666666666666,3,0.0,conjunction,top_p,8.0,0.6,Qwen2-7B,14.0,22.0
mall,gift shop,burger joint,mall::gift shop::burger joint,1.0,3,0.06,conjunction,top_p,8.0,0.6,Qwen2-7B,2.5,6.0
mall,gift shop,coffee shop,mall::gift shop::coffee shop,0.5,2,0.11,conjunction,top_p,8.0,0.6,Qwen2-7B,20.0,1.0
mall,gift shop,electronics store,mall::gift shop::electronics store,0.5,4,0.0,conjunction,top_p,8.0,0.6,Qwen2-7B,20.0,22.0
mall,gift shop,grocery store,mall::gift shop::grocery store,0.8666666666666667,15,0.058,conjunction,top_p,8.0,0.6,Qwen2-7B,6.0,9.0
mall,gift shop,pretzel stand,mall::gift shop::pretzel stand,1.0,3,0.0,conjunction,top_p,8.0,0.6,Qwen2-7B,2.5,22.0
mall,grocery store,burger joint,mall::grocery store::burger joint,1.0,5,0.056,conjunction,top_p,8.0,0.6,Qwen2-7B,2.5,11.5
mall,grocery store,coffee shop,mall::grocery store::coffee shop,0.8,5,0.104,conjunction,top_p,8.0,0.6,Qwen2-7B,11.0,4.0
mall,grocery store,electronics store,mall::grocery store::electronics store,0.0,3,0.0,conjunction,top_p,8.0,0.6,Qwen2-7B,27.0,22.0
mall,grocery store,gift shop,mall::grocery store::gift shop,0.2,5,0.0,conjunction,top_p,8.0,0.6,Qwen2-7B,23.0,22.0
mall,grocery store,pretzel stand,mall::grocery store::pretzel stand,0.8,5,0.0,conjunction,top_p,8.0,0.6,Qwen2-7B,11.0,22.0
mall,pretzel stand,burger joint,mall::pretzel stand::burger joint,1.0,2,0.06,conjunction,top_p,8.0,0.6,Qwen2-7B,2.5,6.0
mall,pretzel stand,coffee shop,mall::pretzel stand::coffee shop,0.8,20,0.11,conjunction,top_p,8.0,0.6,Qwen2-7B,11.0,1.0
mall,pretzel stand,electronics store,mall::pretzel stand::electronics store,0.0,5,0.0,conjunction,top_p,8.0,0.6,Qwen2-7B,27.0,22.0
mall,pretzel stand,gift shop,mall::pretzel stand::gift shop,0.0,6,0.0,conjunction,top_p,8.0,0.6,Qwen2-7B,27.0,22.0
mall,pretzel stand,grocery store,mall::pretzel stand::grocery store,0.6,5,0.058,conjunction,top_p,8.0,0.6,Qwen2-7B,17.0,9.0
mask,bandana,candy,mask::bandana::candy,0.0,4,0.0,conjunction,top_p,9.0,0.6,Qwen2-7B,27.0,14.5
mask,bandana,gloves,mask::bandana::gloves,0.5,2,0.0,conjunction,top_p,9.0,0.6,Qwen2-7B,11.0,14.5
mask,bandana,handkerchief,mask::bandana::handkerchief,0.6153846153846154,13,0.0,conjunction,top_p,9.0,0.6,Qwen2-7B,6.0,14.5
mask,bandana,napkins,mask::bandana::napkins,0.16666666666666666,12,0.0,conjunction,top_p,9.0,0.6,Qwen2-7B,23.0,14.5
mask,bandana,wallet,mask::bandana::wallet,0.4,5,0.0,conjunction,top_p,9.0,0.6,Qwen2-7B,15.0,14.5
mask,candy,bandana,mask::candy::bandana,0.8,5,0.0,conjunction,top_p,9.0,0.6,Qwen2-7B,2.5,14.5
mask,candy,gloves,mask::candy::gloves,0.0625,16,0.0,conjunction,top_p,9.0,0.6,Qwen2-7B,24.0,14.5
mask,candy,handkerchief,mask::candy::handkerchief,0.6666666666666666,6,0.0,conjunction,top_p,9.0,0.6,Qwen2-7B,4.0,14.5
mask,candy,napkins,mask::candy::napkins,0.5,4,0.0,conjunction,top_p,9.0,0.6,Qwen2-7B,11.0,14.5
mask,candy,wallet,mask::candy::wallet,0.2,20,0.0,conjunction,top_p,9.0,0.6,Qwen2-7B,20.0,14.5
mask,gloves,bandana,mask::gloves::bandana,0.5,6,0.0,conjunction,top_p,9.0,0.6,Qwen2-7B,11.0,14.5
mask,gloves,candy,mask::gloves::candy,0.2,5,0.0,conjunction,top_p,9.0,0.6,Qwen2-7B,20.0,14.5
mask,gloves,handkerchief,mask::gloves::handkerchief,0.4,5,0.0,conjunction,top_p,9.0,0.6,Qwen2-7B,15.0,14.5
mask,gloves,napkins,mask::gloves::napkins,0.5,4,0.0,conjunction,top_p,9.0,0.6,Qwen2-7B,11.0,14.5
mask,gloves,wallet,mask::gloves::wallet,0.0,3,0.0,conjunction,top_p,9.0,0.6,Qwen2-7B,27.0,14.5
mask,handkerchief,bandana,mask::handkerchief::bandana,1.0,3,0.0,conjunction,top_p,9.0,0.6,Qwen2-7B,0.5,14.5
mask,handkerchief,candy,mask::handkerchief::candy,0.0,6,0.0,conjunction,top_p,9.0,0.6,Qwen2-7B,27.0,14.5
mask,handkerchief,gloves,mask::handkerchief::gloves,0.4,5,0.0,conjunction,top_p,9.0,0.6,Qwen2-7B,15.0,14.5
mask,handkerchief,napkins,mask::handkerchief::napkins,0.3,20,0.0,conjunction,top_p,9.0,0.6,Qwen2-7B,17.0,14.5
mask,handkerchief,wallet,mask::handkerchief::wallet,0.0,5,0.0,conjunction,top_p,9.0,0.6,Qwen2-7B,27.0,14.5
mask,napkins,bandana,mask::napkins::bandana,1.0,5,0.0,conjunction,top_p,9.0,0.6,Qwen2-7B,0.5,14.5
mask,napkins,candy,mask::napkins::candy,0.2,5,0.0,conjunction,top_p,9.0,0.6,Qwen2-7B,20.0,14.5
mask,napkins,gloves,mask::napkins::gloves,0.2,5,0.0,conjunction,top_p,9.0,0.6,Qwen2-7B,20.0,14.5
mask,napkins,handkerchief,mask::napkins::handkerchief,0.6,5,0.0,conjunction,top_p,9.0,0.6,Qwen2-7B,7.5,14.5
mask,napkins,wallet,mask::napkins::wallet,0.0,4,0.0,conjunction,top_p,9.0,0.6,Qwen2-7B,27.0,14.5
mask,wallet,bandana,mask::wallet::bandana,0.8,5,0.0,conjunction,top_p,9.0,0.6,Qwen2-7B,2.5,14.5
mask,wallet,candy,mask::wallet::candy,0.2,5,0.0,conjunction,top_p,9.0,0.6,Qwen2-7B,20.0,14.5
mask,wallet,gloves,mask::wallet::gloves,0.631578947368421,19,0.0,conjunction,top_p,9.0,0.6,Qwen2-7B,5.0,14.5
mask,wallet,handkerchief,mask::wallet::handkerchief,0.6,5,0.0,conjunction,top_p,9.0,0.6,Qwen2-7B,7.5,14.5
mask,wallet,napkins,mask::wallet::napkins,0.5,6,0.0,conjunction,top_p,9.0,0.6,Qwen2-7B,11.0,14.5
meat,chicken,crab,meat::chicken::crab,0.7647058823529411,17,0.0,conjunction,top_p,0.0,0.6,Qwen2-7B,13.0,28.5
meat,chicken,mushrooms,meat::chicken::mushrooms,0.2,5,0.0,conjunction,top_p,0.0,0.6,Qwen2-7B,20.0,28.5
meat,chicken,rice,meat::chicken::rice,0.5,2,0.024,conjunction,top_p,0.0,0.6,Qwen2-7B,16.5,23.5
meat,chicken,tofu,meat::chicken::tofu,0.0,5,0.022,conjunction,top_p,0.0,0.6,Qwen2-7B,25.5,25.0
meat,chicken,turkey,meat::chicken::turkey,0.9523809523809523,21,0.01,conjunction,top_p,0.0,0.6,Qwen2-7B,10.0,27.0
meat,crab,chicken,meat::crab::chicken,1.0,5,1.0,conjunction,top_p,0.0,0.6,Qwen2-7B,4.5,0.5
meat,crab,mushrooms,meat::crab::mushrooms,0.0,3,0.028,conjunction,top_p,0.0,0.6,Qwen2-7B,25.5,21.0
meat,crab,rice,meat::crab::rice,0.0,5,0.394,conjunction,top_p,0.0,0.6,Qwen2-7B,25.5,5.5
meat,crab,tofu,meat::crab::tofu,0.6666666666666666,3,0.342,conjunction,top_p,0.0,0.6,Qwen2-7B,14.0,9.0
meat,crab,turkey,meat::crab::turkey,1.0,5,0.128,conjunction,top_p,0.0,0.6,Qwen2-7B,4.5,13.5
meat,mushrooms,chicken,meat::mushrooms::chicken,1.0,6,1.0,conjunction,top_p,0.0,0.6,Qwen2-7B,4.5,0.5
meat,mushrooms,crab,meat::mushrooms::crab,1.0,5,0.05,conjunction,top_p,0.0,0.6,Qwen2-7B,4.5,17.0
meat,mushrooms,rice,meat::mushrooms::rice,0.0,6,0.394,conjunction,top_p,0.0,0.6,Qwen2-7B,25.5,5.5
meat,mushrooms,tofu,meat::mushrooms::tofu,0.5263157894736842,19,0.35,conjunction,top_p,0.0,0.6,Qwen2-7B,15.0,8.0
meat,mushrooms,turkey,meat::mushrooms::turkey,1.0,6,0.128,conjunction,top_p,0.0,0.6,Qwen2-7B,4.5,13.5
meat,rice,chicken,meat::rice::chicken,1.0,2,0.976,conjunction,top_p,0.0,0.6,Qwen2-7B,4.5,4.0
meat,rice,crab,meat::rice::crab,0.5,2,0.038,conjunction,top_p,0.0,0.6,Qwen2-7B,16.5,19.0
meat,rice,mushrooms,meat::rice::mushrooms,0.23529411764705882,17,0.024,conjunction,top_p,0.0,0.6,Qwen2-7B,19.0,23.5
meat,rice,tofu,meat::rice::tofu,0.3888888888888889,18,0.296,conjunction,top_p,0.0,0.6,Qwen2-7B,18.0,12.0
meat,rice,turkey,meat::rice::turkey,1.0,5,0.112,conjunction,top_p,0.0,0.6,Qwen2-7B,4.5,15.0
meat,tofu,chicken,meat::tofu::chicken,1.0,4,0.978,conjunction,top_p,0.0,0.6,Qwen2-7B,4.5,3.0
meat,tofu,crab,meat::tofu::crab,0.8,5,0.032,conjunction,top_p,0.0,0.6,Qwen2-7B,11.0,20.0
meat,tofu,mushrooms,meat::tofu::mushrooms,0.0,5,0.02,conjunction,top_p,0.0,0.6,Qwen2-7B,25.5,26.0
meat,tofu,rice,meat::tofu::rice,0.0,5,0.322,conjunction,top_p,0.0,0.6,Qwen2-7B,25.5,11.0
meat,tofu,turkey,meat::tofu::turkey,1.0,5,0.1,conjunction,top_p,0.0,0.6,Qwen2-7B,4.5,16.0
meat,turkey,chicken,meat::turkey::chicken,1.0,4,0.99,conjunction,top_p,0.0,0.6,Qwen2-7B,4.5,2.0
meat,turkey,crab,meat::turkey::crab,0.7692307692307693,13,0.048,conjunction,top_p,0.0,0.6,Qwen2-7B,12.0,18.0
meat,turkey,mushrooms,meat::turkey::mushrooms,0.0,4,0.026,conjunction,top_p,0.0,0.6,Qwen2-7B,25.5,22.0
meat,turkey,rice,meat::turkey::rice,0.0,5,0.378,conjunction,top_p,0.0,0.6,Qwen2-7B,25.5,7.0
meat,turkey,tofu,meat::turkey::tofu,0.16666666666666666,6,0.334,conjunction,top_p,0.0,0.6,Qwen2-7B,21.0,10.0
restaurant,cake,cocktails,restaurant::cake::cocktails,1.0,4,0.212,conjunction,top_p,1.0,0.6,Qwen2-7B,3.5,11.5
restaurant,cake,salad,restaurant::cake::salad,0.6,5,0.03,conjunction,top_p,1.0,0.6,Qwen2-7B,13.0,23.5
restaurant,cake,soda,restaurant::cake::soda,0.8,5,0.604,conjunction,top_p,1.0,0.6,Qwen2-7B,9.0,0.0
restaurant,cake,soup,restaurant::cake::soup,0.3888888888888889,18,0.038,conjunction,top_p,1.0,0.6,Qwen2-7B,19.0,17.5
restaurant,cake,vodka,restaurant::cake::vodka,1.0,6,0.43,conjunction,top_p,1.0,0.6,Qwen2-7B,3.5,7.0
restaurant,cocktails,cake,restaurant::cocktails::cake,0.6,5,0.036,conjunction,top_p,1.0,0.6,Qwen2-7B,13.0,19.0
restaurant,cocktails,salad,restaurant::cocktails::salad,0.0,4,0.032,conjunction,top_p,1.0,0.6,Qwen2-7B,25.5,21.5
restaurant,cocktails,soda,restaurant::cocktails::soda,0.42105263157894735,19,0.546,conjunction,top_p,1.0,0.6,Qwen2-7B,18.0,3.0
restaurant,cocktails,soup,restaurant::cocktails::soup,0.0,2,0.03,conjunction,top_p,1.0,0.6,Qwen2-7B,25.5,23.5
restaurant,cocktails,vodka,restaurant::cocktails::vodka,0.5,14,0.406,conjunction,top_p,1.0,0.6,Qwen2-7B,16.5,8.0
restaurant,salad,cake,restaurant::salad::cake,0.55,20,0.042,conjunction,top_p,1.0,0.6,Qwen2-7B,15.0,15.5
restaurant,salad,cocktails,restaurant::salad::cocktails,0.75,4,0.214,conjunction,top_p,1.0,0.6,Qwen2-7B,10.0,10.0
restaurant,salad,soda,restaurant::salad::soda,0.6,5,0.6,conjunction,top_p,1.0,0.6,Qwen2-7B,13.0,1.0
restaurant,salad,soup,restaurant::salad::soup,0.7,20,0.038,conjunction,top_p,1.0,0.6,Qwen2-7B,11.0,17.5
restaurant,salad,vodka,restaurant::salad::vodka,1.0,5,0.436,conjunction,top_p,1.0,0.6,Qwen2-7B,3.5,6.0
restaurant,soda,cake,restaurant::soda::cake,0.0,3,0.024,conjunction,top_p,1.0,0.6,Qwen2-7B,25.5,26.5
restaurant,soda,cocktails,restaurant::soda::cocktails,1.0,3,0.146,conjunction,top_p,1.0,0.6,Qwen2-7B,3.5,14.0
restaurant,soda,salad,restaurant::soda::salad,0.0,5,0.022,conjunction,top_p,1.0,0.6,Qwen2-7B,25.5,28.0
restaurant,soda,soup,restaurant::soda::soup,0.0,2,0.024,conjunction,top_p,1.0,0.6,Qwen2-7B,25.5,26.5
restaurant,soda,vodka,restaurant::soda::vodka,1.0,5,0.306,conjunction,top_p,1.0,0.6,Qwen2-7B,3.5,9.0
restaurant,soup,cake,restaurant::soup::cake,0.3333333333333333,3,0.042,conjunction,top_p,1.0,0.6,Qwen2-7B,20.0,15.5
restaurant,soup,cocktails,restaurant::soup::cocktails,1.0,6,0.212,conjunction,top_p,1.0,0.6,Qwen2-7B,3.5,11.5
restaurant,soup,salad,restaurant::soup::salad,0.5,6,0.032,conjunction,top_p,1.0,0.6,Qwen2-7B,16.5,21.5
restaurant,soup,soda,restaurant::soup::soda,0.8333333333333334,6,0.596,conjunction,top_p,1.0,0.6,Qwen2-7B,8.0,2.0
restaurant,soup,vodka,restaurant::soup::vodka,1.0,4,0.438,conjunction,top_p,1.0,0.6,Qwen2-7B,3.5,5.0
restaurant,vodka,cake,restaurant::vodka::cake,0.0,5,0.028,conjunction,top_p,1.0,0.6,Qwen2-7B,25.5,25.0
restaurant,vodka,cocktails,restaurant::vodka::cocktails,1.0,3,0.182,conjunction,top_p,1.0,0.6,Qwen2-7B,3.5,13.0
restaurant,vodka,salad,restaurant::vodka::salad,0.0,2,0.018,conjunction,top_p,1.0,0.6,Qwen2-7B,25.5,29.0
restaurant,vodka,soda,restaurant::vodka::soda,0.3157894736842105,19,0.468,conjunction,top_p,1.0,0.6,Qwen2-7B,21.0,4.0
restaurant,vodka,soup,restaurant::vodka::soup,0.0,5,0.034,conjunction,top_p,1.0,0.6,Qwen2-7B,25.5,20.0
salad,chips,cigarettes,salad::chips::cigarettes,0.16666666666666666,6,0.002,conjunction,top_p,2.0,0.6,Qwen2-7B,20.0,25.5
salad,chips,dressing,salad::chips::dressing,0.4,5,0.01,conjunction,top_p,2.0,0.6,Qwen2-7B,13.0,18.0
salad,chips,lettuce,salad::chips::lettuce,1.0,6,0.998,conjunction,top_p,2.0,0.6,Qwen2-7B,2.0,1.0
salad,chips,meat,salad::chips::meat,0.2857142857142857,21,0.072,conjunction,top_p,2.0,0.6,Qwen2-7B,18.0,5.5
salad,chips,tuna,salad::chips::tuna,0.2,5,0.016,conjunction,top_p,2.0,0.6,Qwen2-7B,19.0,14.5
salad,cigarettes,chips,salad::cigarettes::chips,0.4375,16,0.018,conjunction,top_p,2.0,0.6,Qwen2-7B,11.5,10.5
salad,cigarettes,dressing,salad::cigarettes::dressing,1.0,4,0.01,conjunction,top_p,2.0,0.6,Qwen2-7B,2.0,18.0
salad,cigarettes,lettuce,salad::cigarettes::lettuce,0.75,4,1.0,conjunction,top_p,2.0,0.6,Qwen2-7B,6.5,0.0
salad,cigarettes,meat,salad::cigarettes::meat,0.5789473684210527,19,0.072,conjunction,top_p,2.0,0.6,Qwen2-7B,10.0,5.5
salad,cigarettes,tuna,salad::cigarettes::tuna,0.3333333333333333,6,0.016,conjunction,top_p,2.0,0.6,Qwen2-7B,16.0,14.5
salad,dressing,chips,salad::dressing::chips,0.0,2,0.018,conjunction,top_p,2.0,0.6,Qwen2-7B,25.0,10.5
salad,dressing,cigarettes,salad::dressing::cigarettes,0.0,5,0.002,conjunction,top_p,2.0,0.6,Qwen2-7B,25.0,25.5
salad,dressing,lettuce,salad::dressing::lettuce,1.0,3,0.996,conjunction,top_p,2.0,0.6,Qwen2-7B,2.0,2.5
salad,dressing,meat,salad::dressing::meat,0.3333333333333333,3,0.07,conjunction,top_p,2.0,0.6,Qwen2-7B,16.0,7.5
salad,dressing,tuna,salad::dressing::tuna,0.4375,16,0.016,conjunction,top_p,2.0,0.6,Qwen2-7B,11.5,14.5
salad,lettuce,chips,salad::lettuce::chips,0.0,2,0.002,conjunction,top_p,2.0,0.6,Qwen2-7B,25.0,25.5
salad,lettuce,cigarettes,salad::lettuce::cigarettes,0.0,6,0.0,conjunction,top_p,2.0,0.6,Qwen2-7B,25.0,28.5
salad,lettuce,dressing,salad::lettuce::dressing,0.6111111111111112,18,0.004,conjunction,top_p,2.0,0.6,Qwen2-7B,8.0,22.5
salad,lettuce,meat,salad::lettuce::meat,0.75,4,0.006,conjunction,top_p,2.0,0.6,Qwen2-7B,6.5,21.0
salad,lettuce,tuna,salad::lettuce::tuna,0.3888888888888889,18,0.004,conjunction,top_p,2.0,0.6,Qwen2-7B,14.0,22.5
salad,meat,chips,salad::meat::chips,0.0,2,0.018,conjunction,top_p,2.0,0.6,Qwen2-7B,25.0,10.5
salad,meat,cigarettes,salad::meat::cigarettes,0.0,5,0.0,conjunction,top_p,2.0,0.6,Qwen2-7B,25.0,28.5
salad,meat,dressing,salad::meat::dressing,0.0,3,0.008,conjunction,top_p,2.0,0.6,Qwen2-7B,25.0,20.0
salad,meat,lettuce,salad::meat::lettuce,1.0,6,0.994,conjunction,top_p,2.0,0.6,Qwen2-7B,2.0,4.0
salad,meat,tuna,salad::meat::tuna,0.3333333333333333,3,0.016,conjunction,top_p,2.0,0.6,Qwen2-7B,16.0,14.5
salad,tuna,chips,salad::tuna::chips,0.0,5,0.018,conjunction,top_p,2.0,0.6,Qwen2-7B,25.0,10.5
salad,tuna,cigarettes,salad::tuna::cigarettes,0.0,5,0.002,conjunction,top_p,2.0,0.6,Qwen2-7B,25.0,25.5
salad,tuna,dressing,salad::tuna::dressing,0.6,5,0.01,conjunction,top_p,2.0,0.6,Qwen2-7B,9.0,18.0
salad,tuna,lettuce,salad::tuna::lettuce,1.0,5,0.996,conjunction,top_p,2.0,0.6,Qwen2-7B,2.0,2.5
salad,tuna,meat,salad::tuna::meat,0.8,5,0.07,conjunction,top_p,2.0,0.6,Qwen2-7B,5.0,7.5
science,art,geology,science::art::geology,1.0,4,0.264,conjunction,top_p,3.0,0.6,Qwen2-7B,3.0,6.5
science,art,math,science::art::math,0.7,20,0.134,conjunction,top_p,3.0,0.6,Qwen2-7B,15.0,9.5
science,art,philosophy,science::art::philosophy,0.6111111111111112,18,0.004,conjunction,top_p,3.0,0.6,Qwen2-7B,21.0,25.5
science,art,physics,science::art::physics,1.0,5,0.996,conjunction,top_p,3.0,0.6,Qwen2-7B,3.0,1.0
science,art,zoology,science::art::zoology,0.8,5,0.044,conjunction,top_p,3.0,0.6,Qwen2-7B,11.0,13.5
science,geology,art,science::geology::art,0.6,5,0.006,conjunction,top_p,3.0,0.6,Qwen2-7B,22.0,21.0
science,geology,math,science::geology::math,0.8333333333333334,6,0.122,conjunction,top_p,3.0,0.6,Qwen2-7B,8.5,12.0
science,geology,philosophy,science::geology::philosophy,0.6666666666666666,3,0.004,conjunction,top_p,3.0,0.6,Qwen2-7B,18.0,25.5
science,geology,physics,science::geology::physics,1.0,4,0.958,conjunction,top_p,3.0,0.6,Qwen2-7B,3.0,4.0
science,geology,zoology,science::geology::zoology,1.0,13,0.036,conjunction,top_p,3.0,0.6,Qwen2-7B,3.0,17.0
science,math,art,science::math::art,0.5,2,0.006,conjunction,top_p,3.0,0.6,Qwen2-7B,23.5,21.0
science,math,geology,science::math::geology,0.75,4,0.252,conjunction,top_p,3.0,0.6,Qwen2-7B,13.5,8.0
science,math,philosophy,science::math::philosophy,0.4,5,0.002,conjunction,top_p,3.0,0.6,Qwen2-7B,26.0,28.0
science,math,physics,science::math::physics,0.5,4,0.978,conjunction,top_p,3.0,0.6,Qwen2-7B,23.5,3.0
science,math,zoology,science::math::zoology,0.8,5,0.04,conjunction,top_p,3.0,0.6,Qwen2-7B,11.0,16.0
science,philosophy,art,science::philosophy::art,1.0,5,0.006,conjunction,top_p,3.0,0.6,Qwen2-7B,3.0,21.0
science,philosophy,geology,science::philosophy::geology,0.8,5,0.266,conjunction,top_p,3.0,0.6,Qwen2-7B,11.0,5.0
science,philosophy,math,science::philosophy::math,0.6875,16,0.134,conjunction,top_p,3.0,0.6,Qwen2-7B,16.0,9.5
science,philosophy,physics,science::philosophy::physics,1.0,4,1.0,conjunction,top_p,3.0,0.6,Qwen2-7B,3.0,0.0
science,philosophy,zoology,science::philosophy::zoology,0.8333333333333334,6,0.044,conjunction,top_p,3.0,0.6,Qwen2-7B,8.5,13.5
science,physics,art,science::physics::art,0.4,5,0.004,conjunction,top_p,3.0,0.6,Qwen2-7B,26.0,25.5
science,physics,geology,science::physics::geology,0.8571428571428571,21,0.042,conjunction,top_p,3.0,0.6,Qwen2-7B,7.0,15.0
science,physics,math,science::physics::math,0.3333333333333333,3,0.022,conjunction,top_p,3.0,0.6,Qwen2-7B,28.5,18.0
science,physics,philosophy,science::physics::philosophy,0.3333333333333333,3,0.0,conjunction,top_p,3.0,0.6,Qwen2-7B,28.5,29.0
science,physics,zoology,science::physics::zoology,0.65,20,0.006,conjunction,top_p,3.0,0.6,Qwen2-7B,20.0,21.0
science,zoology,art,science::zoology::art,0.6666666666666666,3,0.006,conjunction,top_p,3.0,0.6,Qwen2-7B,18.0,21.0
science,zoology,geology,science::zoology::geology,0.75,4,0.264,conjunction,top_p,3.0,0.6,Qwen2-7B,13.5,6.5
science,zoology,math,science::zoology::math,0.4,5,0.126,conjunction,top_p,3.0,0.6,Qwen2-7B,26.0,11.0
science,zoology,philosophy,science::zoology::philosophy,0.6666666666666666,6,0.004,conjunction,top_p,3.0,0.6,Qwen2-7B,18.0,25.5
science,zoology,physics,science::zoology::physics,1.0,4,0.994,conjunction,top_p,3.0,0.6,Qwen2-7B,3.0,2.0
throw,beach ball,boomerang,throw::beach ball::boomerang,0.631578947368421,19,0.002,conjunction,top_p,4.0,0.6,Qwen2-7B,12.0,14.0
throw,beach ball,football,throw::beach ball::football,1.0,5,0.928,conjunction,top_p,4.0,0.6,Qwen2-7B,2.5,4.0
throw,beach ball,lawnmower,throw::beach ball::lawnmower,0.0,3,0.002,conjunction,top_p,4.0,0.6,Qwen2-7B,24.5,14.0
throw,beach ball,shovel,throw::beach ball::shovel,0.0,6,0.0,conjunction,top_p,4.0,0.6,Qwen2-7B,24.5,24.0
throw,beach ball,tires,throw::beach ball::tires,0.0,6,0.0,conjunction,top_p,4.0,0.6,Qwen2-7B,24.5,24.0
throw,boomerang,beach ball,throw::boomerang::beach ball,0.75,4,0.01,conjunction,top_p,4.0,0.6,Qwen2-7B,10.5,6.5
throw,boomerang,football,throw::boomerang::football,1.0,4,0.932,conjunction,top_p,4.0,0.6,Qwen2-7B,2.5,1.0
throw,boomerang,lawnmower,throw::boomerang::lawnmower,0.0,5,0.002,conjunction,top_p,4.0,0.6,Qwen2-7B,24.5,14.0
throw,boomerang,shovel,throw::boomerang::shovel,0.0,4,0.0,conjunction,top_p,4.0,0.6,Qwen2-7B,24.5,24.0
throw,boomerang,tires,throw::boomerang::tires,0.0,5,0.0,conjunction,top_p,4.0,0.6,Qwen2-7B,24.5,24.0
throw,football,beach ball,throw::football::beach ball,0.875,16,0.006,conjunction,top_p,4.0,0.6,Qwen2-7B,6.0,9.0
throw,football,boomerang,throw::football::boomerang,0.6190476190476191,21,0.0,conjunction,top_p,4.0,0.6,Qwen2-7B,13.0,24.0
throw,football,lawnmower,throw::football::lawnmower,0.0,3,0.002,conjunction,top_p,4.0,0.6,Qwen2-7B,24.5,14.0
throw,football,shovel,throw::football::shovel,0.0,4,0.0,conjunction,top_p,4.0,0.6,Qwen2-7B,24.5,24.0
throw,football,tires,throw::football::tires,0.0,3,0.0,conjunction,top_p,4.0,0.6,Qwen2-7B,24.5,24.0
throw,lawnmower,beach ball,throw::lawnmower::beach ball,1.0,2,0.01,conjunction,top_p,4.0,0.6,Qwen2-7B,2.5,6.5
throw,lawnmower,boomerang,throw::lawnmower::boomerang,0.8,5,0.002,conjunction,top_p,4.0,0.6,Qwen2-7B,8.0,14.0
throw,lawnmower,football,throw::lawnmower::football,1.0,5,0.93,conjunction,top_p,4.0,0.6,Qwen2-7B,2.5,3.0
throw,lawnmower,shovel,throw::lawnmower::shovel,0.3333333333333333,21,0.0,conjunction,top_p,4.0,0.6,Qwen2-7B,16.5,24.0
throw,lawnmower,tires,throw::lawnmower::tires,0.07692307692307693,13,0.0,conjunction,top_p,4.0,0.6,Qwen2-7B,19.0,24.0
throw,shovel,beach ball,throw::shovel::beach ball,0.75,4,0.01,conjunction,top_p,4.0,0.6,Qwen2-7B,10.5,6.5
throw,shovel,boomerang,throw::shovel::boomerang,0.6,5,0.002,conjunction,top_p,4.0,0.6,Qwen2-7B,14.5,14.0
throw,shovel,football,throw::shovel::football,1.0,4,0.932,conjunction,top_p,4.0,0.6,Qwen2-7B,2.5,1.0
throw,shovel,lawnmower,throw::shovel::lawnmower,0.0,5,0.002,conjunction,top_p,4.0,0.6,Qwen2-7B,24.5,14.0
throw,shovel,tires,throw::shovel::tires,0.125,16,0.0,conjunction,top_p,4.0,0.6,Qwen2-7B,18.0,24.0
throw,tires,beach ball,throw::tires::beach ball,0.6,5,0.01,conjunction,top_p,4.0,0.6,Qwen2-7B,14.5,6.5
throw,tires,boomerang,throw::tires::boomerang,1.0,4,0.002,conjunction,top_p,4.0,0.6,Qwen2-7B,2.5,14.0
throw,tires,football,throw::tires::football,0.8,5,0.932,conjunction,top_p,4.0,0.6,Qwen2-7B,8.0,1.0
throw,tires,lawnmower,throw::tires::lawnmower,0.8,5,0.002,conjunction,top_p,4.0,0.6,Qwen2-7B,8.0,14.0
throw,tires,shovel,throw::tires::shovel,0.3333333333333333,6,0.0,conjunction,top_p,4.0,0.6,Qwen2-7B,16.5,24.0
transport,car,chairs,transport::car::chairs,0.0,5,0.0,conjunction,top_p,5.0,0.6,Qwen2-7B,26.5,26.0
transport,car,hammer,transport::car::hammer,0.2,5,0.0,conjunction,top_p,5.0,0.6,Qwen2-7B,20.0,26.0
transport,car,lawnmower,transport::car::lawnmower,0.25,4,0.004,conjunction,top_p,5.0,0.6,Qwen2-7B,17.5,15.5
transport,car,motorcycle,transport::car::motorcycle,0.9047619047619048,21,0.128,conjunction,top_p,5.0,0.6,Qwen2-7B,5.0,9.0
transport,car,roller blades,transport::car::roller blades,0.5625,16,0.0,conjunction,top_p,5.0,0.6,Qwen2-7B,11.0,26.0
transport,chairs,car,transport::chairs::car,1.0,3,1.0,conjunction,top_p,5.0,0.6,Qwen2-7B,2.0,1.0
transport,chairs,hammer,transport::chairs::hammer,0.0,4,0.002,conjunction,top_p,5.0,0.6,Qwen2-7B,26.5,20.0
transport,chairs,lawnmower,transport::chairs::lawnmower,0.09090909090909091,22,0.042,conjunction,top_p,5.0,0.6,Qwen2-7B,22.0,11.0
transport,chairs,motorcycle,transport::chairs::motorcycle,0.6,5,0.846,conjunction,top_p,5.0,0.6,Qwen2-7B,9.5,5.5
transport,chairs,roller blades,transport::chairs::roller blades,0.6666666666666666,3,0.004,conjunction,top_p,5.0,0.6,Qwen2-7B,8.0,15.5
transport,hammer,car,transport::hammer::car,0.6,5,1.0,conjunction,top_p,5.0,0.6,Qwen2-7B,9.5,1.0
transport,hammer,chairs,transport::hammer::chairs,0.06666666666666667,15,0.0,conjunction,top_p,5.0,0.6,Qwen2-7B,23.0,26.0
transport,hammer,lawnmower,transport::hammer::lawnmower,0.5555555555555556,18,0.042,conjunction,top_p,5.0,0.6,Qwen2-7B,12.0,11.0
transport,hammer,motorcycle,transport::hammer::motorcycle,0.5,4,0.846,conjunction,top_p,5.0,0.6,Qwen2-7B,15.0,5.5
transport,hammer,roller blades,transport::hammer::roller blades,0.8,5,0.004,conjunction,top_p,5.0,0.6,Qwen2-7B,6.5,15.5
transport,lawnmower,car,transport::lawnmower::car,1.0,6,0.996,conjunction,top_p,5.0,0.6,Qwen2-7B,2.0,3.0
transport,lawnmower,chairs,transport::lawnmower::chairs,0.2,5,0.0,conjunction,top_p,5.0,0.6,Qwen2-7B,20.0,26.0
transport,lawnmower,hammer,transport::lawnmower::hammer,0.25,4,0.002,conjunction,top_p,5.0,0.6,Qwen2-7B,17.5,20.0
transport,lawnmower,motorcycle,transport::lawnmower::motorcycle,1.0,5,0.826,conjunction,top_p,5.0,0.6,Qwen2-7B,2.0,8.0
transport,lawnmower,roller blades,transport::lawnmower::roller blades,0.5,4,0.004,conjunction,top_p,5.0,0.6,Qwen2-7B,15.0,15.5
transport,motorcycle,car,transport::motorcycle::car,0.8,5,0.872,conjunction,top_p,5.0,0.6,Qwen2-7B,6.5,4.0
transport,motorcycle,chairs,transport::motorcycle::chairs,0.0,4,0.0,conjunction,top_p,5.0,0.6,Qwen2-7B,26.5,26.0
transport,motorcycle,hammer,transport::motorcycle::hammer,0.0,5,0.002,conjunction,top_p,5.0,0.6,Qwen2-7B,26.5,20.0
transport,motorcycle,lawnmower,transport::motorcycle::lawnmower,0.0,5,0.028,conjunction,top_p,5.0,0.6,Qwen2-7B,26.5,13.0
transport,motorcycle,roller blades,transport::motorcycle::roller blades,0.5384615384615384,13,0.002,conjunction,top_p,5.0,0.6,Qwen2-7B,13.0,20.0
transport,roller blades,car,transport::roller blades::car,1.0,5,1.0,conjunction,top_p,5.0,0.6,Qwen2-7B,2.0,1.0
transport,roller blades,chairs,transport::roller blades::chairs,0.5,2,0.0,conjunction,top_p,5.0,0.6,Qwen2-7B,15.0,26.0
transport,roller blades,hammer,transport::roller blades::hammer,0.2,5,0.002,conjunction,top_p,5.0,0.6,Qwen2-7B,20.0,20.0
transport,roller blades,lawnmower,transport::roller blades::lawnmower,0.0,4,0.042,conjunction,top_p,5.0,0.6,Qwen2-7B,26.5,11.0
transport,roller blades,motorcycle,transport::roller blades::motorcycle,1.0,6,0.844,conjunction,top_p,5.0,0.6,Qwen2-7B,2.0,7.0
bag,cash,chalk,bag::cash::chalk,1.0,5,0.99,disjunction,top_p,0.0,0.6,Qwen2-7B,5.0,6.0
bag,cash,crayons,bag::cash::crayons,1.0,2,0.996,disjunction,top_p,0.0,0.6,Qwen2-7B,5.0,3.0
bag,cash,headphones,bag::cash::headphones,0.0,3,0.496,disjunction,top_p,0.0,0.6,Qwen2-7B,26.0,15.0
bag,cash,makeup,bag::cash::makeup,0.10526315789473684,19,0.944,disjunction,top_p,0.0,0.6,Qwen2-7B,22.0,9.5
bag,cash,pen,bag::cash::pen,1.0,5,0.998,disjunction,top_p,0.0,0.6,Qwen2-7B,5.0,1.0
bag,chalk,cash,bag::chalk::cash,0.0,6,0.01,disjunction,top_p,0.0,0.6,Qwen2-7B,26.0,23.0
bag,chalk,crayons,bag::chalk::crayons,1.0,6,0.702,disjunction,top_p,0.0,0.6,Qwen2-7B,5.0,13.0
bag,chalk,headphones,bag::chalk::headphones,0.2,5,0.004,disjunction,top_p,0.0,0.6,Qwen2-7B,18.0,26.5
bag,chalk,makeup,bag::chalk::makeup,0.2,5,0.136,disjunction,top_p,0.0,0.6,Qwen2-7B,18.0,18.0
bag,chalk,pen,bag::chalk::pen,1.0,5,0.944,disjunction,top_p,0.0,0.6,Qwen2-7B,5.0,9.5
bag,crayons,cash,bag::crayons::cash,0.0,5,0.004,disjunction,top_p,0.0,0.6,Qwen2-7B,26.0,26.5
bag,crayons,chalk,bag::crayons::chalk,0.8888888888888888,18,0.302,disjunction,top_p,0.0,0.6,Qwen2-7B,11.0,16.0
bag,crayons,headphones,bag::crayons::headphones,0.25,4,0.004,disjunction,top_p,0.0,0.6,Qwen2-7B,15.0,26.5
bag,crayons,makeup,bag::crayons::makeup,0.0,5,0.054,disjunction,top_p,0.0,0.6,Qwen2-7B,26.0,21.0
bag,crayons,pen,bag::crayons::pen,1.0,4,0.878,disjunction,top_p,0.0,0.6,Qwen2-7B,5.0,11.0
bag,headphones,cash,bag::headphones::cash,0.14285714285714285,14,0.504,disjunction,top_p,0.0,0.6,Qwen2-7B,21.0,14.0
bag,headphones,chalk,bag::headphones::chalk,0.4,5,0.996,disjunction,top_p,0.0,0.6,Qwen2-7B,14.0,3.0
bag,headphones,crayons,bag::headphones::crayons,1.0,3,0.996,disjunction,top_p,0.0,0.6,Qwen2-7B,5.0,3.0
bag,headphones,makeup,bag::headphones::makeup,0.21052631578947367,19,0.948,disjunction,top_p,0.0,0.6,Qwen2-7B,16.0,7.0
bag,headphones,pen,bag::headphones::pen,1.0,5,1.0,disjunction,top_p,0.0,0.6,Qwen2-7B,5.0,0.0
bag,makeup,cash,bag::makeup::cash,0.2,5,0.056,disjunction,top_p,0.0,0.6,Qwen2-7B,18.0,20.0
bag,makeup,chalk,bag::makeup::chalk,1.0,2,0.864,disjunction,top_p,0.0,0.6,Qwen2-7B,5.0,12.0
bag,makeup,crayons,bag::makeup::crayons,1.0,2,0.946,disjunction,top_p,0.0,0.6,Qwen2-7B,5.0,8.0
bag,makeup,headphones,bag::makeup::headphones,0.0,4,0.052,disjunction,top_p,0.0,0.6,Qwen2-7B,26.0,22.0
bag,makeup,pen,bag::makeup::pen,1.0,3,0.992,disjunction,top_p,0.0,0.6,Qwen2-7B,5.0,5.0
bag,pen,cash,bag::pen::cash,0.0,5,0.004,disjunction,top_p,0.0,0.6,Qwen2-7B,26.0,26.5
bag,pen,chalk,bag::pen::chalk,0.8571428571428571,21,0.072,disjunction,top_p,0.0,0.6,Qwen2-7B,13.0,19.0
bag,pen,crayons,bag::pen::crayons,0.8823529411764706,17,0.158,disjunction,top_p,0.0,0.6,Qwen2-7B,12.0,17.0
bag,pen,headphones,bag::pen::headphones,0.0,5,0.0,disjunction,top_p,0.0,0.6,Qwen2-7B,26.0,29.0
bag,pen,makeup,bag::pen::makeup,0.16666666666666666,6,0.008,disjunction,top_p,0.0,0.6,Qwen2-7B,20.0,24.0
bakery,cakes,ice cream,bakery::cakes::ice cream,0.8421052631578947,19,0.806,disjunction,top_p,1.0,0.6,Qwen2-7B,9.0,11.0
bakery,cakes,muffins,bakery::cakes::muffins,0.8888888888888888,18,0.098,disjunction,top_p,1.0,0.6,Qwen2-7B,8.0,23.0
bakery,cakes,pretzels,bakery::cakes::pretzels,0.5,6,0.078,disjunction,top_p,1.0,0.6,Qwen2-7B,17.0,25.0
bakery,cakes,sandwiches,bakery::cakes::sandwiches,0.4,5,0.024,disjunction,top_p,1.0,0.6,Qwen2-7B,21.0,28.5
bakery,cakes,water,bakery::cakes::water,0.0,5,0.048,disjunction,top_p,1.0,0.6,Qwen2-7B,27.0,27.0
bakery,ice cream,cakes,bakery::ice cream::cakes,1.0,5,0.966,disjunction,top_p,1.0,0.6,Qwen2-7B,3.5,8.0
bakery,ice cream,muffins,bakery::ice cream::muffins,0.5882352941176471,17,0.1,disjunction,top_p,1.0,0.6,Qwen2-7B,13.0,22.0
bakery,ice cream,pretzels,bakery::ice cream::pretzels,0.5,2,0.09,disjunction,top_p,1.0,0.6,Qwen2-7B,17.0,24.0
bakery,ice cream,sandwiches,bakery::ice cream::sandwiches,0.25,4,0.024,disjunction,top_p,1.0,0.6,Qwen2-7B,23.0,28.5
bakery,ice cream,water,bakery::ice cream::water,0.16666666666666666,6,0.054,disjunction,top_p,1.0,0.6,Qwen2-7B,24.0,26.0
bakery,muffins,cakes,bakery::muffins::cakes,1.0,5,0.992,disjunction,top_p,1.0,0.6,Qwen2-7B,3.5,3.5
bakery,muffins,ice cream,bakery::muffins::ice cream,1.0,2,0.978,disjunction,top_p,1.0,0.6,Qwen2-7B,3.5,6.0
bakery,muffins,pretzels,bakery::muffins::pretzels,0.4,5,0.488,disjunction,top_p,1.0,0.6,Qwen2-7B,21.0,16.0
bakery,muffins,sandwiches,bakery::muffins::sandwiches,0.0,2,0.168,disjunction,top_p,1.0,0.6,Qwen2-7B,27.0,21.0
bakery,muffins,water,bakery::muffins::water,0.0,5,0.348,disjunction,top_p,1.0,0.6,Qwen2-7B,27.0,18.0
bakery,pretzels,cakes,bakery::pretzels::cakes,1.0,5,0.998,disjunction,top_p,1.0,0.6,Qwen2-7B,3.5,1.5
bakery,pretzels,ice cream,bakery::pretzels::ice cream,1.0,5,0.976,disjunction,top_p,1.0,0.6,Qwen2-7B,3.5,7.0
bakery,pretzels,muffins,bakery::pretzels::muffins,1.0,3,0.514,disjunction,top_p,1.0,0.6,Qwen2-7B,3.5,15.0
bakery,pretzels,sandwiches,bakery::pretzels::sandwiches,0.4,5,0.18,disjunction,top_p,1.0,0.6,Qwen2-7B,21.0,20.0
bakery,pretzels,water,bakery::pretzels::water,0.0,4,0.354,disjunction,top_p,1.0,0.6,Qwen2-7B,27.0,17.0
bakery,sandwiches,cakes,bakery::sandwiches::cakes,1.0,3,1.0,disjunction,top_p,1.0,0.6,Qwen2-7B,3.5,0.0
bakery,sandwiches,ice cream,bakery::sandwiches::ice cream,1.0,5,0.992,disjunction,top_p,1.0,0.6,Qwen2-7B,3.5,3.5
bakery,sandwiches,muffins,bakery::sandwiches::muffins,0.6666666666666666,3,0.832,disjunction,top_p,1.0,0.6,Qwen2-7B,11.0,9.0
bakery,sandwiches,pretzels,bakery::sandwiches::pretzels,0.55,20,0.82,disjunction,top_p,1.0,0.6,Qwen2-7B,14.0,10.0
bakery,sandwiches,water,bakery::sandwiches::water,0.0,5,0.696,disjunction,top_p,1.0,0.6,Qwen2-7B,27.0,12.0
bakery,water,cakes,bakery::water::cakes,0.6666666666666666,3,0.998,disjunction,top_p,1.0,0.6,Qwen2-7B,11.0,1.5
bakery,water,ice cream,bakery::water::ice cream,0.6666666666666666,6,0.988,disjunction,top_p,1.0,0.6,Qwen2-7B,11.0,5.0
bakery,water,muffins,bakery::water::muffins,0.5,6,0.656,disjunction,top_p,1.0,0.6,Qwen2-7B,17.0,13.0
bakery,water,pretzels,bakery::water::pretzels,0.5384615384615384,13,0.648,disjunction,top_p,1.0,0.6,Qwen2-7B,15.0,14.0
bakery,water,sandwiches,bakery::water::sandwiches,0.42857142857142855,21,0.306,disjunction,top_p,1.0,0.6,Qwen2-7B,19.0,19.0
beach,bikini,coat,beach::bikini::coat,0.3333333333333333,3,0.104,disjunction,top_p,2.0,0.6,Qwen2-7B,21.0,27.0
beach,bikini,jacket,beach::bikini::jacket,0.25,4,0.25,disjunction,top_p,2.0,0.6,Qwen2-7B,23.0,23.0
beach,bikini,jeans,beach::bikini::jeans,0.5,6,0.844,disjunction,top_p,2.0,0.6,Qwen2-7B,17.0,11.0
beach,bikini,shorts,beach::bikini::shorts,0.7,20,1.0,disjunction,top_p,2.0,0.6,Qwen2-7B,10.0,2.0
beach,bikini,sunglasses,beach::bikini::sunglasses,0.16666666666666666,18,0.622,disjunction,top_p,2.0,0.6,Qwen2-7B,25.0,18.0
beach,coat,bikini,beach::coat::bikini,1.0,6,0.97,disjunction,top_p,2.0,0.6,Qwen2-7B,3.0,5.0
beach,coat,jacket,beach::coat::jacket,0.5454545454545454,11,0.76,disjunction,top_p,2.0,0.6,Qwen2-7B,14.0,15.5
beach,coat,jeans,beach::coat::jeans,0.5,16,0.962,disjunction,top_p,2.0,0.6,Qwen2-7B,17.0,6.0
beach,coat,shorts,beach::coat::shorts,1.0,5,1.0,disjunction,top_p,2.0,0.6,Qwen2-7B,3.0,2.0
beach,coat,sunglasses,beach::coat::sunglasses,0.0,3,0.928,disjunction,top_p,2.0,0.6,Qwen2-7B,28.0,8.0
beach,jacket,bikini,beach::jacket::bikini,1.0,2,0.924,disjunction,top_p,2.0,0.6,Qwen2-7B,3.0,9.0
beach,jacket,coat,beach::jacket::coat,1.0,3,0.258,disjunction,top_p,2.0,0.6,Qwen2-7B,3.0,22.0
beach,jacket,jeans,beach::jacket::jeans,0.45,20,0.934,disjunction,top_p,2.0,0.6,Qwen2-7B,20.0,7.0
beach,jacket,shorts,beach::jacket::shorts,0.6,5,1.0,disjunction,top_p,2.0,0.6,Qwen2-7B,12.0,2.0
beach,jacket,sunglasses,beach::jacket::sunglasses,0.5,4,0.832,disjunction,top_p,2.0,0.6,Qwen2-7B,17.0,12.0
beach,jeans,bikini,beach::jeans::bikini,1.0,5,0.76,disjunction,top_p,2.0,0.6,Qwen2-7B,3.0,15.5
beach,jeans,coat,beach::jeans::coat,0.6,5,0.098,disjunction,top_p,2.0,0.6,Qwen2-7B,12.0,28.0
beach,jeans,jacket,beach::jeans::jacket,0.0,6,0.244,disjunction,top_p,2.0,0.6,Qwen2-7B,28.0,24.0
beach,jeans,shorts,beach::jeans::shorts,1.0,5,1.0,disjunction,top_p,2.0,0.6,Qwen2-7B,3.0,2.0
beach,jeans,sunglasses,beach::jeans::sunglasses,0.25,4,0.62,disjunction,top_p,2.0,0.6,Qwen2-7B,23.0,19.0
beach,shorts,bikini,beach::shorts::bikini,0.75,4,0.748,disjunction,top_p,2.0,0.6,Qwen2-7B,8.5,17.0
beach,shorts,coat,beach::shorts::coat,0.75,4,0.094,disjunction,top_p,2.0,0.6,Qwen2-7B,8.5,29.0
beach,shorts,jacket,beach::shorts::jacket,0.25,4,0.218,disjunction,top_p,2.0,0.6,Qwen2-7B,23.0,25.0
beach,shorts,jeans,beach::shorts::jeans,0.6,5,0.816,disjunction,top_p,2.0,0.6,Qwen2-7B,12.0,13.0
beach,shorts,sunglasses,beach::shorts::sunglasses,0.15,20,0.582,disjunction,top_p,2.0,0.6,Qwen2-7B,26.0,20.0
beach,sunglasses,bikini,beach::sunglasses::bikini,1.0,5,0.808,disjunction,top_p,2.0,0.6,Qwen2-7B,3.0,14.0
beach,sunglasses,coat,beach::sunglasses::coat,0.0,5,0.124,disjunction,top_p,2.0,0.6,Qwen2-7B,28.0,26.0
beach,sunglasses,jacket,beach::sunglasses::jacket,0.8,5,0.288,disjunction,top_p,2.0,0.6,Qwen2-7B,7.0,21.0
beach,sunglasses,jeans,beach::sunglasses::jeans,0.5,6,0.86,disjunction,top_p,2.0,0.6,Qwen2-7B,17.0,10.0
beach,sunglasses,shorts,beach::sunglasses::shorts,0.5,4,1.0,disjunction,top_p,2.0,0.6,Qwen2-7B,17.0,2.0
cold,blankets,fridge,cold::blankets::fridge,0.0,4,0.914,disjunction,top_p,3.0,0.6,Qwen2-7B,24.5,8.0
cold,blankets,heater,cold::blankets::heater,1.0,2,1.0,disjunction,top_p,3.0,0.6,Qwen2-7B,1.0,2.0
cold,blankets,microwave,cold::blankets::microwave,0.0,5,0.996,disjunction,top_p,3.0,0.6,Qwen2-7B,24.5,5.0
cold,blankets,sink,cold::blankets::sink,0.0,4,0.852,disjunction,top_p,3.0,0.6,Qwen2-7B,24.5,11.0
cold,blankets,tea,cold::blankets::tea,0.2,20,0.634,disjunction,top_p,3.0,0.6,Qwen2-7B,17.0,14.0
cold,fridge,blankets,cold::fridge::blankets,0.3333333333333333,3,0.086,disjunction,top_p,3.0,0.6,Qwen2-7B,12.5,22.0
cold,fridge,heater,cold::fridge::heater,0.8,5,1.0,disjunction,top_p,3.0,0.6,Qwen2-7B,4.0,2.0
cold,fridge,microwave,cold::fridge::microwave,0.6923076923076923,13,0.862,disjunction,top_p,3.0,0.6,Qwen2-7B,5.0,10.0
cold,fridge,sink,cold::fridge::sink,0.23809523809523808,21,0.334,disjunction,top_p,3.0,0.6,Qwen2-7B,15.0,16.0
cold,fridge,tea,cold::fridge::tea,0.5,6,0.09,disjunction,top_p,3.0,0.6,Qwen2-7B,10.0,21.0
cold,heater,blankets,cold::heater::blankets,0.8333333333333334,18,0.004,disjunction,top_p,3.0,0.6,Qwen2-7B,3.0,28.5
cold,heater,fridge,cold::heater::fridge,0.0,4,0.028,disjunction,top_p,3.0,0.6,Qwen2-7B,24.5,24.0
cold,heater,microwave,cold::heater::microwave,0.2,5,0.174,disjunction,top_p,3.0,0.6,Qwen2-7B,17.0,17.0
cold,heater,sink,cold::heater::sink,0.0,5,0.012,disjunction,top_p,3.0,0.6,Qwen2-7B,24.5,26.0
cold,heater,tea,cold::heater::tea,0.125,16,0.004,disjunction,top_p,3.0,0.6,Qwen2-7B,19.0,28.5
cold,microwave,blankets,cold::microwave::blankets,0.6,5,0.006,disjunction,top_p,3.0,0.6,Qwen2-7B,6.5,27.0
cold,microwave,fridge,cold::microwave::fridge,0.5,4,0.138,disjunction,top_p,3.0,0.6,Qwen2-7B,10.0,20.0
cold,microwave,heater,cold::microwave::heater,1.0,5,1.0,disjunction,top_p,3.0,0.6,Qwen2-7B,1.0,2.0
cold,microwave,sink,cold::microwave::sink,0.0,4,0.068,disjunction,top_p,3.0,0.6,Qwen2-7B,24.5,23.0
cold,microwave,tea,cold::microwave::tea,0.2,5,0.018,disjunction,top_p,3.0,0.6,Qwen2-7B,17.0,25.0
cold,sink,blankets,cold::sink::blankets,0.3333333333333333,3,0.148,disjunction,top_p,3.0,0.6,Qwen2-7B,12.5,19.0
cold,sink,fridge,cold::sink::fridge,0.25,4,0.666,disjunction,top_p,3.0,0.6,Qwen2-7B,14.0,13.0
cold,sink,heater,cold::sink::heater,1.0,4,1.0,disjunction,top_p,3.0,0.6,Qwen2-7B,1.0,2.0
cold,sink,microwave,cold::sink::microwave,0.5294117647058824,17,0.936,disjunction,top_p,3.0,0.6,Qwen2-7B,8.0,7.0
cold,sink,tea,cold::sink::tea,0.0,5,0.162,disjunction,top_p,3.0,0.6,Qwen2-7B,24.5,18.0
cold,tea,blankets,cold::tea::blankets,0.6,5,0.366,disjunction,top_p,3.0,0.6,Qwen2-7B,6.5,15.0
cold,tea,fridge,cold::tea::fridge,0.0,6,0.91,disjunction,top_p,3.0,0.6,Qwen2-7B,24.5,9.0
cold,tea,heater,cold::tea::heater,0.5,6,1.0,disjunction,top_p,3.0,0.6,Qwen2-7B,10.0,2.0
cold,tea,microwave,cold::tea::microwave,0.0,5,0.982,disjunction,top_p,3.0,0.6,Qwen2-7B,24.5,6.0
cold,tea,sink,cold::tea::sink,0.0,4,0.838,disjunction,top_p,3.0,0.6,Qwen2-7B,24.5,12.0
cut,batteries,keys,cut::batteries::keys,0.16666666666666666,6,0.942,disjunction,top_p,4.0,0.6,Qwen2-7B,20.5,10.0
cut,batteries,nail clippers,cut::batteries::nail clippers,0.8,5,0.98,disjunction,top_p,4.0,0.6,Qwen2-7B,4.5,8.0
cut,batteries,scissors,cut::batteries::scissors,0.8,5,1.0,disjunction,top_p,4.0,0.6,Qwen2-7B,4.5,3.0
cut,batteries,stapler,cut::batteries::stapler,0.4444444444444444,18,0.906,disjunction,top_p,4.0,0.6,Qwen2-7B,12.0,11.0
cut,batteries,thumb tacks,cut::batteries::thumb tacks,0.38095238095238093,21,0.026,disjunction,top_p,4.0,0.6,Qwen2-7B,13.0,24.0
cut,keys,batteries,cut::keys::batteries,0.25,4,0.06,disjunction,top_p,4.0,0.6,Qwen2-7B,16.0,22.0
cut,keys,nail clippers,cut::keys::nail clippers,0.8,5,0.736,disjunction,top_p,4.0,0.6,Qwen2-7B,4.5,13.0
cut,keys,scissors,cut::keys::scissors,1.0,5,1.0,disjunction,top_p,4.0,0.6,Qwen2-7B,1.0,3.0
cut,keys,stapler,cut::keys::stapler,0.2,5,0.374,disjunction,top_p,4.0,0.6,Qwen2-7B,18.0,17.0
cut,keys,thumb tacks,cut::keys::thumb tacks,0.2,5,0.0,disjunction,top_p,4.0,0.6,Qwen2-7B,18.0,28.0
cut,nail clippers,batteries,cut::nail clippers::batteries,0.0,5,0.034,disjunction,top_p,4.0,0.6,Qwen2-7B,26.5,23.0
cut,nail clippers,keys,cut::nail clippers::keys,0.3125,16,0.394,disjunction,top_p,4.0,0.6,Qwen2-7B,15.0,16.0
cut,nail clippers,scissors,cut::nail clippers::scissors,1.0,4,1.0,disjunction,top_p,4.0,0.6,Qwen2-7B,1.0,3.0
cut,nail clippers,stapler,cut::nail clippers::stapler,0.5,2,0.204,disjunction,top_p,4.0,0.6,Qwen2-7B,11.0,19.0
cut,nail clippers,thumb tacks,cut::nail clippers::thumb tacks,0.6666666666666666,3,0.002,disjunction,top_p,4.0,0.6,Qwen2-7B,7.5,26.0
cut,scissors,batteries,cut::scissors::batteries,0.0,4,0.02,disjunction,top_p,4.0,0.6,Qwen2-7B,26.5,25.0
cut,scissors,keys,cut::scissors::keys,0.15,20,0.282,disjunction,top_p,4.0,0.6,Qwen2-7B,22.0,18.0
cut,scissors,nail clippers,cut::scissors::nail clippers,0.6363636363636364,11,0.552,disjunction,top_p,4.0,0.6,Qwen2-7B,9.0,15.0
cut,scissors,stapler,cut::scissors::stapler,0.16666666666666666,6,0.152,disjunction,top_p,4.0,0.6,Qwen2-7B,20.5,20.0
cut,scissors,thumb tacks,cut::scissors::thumb tacks,0.0,4,0.0,disjunction,top_p,4.0,0.6,Qwen2-7B,26.5,28.0
cut,stapler,batteries,cut::stapler::batteries,0.0,5,0.102,disjunction,top_p,4.0,0.6,Qwen2-7B,26.5,21.0
cut,stapler,keys,cut::stapler::keys,0.2,5,0.674,disjunction,top_p,4.0,0.6,Qwen2-7B,18.0,14.0
cut,stapler,nail clippers,cut::stapler::nail clippers,0.6666666666666666,6,0.888,disjunction,top_p,4.0,0.6,Qwen2-7B,7.5,12.0
cut,stapler,scissors,cut::stapler::scissors,1.0,4,1.0,disjunction,top_p,4.0,0.6,Qwen2-7B,1.0,3.0
cut,stapler,thumb tacks,cut::stapler::thumb tacks,0.11764705882352941,17,0.0,disjunction,top_p,4.0,0.6,Qwen2-7B,23.0,28.0
cut,thumb tacks,batteries,cut::thumb tacks::batteries,0.0,4,0.974,disjunction,top_p,4.0,0.6,Qwen2-7B,26.5,9.0
cut,thumb tacks,keys,cut::thumb tacks::keys,0.3333333333333333,3,1.0,disjunction,top_p,4.0,0.6,Qwen2-7B,14.0,3.0
cut,thumb tacks,nail clippers,cut::thumb tacks::nail clippers,0.6,5,0.998,disjunction,top_p,4.0,0.6,Qwen2-7B,10.0,7.0
cut,thumb tacks,scissors,cut::thumb tacks::scissors,0.8,5,1.0,disjunction,top_p,4.0,0.6,Qwen2-7B,4.5,3.0
cut,thumb tacks,stapler,cut::thumb tacks::stapler,0.0,5,1.0,disjunction,top_p,4.0,0.6,Qwen2-7B,26.5,3.0
fridge,juice,ketchup,fridge::juice::ketchup,0.3333333333333333,6,0.004,disjunction,top_p,5.0,0.6,Qwen2-7B,17.0,24.5
fridge,juice,meat,fridge::juice::meat,0.0,3,0.01,disjunction,top_p,5.0,0.6,Qwen2-7B,25.5,23.0
fridge,juice,milk,fridge::juice::milk,1.0,15,0.654,disjunction,top_p,5.0,0.6,Qwen2-7B,5.0,14.0
fridge,juice,water,fridge::juice::water,1.0,6,1.0,disjunction,top_p,5.0,0.6,Qwen2-7B,5.0,2.0
fridge,juice,yogurt,fridge::juice::yogurt,0.0,5,0.03,disjunction,top_p,5.0,0.6,Qwen2-7B,25.5,21.0
fridge,ketchup,juice,fridge::ketchup::juice,1.0,5,0.996,disjunction,top_p,5.0,0.6,Qwen2-7B,5.0,6.5
fridge,ketchup,meat,fridge::ketchup::meat,0.0,4,0.746,disjunction,top_p,5.0,0.6,Qwen2-7B,25.5,12.0
fridge,ketchup,milk,fridge::ketchup::milk,1.0,5,0.996,disjunction,top_p,5.0,0.6,Qwen2-7B,5.0,6.5
fridge,ketchup,water,fridge::ketchup::water,1.0,2,1.0,disjunction,top_p,5.0,0.6,Qwen2-7B,5.0,2.0
fridge,ketchup,yogurt,fridge::ketchup::yogurt,0.2222222222222222,18,0.852,disjunction,top_p,5.0,0.6,Qwen2-7B,18.0,11.0
fridge,meat,juice,fridge::meat::juice,1.0,5,0.99,disjunction,top_p,5.0,0.6,Qwen2-7B,5.0,8.0
fridge,meat,ketchup,fridge::meat::ketchup,0.16666666666666666,18,0.254,disjunction,top_p,5.0,0.6,Qwen2-7B,21.0,17.0
fridge,meat,milk,fridge::meat::milk,0.6666666666666666,3,0.998,disjunction,top_p,5.0,0.6,Qwen2-7B,14.0,5.0
fridge,meat,water,fridge::meat::water,1.0,2,1.0,disjunction,top_p,5.0,0.6,Qwen2-7B,5.0,2.0
fridge,meat,yogurt,fridge::meat::yogurt,0.625,16,0.706,disjunction,top_p,5.0,0.6,Qwen2-7B,15.0,13.0
fridge,milk,juice,fridge::milk::juice,1.0,5,0.374,disjunction,top_p,5.0,0.6,Qwen2-7B,5.0,15.0
fridge,milk,ketchup,fridge::milk::ketchup,0.0,5,0.004,disjunction,top_p,5.0,0.6,Qwen2-7B,25.5,24.5
fridge,milk,meat,fridge::milk::meat,0.0,6,0.002,disjunction,top_p,5.0,0.6,Qwen2-7B,25.5,26.5
fridge,milk,water,fridge::milk::water,0.8333333333333334,6,1.0,disjunction,top_p,5.0,0.6,Qwen2-7B,12.0,2.0
fridge,milk,yogurt,fridge::milk::yogurt,0.2,5,0.016,disjunction,top_p,5.0,0.6,Qwen2-7B,19.5,22.0
fridge,water,juice,fridge::water::juice,1.0,22,0.114,disjunction,top_p,5.0,0.6,Qwen2-7B,5.0,20.0
fridge,water,ketchup,fridge::water::ketchup,0.0,4,0.0,disjunction,top_p,5.0,0.6,Qwen2-7B,25.5,28.5
fridge,water,meat,fridge::water::meat,0.0,3,0.0,disjunction,top_p,5.0,0.6,Qwen2-7B,25.5,28.5
fridge,water,milk,fridge::water::milk,0.9444444444444444,18,0.202,disjunction,top_p,5.0,0.6,Qwen2-7B,11.0,18.0
fridge,water,yogurt,fridge::water::yogurt,0.0,5,0.002,disjunction,top_p,5.0,0.6,Qwen2-7B,25.5,26.5
fridge,yogurt,juice,fridge::yogurt::juice,1.0,5,0.97,disjunction,top_p,5.0,0.6,Qwen2-7B,5.0,10.0
fridge,yogurt,ketchup,fridge::yogurt::ketchup,0.2,5,0.148,disjunction,top_p,5.0,0.6,Qwen2-7B,19.5,19.0
fridge,yogurt,meat,fridge::yogurt::meat,0.4,5,0.294,disjunction,top_p,5.0,0.6,Qwen2-7B,16.0,16.0
fridge,yogurt,milk,fridge::yogurt::milk,0.75,4,0.984,disjunction,top_p,5.0,0.6,Qwen2-7B,13.0,9.0
fridge,yogurt,water,fridge::yogurt::water,1.0,2,1.0,disjunction,top_p,5.0,0.6,Qwen2-7B,5.0,2.0
gym,basketball,lacrosse,gym::basketball::lacrosse,0.9333333333333333,15,0.054,disjunction,top_p,6.0,0.6,Qwen2-7B,11.0,23.5
gym,basketball,meditation,gym::basketball::meditation,0.0,2,0.0,disjunction,top_p,6.0,0.6,Qwen2-7B,28.0,28.5
gym,basketball,softball,gym::basketball::softball,0.9,20,0.96,disjunction,top_p,6.0,0.6,Qwen2-7B,12.0,12.0
gym,basketball,swimming,gym::basketball::swimming,0.4,5,0.118,disjunction,top_p,6.0,0.6,Qwen2-7B,23.5,22.0
gym,basketball,weightlifting,gym::basketball::weightlifting,0.8,5,0.122,disjunction,top_p,6.0,0.6,Qwen2-7B,15.5,19.5
gym,lacrosse,basketball,gym::lacrosse::basketball,1.0,4,1.0,disjunction,top_p,6.0,0.6,Qwen2-7B,4.5,2.5
gym,lacrosse,meditation,gym::lacrosse::meditation,0.0,2,0.02,disjunction,top_p,6.0,0.6,Qwen2-7B,28.0,25.0
gym,lacrosse,softball,gym::lacrosse::softball,1.0,3,0.998,disjunction,top_p,6.0,0.6,Qwen2-7B,4.5,6.0
gym,lacrosse,swimming,gym::lacrosse::swimming,0.3333333333333333,3,0.682,disjunction,top_p,6.0,0.6,Qwen2-7B,25.5,14.0
gym,lacrosse,weightlifting,gym::lacrosse::weightlifting,0.6666666666666666,3,0.706,disjunction,top_p,6.0,0.6,Qwen2-7B,20.0,13.0
gym,meditation,basketball,gym::meditation::basketball,0.75,4,1.0,disjunction,top_p,6.0,0.6,Qwen2-7B,18.5,2.5
gym,meditation,lacrosse,gym::meditation::lacrosse,1.0,4,0.98,disjunction,top_p,6.0,0.6,Qwen2-7B,4.5,11.0
gym,meditation,softball,gym::meditation::softball,1.0,4,1.0,disjunction,top_p,6.0,0.6,Qwen2-7B,4.5,2.5
gym,meditation,swimming,gym::meditation::swimming,0.7894736842105263,19,0.992,disjunction,top_p,6.0,0.6,Qwen2-7B,17.0,9.0
gym,meditation,weightlifting,gym::meditation::weightlifting,0.55,20,0.988,disjunction,top_p,6.0,0.6,Qwen2-7B,22.0,10.0
gym,softball,basketball,gym::softball::basketball,1.0,6,1.0,disjunction,top_p,6.0,0.6,Qwen2-7B,4.5,2.5
gym,softball,lacrosse,gym::softball::lacrosse,0.9473684210526315,19,0.054,disjunction,top_p,6.0,0.6,Qwen2-7B,10.0,23.5
gym,softball,meditation,gym::softball::meditation,0.6,5,0.0,disjunction,top_p,6.0,0.6,Qwen2-7B,21.0,28.5
gym,softball,swimming,gym::softball::swimming,0.8,5,0.12,disjunction,top_p,6.0,0.6,Qwen2-7B,15.5,21.0
gym,softball,weightlifting,gym::softball::weightlifting,0.3333333333333333,3,0.122,disjunction,top_p,6.0,0.6,Qwen2-7B,25.5,19.5
gym,swimming,basketball,gym::swimming::basketball,1.0,5,1.0,disjunction,top_p,6.0,0.6,Qwen2-7B,4.5,2.5
gym,swimming,lacrosse,gym::swimming::lacrosse,1.0,4,0.328,disjunction,top_p,6.0,0.6,Qwen2-7B,4.5,17.0
gym,swimming,meditation,gym::swimming::meditation,0.0,5,0.008,disjunction,top_p,6.0,0.6,Qwen2-7B,28.0,27.0
gym,swimming,softball,gym::swimming::softball,0.75,4,0.996,disjunction,top_p,6.0,0.6,Qwen2-7B,18.5,7.5
gym,swimming,weightlifting,gym::swimming::weightlifting,0.4,5,0.528,disjunction,top_p,6.0,0.6,Qwen2-7B,23.5,15.0
gym,weightlifting,basketball,gym::weightlifting::basketball,1.0,5,1.0,disjunction,top_p,6.0,0.6,Qwen2-7B,4.5,2.5
gym,weightlifting,lacrosse,gym::weightlifting::lacrosse,1.0,6,0.3,disjunction,top_p,6.0,0.6,Qwen2-7B,4.5,18.0
gym,weightlifting,meditation,gym::weightlifting::meditation,1.0,2,0.012,disjunction,top_p,6.0,0.6,Qwen2-7B,4.5,26.0
gym,weightlifting,softball,gym::weightlifting::softball,0.8333333333333334,6,0.996,disjunction,top_p,6.0,0.6,Qwen2-7B,14.0,7.5
gym,weightlifting,swimming,gym::weightlifting::swimming,0.85,20,0.49,disjunction,top_p,6.0,0.6,Qwen2-7B,13.0,16.0
hot,blankets,couch,hot::blankets::couch,0.0,12,0.856,disjunction,top_p,7.0,0.6,Qwen2-7B,23.5,11.0
hot,blankets,fan,hot::blankets::fan,0.2,5,1.0,disjunction,top_p,7.0,0.6,Qwen2-7B,14.0,0.0
hot,blankets,heater,hot::blankets::heater,0.75,4,0.998,disjunction,top_p,7.0,0.6,Qwen2-7B,4.0,1.5
hot,blankets,pool,hot::blankets::pool,0.0,5,0.966,disjunction,top_p,7.0,0.6,Qwen2-7B,23.5,7.5
hot,blankets,shower,hot::blankets::shower,0.2,5,0.966,disjunction,top_p,7.0,0.6,Qwen2-7B,14.0,7.5
hot,couch,blankets,hot::couch::blankets,0.2,5,0.144,disjunction,top_p,7.0,0.6,Qwen2-7B,14.0,18.0
hot,couch,fan,hot::couch::fan,0.0,3,0.998,disjunction,top_p,7.0,0.6,Qwen2-7B,23.5,1.5
hot,couch,heater,hot::couch::heater,0.0,3,0.986,disjunction,top_p,7.0,0.6,Qwen2-7B,23.5,5.0
hot,couch,pool,hot::couch::pool,0.5,6,0.872,disjunction,top_p,7.0,0.6,Qwen2-7B,6.0,10.0
hot,couch,shower,hot::couch::shower,1.0,2,0.84,disjunction,top_p,7.0,0.6,Qwen2-7B,1.0,12.0
hot,fan,blankets,hot::fan::blankets,0.0,4,0.0,disjunction,top_p,7.0,0.6,Qwen2-7B,23.5,29.0
hot,fan,couch,hot::fan::couch,0.0,4,0.002,disjunction,top_p,7.0,0.6,Qwen2-7B,23.5,27.5
hot,fan,heater,hot::fan::heater,0.16666666666666666,6,0.246,disjunction,top_p,7.0,0.6,Qwen2-7B,16.0,16.0
hot,fan,pool,hot::fan::pool,0.55,20,0.01,disjunction,top_p,7.0,0.6,Qwen2-7B,5.0,25.0
hot,fan,shower,hot::fan::shower,0.05,20,0.006,disjunction,top_p,7.0,0.6,Qwen2-7B,17.0,26.0
hot,heater,blankets,hot::heater::blankets,0.23076923076923078,13,0.002,disjunction,top_p,7.0,0.6,Qwen2-7B,12.0,27.5
hot,heater,couch,hot::heater::couch,0.0,20,0.014,disjunction,top_p,7.0,0.6,Qwen2-7B,23.5,24.0
hot,heater,fan,hot::heater::fan,1.0,5,0.804,disjunction,top_p,7.0,0.6,Qwen2-7B,1.0,13.0
hot,heater,pool,hot::heater::pool,0.25,4,0.038,disjunction,top_p,7.0,0.6,Qwen2-7B,10.5,20.0
hot,heater,shower,hot::heater::shower,0.0,5,0.02,disjunction,top_p,7.0,0.6,Qwen2-7B,23.5,23.0
hot,pool,blankets,hot::pool::blankets,0.4,5,0.034,disjunction,top_p,7.0,0.6,Qwen2-7B,7.0,21.5
hot,pool,couch,hot::pool::couch,0.0,4,0.128,disjunction,top_p,7.0,0.6,Qwen2-7B,23.5,19.0
hot,pool,fan,hot::pool::fan,0.25,4,0.994,disjunction,top_p,7.0,0.6,Qwen2-7B,10.5,4.0
hot,pool,heater,hot::pool::heater,0.0,4,0.964,disjunction,top_p,7.0,0.6,Qwen2-7B,23.5,9.0
hot,pool,shower,hot::pool::shower,0.2631578947368421,19,0.41,disjunction,top_p,7.0,0.6,Qwen2-7B,9.0,15.0
hot,shower,blankets,hot::shower::blankets,0.0,4,0.034,disjunction,top_p,7.0,0.6,Qwen2-7B,23.5,21.5
hot,shower,couch,hot::shower::couch,0.0,6,0.16,disjunction,top_p,7.0,0.6,Qwen2-7B,23.5,17.0
hot,shower,fan,hot::shower::fan,0.8,5,0.996,disjunction,top_p,7.0,0.6,Qwen2-7B,3.0,3.0
hot,shower,heater,hot::shower::heater,0.3333333333333333,6,0.98,disjunction,top_p,7.0,0.6,Qwen2-7B,8.0,6.0
hot,shower,pool,hot::shower::pool,1.0,5,0.59,disjunction,top_p,7.0,0.6,Qwen2-7B,1.0,14.0
mall,burger joint,coffee shop,mall::burger joint::coffee shop,0.625,16,0.746,disjunction,top_p,8.0,0.6,Qwen2-7B,15.0,13.0
mall,burger joint,electronics store,mall::burger joint::electronics store,0.0,6,0.0,disjunction,top_p,8.0,0.6,Qwen2-7B,27.0,25.5
mall,burger joint,gift shop,mall::burger joint::gift shop,0.16666666666666666,6,0.0,disjunction,top_p,8.0,0.6,Qwen2-7B,24.0,25.5
mall,burger joint,grocery store,mall::burger joint::grocery store,0.8,5,0.48,disjunction,top_p,8.0,0.6,Qwen2-7B,11.0,15.0
mall,burger joint,pretzel stand,mall::burger joint::pretzel stand,0.8421052631578947,19,0.0,disjunction,top_p,8.0,0.6,Qwen2-7B,7.5,25.5
mall,coffee shop,burger joint,mall::coffee shop::burger joint,0.5,2,0.262,disjunction,top_p,8.0,0.6,Qwen2-7B,20.0,16.0
mall,coffee shop,electronics store,mall::coffee shop::electronics store,0.4,5,0.0,disjunction,top_p,8.0,0.6,Qwen2-7B,22.0,25.5
mall,coffee shop,gift shop,mall::coffee shop::gift shop,0.0,4,0.0,disjunction,top_p,8.0,0.6,Qwen2-7B,27.0,25.5
mall,coffee shop,grocery store,mall::coffee shop::grocery store,0.6,5,0.242,disjunction,top_p,8.0,0.6,Qwen2-7B,17.0,17.0
mall,coffee shop,pretzel stand,mall::coffee shop::pretzel stand,1.0,5,0.0,disjunction,top_p,8.0,0.6,Qwen2-7B,2.5,25.5
mall,electronics store,burger joint,mall::electronics store::burger joint,1.0,5,1.0,disjunction,top_p,8.0,0.6,Qwen2-7B,2.5,3.5
mall,electronics store,coffee shop,mall::electronics store::coffee shop,0.8,5,1.0,disjunction,top_p,8.0,0.6,Qwen2-7B,11.0,3.5
mall,electronics store,gift shop,mall::electronics store::gift shop,0.6,20,0.978,disjunction,top_p,8.0,0.6,Qwen2-7B,17.0,9.0
mall,electronics store,grocery store,mall::electronics store::grocery store,0.8421052631578947,19,1.0,disjunction,top_p,8.0,0.6,Qwen2-7B,7.5,3.5
mall,electronics store,pretzel stand,mall::electronics store::pretzel stand,0.6666666666666666,3,0.798,disjunction,top_p,8.0,0.6,Qwen2-7B,14.0,11.0
mall,gift shop,burger joint,mall::gift shop::burger joint,1.0,3,1.0,disjunction,top_p,8.0,0.6,Qwen2-7B,2.5,3.5
mall,gift shop,coffee shop,mall::gift shop::coffee shop,0.5,2,1.0,disjunction,top_p,8.0,0.6,Qwen2-7B,20.0,3.5
mall,gift shop,electronics store,mall::gift shop::electronics store,0.5,4,0.022,disjunction,top_p,8.0,0.6,Qwen2-7B,20.0,20.0
mall,gift shop,grocery store,mall::gift shop::grocery store,0.8666666666666667,15,0.998,disjunction,top_p,8.0,0.6,Qwen2-7B,6.0,8.0
mall,gift shop,pretzel stand,mall::gift shop::pretzel stand,1.0,3,0.05,disjunction,top_p,8.0,0.6,Qwen2-7B,2.5,19.0
mall,grocery store,burger joint,mall::grocery store::burger joint,1.0,5,0.526,disjunction,top_p,8.0,0.6,Qwen2-7B,2.5,14.0
mall,grocery store,coffee shop,mall::grocery store::coffee shop,0.8,5,0.77,disjunction,top_p,8.0,0.6,Qwen2-7B,11.0,12.0
mall,grocery store,electronics store,mall::grocery store::electronics store,0.0,3,0.0,disjunction,top_p,8.0,0.6,Qwen2-7B,27.0,25.5
mall,grocery store,gift shop,mall::grocery store::gift shop,0.2,5,0.002,disjunction,top_p,8.0,0.6,Qwen2-7B,23.0,21.0
mall,grocery store,pretzel stand,mall::grocery store::pretzel stand,0.8,5,0.0,disjunction,top_p,8.0,0.6,Qwen2-7B,11.0,25.5
mall,pretzel stand,burger joint,mall::pretzel stand::burger joint,1.0,2,1.0,disjunction,top_p,8.0,0.6,Qwen2-7B,2.5,3.5
mall,pretzel stand,coffee shop,mall::pretzel stand::coffee shop,0.8,20,1.0,disjunction,top_p,8.0,0.6,Qwen2-7B,11.0,3.5
mall,pretzel stand,electronics store,mall::pretzel stand::electronics store,0.0,5,0.202,disjunction,top_p,8.0,0.6,Qwen2-7B,27.0,18.0
mall,pretzel stand,gift shop,mall::pretzel stand::gift shop,0.0,6,0.95,disjunction,top_p,8.0,0.6,Qwen2-7B,27.0,10.0
mall,pretzel stand,grocery store,mall::pretzel stand::grocery store,0.6,5,1.0,disjunction,top_p,8.0,0.6,Qwen2-7B,17.0,3.5
mask,bandana,candy,mask::bandana::candy,0.0,4,0.04,disjunction,top_p,9.0,0.6,Qwen2-7B,27.0,25.0
mask,bandana,gloves,mask::bandana::gloves,0.5,2,0.168,disjunction,top_p,9.0,0.6,Qwen2-7B,11.0,20.0
mask,bandana,handkerchief,mask::bandana::handkerchief,0.6153846153846154,13,0.358,disjunction,top_p,9.0,0.6,Qwen2-7B,6.0,16.0
mask,bandana,napkins,mask::bandana::napkins,0.16666666666666666,12,0.004,disjunction,top_p,9.0,0.6,Qwen2-7B,23.0,29.0
mask,bandana,wallet,mask::bandana::wallet,0.4,5,0.154,disjunction,top_p,9.0,0.6,Qwen2-7B,15.0,22.0
mask,candy,bandana,mask::candy::bandana,0.8,5,0.96,disjunction,top_p,9.0,0.6,Qwen2-7B,2.5,4.0
mask,candy,gloves,mask::candy::gloves,0.0625,16,0.842,disjunction,top_p,9.0,0.6,Qwen2-7B,24.0,8.0
mask,candy,handkerchief,mask::candy::handkerchief,0.6666666666666666,6,0.938,disjunction,top_p,9.0,0.6,Qwen2-7B,4.0,5.0
mask,candy,napkins,mask::candy::napkins,0.5,4,0.074,disjunction,top_p,9.0,0.6,Qwen2-7B,11.0,23.0
mask,candy,wallet,mask::candy::wallet,0.2,20,0.802,disjunction,top_p,9.0,0.6,Qwen2-7B,20.0,10.0
mask,gloves,bandana,mask::gloves::bandana,0.5,6,0.832,disjunction,top_p,9.0,0.6,Qwen2-7B,11.0,9.0
mask,gloves,candy,mask::gloves::candy,0.2,5,0.158,disjunction,top_p,9.0,0.6,Qwen2-7B,20.0,21.0
mask,gloves,handkerchief,mask::gloves::handkerchief,0.4,5,0.722,disjunction,top_p,9.0,0.6,Qwen2-7B,15.0,12.0
mask,gloves,napkins,mask::gloves::napkins,0.5,4,0.014,disjunction,top_p,9.0,0.6,Qwen2-7B,11.0,26.0
mask,gloves,wallet,mask::gloves::wallet,0.0,3,0.448,disjunction,top_p,9.0,0.6,Qwen2-7B,27.0,15.0
mask,handkerchief,bandana,mask::handkerchief::bandana,1.0,3,0.642,disjunction,top_p,9.0,0.6,Qwen2-7B,0.5,13.0
mask,handkerchief,candy,mask::handkerchief::candy,0.0,6,0.062,disjunction,top_p,9.0,0.6,Qwen2-7B,27.0,24.0
mask,handkerchief,gloves,mask::handkerchief::gloves,0.4,5,0.278,disjunction,top_p,9.0,0.6,Qwen2-7B,15.0,17.0
mask,handkerchief,napkins,mask::handkerchief::napkins,0.3,20,0.006,disjunction,top_p,9.0,0.6,Qwen2-7B,17.0,28.0
mask,handkerchief,wallet,mask::handkerchief::wallet,0.0,5,0.214,disjunction,top_p,9.0,0.6,Qwen2-7B,27.0,18.0
mask,napkins,bandana,mask::napkins::bandana,1.0,5,0.996,disjunction,top_p,9.0,0.6,Qwen2-7B,0.5,0.0
mask,napkins,candy,mask::napkins::candy,0.2,5,0.926,disjunction,top_p,9.0,0.6,Qwen2-7B,20.0,6.0
mask,napkins,gloves,mask::napkins::gloves,0.2,5,0.986,disjunction,top_p,9.0,0.6,Qwen2-7B,20.0,3.0
mask,napkins,handkerchief,mask::napkins::handkerchief,0.6,5,0.994,disjunction,top_p,9.0,0.6,Qwen2-7B,7.5,1.0
mask,napkins,wallet,mask::napkins::wallet,0.0,4,0.988,disjunction,top_p,9.0,0.6,Qwen2-7B,27.0,2.0
mask,wallet,bandana,mask::wallet::bandana,0.8,5,0.846,disjunction,top_p,9.0,0.6,Qwen2-7B,2.5,7.0
mask,wallet,candy,mask::wallet::candy,0.2,5,0.198,disjunction,top_p,9.0,0.6,Qwen2-7B,20.0,19.0
mask,wallet,gloves,mask::wallet::gloves,0.631578947368421,19,0.552,disjunction,top_p,9.0,0.6,Qwen2-7B,5.0,14.0
mask,wallet,handkerchief,mask::wallet::handkerchief,0.6,5,0.786,disjunction,top_p,9.0,0.6,Qwen2-7B,7.5,11.0
mask,wallet,napkins,mask::wallet::napkins,0.5,6,0.012,disjunction,top_p,9.0,0.6,Qwen2-7B,11.0,27.0
meat,chicken,crab,meat::chicken::crab,0.7647058823529411,17,0.05,disjunction,top_p,0.0,0.6,Qwen2-7B,13.0,28.0
meat,chicken,mushrooms,meat::chicken::mushrooms,0.2,5,0.028,disjunction,top_p,0.0,0.6,Qwen2-7B,20.0,29.0
meat,chicken,rice,meat::chicken::rice,0.5,2,0.4,disjunction,top_p,0.0,0.6,Qwen2-7B,16.5,17.0
meat,chicken,tofu,meat::chicken::tofu,0.0,5,0.352,disjunction,top_p,0.0,0.6,Qwen2-7B,25.5,18.0
meat,chicken,turkey,meat::chicken::turkey,0.9523809523809523,21,0.128,disjunction,top_p,0.0,0.6,Qwen2-7B,10.0,23.0
meat,crab,chicken,meat::crab::chicken,1.0,5,1.0,disjunction,top_p,0.0,0.6,Qwen2-7B,4.5,2.0
meat,crab,mushrooms,meat::crab::mushrooms,0.0,3,0.406,disjunction,top_p,0.0,0.6,Qwen2-7B,25.5,16.0
meat,crab,rice,meat::crab::rice,0.0,5,0.918,disjunction,top_p,0.0,0.6,Qwen2-7B,25.5,7.0
meat,crab,tofu,meat::crab::tofu,0.6666666666666666,3,0.908,disjunction,top_p,0.0,0.6,Qwen2-7B,14.0,8.0
meat,crab,turkey,meat::crab::turkey,1.0,5,0.734,disjunction,top_p,0.0,0.6,Qwen2-7B,4.5,12.0
meat,mushrooms,chicken,meat::mushrooms::chicken,1.0,6,1.0,disjunction,top_p,0.0,0.6,Qwen2-7B,4.5,2.0
meat,mushrooms,crab,meat::mushrooms::crab,1.0,5,0.594,disjunction,top_p,0.0,0.6,Qwen2-7B,4.5,14.0
meat,mushrooms,rice,meat::mushrooms::rice,0.0,6,0.944,disjunction,top_p,0.0,0.6,Qwen2-7B,25.5,5.0
meat,mushrooms,tofu,meat::mushrooms::tofu,0.5263157894736842,19,0.934,disjunction,top_p,0.0,0.6,Qwen2-7B,15.0,6.0
meat,mushrooms,turkey,meat::mushrooms::turkey,1.0,6,0.804,disjunction,top_p,0.0,0.6,Qwen2-7B,4.5,9.0
meat,rice,chicken,meat::rice::chicken,1.0,2,1.0,disjunction,top_p,0.0,0.6,Qwen2-7B,4.5,2.0
meat,rice,crab,meat::rice::crab,0.5,2,0.1,disjunction,top_p,0.0,0.6,Qwen2-7B,16.5,25.0
meat,rice,mushrooms,meat::rice::mushrooms,0.23529411764705882,17,0.066,disjunction,top_p,0.0,0.6,Qwen2-7B,19.0,27.0
meat,rice,tofu,meat::rice::tofu,0.3888888888888889,18,0.52,disjunction,top_p,0.0,0.6,Qwen2-7B,18.0,15.0
meat,rice,turkey,meat::rice::turkey,1.0,5,0.25,disjunction,top_p,0.0,0.6,Qwen2-7B,4.5,21.0
meat,tofu,chicken,meat::tofu::chicken,1.0,4,1.0,disjunction,top_p,0.0,0.6,Qwen2-7B,4.5,2.0
meat,tofu,crab,meat::tofu::crab,0.8,5,0.12,disjunction,top_p,0.0,0.6,Qwen2-7B,11.0,24.0
meat,tofu,mushrooms,meat::tofu::mushrooms,0.0,5,0.076,disjunction,top_p,0.0,0.6,Qwen2-7B,25.5,26.0
meat,tofu,rice,meat::tofu::rice,0.0,5,0.614,disjunction,top_p,0.0,0.6,Qwen2-7B,25.5,13.0
meat,tofu,turkey,meat::tofu::turkey,1.0,5,0.264,disjunction,top_p,0.0,0.6,Qwen2-7B,4.5,20.0
meat,turkey,chicken,meat::turkey::chicken,1.0,4,1.0,disjunction,top_p,0.0,0.6,Qwen2-7B,4.5,2.0
meat,turkey,crab,meat::turkey::crab,0.7692307692307693,13,0.268,disjunction,top_p,0.0,0.6,Qwen2-7B,12.0,19.0
meat,turkey,mushrooms,meat::turkey::mushrooms,0.0,4,0.198,disjunction,top_p,0.0,0.6,Qwen2-7B,25.5,22.0
meat,turkey,rice,meat::turkey::rice,0.0,5,0.788,disjunction,top_p,0.0,0.6,Qwen2-7B,25.5,10.0
meat,turkey,tofu,meat::turkey::tofu,0.16666666666666666,6,0.782,disjunction,top_p,0.0,0.6,Qwen2-7B,21.0,11.0
restaurant,cake,cocktails,restaurant::cake::cocktails,1.0,4,0.834,disjunction,top_p,1.0,0.6,Qwen2-7B,3.5,9.0
restaurant,cake,salad,restaurant::cake::salad,0.6,5,0.394,disjunction,top_p,1.0,0.6,Qwen2-7B,13.0,18.0
restaurant,cake,soda,restaurant::cake::soda,0.8,5,0.958,disjunction,top_p,1.0,0.6,Qwen2-7B,9.0,2.0
restaurant,cake,soup,restaurant::cake::soup,0.3888888888888889,18,0.446,disjunction,top_p,1.0,0.6,Qwen2-7B,19.0,16.0
restaurant,cake,vodka,restaurant::cake::vodka,1.0,6,0.926,disjunction,top_p,1.0,0.6,Qwen2-7B,3.5,5.0
restaurant,cocktails,cake,restaurant::cocktails::cake,0.6,5,0.176,disjunction,top_p,1.0,0.6,Qwen2-7B,13.0,21.0
restaurant,cocktails,salad,restaurant::cocktails::salad,0.0,4,0.132,disjunction,top_p,1.0,0.6,Qwen2-7B,25.5,23.0
restaurant,cocktails,soda,restaurant::cocktails::soda,0.42105263157894735,19,0.858,disjunction,top_p,1.0,0.6,Qwen2-7B,18.0,7.0
restaurant,cocktails,soup,restaurant::cocktails::soup,0.0,2,0.164,disjunction,top_p,1.0,0.6,Qwen2-7B,25.5,22.0
restaurant,cocktails,vodka,restaurant::cocktails::vodka,0.5,14,0.722,disjunction,top_p,1.0,0.6,Qwen2-7B,16.5,11.0
restaurant,salad,cake,restaurant::salad::cake,0.55,20,0.608,disjunction,top_p,1.0,0.6,Qwen2-7B,15.0,12.0
restaurant,salad,cocktails,restaurant::salad::cocktails,0.75,4,0.87,disjunction,top_p,1.0,0.6,Qwen2-7B,10.0,6.0
restaurant,salad,soda,restaurant::salad::soda,0.6,5,0.966,disjunction,top_p,1.0,0.6,Qwen2-7B,13.0,1.0
restaurant,salad,soup,restaurant::salad::soup,0.7,20,0.572,disjunction,top_p,1.0,0.6,Qwen2-7B,11.0,13.0
restaurant,salad,vodka,restaurant::salad::vodka,1.0,5,0.946,disjunction,top_p,1.0,0.6,Qwen2-7B,3.5,3.0
restaurant,soda,cake,restaurant::soda::cake,0.0,3,0.066,disjunction,top_p,1.0,0.6,Qwen2-7B,25.5,27.0
restaurant,soda,cocktails,restaurant::soda::cocktails,1.0,3,0.276,disjunction,top_p,1.0,0.6,Qwen2-7B,3.5,20.0
restaurant,soda,salad,restaurant::soda::salad,0.0,5,0.054,disjunction,top_p,1.0,0.6,Qwen2-7B,25.5,29.0
restaurant,soda,soup,restaurant::soda::soup,0.0,2,0.056,disjunction,top_p,1.0,0.6,Qwen2-7B,25.5,28.0
restaurant,soda,vodka,restaurant::soda::vodka,1.0,5,0.518,disjunction,top_p,1.0,0.6,Qwen2-7B,3.5,15.0
restaurant,soup,cake,restaurant::soup::cake,0.3333333333333333,3,0.554,disjunction,top_p,1.0,0.6,Qwen2-7B,20.0,14.0
restaurant,soup,cocktails,restaurant::soup::cocktails,1.0,6,0.848,disjunction,top_p,1.0,0.6,Qwen2-7B,3.5,8.0
restaurant,soup,salad,restaurant::soup::salad,0.5,6,0.428,disjunction,top_p,1.0,0.6,Qwen2-7B,16.5,17.0
restaurant,soup,soda,restaurant::soup::soda,0.8333333333333334,6,0.972,disjunction,top_p,1.0,0.6,Qwen2-7B,8.0,0.0
restaurant,soup,vodka,restaurant::soup::vodka,1.0,4,0.934,disjunction,top_p,1.0,0.6,Qwen2-7B,3.5,4.0
restaurant,vodka,cake,restaurant::vodka::cake,0.0,5,0.098,disjunction,top_p,1.0,0.6,Qwen2-7B,25.5,24.0
restaurant,vodka,cocktails,restaurant::vodka::cocktails,1.0,3,0.346,disjunction,top_p,1.0,0.6,Qwen2-7B,3.5,19.0
restaurant,vodka,salad,restaurant::vodka::salad,0.0,2,0.072,disjunction,top_p,1.0,0.6,Qwen2-7B,25.5,25.5
restaurant,vodka,soda,restaurant::vodka::soda,0.3157894736842105,19,0.758,disjunction,top_p,1.0,0.6,Qwen2-7B,21.0,10.0
restaurant,vodka,soup,restaurant::vodka::soup,0.0,5,0.072,disjunction,top_p,1.0,0.6,Qwen2-7B,25.5,25.5
salad,chips,cigarettes,salad::chips::cigarettes,0.16666666666666666,6,0.052,disjunction,top_p,2.0,0.6,Qwen2-7B,20.0,24.0
salad,chips,dressing,salad::chips::dressing,0.4,5,0.254,disjunction,top_p,2.0,0.6,Qwen2-7B,13.0,18.0
salad,chips,lettuce,salad::chips::lettuce,1.0,6,1.0,disjunction,top_p,2.0,0.6,Qwen2-7B,2.0,2.0
salad,chips,meat,salad::chips::meat,0.2857142857142857,21,0.706,disjunction,top_p,2.0,0.6,Qwen2-7B,18.0,12.0
salad,chips,tuna,salad::chips::tuna,0.2,5,0.3,disjunction,top_p,2.0,0.6,Qwen2-7B,19.0,16.0
salad,cigarettes,chips,salad::cigarettes::chips,0.4375,16,0.948,disjunction,top_p,2.0,0.6,Qwen2-7B,11.5,6.0
salad,cigarettes,dressing,salad::cigarettes::dressing,1.0,4,0.86,disjunction,top_p,2.0,0.6,Qwen2-7B,2.0,9.0
salad,cigarettes,lettuce,salad::cigarettes::lettuce,0.75,4,1.0,disjunction,top_p,2.0,0.6,Qwen2-7B,6.5,2.0
salad,cigarettes,meat,salad::cigarettes::meat,0.5789473684210527,19,0.984,disjunction,top_p,2.0,0.6,Qwen2-7B,10.0,5.0
salad,cigarettes,tuna,salad::cigarettes::tuna,0.3333333333333333,6,0.918,disjunction,top_p,2.0,0.6,Qwen2-7B,16.0,7.0
salad,dressing,chips,salad::dressing::chips,0.0,2,0.746,disjunction,top_p,2.0,0.6,Qwen2-7B,25.0,11.0
salad,dressing,cigarettes,salad::dressing::cigarettes,0.0,5,0.14,disjunction,top_p,2.0,0.6,Qwen2-7B,25.0,20.0
salad,dressing,lettuce,salad::dressing::lettuce,1.0,3,1.0,disjunction,top_p,2.0,0.6,Qwen2-7B,2.0,2.0
salad,dressing,meat,salad::dressing::meat,0.3333333333333333,3,0.906,disjunction,top_p,2.0,0.6,Qwen2-7B,16.0,8.0
salad,dressing,tuna,salad::dressing::tuna,0.4375,16,0.578,disjunction,top_p,2.0,0.6,Qwen2-7B,11.5,14.0
salad,lettuce,chips,salad::lettuce::chips,0.0,2,0.018,disjunction,top_p,2.0,0.6,Qwen2-7B,25.0,25.5
salad,lettuce,cigarettes,salad::lettuce::cigarettes,0.0,6,0.002,disjunction,top_p,2.0,0.6,Qwen2-7B,25.0,29.0
salad,lettuce,dressing,salad::lettuce::dressing,0.6111111111111112,18,0.01,disjunction,top_p,2.0,0.6,Qwen2-7B,8.0,28.0
salad,lettuce,meat,salad::lettuce::meat,0.75,4,0.072,disjunction,top_p,2.0,0.6,Qwen2-7B,6.5,23.0
salad,lettuce,tuna,salad::lettuce::tuna,0.3888888888888889,18,0.016,disjunction,top_p,2.0,0.6,Qwen2-7B,14.0,27.0
salad,meat,chips,salad::meat::chips,0.0,2,0.294,disjunction,top_p,2.0,0.6,Qwen2-7B,25.0,17.0
salad,meat,cigarettes,salad::meat::cigarettes,0.0,5,0.018,disjunction,top_p,2.0,0.6,Qwen2-7B,25.0,25.5
salad,meat,dressing,salad::meat::dressing,0.0,3,0.098,disjunction,top_p,2.0,0.6,Qwen2-7B,25.0,21.0
salad,meat,lettuce,salad::meat::lettuce,1.0,6,1.0,disjunction,top_p,2.0,0.6,Qwen2-7B,2.0,2.0
salad,meat,tuna,salad::meat::tuna,0.3333333333333333,3,0.148,disjunction,top_p,2.0,0.6,Qwen2-7B,16.0,19.0
salad,tuna,chips,salad::tuna::chips,0.0,5,0.7,disjunction,top_p,2.0,0.6,Qwen2-7B,25.0,13.0
salad,tuna,cigarettes,salad::tuna::cigarettes,0.0,5,0.082,disjunction,top_p,2.0,0.6,Qwen2-7B,25.0,22.0
salad,tuna,dressing,salad::tuna::dressing,0.6,5,0.422,disjunction,top_p,2.0,0.6,Qwen2-7B,9.0,15.0
salad,tuna,lettuce,salad::tuna::lettuce,1.0,5,1.0,disjunction,top_p,2.0,0.6,Qwen2-7B,2.0,2.0
salad,tuna,meat,salad::tuna::meat,0.8,5,0.854,disjunction,top_p,2.0,0.6,Qwen2-7B,5.0,10.0
science,art,geology,science::art::geology,1.0,4,0.988,disjunction,top_p,3.0,0.6,Qwen2-7B,3.0,5.5
science,art,math,science::art::math,0.7,20,0.98,disjunction,top_p,3.0,0.6,Qwen2-7B,15.0,7.0
science,art,philosophy,science::art::philosophy,0.6111111111111112,18,0.626,disjunction,top_p,3.0,0.6,Qwen2-7B,21.0,14.0
science,art,physics,science::art::physics,1.0,5,1.0,disjunction,top_p,3.0,0.6,Qwen2-7B,3.0,2.0
science,art,zoology,science::art::zoology,0.8,5,0.904,disjunction,top_p,3.0,0.6,Qwen2-7B,11.0,9.0
science,geology,art,science::geology::art,0.6,5,0.014,disjunction,top_p,3.0,0.6,Qwen2-7B,22.0,26.0
science,geology,math,science::geology::math,0.8333333333333334,6,0.318,disjunction,top_p,3.0,0.6,Qwen2-7B,8.5,16.0
science,geology,philosophy,science::geology::philosophy,0.6666666666666666,3,0.012,disjunction,top_p,3.0,0.6,Qwen2-7B,18.0,27.0
science,geology,physics,science::geology::physics,1.0,4,1.0,disjunction,top_p,3.0,0.6,Qwen2-7B,3.0,2.0
science,geology,zoology,science::geology::zoology,1.0,13,0.114,disjunction,top_p,3.0,0.6,Qwen2-7B,3.0,20.0
science,math,art,science::math::art,0.5,2,0.02,disjunction,top_p,3.0,0.6,Qwen2-7B,23.5,25.0
science,math,geology,science::math::geology,0.75,4,0.708,disjunction,top_p,3.0,0.6,Qwen2-7B,13.5,13.0
science,math,philosophy,science::math::philosophy,0.4,5,0.038,disjunction,top_p,3.0,0.6,Qwen2-7B,26.0,24.0
science,math,physics,science::math::physics,0.5,4,1.0,disjunction,top_p,3.0,0.6,Qwen2-7B,23.5,2.0
science,math,zoology,science::math::zoology,0.8,5,0.192,disjunction,top_p,3.0,0.6,Qwen2-7B,11.0,18.0
science,philosophy,art,science::philosophy::art,1.0,5,0.374,disjunction,top_p,3.0,0.6,Qwen2-7B,3.0,15.0
science,philosophy,geology,science::philosophy::geology,0.8,5,0.988,disjunction,top_p,3.0,0.6,Qwen2-7B,11.0,5.5
science,philosophy,math,science::philosophy::math,0.6875,16,0.964,disjunction,top_p,3.0,0.6,Qwen2-7B,16.0,8.0
science,philosophy,physics,science::philosophy::physics,1.0,4,1.0,disjunction,top_p,3.0,0.6,Qwen2-7B,3.0,2.0
science,philosophy,zoology,science::philosophy::zoology,0.8333333333333334,6,0.888,disjunction,top_p,3.0,0.6,Qwen2-7B,8.5,11.0
science,physics,art,science::physics::art,0.4,5,0.006,disjunction,top_p,3.0,0.6,Qwen2-7B,26.0,28.0
science,physics,geology,science::physics::geology,0.8571428571428571,21,0.266,disjunction,top_p,3.0,0.6,Qwen2-7B,7.0,17.0
science,physics,math,science::physics::math,0.3333333333333333,3,0.134,disjunction,top_p,3.0,0.6,Qwen2-7B,28.5,19.0
science,physics,philosophy,science::physics::philosophy,0.3333333333333333,3,0.004,disjunction,top_p,3.0,0.6,Qwen2-7B,28.5,29.0
science,physics,zoology,science::physics::zoology,0.65,20,0.044,disjunction,top_p,3.0,0.6,Qwen2-7B,20.0,23.0
science,zoology,art,science::zoology::art,0.6666666666666666,3,0.096,disjunction,top_p,3.0,0.6,Qwen2-7B,18.0,22.0
science,zoology,geology,science::zoology::geology,0.75,4,0.896,disjunction,top_p,3.0,0.6,Qwen2-7B,13.5,10.0
science,zoology,math,science::zoology::math,0.4,5,0.82,disjunction,top_p,3.0,0.6,Qwen2-7B,26.0,12.0
science,zoology,philosophy,science::zoology::philosophy,0.6666666666666666,6,0.112,disjunction,top_p,3.0,0.6,Qwen2-7B,18.0,21.0
science,zoology,physics,science::zoology::physics,1.0,4,1.0,disjunction,top_p,3.0,0.6,Qwen2-7B,3.0,2.0
throw,beach ball,boomerang,throw::beach ball::boomerang,0.631578947368421,19,0.044,disjunction,top_p,4.0,0.6,Qwen2-7B,12.0,19.0
throw,beach ball,football,throw::beach ball::football,1.0,5,0.998,disjunction,top_p,4.0,0.6,Qwen2-7B,2.5,5.0
throw,beach ball,lawnmower,throw::beach ball::lawnmower,0.0,3,0.024,disjunction,top_p,4.0,0.6,Qwen2-7B,24.5,20.0
throw,beach ball,shovel,throw::beach ball::shovel,0.0,6,0.006,disjunction,top_p,4.0,0.6,Qwen2-7B,24.5,24.0
throw,beach ball,tires,throw::beach ball::tires,0.0,6,0.0,disjunction,top_p,4.0,0.6,Qwen2-7B,24.5,28.0
throw,boomerang,beach ball,throw::boomerang::beach ball,0.75,4,0.956,disjunction,top_p,4.0,0.6,Qwen2-7B,10.5,10.0
throw,boomerang,football,throw::boomerang::football,1.0,4,1.0,disjunction,top_p,4.0,0.6,Qwen2-7B,2.5,2.0
throw,boomerang,lawnmower,throw::boomerang::lawnmower,0.0,5,0.388,disjunction,top_p,4.0,0.6,Qwen2-7B,24.5,15.0
throw,boomerang,shovel,throw::boomerang::shovel,0.0,4,0.142,disjunction,top_p,4.0,0.6,Qwen2-7B,24.5,17.0
throw,boomerang,tires,throw::boomerang::tires,0.0,5,0.014,disjunction,top_p,4.0,0.6,Qwen2-7B,24.5,22.0
throw,football,beach ball,throw::football::beach ball,0.875,16,0.01,disjunction,top_p,4.0,0.6,Qwen2-7B,6.0,23.0
throw,football,boomerang,throw::football::boomerang,0.6190476190476191,21,0.002,disjunction,top_p,4.0,0.6,Qwen2-7B,13.0,25.5
throw,football,lawnmower,throw::football::lawnmower,0.0,3,0.002,disjunction,top_p,4.0,0.6,Qwen2-7B,24.5,25.5
throw,football,shovel,throw::football::shovel,0.0,4,0.0,disjunction,top_p,4.0,0.6,Qwen2-7B,24.5,28.0
throw,football,tires,throw::football::tires,0.0,3,0.0,disjunction,top_p,4.0,0.6,Qwen2-7B,24.5,28.0
throw,lawnmower,beach ball,throw::lawnmower::beach ball,1.0,2,0.976,disjunction,top_p,4.0,0.6,Qwen2-7B,2.5,9.0
throw,lawnmower,boomerang,throw::lawnmower::boomerang,0.8,5,0.612,disjunction,top_p,4.0,0.6,Qwen2-7B,8.0,14.0
throw,lawnmower,football,throw::lawnmower::football,1.0,5,1.0,disjunction,top_p,4.0,0.6,Qwen2-7B,2.5,2.0
throw,lawnmower,shovel,throw::lawnmower::shovel,0.3333333333333333,21,0.18,disjunction,top_p,4.0,0.6,Qwen2-7B,16.5,16.0
throw,lawnmower,tires,throw::lawnmower::tires,0.07692307692307693,13,0.018,disjunction,top_p,4.0,0.6,Qwen2-7B,19.0,21.0
throw,shovel,beach ball,throw::shovel::beach ball,0.75,4,0.994,disjunction,top_p,4.0,0.6,Qwen2-7B,10.5,6.0
throw,shovel,boomerang,throw::shovel::boomerang,0.6,5,0.858,disjunction,top_p,4.0,0.6,Qwen2-7B,14.5,12.0
throw,shovel,football,throw::shovel::football,1.0,4,1.0,disjunction,top_p,4.0,0.6,Qwen2-7B,2.5,2.0
throw,shovel,lawnmower,throw::shovel::lawnmower,0.0,5,0.82,disjunction,top_p,4.0,0.6,Qwen2-7B,24.5,13.0
throw,shovel,tires,throw::shovel::tires,0.125,16,0.12,disjunction,top_p,4.0,0.6,Qwen2-7B,18.0,18.0
throw,tires,beach ball,throw::tires::beach ball,0.6,5,1.0,disjunction,top_p,4.0,0.6,Qwen2-7B,14.5,2.0
throw,tires,boomerang,throw::tires::boomerang,1.0,4,0.986,disjunction,top_p,4.0,0.6,Qwen2-7B,2.5,7.0
throw,tires,football,throw::tires::football,0.8,5,1.0,disjunction,top_p,4.0,0.6,Qwen2-7B,8.0,2.0
throw,tires,lawnmower,throw::tires::lawnmower,0.8,5,0.982,disjunction,top_p,4.0,0.6,Qwen2-7B,8.0,8.0
throw,tires,shovel,throw::tires::shovel,0.3333333333333333,6,0.88,disjunction,top_p,4.0,0.6,Qwen2-7B,16.5,11.0
transport,car,chairs,transport::car::chairs,0.0,5,0.0,disjunction,top_p,5.0,0.6,Qwen2-7B,26.5,28.5
transport,car,hammer,transport::car::hammer,0.2,5,0.002,disjunction,top_p,5.0,0.6,Qwen2-7B,20.0,26.5
transport,car,lawnmower,transport::car::lawnmower,0.25,4,0.042,disjunction,top_p,5.0,0.6,Qwen2-7B,17.5,20.0
transport,car,motorcycle,transport::car::motorcycle,0.9047619047619048,21,0.846,disjunction,top_p,5.0,0.6,Qwen2-7B,5.0,14.0
transport,car,roller blades,transport::car::roller blades,0.5625,16,0.004,disjunction,top_p,5.0,0.6,Qwen2-7B,11.0,24.5
transport,chairs,car,transport::chairs::car,1.0,3,1.0,disjunction,top_p,5.0,0.6,Qwen2-7B,2.0,3.0
transport,chairs,hammer,transport::chairs::hammer,0.0,4,0.948,disjunction,top_p,5.0,0.6,Qwen2-7B,26.5,12.0
transport,chairs,lawnmower,transport::chairs::lawnmower,0.09090909090909091,22,0.994,disjunction,top_p,5.0,0.6,Qwen2-7B,22.0,8.0
transport,chairs,motorcycle,transport::chairs::motorcycle,0.6,5,1.0,disjunction,top_p,5.0,0.6,Qwen2-7B,9.5,3.0
transport,chairs,roller blades,transport::chairs::roller blades,0.6666666666666666,3,0.972,disjunction,top_p,5.0,0.6,Qwen2-7B,8.0,10.0
transport,hammer,car,transport::hammer::car,0.6,5,1.0,disjunction,top_p,5.0,0.6,Qwen2-7B,9.5,3.0
transport,hammer,chairs,transport::hammer::chairs,0.06666666666666667,15,0.052,disjunction,top_p,5.0,0.6,Qwen2-7B,23.0,18.0
transport,hammer,lawnmower,transport::hammer::lawnmower,0.5555555555555556,18,0.964,disjunction,top_p,5.0,0.6,Qwen2-7B,12.0,11.0
transport,hammer,motorcycle,transport::hammer::motorcycle,0.5,4,0.998,disjunction,top_p,5.0,0.6,Qwen2-7B,15.0,7.0
transport,hammer,roller blades,transport::hammer::roller blades,0.8,5,0.74,disjunction,top_p,5.0,0.6,Qwen2-7B,6.5,15.0
transport,lawnmower,car,transport::lawnmower::car,1.0,6,1.0,disjunction,top_p,5.0,0.6,Qwen2-7B,2.0,3.0
transport,lawnmower,chairs,transport::lawnmower::chairs,0.2,5,0.006,disjunction,top_p,5.0,0.6,Qwen2-7B,20.0,23.0
transport,lawnmower,hammer,transport::lawnmower::hammer,0.25,4,0.036,disjunction,top_p,5.0,0.6,Qwen2-7B,17.5,21.0
transport,lawnmower,motorcycle,transport::lawnmower::motorcycle,1.0,5,0.988,disjunction,top_p,5.0,0.6,Qwen2-7B,2.0,9.0
transport,lawnmower,roller blades,transport::lawnmower::roller blades,0.5,4,0.098,disjunction,top_p,5.0,0.6,Qwen2-7B,15.0,17.0
transport,motorcycle,car,transport::motorcycle::car,0.8,5,1.0,disjunction,top_p,5.0,0.6,Qwen2-7B,6.5,3.0
transport,motorcycle,chairs,transport::motorcycle::chairs,0.0,4,0.0,disjunction,top_p,5.0,0.6,Qwen2-7B,26.5,28.5
transport,motorcycle,hammer,transport::motorcycle::hammer,0.0,5,0.002,disjunction,top_p,5.0,0.6,Qwen2-7B,26.5,26.5
transport,motorcycle,lawnmower,transport::motorcycle::lawnmower,0.0,5,0.046,disjunction,top_p,5.0,0.6,Qwen2-7B,26.5,19.0
transport,motorcycle,roller blades,transport::motorcycle::roller blades,0.5384615384615384,13,0.004,disjunction,top_p,5.0,0.6,Qwen2-7B,13.0,24.5
transport,roller blades,car,transport::roller blades::car,1.0,5,1.0,disjunction,top_p,5.0,0.6,Qwen2-7B,2.0,3.0
transport,roller blades,chairs,transport::roller blades::chairs,0.5,2,0.028,disjunction,top_p,5.0,0.6,Qwen2-7B,15.0,22.0
transport,roller blades,hammer,transport::roller blades::hammer,0.2,5,0.26,disjunction,top_p,5.0,0.6,Qwen2-7B,20.0,16.0
transport,roller blades,lawnmower,transport::roller blades::lawnmower,0.0,4,0.902,disjunction,top_p,5.0,0.6,Qwen2-7B,26.5,13.0
transport,roller blades,motorcycle,transport::roller blades::motorcycle,1.0,6,1.0,disjunction,top_p,5.0,0.6,Qwen2-7B,2.0,3.0
