llm_name,mean_spearman,sentences_evaluated
Qwen2-7B,0.49045553298738115,3049
Llama-3.2-3B,0.47752468788738595,3049
BERT,0.36515855252466767,3049
DeepSeek-Coder-1.3B,0.3161985323249157,3049
GPT-2,0.21709274150503713,3049
