llm_name,contexts_evaluated,mean_spearman,mean_kendall,mean_top1,weighted_spearman,weighted_kendall,weighted_top1
Qwen2-7B,10,0.5980816220979104,0.4745008443556239,0.1,0.5543070493212064,0.44368861652723063,0.047524752475247525
Llama-3.2-3B,10,0.5450492632969545,0.4281061257649622,0.4,0.5086347206092782,0.4035839595652684,0.2691790040376851
BERT-Large-WWM,10,0.4827958129669687,0.3768288734078439,0.2,0.45893205804198484,0.3583721751954889,0.13310580204778158
GPT-2,10,0.45382418696192894,0.35791909642385844,0.4,0.4277830730447417,0.33757170162100286,0.3013205282112845
DeepSeek-Coder-1.3B,10,0.43816824530388115,0.341783691483916,0.0,0.4112868150854919,0.32413048649955395,0.0
