llm_name,contexts_evaluated,mean_spearman,mean_kendall,mean_top1,weighted_spearman,weighted_kendall,weighted_top1
Llama-3.2-3B,8,0.6252593444121614,0.5098560703027899,0.25,0.5850941294144207,0.47271383447726706,0.24696356275303644
Qwen2-7B,8,0.6116760630682472,0.501694276738091,0.25,0.5783280042615809,0.4707036814465595,0.311178247734139
DeepSeek-Coder-1.3B,10,0.5413020080198554,0.42215690230609226,0.0,0.4958972527784624,0.3906616091949144,0.0
GPT-2,10,0.4704274651942198,0.3721398293464487,0.3,0.44908349551550736,0.3551260655178746,0.2064825930372149
BERT-Large-WWM,10,0.4430942653950769,0.34366683164275763,0.2,0.43632228080386143,0.3412678856572408,0.13310580204778158
